
> kts-vinhlong@0.1.0 dev
> next dev

▲ Next.js 16.3.5 (Turbopack)
- Local:         http://localhost:3000
- Network:       http://100.124.11.94:3000
- Environments: .env
✓ Ready in 1079ms
✓ Running next.config.ts took 118ms

○ Compiling /kts/hien-trang ...
Warning: [antd: Spin] `tip` is deprecated. Please use `description` instead.
 GET /kts/hien-trang 200 in 12.8s (next.js: 12.2s, application-code: 520ms)
prisma:query SELECT `main`.`HeThongSo`.`id`, `main`.`HeThongSo`.`ma`, `main`.`HeThongSo`.`ten`, `main`.`HeThongSo`.`loai`, `main`.`HeThongSo`.`lop`, `main`.`HeThongSo`.`moTa`, `main`.`HeThongSo`.`chuQuan`, `main`.`HeThongSo`.`trangThai`, `main`.`HeThongSo`.`namTrienKhai`, `main`.`HeThongSo`.`donViId`, `main`.`HeThongSo`.`createdAt`, `main`.`HeThongSo`.`updatedAt` FROM `main`.`HeThongSo` WHERE 1=1 ORDER BY `main`.`HeThongSo`.`lop` ASC, `main`.`HeThongSo`.`ma` ASC LIMIT ? OFFSET ?
prisma:query SELECT `main`.`DonVi`.`id`, `main`.`DonVi`.`ten`, `main`.`DonVi`.`loai`, `main`.`DonVi`.`parentId`, `main`.`DonVi`.`createdAt` FROM `main`.`DonVi` WHERE `main`.`DonVi`.`id` IN (?,?,?,?) LIMIT ? OFFSET ?
 GET /api/he-thong 200 in 393ms (next.js: 112ms, application-code: 280ms)
prisma:query SELECT `main`.`HeThongSo`.`id`, `main`.`HeThongSo`.`ma`, `main`.`HeThongSo`.`ten`, `main`.`HeThongSo`.`loai`, `main`.`HeThongSo`.`lop`, `main`.`HeThongSo`.`moTa`, `main`.`HeThongSo`.`chuQuan`, `main`.`HeThongSo`.`trangThai`, `main`.`HeThongSo`.`namTrienKhai`, `main`.`HeThongSo`.`donViId`, `main`.`HeThongSo`.`createdAt`, `main`.`HeThongSo`.`updatedAt` FROM `main`.`HeThongSo` WHERE 1=1 ORDER BY `main`.`HeThongSo`.`lop` ASC, `main`.`HeThongSo`.`ma` ASC LIMIT ? OFFSET ?
prisma:query SELECT `main`.`DonVi`.`id`, `main`.`DonVi`.`ten`, `main`.`DonVi`.`loai`, `main`.`DonVi`.`parentId`, `main`.`DonVi`.`createdAt` FROM `main`.`DonVi` WHERE `main`.`DonVi`.`id` IN (?,?,?,?) LIMIT ? OFFSET ?
 GET /api/he-thong 200 in 28ms (next.js: 4ms, application-code: 25ms)
[browser] Warning: [antd: Spin] `tip` is deprecated. Please use `description` instead. 
 GET /admin 200 in 52ms (next.js: 33ms, application-code: 19ms)
 GET /api/auth/session 200 in 1430ms (next.js: 1415ms, application-code: 15ms)
 GET /api/auth/session 200 in 15ms (next.js: 8ms, application-code: 6ms)
 GET /api/auth/session 200 in 11ms (next.js: 3ms, application-code: 7ms)
 GET /api/auth/session 200 in 10ms (next.js: 3ms, application-code: 7ms)
 GET /login 200 in 1124ms (next.js: 1105ms, application-code: 19ms)
 GET /api/auth/session 200 in 20ms (next.js: 12ms, application-code: 8ms)
 GET /api/auth/session 200 in 10ms (next.js: 5ms, application-code: 5ms)
 GET /api/auth/session 200 in 8ms (next.js: 2ms, application-code: 6ms)
 GET /api/auth/session 200 in 9ms (next.js: 3ms, application-code: 6ms)
 GET /api/auth/providers 200 in 16ms (next.js: 11ms, application-code: 6ms)
 GET /api/auth/csrf 200 in 7ms (next.js: 2ms, application-code: 5ms)
prisma:query SELECT 1
prisma:query SELECT `main`.`User`.`id`, `main`.`User`.`email`, `main`.`User`.`password`, `main`.`User`.`name`, `main`.`User`.`role`, `main`.`User`.`donViId`, `main`.`User`.`createdAt`, `main`.`User`.`updatedAt` FROM `main`.`User` WHERE (`main`.`User`.`email` = ? AND 1=1) LIMIT ? OFFSET ?
prisma:query SELECT `main`.`DonVi`.`id`, `main`.`DonVi`.`ten`, `main`.`DonVi`.`loai`, `main`.`DonVi`.`parentId`, `main`.`DonVi`.`createdAt` FROM `main`.`DonVi` WHERE `main`.`DonVi`.`id` IN (?) LIMIT ? OFFSET ?
 POST /api/auth/callback/credentials? 200 in 94ms (next.js: 4ms, application-code: 90ms)
 GET /api/auth/session 200 in 12ms (next.js: 3ms, application-code: 9ms)
 GET /admin/khung 200 in 1187ms (next.js: 1145ms, application-code: 42ms)
 GET /api/auth/session 200 in 42ms (next.js: 18ms, application-code: 24ms)
 GET /api/auth/session 200 in 25ms (next.js: 8ms, application-code: 17ms)
 GET /api/auth/session 200 in 21ms (next.js: 7ms, application-code: 14ms)
 GET /api/auth/session 200 in 29ms (next.js: 4ms, application-code: 25ms)
prisma:query SELECT `main`.`KhungKTS`.`id`, `main`.`KhungKTS`.`tenKhung`, `main`.`KhungKTS`.`phienBan`, `main`.`KhungKTS`.`ngayBanHanh`, `main`.`KhungKTS`.`giaiDoanApDung`, `main`.`KhungKTS`.`mucTieu`, `main`.`KhungKTS`.`boiCanh`, `main`.`KhungKTS`.`nguyenTac`, `main`.`KhungKTS`.`daiDienPhuTrach`, `main`.`KhungKTS`.`trangThai`, `main`.`KhungKTS`.`updatedAt`, `main`.`KhungKTS`.`createdAt` FROM `main`.`KhungKTS` WHERE 1=1 ORDER BY `main`.`KhungKTS`.`createdAt` DESC LIMIT ? OFFSET ?
 GET /api/kts 200 in 275ms (next.js: 256ms, application-code: 19ms)
prisma:query SELECT `main`.`KhungKTS`.`id`, `main`.`KhungKTS`.`tenKhung`, `main`.`KhungKTS`.`phienBan`, `main`.`KhungKTS`.`ngayBanHanh`, `main`.`KhungKTS`.`giaiDoanApDung`, `main`.`KhungKTS`.`mucTieu`, `main`.`KhungKTS`.`boiCanh`, `main`.`KhungKTS`.`nguyenTac`, `main`.`KhungKTS`.`daiDienPhuTrach`, `main`.`KhungKTS`.`trangThai`, `main`.`KhungKTS`.`updatedAt`, `main`.`KhungKTS`.`createdAt` FROM `main`.`KhungKTS` WHERE 1=1 ORDER BY `main`.`KhungKTS`.`createdAt` DESC LIMIT ? OFFSET ?
 GET /api/kts 200 in 25ms (next.js: 6ms, application-code: 18ms)
[browser] Warning: Instance created by `useForm` is not connected to any Form element. Forget to pass `form` prop? 
 GET /admin/he-thong 200 in 1147ms (next.js: 1118ms, application-code: 29ms)
prisma:query SELECT `main`.`HeThongSo`.`id`, `main`.`HeThongSo`.`ma`, `main`.`HeThongSo`.`ten`, `main`.`HeThongSo`.`loai`, `main`.`HeThongSo`.`lop`, `main`.`HeThongSo`.`moTa`, `main`.`HeThongSo`.`chuQuan`, `main`.`HeThongSo`.`trangThai`, `main`.`HeThongSo`.`namTrienKhai`, `main`.`HeThongSo`.`donViId`, `main`.`HeThongSo`.`createdAt`, `main`.`HeThongSo`.`updatedAt` FROM `main`.`HeThongSo` WHERE 1=1 ORDER BY `main`.`HeThongSo`.`lop` ASC, `main`.`HeThongSo`.`ma` ASC LIMIT ? OFFSET ?
prisma:query SELECT `main`.`DonVi`.`id`, `main`.`DonVi`.`ten`, `main`.`DonVi`.`loai`, `main`.`DonVi`.`parentId`, `main`.`DonVi`.`createdAt` FROM `main`.`DonVi` WHERE `main`.`DonVi`.`id` IN (?,?,?,?) LIMIT ? OFFSET ?
 GET /api/he-thong 200 in 31ms (next.js: 2ms, application-code: 28ms)
prisma:query SELECT `main`.`HeThongSo`.`id`, `main`.`HeThongSo`.`ma`, `main`.`HeThongSo`.`ten`, `main`.`HeThongSo`.`loai`, `main`.`HeThongSo`.`lop`, `main`.`HeThongSo`.`moTa`, `main`.`HeThongSo`.`chuQuan`, `main`.`HeThongSo`.`trangThai`, `main`.`HeThongSo`.`namTrienKhai`, `main`.`HeThongSo`.`donViId`, `main`.`HeThongSo`.`createdAt`, `main`.`HeThongSo`.`updatedAt` FROM `main`.`HeThongSo` WHERE 1=1 ORDER BY `main`.`HeThongSo`.`lop` ASC, `main`.`HeThongSo`.`ma` ASC LIMIT ? OFFSET ?
prisma:query SELECT `main`.`DonVi`.`id`, `main`.`DonVi`.`ten`, `main`.`DonVi`.`loai`, `main`.`DonVi`.`parentId`, `main`.`DonVi`.`createdAt` FROM `main`.`DonVi` WHERE `main`.`DonVi`.`id` IN (?,?,?,?) LIMIT ? OFFSET ?
 GET /api/he-thong 200 in 27ms (next.js: 3ms, application-code: 23ms)
prisma:query SELECT `main`.`DonVi`.`id`, `main`.`DonVi`.`ten`, `main`.`DonVi`.`loai`, `main`.`DonVi`.`parentId`, `main`.`DonVi`.`createdAt` FROM `main`.`DonVi` WHERE 1=1 ORDER BY `main`.`DonVi`.`loai` ASC, `main`.`DonVi`.`ten` ASC LIMIT ? OFFSET ?
 GET /api/don-vi 200 in 247ms (next.js: 233ms, application-code: 14ms)
prisma:query SELECT `main`.`DonVi`.`id`, `main`.`DonVi`.`ten`, `main`.`DonVi`.`loai`, `main`.`DonVi`.`parentId`, `main`.`DonVi`.`createdAt` FROM `main`.`DonVi` WHERE 1=1 ORDER BY `main`.`DonVi`.`loai` ASC, `main`.`DonVi`.`ten` ASC LIMIT ? OFFSET ?
 GET /api/don-vi 200 in 17ms (next.js: 4ms, application-code: 13ms)
 GET /admin/he-thong 200 in 62ms (next.js: 9ms, application-code: 54ms)
 GET /admin/nhiem-vu 200 in 1031ms (next.js: 1005ms, application-code: 26ms)
prisma:query SELECT `main`.`NhiemVu`.`id`, `main`.`NhiemVu`.`ma`, `main`.`NhiemVu`.`ten`, `main`.`NhiemVu`.`moTa`, `main`.`NhiemVu`.`donViChuTriId`, `main`.`NhiemVu`.`uuTien`, `main`.`NhiemVu`.`thoiHan`, `main`.`NhiemVu`.`giaiDoan`, `main`.`NhiemVu`.`kpi`, `main`.`NhiemVu`.`nguonKiemChung`, `main`.`NhiemVu`.`trangThai`, `main`.`NhiemVu`.`tienDo`, `main`.`NhiemVu`.`lop`, `main`.`NhiemVu`.`phuongAnXuLy`, `main`.`NhiemVu`.`ghiChu`, `main`.`NhiemVu`.`createdAt`, `main`.`NhiemVu`.`updatedAt` FROM `main`.`NhiemVu` WHERE 1=1 ORDER BY `main`.`NhiemVu`.`uuTien` ASC, `main`.`NhiemVu`.`thoiHan` ASC LIMIT ? OFFSET ?
prisma:query SELECT `main`.`DonVi`.`id`, `main`.`DonVi`.`ten`, `main`.`DonVi`.`loai`, `main`.`DonVi`.`parentId`, `main`.`DonVi`.`createdAt` FROM `main`.`DonVi` WHERE `main`.`DonVi`.`id` IN (?,?) LIMIT ? OFFSET ?
 GET /api/nhiem-vu 200 in 47ms (next.js: 32ms, application-code: 15ms)
prisma:query SELECT `main`.`DonVi`.`id`, `main`.`DonVi`.`ten`, `main`.`DonVi`.`loai`, `main`.`DonVi`.`parentId`, `main`.`DonVi`.`createdAt` FROM `main`.`DonVi` WHERE 1=1 ORDER BY `main`.`DonVi`.`loai` ASC, `main`.`DonVi`.`ten` ASC LIMIT ? OFFSET ?
 GET /api/don-vi 200 in 48ms (next.js: 40ms, application-code: 9ms)
prisma:query SELECT `main`.`NhiemVu`.`id`, `main`.`NhiemVu`.`ma`, `main`.`NhiemVu`.`ten`, `main`.`NhiemVu`.`moTa`, `main`.`NhiemVu`.`donViChuTriId`, `main`.`NhiemVu`.`uuTien`, `main`.`NhiemVu`.`thoiHan`, `main`.`NhiemVu`.`giaiDoan`, `main`.`NhiemVu`.`kpi`, `main`.`NhiemVu`.`nguonKiemChung`, `main`.`NhiemVu`.`trangThai`, `main`.`NhiemVu`.`tienDo`, `main`.`NhiemVu`.`lop`, `main`.`NhiemVu`.`phuongAnXuLy`, `main`.`NhiemVu`.`ghiChu`, `main`.`NhiemVu`.`createdAt`, `main`.`NhiemVu`.`updatedAt` FROM `main`.`NhiemVu` WHERE 1=1 ORDER BY `main`.`NhiemVu`.`uuTien` ASC, `main`.`NhiemVu`.`thoiHan` ASC LIMIT ? OFFSET ?
prisma:query SELECT `main`.`DonVi`.`id`, `main`.`DonVi`.`ten`, `main`.`DonVi`.`loai`, `main`.`DonVi`.`parentId`, `main`.`DonVi`.`createdAt` FROM `main`.`DonVi` WHERE `main`.`DonVi`.`id` IN (?,?) LIMIT ? OFFSET ?
 GET /api/nhiem-vu 200 in 15ms (next.js: 4ms, application-code: 11ms)
prisma:query SELECT `main`.`DonVi`.`id`, `main`.`DonVi`.`ten`, `main`.`DonVi`.`loai`, `main`.`DonVi`.`parentId`, `main`.`DonVi`.`createdAt` FROM `main`.`DonVi` WHERE 1=1 ORDER BY `main`.`DonVi`.`loai` ASC, `main`.`DonVi`.`ten` ASC LIMIT ? OFFSET ?
 GET /api/don-vi 200 in 29ms (next.js: 17ms, application-code: 12ms)
 GET /api/auth/session 200 in 26ms (next.js: 16ms, application-code: 10ms)
 GET /api/auth/session 200 in 13ms (next.js: 4ms, application-code: 9ms)
 GET /admin/import 200 in 1544ms (next.js: 1509ms, application-code: 35ms)
[browser] Warning: [antd: Steps] `items.description` is deprecated. Please use `items.content` instead. 
[browser] Warning: [antd: Alert] `message` is deprecated. Please use `title` instead. 
    at Array.forEach (<anonymous>) (<anonymous>)
 GET /api/auth/session 200 in 27ms (next.js: 16ms, application-code: 11ms)
 GET /api/auth/session 200 in 10ms (next.js: 3ms, application-code: 7ms)
 GET /admin 200 in 23ms (next.js: 10ms, application-code: 13ms)
 GET /dashboard 200 in 66ms (next.js: 26ms, application-code: 40ms)
 GET /dashboard 200 in 25ms (next.js: 6ms, application-code: 20ms)
prisma:query SELECT 1
prisma:query SELECT `main`.`NhiemVu`.`id`, `main`.`NhiemVu`.`ma`, `main`.`NhiemVu`.`ten`, `main`.`NhiemVu`.`moTa`, `main`.`NhiemVu`.`donViChuTriId`, `main`.`NhiemVu`.`uuTien`, `main`.`NhiemVu`.`thoiHan`, `main`.`NhiemVu`.`giaiDoan`, `main`.`NhiemVu`.`kpi`, `main`.`NhiemVu`.`nguonKiemChung`, `main`.`NhiemVu`.`trangThai`, `main`.`NhiemVu`.`tienDo`, `main`.`NhiemVu`.`lop`, `main`.`NhiemVu`.`phuongAnXuLy`, `main`.`NhiemVu`.`ghiChu`, `main`.`NhiemVu`.`createdAt`, `main`.`NhiemVu`.`updatedAt` FROM `main`.`NhiemVu` WHERE 1=1 LIMIT ? OFFSET ?
prisma:query SELECT `main`.`DonVi`.`id`, `main`.`DonVi`.`ten`, `main`.`DonVi`.`loai`, `main`.`DonVi`.`parentId`, `main`.`DonVi`.`createdAt` FROM `main`.`DonVi` WHERE `main`.`DonVi`.`id` IN (?,?) LIMIT ? OFFSET ?
prisma:query SELECT `main`.`HeThongSo`.`id`, `main`.`HeThongSo`.`ma`, `main`.`HeThongSo`.`ten`, `main`.`HeThongSo`.`loai`, `main`.`HeThongSo`.`lop`, `main`.`HeThongSo`.`moTa`, `main`.`HeThongSo`.`chuQuan`, `main`.`HeThongSo`.`trangThai`, `main`.`HeThongSo`.`namTrienKhai`, `main`.`HeThongSo`.`donViId`, `main`.`HeThongSo`.`createdAt`, `main`.`HeThongSo`.`updatedAt` FROM `main`.`HeThongSo` WHERE 1=1 LIMIT ? OFFSET ?
 GET /api/dashboard/stats 200 in 49ms (next.js: 31ms, application-code: 18ms)
prisma:query SELECT `main`.`NhiemVu`.`id`, `main`.`NhiemVu`.`ma`, `main`.`NhiemVu`.`ten`, `main`.`NhiemVu`.`moTa`, `main`.`NhiemVu`.`donViChuTriId`, `main`.`NhiemVu`.`uuTien`, `main`.`NhiemVu`.`thoiHan`, `main`.`NhiemVu`.`giaiDoan`, `main`.`NhiemVu`.`kpi`, `main`.`NhiemVu`.`nguonKiemChung`, `main`.`NhiemVu`.`trangThai`, `main`.`NhiemVu`.`tienDo`, `main`.`NhiemVu`.`lop`, `main`.`NhiemVu`.`phuongAnXuLy`, `main`.`NhiemVu`.`ghiChu`, `main`.`NhiemVu`.`createdAt`, `main`.`NhiemVu`.`updatedAt` FROM `main`.`NhiemVu` WHERE 1=1 LIMIT ? OFFSET ?
prisma:query SELECT `main`.`DonVi`.`id`, `main`.`DonVi`.`ten`, `main`.`DonVi`.`loai`, `main`.`DonVi`.`parentId`, `main`.`DonVi`.`createdAt` FROM `main`.`DonVi` WHERE `main`.`DonVi`.`id` IN (?,?) LIMIT ? OFFSET ?
prisma:query SELECT `main`.`HeThongSo`.`id`, `main`.`HeThongSo`.`ma`, `main`.`HeThongSo`.`ten`, `main`.`HeThongSo`.`loai`, `main`.`HeThongSo`.`lop`, `main`.`HeThongSo`.`moTa`, `main`.`HeThongSo`.`chuQuan`, `main`.`HeThongSo`.`trangThai`, `main`.`HeThongSo`.`namTrienKhai`, `main`.`HeThongSo`.`donViId`, `main`.`HeThongSo`.`createdAt`, `main`.`HeThongSo`.`updatedAt` FROM `main`.`HeThongSo` WHERE 1=1 LIMIT ? OFFSET ?
 GET /api/dashboard/stats 200 in 29ms (next.js: 15ms, application-code: 15ms)
[browser] Warning: [antd: Statistic] `valueStyle` is deprecated. Please use `styles.content` instead. 
    at Array.forEach (<anonymous>) (<anonymous>)
[browser] Warning: [antd: Progress] `trailColor` is deprecated. Please use `railColor` instead. 
    at Array.forEach (<anonymous>) (<anonymous>)
[browser] Warning: [antd: Progress] `strokeWidth` is deprecated. Please use `size` instead. 
[browser] Warning: [antd: Card] `headStyle` is deprecated. Please use `styles.header` instead. 
    at Array.forEach (<anonymous>) (<anonymous>)
 GET /kts/hien-trang 200 in 64ms (next.js: 11ms, application-code: 54ms)
[browser] Warning: [antd: Spin] `tip` is deprecated. Please use `description` instead. 
prisma:query SELECT `main`.`HeThongSo`.`id`, `main`.`HeThongSo`.`ma`, `main`.`HeThongSo`.`ten`, `main`.`HeThongSo`.`loai`, `main`.`HeThongSo`.`lop`, `main`.`HeThongSo`.`moTa`, `main`.`HeThongSo`.`chuQuan`, `main`.`HeThongSo`.`trangThai`, `main`.`HeThongSo`.`namTrienKhai`, `main`.`HeThongSo`.`donViId`, `main`.`HeThongSo`.`createdAt`, `main`.`HeThongSo`.`updatedAt` FROM `main`.`HeThongSo` WHERE 1=1 ORDER BY `main`.`HeThongSo`.`lop` ASC, `main`.`HeThongSo`.`ma` ASC LIMIT ? OFFSET ?
prisma:query SELECT `main`.`DonVi`.`id`, `main`.`DonVi`.`ten`, `main`.`DonVi`.`loai`, `main`.`DonVi`.`parentId`, `main`.`DonVi`.`createdAt` FROM `main`.`DonVi` WHERE `main`.`DonVi`.`id` IN (?,?,?,?) LIMIT ? OFFSET ?
 GET /api/he-thong 200 in 32ms (next.js: 5ms, application-code: 27ms)
prisma:query SELECT `main`.`HeThongSo`.`id`, `main`.`HeThongSo`.`ma`, `main`.`HeThongSo`.`ten`, `main`.`HeThongSo`.`loai`, `main`.`HeThongSo`.`lop`, `main`.`HeThongSo`.`moTa`, `main`.`HeThongSo`.`chuQuan`, `main`.`HeThongSo`.`trangThai`, `main`.`HeThongSo`.`namTrienKhai`, `main`.`HeThongSo`.`donViId`, `main`.`HeThongSo`.`createdAt`, `main`.`HeThongSo`.`updatedAt` FROM `main`.`HeThongSo` WHERE 1=1 ORDER BY `main`.`HeThongSo`.`lop` ASC, `main`.`HeThongSo`.`ma` ASC LIMIT ? OFFSET ?
prisma:query SELECT `main`.`DonVi`.`id`, `main`.`DonVi`.`ten`, `main`.`DonVi`.`loai`, `main`.`DonVi`.`parentId`, `main`.`DonVi`.`createdAt` FROM `main`.`DonVi` WHERE `main`.`DonVi`.`id` IN (?,?,?,?) LIMIT ? OFFSET ?
 GET /api/he-thong 200 in 33ms (next.js: 4ms, application-code: 29ms)
 GET /api/auth/session 200 in 16ms (next.js: 8ms, application-code: 8ms)
 GET /api/auth/session 200 in 39ms (next.js: 4ms, application-code: 35ms)
 GET /api/auth/session 200 in 14ms (next.js: 3ms, application-code: 11ms)
 GET /dashboard 200 in 55ms (next.js: 9ms, application-code: 46ms)
 GET /dashboard 200 in 28ms (next.js: 5ms, application-code: 23ms)
 GET /api/auth/session 200 in 13ms (next.js: 2ms, application-code: 11ms)
prisma:query SELECT `main`.`NhiemVu`.`id`, `main`.`NhiemVu`.`ma`, `main`.`NhiemVu`.`ten`, `main`.`NhiemVu`.`moTa`, `main`.`NhiemVu`.`donViChuTriId`, `main`.`NhiemVu`.`uuTien`, `main`.`NhiemVu`.`thoiHan`, `main`.`NhiemVu`.`giaiDoan`, `main`.`NhiemVu`.`kpi`, `main`.`NhiemVu`.`nguonKiemChung`, `main`.`NhiemVu`.`trangThai`, `main`.`NhiemVu`.`tienDo`, `main`.`NhiemVu`.`lop`, `main`.`NhiemVu`.`phuongAnXuLy`, `main`.`NhiemVu`.`ghiChu`, `main`.`NhiemVu`.`createdAt`, `main`.`NhiemVu`.`updatedAt` FROM `main`.`NhiemVu` WHERE 1=1 LIMIT ? OFFSET ?
prisma:query SELECT `main`.`DonVi`.`id`, `main`.`DonVi`.`ten`, `main`.`DonVi`.`loai`, `main`.`DonVi`.`parentId`, `main`.`DonVi`.`createdAt` FROM `main`.`DonVi` WHERE `main`.`DonVi`.`id` IN (?,?) LIMIT ? OFFSET ?
prisma:query SELECT `main`.`HeThongSo`.`id`, `main`.`HeThongSo`.`ma`, `main`.`HeThongSo`.`ten`, `main`.`HeThongSo`.`loai`, `main`.`HeThongSo`.`lop`, `main`.`HeThongSo`.`moTa`, `main`.`HeThongSo`.`chuQuan`, `main`.`HeThongSo`.`trangThai`, `main`.`HeThongSo`.`namTrienKhai`, `main`.`HeThongSo`.`donViId`, `main`.`HeThongSo`.`createdAt`, `main`.`HeThongSo`.`updatedAt` FROM `main`.`HeThongSo` WHERE 1=1 LIMIT ? OFFSET ?
 GET /api/dashboard/stats 200 in 16ms (next.js: 3ms, application-code: 13ms)
prisma:query SELECT `main`.`HeThongSo`.`id`, `main`.`HeThongSo`.`ma`, `main`.`HeThongSo`.`ten`, `main`.`HeThongSo`.`loai`, `main`.`HeThongSo`.`lop`, `main`.`HeThongSo`.`moTa`, `main`.`HeThongSo`.`chuQuan`, `main`.`HeThongSo`.`trangThai`, `main`.`HeThongSo`.`namTrienKhai`, `main`.`HeThongSo`.`donViId`, `main`.`HeThongSo`.`createdAt`, `main`.`HeThongSo`.`updatedAt` FROM `main`.`HeThongSo` WHERE 1=1 LIMIT ? OFFSET ?
prisma:query SELECT `main`.`NhiemVu`.`id`, `main`.`NhiemVu`.`ma`, `main`.`NhiemVu`.`ten`, `main`.`NhiemVu`.`moTa`, `main`.`NhiemVu`.`donViChuTriId`, `main`.`NhiemVu`.`uuTien`, `main`.`NhiemVu`.`thoiHan`, `main`.`NhiemVu`.`giaiDoan`, `main`.`NhiemVu`.`kpi`, `main`.`NhiemVu`.`nguonKiemChung`, `main`.`NhiemVu`.`trangThai`, `main`.`NhiemVu`.`tienDo`, `main`.`NhiemVu`.`lop`, `main`.`NhiemVu`.`phuongAnXuLy`, `main`.`NhiemVu`.`ghiChu`, `main`.`NhiemVu`.`createdAt`, `main`.`NhiemVu`.`updatedAt` FROM `main`.`NhiemVu` WHERE 1=1 LIMIT ? OFFSET ?
prisma:query SELECT `main`.`DonVi`.`id`, `main`.`DonVi`.`ten`, `main`.`DonVi`.`loai`, `main`.`DonVi`.`parentId`, `main`.`DonVi`.`createdAt` FROM `main`.`DonVi` WHERE `main`.`DonVi`.`id` IN (?,?) LIMIT ? OFFSET ?
 GET /api/dashboard/stats 200 in 16ms (next.js: 3ms, application-code: 13ms)
 GET /admin 200 in 98ms (next.js: 5ms, application-code: 93ms)
 GET /api/auth/session 200 in 24ms (next.js: 10ms, application-code: 15ms)
 GET /api/auth/session 200 in 61ms (next.js: 4ms, application-code: 57ms)
 GET /dashboard 200 in 60ms (next.js: 5ms, application-code: 55ms)
 GET /api/auth/session 200 in 37ms (next.js: 4ms, application-code: 33ms)
 GET /dashboard 200 in 38ms (next.js: 14ms, application-code: 24ms)
[browser] Warning: [antd: Spin] `tip` is deprecated. Please use `description` instead. 
 GET /api/auth/session 200 in 41ms (next.js: 9ms, application-code: 32ms)
 GET /api/auth/session 200 in 39ms (next.js: 7ms, application-code: 32ms)
prisma:query SELECT 1
prisma:query SELECT 1
prisma:query SELECT `main`.`NhiemVu`.`id`, `main`.`NhiemVu`.`ma`, `main`.`NhiemVu`.`ten`, `main`.`NhiemVu`.`moTa`, `main`.`NhiemVu`.`donViChuTriId`, `main`.`NhiemVu`.`uuTien`, `main`.`NhiemVu`.`thoiHan`, `main`.`NhiemVu`.`giaiDoan`, `main`.`NhiemVu`.`kpi`, `main`.`NhiemVu`.`nguonKiemChung`, `main`.`NhiemVu`.`trangThai`, `main`.`NhiemVu`.`tienDo`, `main`.`NhiemVu`.`lop`, `main`.`NhiemVu`.`phuongAnXuLy`, `main`.`NhiemVu`.`ghiChu`, `main`.`NhiemVu`.`createdAt`, `main`.`NhiemVu`.`updatedAt` FROM `main`.`NhiemVu` WHERE 1=1 LIMIT ? OFFSET ?
prisma:query SELECT `main`.`DonVi`.`id`, `main`.`DonVi`.`ten`, `main`.`DonVi`.`loai`, `main`.`DonVi`.`parentId`, `main`.`DonVi`.`createdAt` FROM `main`.`DonVi` WHERE `main`.`DonVi`.`id` IN (?,?) LIMIT ? OFFSET ?
prisma:query SELECT `main`.`HeThongSo`.`id`, `main`.`HeThongSo`.`ma`, `main`.`HeThongSo`.`ten`, `main`.`HeThongSo`.`loai`, `main`.`HeThongSo`.`lop`, `main`.`HeThongSo`.`moTa`, `main`.`HeThongSo`.`chuQuan`, `main`.`HeThongSo`.`trangThai`, `main`.`HeThongSo`.`namTrienKhai`, `main`.`HeThongSo`.`donViId`, `main`.`HeThongSo`.`createdAt`, `main`.`HeThongSo`.`updatedAt` FROM `main`.`HeThongSo` WHERE 1=1 LIMIT ? OFFSET ?
 GET /api/dashboard/stats 200 in 31ms (next.js: 7ms, application-code: 24ms)
prisma:query SELECT `main`.`HeThongSo`.`id`, `main`.`HeThongSo`.`ma`, `main`.`HeThongSo`.`ten`, `main`.`HeThongSo`.`loai`, `main`.`HeThongSo`.`lop`, `main`.`HeThongSo`.`moTa`, `main`.`HeThongSo`.`chuQuan`, `main`.`HeThongSo`.`trangThai`, `main`.`HeThongSo`.`namTrienKhai`, `main`.`HeThongSo`.`donViId`, `main`.`HeThongSo`.`createdAt`, `main`.`HeThongSo`.`updatedAt` FROM `main`.`HeThongSo` WHERE 1=1 LIMIT ? OFFSET ?
prisma:query SELECT `main`.`NhiemVu`.`id`, `main`.`NhiemVu`.`ma`, `main`.`NhiemVu`.`ten`, `main`.`NhiemVu`.`moTa`, `main`.`NhiemVu`.`donViChuTriId`, `main`.`NhiemVu`.`uuTien`, `main`.`NhiemVu`.`thoiHan`, `main`.`NhiemVu`.`giaiDoan`, `main`.`NhiemVu`.`kpi`, `main`.`NhiemVu`.`nguonKiemChung`, `main`.`NhiemVu`.`trangThai`, `main`.`NhiemVu`.`tienDo`, `main`.`NhiemVu`.`lop`, `main`.`NhiemVu`.`phuongAnXuLy`, `main`.`NhiemVu`.`ghiChu`, `main`.`NhiemVu`.`createdAt`, `main`.`NhiemVu`.`updatedAt` FROM `main`.`NhiemVu` WHERE 1=1 LIMIT ? OFFSET ?
prisma:query SELECT `main`.`DonVi`.`id`, `main`.`DonVi`.`ten`, `main`.`DonVi`.`loai`, `main`.`DonVi`.`parentId`, `main`.`DonVi`.`createdAt` FROM `main`.`DonVi` WHERE `main`.`DonVi`.`id` IN (?,?) LIMIT ? OFFSET ?
 GET /api/dashboard/stats 200 in 31ms (next.js: 5ms, application-code: 26ms)
 GET /api/auth/session 200 in 61ms (next.js: 7ms, application-code: 54ms)
[browser] Warning: [antd: Statistic] `valueStyle` is deprecated. Please use `styles.content` instead. 
    at Array.forEach (<anonymous>) (<anonymous>)
[browser] Warning: [antd: Progress] `trailColor` is deprecated. Please use `railColor` instead. 
    at Array.forEach (<anonymous>) (<anonymous>)
[browser] Warning: [antd: Progress] `strokeWidth` is deprecated. Please use `size` instead. 
[browser] Warning: [antd: Card] `headStyle` is deprecated. Please use `styles.header` instead. 
    at Array.forEach (<anonymous>) (<anonymous>)
 GET /api/auth/session 200 in 31ms (next.js: 8ms, application-code: 23ms)
 GET /login 200 in 20ms (next.js: 7ms, application-code: 13ms)
 GET /dashboard 200 in 45ms (next.js: 6ms, application-code: 39ms)
 GET /api/auth/session 200 in 29ms (next.js: 3ms, application-code: 26ms)
 GET /dashboard 200 in 29ms (next.js: 9ms, application-code: 20ms)
prisma:query SELECT `main`.`NhiemVu`.`id`, `main`.`NhiemVu`.`ma`, `main`.`NhiemVu`.`ten`, `main`.`NhiemVu`.`moTa`, `main`.`NhiemVu`.`donViChuTriId`, `main`.`NhiemVu`.`uuTien`, `main`.`NhiemVu`.`thoiHan`, `main`.`NhiemVu`.`giaiDoan`, `main`.`NhiemVu`.`kpi`, `main`.`NhiemVu`.`nguonKiemChung`, `main`.`NhiemVu`.`trangThai`, `main`.`NhiemVu`.`tienDo`, `main`.`NhiemVu`.`lop`, `main`.`NhiemVu`.`phuongAnXuLy`, `main`.`NhiemVu`.`ghiChu`, `main`.`NhiemVu`.`createdAt`, `main`.`NhiemVu`.`updatedAt` FROM `main`.`NhiemVu` WHERE 1=1 LIMIT ? OFFSET ?
prisma:query SELECT `main`.`DonVi`.`id`, `main`.`DonVi`.`ten`, `main`.`DonVi`.`loai`, `main`.`DonVi`.`parentId`, `main`.`DonVi`.`createdAt` FROM `main`.`DonVi` WHERE `main`.`DonVi`.`id` IN (?,?) LIMIT ? OFFSET ?
prisma:query SELECT `main`.`HeThongSo`.`id`, `main`.`HeThongSo`.`ma`, `main`.`HeThongSo`.`ten`, `main`.`HeThongSo`.`loai`, `main`.`HeThongSo`.`lop`, `main`.`HeThongSo`.`moTa`, `main`.`HeThongSo`.`chuQuan`, `main`.`HeThongSo`.`trangThai`, `main`.`HeThongSo`.`namTrienKhai`, `main`.`HeThongSo`.`donViId`, `main`.`HeThongSo`.`createdAt`, `main`.`HeThongSo`.`updatedAt` FROM `main`.`HeThongSo` WHERE 1=1 LIMIT ? OFFSET ?
 GET /api/dashboard/stats 200 in 28ms (next.js: 4ms, application-code: 24ms)
prisma:query SELECT `main`.`NhiemVu`.`id`, `main`.`NhiemVu`.`ma`, `main`.`NhiemVu`.`ten`, `main`.`NhiemVu`.`moTa`, `main`.`NhiemVu`.`donViChuTriId`, `main`.`NhiemVu`.`uuTien`, `main`.`NhiemVu`.`thoiHan`, `main`.`NhiemVu`.`giaiDoan`, `main`.`NhiemVu`.`kpi`, `main`.`NhiemVu`.`nguonKiemChung`, `main`.`NhiemVu`.`trangThai`, `main`.`NhiemVu`.`tienDo`, `main`.`NhiemVu`.`lop`, `main`.`NhiemVu`.`phuongAnXuLy`, `main`.`NhiemVu`.`ghiChu`, `main`.`NhiemVu`.`createdAt`, `main`.`NhiemVu`.`updatedAt` FROM `main`.`NhiemVu` WHERE 1=1 LIMIT ? OFFSET ?
prisma:query SELECT `main`.`DonVi`.`id`, `main`.`DonVi`.`ten`, `main`.`DonVi`.`loai`, `main`.`DonVi`.`parentId`, `main`.`DonVi`.`createdAt` FROM `main`.`DonVi` WHERE `main`.`DonVi`.`id` IN (?,?) LIMIT ? OFFSET ?
prisma:query SELECT `main`.`HeThongSo`.`id`, `main`.`HeThongSo`.`ma`, `main`.`HeThongSo`.`ten`, `main`.`HeThongSo`.`loai`, `main`.`HeThongSo`.`lop`, `main`.`HeThongSo`.`moTa`, `main`.`HeThongSo`.`chuQuan`, `main`.`HeThongSo`.`trangThai`, `main`.`HeThongSo`.`namTrienKhai`, `main`.`HeThongSo`.`donViId`, `main`.`HeThongSo`.`createdAt`, `main`.`HeThongSo`.`updatedAt` FROM `main`.`HeThongSo` WHERE 1=1 LIMIT ? OFFSET ?
 GET /api/dashboard/stats 200 in 17ms (next.js: 3ms, application-code: 14ms)
 GET /admin 200 in 18ms (next.js: 4ms, application-code: 15ms)
 GET /api/auth/session 200 in 16ms (next.js: 7ms, application-code: 10ms)
 GET /api/auth/session 200 in 11ms (next.js: 3ms, application-code: 8ms)
 GET /api/auth/session 200 in 14ms (next.js: 3ms, application-code: 11ms)
 GET /dashboard 200 in 77ms (next.js: 6ms, application-code: 71ms)
 GET /dashboard 200 in 61ms (next.js: 9ms, application-code: 52ms)
 GET /api/auth/session 200 in 35ms (next.js: 5ms, application-code: 31ms)
prisma:query SELECT `main`.`NhiemVu`.`id`, `main`.`NhiemVu`.`ma`, `main`.`NhiemVu`.`ten`, `main`.`NhiemVu`.`moTa`, `main`.`NhiemVu`.`donViChuTriId`, `main`.`NhiemVu`.`uuTien`, `main`.`NhiemVu`.`thoiHan`, `main`.`NhiemVu`.`giaiDoan`, `main`.`NhiemVu`.`kpi`, `main`.`NhiemVu`.`nguonKiemChung`, `main`.`NhiemVu`.`trangThai`, `main`.`NhiemVu`.`tienDo`, `main`.`NhiemVu`.`lop`, `main`.`NhiemVu`.`phuongAnXuLy`, `main`.`NhiemVu`.`ghiChu`, `main`.`NhiemVu`.`createdAt`, `main`.`NhiemVu`.`updatedAt` FROM `main`.`NhiemVu` WHERE 1=1 LIMIT ? OFFSET ?
prisma:query SELECT `main`.`DonVi`.`id`, `main`.`DonVi`.`ten`, `main`.`DonVi`.`loai`, `main`.`DonVi`.`parentId`, `main`.`DonVi`.`createdAt` FROM `main`.`DonVi` WHERE `main`.`DonVi`.`id` IN (?,?) LIMIT ? OFFSET ?
prisma:query SELECT `main`.`HeThongSo`.`id`, `main`.`HeThongSo`.`ma`, `main`.`HeThongSo`.`ten`, `main`.`HeThongSo`.`loai`, `main`.`HeThongSo`.`lop`, `main`.`HeThongSo`.`moTa`, `main`.`HeThongSo`.`chuQuan`, `main`.`HeThongSo`.`trangThai`, `main`.`HeThongSo`.`namTrienKhai`, `main`.`HeThongSo`.`donViId`, `main`.`HeThongSo`.`createdAt`, `main`.`HeThongSo`.`updatedAt` FROM `main`.`HeThongSo` WHERE 1=1 LIMIT ? OFFSET ?
 GET /api/dashboard/stats 200 in 22ms (next.js: 5ms, application-code: 17ms)
prisma:query SELECT `main`.`HeThongSo`.`id`, `main`.`HeThongSo`.`ma`, `main`.`HeThongSo`.`ten`, `main`.`HeThongSo`.`loai`, `main`.`HeThongSo`.`lop`, `main`.`HeThongSo`.`moTa`, `main`.`HeThongSo`.`chuQuan`, `main`.`HeThongSo`.`trangThai`, `main`.`HeThongSo`.`namTrienKhai`, `main`.`HeThongSo`.`donViId`, `main`.`HeThongSo`.`createdAt`, `main`.`HeThongSo`.`updatedAt` FROM `main`.`HeThongSo` WHERE 1=1 LIMIT ? OFFSET ?
prisma:query SELECT `main`.`NhiemVu`.`id`, `main`.`NhiemVu`.`ma`, `main`.`NhiemVu`.`ten`, `main`.`NhiemVu`.`moTa`, `main`.`NhiemVu`.`donViChuTriId`, `main`.`NhiemVu`.`uuTien`, `main`.`NhiemVu`.`thoiHan`, `main`.`NhiemVu`.`giaiDoan`, `main`.`NhiemVu`.`kpi`, `main`.`NhiemVu`.`nguonKiemChung`, `main`.`NhiemVu`.`trangThai`, `main`.`NhiemVu`.`tienDo`, `main`.`NhiemVu`.`lop`, `main`.`NhiemVu`.`phuongAnXuLy`, `main`.`NhiemVu`.`ghiChu`, `main`.`NhiemVu`.`createdAt`, `main`.`NhiemVu`.`updatedAt` FROM `main`.`NhiemVu` WHERE 1=1 LIMIT ? OFFSET ?
prisma:query SELECT `main`.`DonVi`.`id`, `main`.`DonVi`.`ten`, `main`.`DonVi`.`loai`, `main`.`DonVi`.`parentId`, `main`.`DonVi`.`createdAt` FROM `main`.`DonVi` WHERE `main`.`DonVi`.`id` IN (?,?) LIMIT ? OFFSET ?
 GET /api/dashboard/stats 200 in 24ms (next.js: 5ms, application-code: 19ms)
[browser] Warning: [antd: Statistic] `valueStyle` is deprecated. Please use `styles.content` instead. 
    at Array.forEach (<anonymous>) (<anonymous>)
[browser] Warning: [antd: Progress] `trailColor` is deprecated. Please use `railColor` instead. 
    at Array.forEach (<anonymous>) (<anonymous>)
[browser] Warning: [antd: Progress] `strokeWidth` is deprecated. Please use `size` instead. 
[browser] Warning: [antd: Card] `headStyle` is deprecated. Please use `styles.header` instead. 
    at Array.forEach (<anonymous>) (<anonymous>)
 GET /api/auth/session 200 in 14ms (next.js: 6ms, application-code: 7ms)
 GET /api/auth/session 200 in 16ms (next.js: 4ms, application-code: 12ms)
 GET /dashboard 200 in 59ms (next.js: 7ms, application-code: 52ms)
 GET /api/auth/session 200 in 32ms (next.js: 3ms, application-code: 30ms)
 GET /dashboard 200 in 29ms (next.js: 4ms, application-code: 25ms)
prisma:query SELECT 1
prisma:query SELECT 1
prisma:query SELECT `main`.`NhiemVu`.`id`, `main`.`NhiemVu`.`ma`, `main`.`NhiemVu`.`ten`, `main`.`NhiemVu`.`moTa`, `main`.`NhiemVu`.`donViChuTriId`, `main`.`NhiemVu`.`uuTien`, `main`.`NhiemVu`.`thoiHan`, `main`.`NhiemVu`.`giaiDoan`, `main`.`NhiemVu`.`kpi`, `main`.`NhiemVu`.`nguonKiemChung`, `main`.`NhiemVu`.`trangThai`, `main`.`NhiemVu`.`tienDo`, `main`.`NhiemVu`.`lop`, `main`.`NhiemVu`.`phuongAnXuLy`, `main`.`NhiemVu`.`ghiChu`, `main`.`NhiemVu`.`createdAt`, `main`.`NhiemVu`.`updatedAt` FROM `main`.`NhiemVu` WHERE 1=1 LIMIT ? OFFSET ?
prisma:query SELECT `main`.`DonVi`.`id`, `main`.`DonVi`.`ten`, `main`.`DonVi`.`loai`, `main`.`DonVi`.`parentId`, `main`.`DonVi`.`createdAt` FROM `main`.`DonVi` WHERE `main`.`DonVi`.`id` IN (?,?) LIMIT ? OFFSET ?
prisma:query SELECT `main`.`HeThongSo`.`id`, `main`.`HeThongSo`.`ma`, `main`.`HeThongSo`.`ten`, `main`.`HeThongSo`.`loai`, `main`.`HeThongSo`.`lop`, `main`.`HeThongSo`.`moTa`, `main`.`HeThongSo`.`chuQuan`, `main`.`HeThongSo`.`trangThai`, `main`.`HeThongSo`.`namTrienKhai`, `main`.`HeThongSo`.`donViId`, `main`.`HeThongSo`.`createdAt`, `main`.`HeThongSo`.`updatedAt` FROM `main`.`HeThongSo` WHERE 1=1 LIMIT ? OFFSET ?
 GET /api/auth/session 200 in 33ms (next.js: 3ms, application-code: 30ms)
 GET /api/dashboard/stats 200 in 27ms (next.js: 10ms, application-code: 16ms)
prisma:query SELECT `main`.`HeThongSo`.`id`, `main`.`HeThongSo`.`ma`, `main`.`HeThongSo`.`ten`, `main`.`HeThongSo`.`loai`, `main`.`HeThongSo`.`lop`, `main`.`HeThongSo`.`moTa`, `main`.`HeThongSo`.`chuQuan`, `main`.`HeThongSo`.`trangThai`, `main`.`HeThongSo`.`namTrienKhai`, `main`.`HeThongSo`.`donViId`, `main`.`HeThongSo`.`createdAt`, `main`.`HeThongSo`.`updatedAt` FROM `main`.`HeThongSo` WHERE 1=1 LIMIT ? OFFSET ?
prisma:query SELECT `main`.`NhiemVu`.`id`, `main`.`NhiemVu`.`ma`, `main`.`NhiemVu`.`ten`, `main`.`NhiemVu`.`moTa`, `main`.`NhiemVu`.`donViChuTriId`, `main`.`NhiemVu`.`uuTien`, `main`.`NhiemVu`.`thoiHan`, `main`.`NhiemVu`.`giaiDoan`, `main`.`NhiemVu`.`kpi`, `main`.`NhiemVu`.`nguonKiemChung`, `main`.`NhiemVu`.`trangThai`, `main`.`NhiemVu`.`tienDo`, `main`.`NhiemVu`.`lop`, `main`.`NhiemVu`.`phuongAnXuLy`, `main`.`NhiemVu`.`ghiChu`, `main`.`NhiemVu`.`createdAt`, `main`.`NhiemVu`.`updatedAt` FROM `main`.`NhiemVu` WHERE 1=1 LIMIT ? OFFSET ?
prisma:query SELECT `main`.`DonVi`.`id`, `main`.`DonVi`.`ten`, `main`.`DonVi`.`loai`, `main`.`DonVi`.`parentId`, `main`.`DonVi`.`createdAt` FROM `main`.`DonVi` WHERE `main`.`DonVi`.`id` IN (?,?) LIMIT ? OFFSET ?
 GET /api/dashboard/stats 200 in 16ms (next.js: 3ms, application-code: 13ms)
 GET /dashboard 200 in 225ms (next.js: 6ms, application-code: 219ms)
prisma:query SELECT `main`.`NhiemVu`.`id`, `main`.`NhiemVu`.`ma`, `main`.`NhiemVu`.`ten`, `main`.`NhiemVu`.`moTa`, `main`.`NhiemVu`.`donViChuTriId`, `main`.`NhiemVu`.`uuTien`, `main`.`NhiemVu`.`thoiHan`, `main`.`NhiemVu`.`giaiDoan`, `main`.`NhiemVu`.`kpi`, `main`.`NhiemVu`.`nguonKiemChung`, `main`.`NhiemVu`.`trangThai`, `main`.`NhiemVu`.`tienDo`, `main`.`NhiemVu`.`lop`, `main`.`NhiemVu`.`phuongAnXuLy`, `main`.`NhiemVu`.`ghiChu`, `main`.`NhiemVu`.`createdAt`, `main`.`NhiemVu`.`updatedAt` FROM `main`.`NhiemVu` WHERE 1=1 LIMIT ? OFFSET ?
prisma:query SELECT `main`.`DonVi`.`id`, `main`.`DonVi`.`ten`, `main`.`DonVi`.`loai`, `main`.`DonVi`.`parentId`, `main`.`DonVi`.`createdAt` FROM `main`.`DonVi` WHERE `main`.`DonVi`.`id` IN (?,?) LIMIT ? OFFSET ?
prisma:query SELECT `main`.`HeThongSo`.`id`, `main`.`HeThongSo`.`ma`, `main`.`HeThongSo`.`ten`, `main`.`HeThongSo`.`loai`, `main`.`HeThongSo`.`lop`, `main`.`HeThongSo`.`moTa`, `main`.`HeThongSo`.`chuQuan`, `main`.`HeThongSo`.`trangThai`, `main`.`HeThongSo`.`namTrienKhai`, `main`.`HeThongSo`.`donViId`, `main`.`HeThongSo`.`createdAt`, `main`.`HeThongSo`.`updatedAt` FROM `main`.`HeThongSo` WHERE 1=1 LIMIT ? OFFSET ?
 GET /api/dashboard/stats 200 in 24ms (next.js: 5ms, application-code: 19ms)
prisma:query SELECT `main`.`HeThongSo`.`id`, `main`.`HeThongSo`.`ma`, `main`.`HeThongSo`.`ten`, `main`.`HeThongSo`.`loai`, `main`.`HeThongSo`.`lop`, `main`.`HeThongSo`.`moTa`, `main`.`HeThongSo`.`chuQuan`, `main`.`HeThongSo`.`trangThai`, `main`.`HeThongSo`.`namTrienKhai`, `main`.`HeThongSo`.`donViId`, `main`.`HeThongSo`.`createdAt`, `main`.`HeThongSo`.`updatedAt` FROM `main`.`HeThongSo` WHERE 1=1 LIMIT ? OFFSET ?
prisma:query SELECT `main`.`NhiemVu`.`id`, `main`.`NhiemVu`.`ma`, `main`.`NhiemVu`.`ten`, `main`.`NhiemVu`.`moTa`, `main`.`NhiemVu`.`donViChuTriId`, `main`.`NhiemVu`.`uuTien`, `main`.`NhiemVu`.`thoiHan`, `main`.`NhiemVu`.`giaiDoan`, `main`.`NhiemVu`.`kpi`, `main`.`NhiemVu`.`nguonKiemChung`, `main`.`NhiemVu`.`trangThai`, `main`.`NhiemVu`.`tienDo`, `main`.`NhiemVu`.`lop`, `main`.`NhiemVu`.`phuongAnXuLy`, `main`.`NhiemVu`.`ghiChu`, `main`.`NhiemVu`.`createdAt`, `main`.`NhiemVu`.`updatedAt` FROM `main`.`NhiemVu` WHERE 1=1 LIMIT ? OFFSET ?
prisma:query SELECT `main`.`DonVi`.`id`, `main`.`DonVi`.`ten`, `main`.`DonVi`.`loai`, `main`.`DonVi`.`parentId`, `main`.`DonVi`.`createdAt` FROM `main`.`DonVi` WHERE `main`.`DonVi`.`id` IN (?,?) LIMIT ? OFFSET ?
 GET /api/dashboard/stats 200 in 23ms (next.js: 4ms, application-code: 19ms)
[browser] Warning: [antd: Spin] `tip` is deprecated. Please use `description` instead. 
[browser] Warning: [antd: Statistic] `valueStyle` is deprecated. Please use `styles.content` instead. 
    at Array.forEach (<anonymous>) (<anonymous>)
[browser] Warning: [antd: Progress] `trailColor` is deprecated. Please use `railColor` instead. 
    at Array.forEach (<anonymous>) (<anonymous>)
[browser] Warning: [antd: Progress] `strokeWidth` is deprecated. Please use `size` instead. 
[browser] Warning: [antd: Card] `headStyle` is deprecated. Please use `styles.header` instead. 
    at Array.forEach (<anonymous>) (<anonymous>)
✓ Compiled in 221ms
 GET /dashboard 200 in 39ms (next.js: 12ms, application-code: 27ms)
 GET /dashboard 200 in 28ms (next.js: 7ms, application-code: 21ms)
 GET /dashboard 200 in 32ms (next.js: 4ms, application-code: 28ms)
[browser] Warning: [antd: Spin] `tip` is deprecated. Please use `description` instead. 
prisma:query SELECT 1
prisma:query SELECT 1
prisma:query SELECT `main`.`NhiemVu`.`id`, `main`.`NhiemVu`.`ma`, `main`.`NhiemVu`.`ten`, `main`.`NhiemVu`.`moTa`, `main`.`NhiemVu`.`donViChuTriId`, `main`.`NhiemVu`.`uuTien`, `main`.`NhiemVu`.`thoiHan`, `main`.`NhiemVu`.`giaiDoan`, `main`.`NhiemVu`.`kpi`, `main`.`NhiemVu`.`nguonKiemChung`, `main`.`NhiemVu`.`trangThai`, `main`.`NhiemVu`.`tienDo`, `main`.`NhiemVu`.`lop`, `main`.`NhiemVu`.`phuongAnXuLy`, `main`.`NhiemVu`.`ghiChu`, `main`.`NhiemVu`.`createdAt`, `main`.`NhiemVu`.`updatedAt` FROM `main`.`NhiemVu` WHERE 1=1 LIMIT ? OFFSET ?
prisma:query SELECT `main`.`DonVi`.`id`, `main`.`DonVi`.`ten`, `main`.`DonVi`.`loai`, `main`.`DonVi`.`parentId`, `main`.`DonVi`.`createdAt` FROM `main`.`DonVi` WHERE `main`.`DonVi`.`id` IN (?,?) LIMIT ? OFFSET ?
prisma:query SELECT `main`.`HeThongSo`.`id`, `main`.`HeThongSo`.`ma`, `main`.`HeThongSo`.`ten`, `main`.`HeThongSo`.`loai`, `main`.`HeThongSo`.`lop`, `main`.`HeThongSo`.`moTa`, `main`.`HeThongSo`.`chuQuan`, `main`.`HeThongSo`.`trangThai`, `main`.`HeThongSo`.`namTrienKhai`, `main`.`HeThongSo`.`donViId`, `main`.`HeThongSo`.`createdAt`, `main`.`HeThongSo`.`updatedAt` FROM `main`.`HeThongSo` WHERE 1=1 LIMIT ? OFFSET ?
 GET /api/dashboard/stats 200 in 20ms (next.js: 3ms, application-code: 17ms)
prisma:query SELECT `main`.`HeThongSo`.`id`, `main`.`HeThongSo`.`ma`, `main`.`HeThongSo`.`ten`, `main`.`HeThongSo`.`loai`, `main`.`HeThongSo`.`lop`, `main`.`HeThongSo`.`moTa`, `main`.`HeThongSo`.`chuQuan`, `main`.`HeThongSo`.`trangThai`, `main`.`HeThongSo`.`namTrienKhai`, `main`.`HeThongSo`.`donViId`, `main`.`HeThongSo`.`createdAt`, `main`.`HeThongSo`.`updatedAt` FROM `main`.`HeThongSo` WHERE 1=1 LIMIT ? OFFSET ?
prisma:query SELECT `main`.`NhiemVu`.`id`, `main`.`NhiemVu`.`ma`, `main`.`NhiemVu`.`ten`, `main`.`NhiemVu`.`moTa`, `main`.`NhiemVu`.`donViChuTriId`, `main`.`NhiemVu`.`uuTien`, `main`.`NhiemVu`.`thoiHan`, `main`.`NhiemVu`.`giaiDoan`, `main`.`NhiemVu`.`kpi`, `main`.`NhiemVu`.`nguonKiemChung`, `main`.`NhiemVu`.`trangThai`, `main`.`NhiemVu`.`tienDo`, `main`.`NhiemVu`.`lop`, `main`.`NhiemVu`.`phuongAnXuLy`, `main`.`NhiemVu`.`ghiChu`, `main`.`NhiemVu`.`createdAt`, `main`.`NhiemVu`.`updatedAt` FROM `main`.`NhiemVu` WHERE 1=1 LIMIT ? OFFSET ?
prisma:query SELECT `main`.`DonVi`.`id`, `main`.`DonVi`.`ten`, `main`.`DonVi`.`loai`, `main`.`DonVi`.`parentId`, `main`.`DonVi`.`createdAt` FROM `main`.`DonVi` WHERE `main`.`DonVi`.`id` IN (?,?) LIMIT ? OFFSET ?
 GET /api/dashboard/stats 200 in 23ms (next.js: 4ms, application-code: 19ms)
[browser] Warning: [antd: Statistic] `valueStyle` is deprecated. Please use `styles.content` instead. 
    at Array.forEach (<anonymous>) (<anonymous>)
[browser] Warning: [antd: Progress] `trailColor` is deprecated. Please use `railColor` instead. 
    at Array.forEach (<anonymous>) (<anonymous>)
[browser] Warning: [antd: Progress] `strokeWidth` is deprecated. Please use `size` instead. 
[browser] Warning: [antd: Card] `headStyle` is deprecated. Please use `styles.header` instead. 
    at Array.forEach (<anonymous>) (<anonymous>)
 GET /kts/hien-trang 200 in 54ms (next.js: 5ms, application-code: 49ms)
[browser] Warning: [antd: Spin] `tip` is deprecated. Please use `description` instead. 
prisma:query SELECT `main`.`HeThongSo`.`id`, `main`.`HeThongSo`.`ma`, `main`.`HeThongSo`.`ten`, `main`.`HeThongSo`.`loai`, `main`.`HeThongSo`.`lop`, `main`.`HeThongSo`.`moTa`, `main`.`HeThongSo`.`chuQuan`, `main`.`HeThongSo`.`trangThai`, `main`.`HeThongSo`.`namTrienKhai`, `main`.`HeThongSo`.`donViId`, `main`.`HeThongSo`.`createdAt`, `main`.`HeThongSo`.`updatedAt` FROM `main`.`HeThongSo` WHERE 1=1 ORDER BY `main`.`HeThongSo`.`lop` ASC, `main`.`HeThongSo`.`ma` ASC LIMIT ? OFFSET ?
prisma:query SELECT `main`.`DonVi`.`id`, `main`.`DonVi`.`ten`, `main`.`DonVi`.`loai`, `main`.`DonVi`.`parentId`, `main`.`DonVi`.`createdAt` FROM `main`.`DonVi` WHERE `main`.`DonVi`.`id` IN (?,?,?,?) LIMIT ? OFFSET ?
 GET /api/he-thong 200 in 28ms (next.js: 3ms, application-code: 24ms)
prisma:query SELECT `main`.`HeThongSo`.`id`, `main`.`HeThongSo`.`ma`, `main`.`HeThongSo`.`ten`, `main`.`HeThongSo`.`loai`, `main`.`HeThongSo`.`lop`, `main`.`HeThongSo`.`moTa`, `main`.`HeThongSo`.`chuQuan`, `main`.`HeThongSo`.`trangThai`, `main`.`HeThongSo`.`namTrienKhai`, `main`.`HeThongSo`.`donViId`, `main`.`HeThongSo`.`createdAt`, `main`.`HeThongSo`.`updatedAt` FROM `main`.`HeThongSo` WHERE 1=1 ORDER BY `main`.`HeThongSo`.`lop` ASC, `main`.`HeThongSo`.`ma` ASC LIMIT ? OFFSET ?
prisma:query SELECT `main`.`DonVi`.`id`, `main`.`DonVi`.`ten`, `main`.`DonVi`.`loai`, `main`.`DonVi`.`parentId`, `main`.`DonVi`.`createdAt` FROM `main`.`DonVi` WHERE `main`.`DonVi`.`id` IN (?,?,?,?) LIMIT ? OFFSET ?
 GET /api/he-thong 200 in 31ms (next.js: 4ms, application-code: 27ms)
 GET /admin 200 in 18ms (next.js: 4ms, application-code: 14ms)
 GET /api/auth/session 200 in 18ms (next.js: 9ms, application-code: 8ms)
 GET /api/auth/session 200 in 12ms (next.js: 4ms, application-code: 8ms)
 GET /api/auth/session 200 in 13ms (next.js: 3ms, application-code: 10ms)
 GET /dashboard 200 in 63ms (next.js: 7ms, application-code: 56ms)
 GET /dashboard 200 in 40ms (next.js: 7ms, application-code: 33ms)
 GET /api/auth/session 200 in 29ms (next.js: 4ms, application-code: 25ms)
prisma:query SELECT `main`.`HeThongSo`.`id`, `main`.`HeThongSo`.`ma`, `main`.`HeThongSo`.`ten`, `main`.`HeThongSo`.`loai`, `main`.`HeThongSo`.`lop`, `main`.`HeThongSo`.`moTa`, `main`.`HeThongSo`.`chuQuan`, `main`.`HeThongSo`.`trangThai`, `main`.`HeThongSo`.`namTrienKhai`, `main`.`HeThongSo`.`donViId`, `main`.`HeThongSo`.`createdAt`, `main`.`HeThongSo`.`updatedAt` FROM `main`.`HeThongSo` WHERE 1=1 LIMIT ? OFFSET ?
prisma:query SELECT `main`.`NhiemVu`.`id`, `main`.`NhiemVu`.`ma`, `main`.`NhiemVu`.`ten`, `main`.`NhiemVu`.`moTa`, `main`.`NhiemVu`.`donViChuTriId`, `main`.`NhiemVu`.`uuTien`, `main`.`NhiemVu`.`thoiHan`, `main`.`NhiemVu`.`giaiDoan`, `main`.`NhiemVu`.`kpi`, `main`.`NhiemVu`.`nguonKiemChung`, `main`.`NhiemVu`.`trangThai`, `main`.`NhiemVu`.`tienDo`, `main`.`NhiemVu`.`lop`, `main`.`NhiemVu`.`phuongAnXuLy`, `main`.`NhiemVu`.`ghiChu`, `main`.`NhiemVu`.`createdAt`, `main`.`NhiemVu`.`updatedAt` FROM `main`.`NhiemVu` WHERE 1=1 LIMIT ? OFFSET ?
prisma:query SELECT `main`.`DonVi`.`id`, `main`.`DonVi`.`ten`, `main`.`DonVi`.`loai`, `main`.`DonVi`.`parentId`, `main`.`DonVi`.`createdAt` FROM `main`.`DonVi` WHERE `main`.`DonVi`.`id` IN (?,?) LIMIT ? OFFSET ?
 GET /api/dashboard/stats 200 in 20ms (next.js: 3ms, application-code: 17ms)
prisma:query SELECT `main`.`NhiemVu`.`id`, `main`.`NhiemVu`.`ma`, `main`.`NhiemVu`.`ten`, `main`.`NhiemVu`.`moTa`, `main`.`NhiemVu`.`donViChuTriId`, `main`.`NhiemVu`.`uuTien`, `main`.`NhiemVu`.`thoiHan`, `main`.`NhiemVu`.`giaiDoan`, `main`.`NhiemVu`.`kpi`, `main`.`NhiemVu`.`nguonKiemChung`, `main`.`NhiemVu`.`trangThai`, `main`.`NhiemVu`.`tienDo`, `main`.`NhiemVu`.`lop`, `main`.`NhiemVu`.`phuongAnXuLy`, `main`.`NhiemVu`.`ghiChu`, `main`.`NhiemVu`.`createdAt`, `main`.`NhiemVu`.`updatedAt` FROM `main`.`NhiemVu` WHERE 1=1 LIMIT ? OFFSET ?
prisma:query SELECT `main`.`DonVi`.`id`, `main`.`DonVi`.`ten`, `main`.`DonVi`.`loai`, `main`.`DonVi`.`parentId`, `main`.`DonVi`.`createdAt` FROM `main`.`DonVi` WHERE `main`.`DonVi`.`id` IN (?,?) LIMIT ? OFFSET ?
prisma:query SELECT `main`.`HeThongSo`.`id`, `main`.`HeThongSo`.`ma`, `main`.`HeThongSo`.`ten`, `main`.`HeThongSo`.`loai`, `main`.`HeThongSo`.`lop`, `main`.`HeThongSo`.`moTa`, `main`.`HeThongSo`.`chuQuan`, `main`.`HeThongSo`.`trangThai`, `main`.`HeThongSo`.`namTrienKhai`, `main`.`HeThongSo`.`donViId`, `main`.`HeThongSo`.`createdAt`, `main`.`HeThongSo`.`updatedAt` FROM `main`.`HeThongSo` WHERE 1=1 LIMIT ? OFFSET ?
 GET /api/dashboard/stats 200 in 18ms (next.js: 5ms, application-code: 13ms)
[browser] Warning: [antd: Statistic] `valueStyle` is deprecated. Please use `styles.content` instead. 
    at Array.forEach (<anonymous>) (<anonymous>)
[browser] Warning: [antd: Progress] `trailColor` is deprecated. Please use `railColor` instead. 
    at Array.forEach (<anonymous>) (<anonymous>)
[browser] Warning: [antd: Progress] `strokeWidth` is deprecated. Please use `size` instead. 
[browser] Warning: [antd: Card] `headStyle` is deprecated. Please use `styles.header` instead. 
    at Array.forEach (<anonymous>) (<anonymous>)
 GET /admin/he-thong 200 in 82ms (next.js: 5ms, application-code: 77ms)
[browser] Warning: [antd: Spin] `tip` is deprecated. Please use `description` instead. 
 GET /api/auth/session 200 in 34ms (next.js: 14ms, application-code: 20ms)
 GET /api/auth/session 200 in 19ms (next.js: 5ms, application-code: 14ms)
 GET /api/auth/session 200 in 16ms (next.js: 4ms, application-code: 13ms)
prisma:query SELECT `main`.`HeThongSo`.`id`, `main`.`HeThongSo`.`ma`, `main`.`HeThongSo`.`ten`, `main`.`HeThongSo`.`loai`, `main`.`HeThongSo`.`lop`, `main`.`HeThongSo`.`moTa`, `main`.`HeThongSo`.`chuQuan`, `main`.`HeThongSo`.`trangThai`, `main`.`HeThongSo`.`namTrienKhai`, `main`.`HeThongSo`.`donViId`, `main`.`HeThongSo`.`createdAt`, `main`.`HeThongSo`.`updatedAt` FROM `main`.`HeThongSo` WHERE 1=1 ORDER BY `main`.`HeThongSo`.`lop` ASC, `main`.`HeThongSo`.`ma` ASC LIMIT ? OFFSET ?
prisma:query SELECT `main`.`DonVi`.`id`, `main`.`DonVi`.`ten`, `main`.`DonVi`.`loai`, `main`.`DonVi`.`parentId`, `main`.`DonVi`.`createdAt` FROM `main`.`DonVi` WHERE `main`.`DonVi`.`id` IN (?,?,?,?) LIMIT ? OFFSET ?
prisma:query SELECT `main`.`DonVi`.`id`, `main`.`DonVi`.`ten`, `main`.`DonVi`.`loai`, `main`.`DonVi`.`parentId`, `main`.`DonVi`.`createdAt` FROM `main`.`DonVi` WHERE 1=1 ORDER BY `main`.`DonVi`.`loai` ASC, `main`.`DonVi`.`ten` ASC LIMIT ? OFFSET ?
 GET /api/don-vi 200 in 20ms (next.js: 11ms, application-code: 8ms)
 GET /api/he-thong 200 in 31ms (next.js: 4ms, application-code: 26ms)
prisma:query SELECT `main`.`DonVi`.`id`, `main`.`DonVi`.`ten`, `main`.`DonVi`.`loai`, `main`.`DonVi`.`parentId`, `main`.`DonVi`.`createdAt` FROM `main`.`DonVi` WHERE 1=1 ORDER BY `main`.`DonVi`.`loai` ASC, `main`.`DonVi`.`ten` ASC LIMIT ? OFFSET ?
 GET /api/don-vi 200 in 12ms (next.js: 4ms, application-code: 8ms)
prisma:query SELECT `main`.`HeThongSo`.`id`, `main`.`HeThongSo`.`ma`, `main`.`HeThongSo`.`ten`, `main`.`HeThongSo`.`loai`, `main`.`HeThongSo`.`lop`, `main`.`HeThongSo`.`moTa`, `main`.`HeThongSo`.`chuQuan`, `main`.`HeThongSo`.`trangThai`, `main`.`HeThongSo`.`namTrienKhai`, `main`.`HeThongSo`.`donViId`, `main`.`HeThongSo`.`createdAt`, `main`.`HeThongSo`.`updatedAt` FROM `main`.`HeThongSo` WHERE 1=1 ORDER BY `main`.`HeThongSo`.`lop` ASC, `main`.`HeThongSo`.`ma` ASC LIMIT ? OFFSET ?
prisma:query SELECT `main`.`DonVi`.`id`, `main`.`DonVi`.`ten`, `main`.`DonVi`.`loai`, `main`.`DonVi`.`parentId`, `main`.`DonVi`.`createdAt` FROM `main`.`DonVi` WHERE `main`.`DonVi`.`id` IN (?,?,?,?) LIMIT ? OFFSET ?
 GET /api/he-thong 200 in 33ms (next.js: 5ms, application-code: 28ms)
 GET /api/auth/session 200 in 25ms (next.js: 4ms, application-code: 21ms)
 GET /admin/nhiem-vu 200 in 21ms (next.js: 6ms, application-code: 15ms)
prisma:query SELECT `main`.`NhiemVu`.`id`, `main`.`NhiemVu`.`ma`, `main`.`NhiemVu`.`ten`, `main`.`NhiemVu`.`moTa`, `main`.`NhiemVu`.`donViChuTriId`, `main`.`NhiemVu`.`uuTien`, `main`.`NhiemVu`.`thoiHan`, `main`.`NhiemVu`.`giaiDoan`, `main`.`NhiemVu`.`kpi`, `main`.`NhiemVu`.`nguonKiemChung`, `main`.`NhiemVu`.`trangThai`, `main`.`NhiemVu`.`tienDo`, `main`.`NhiemVu`.`lop`, `main`.`NhiemVu`.`phuongAnXuLy`, `main`.`NhiemVu`.`ghiChu`, `main`.`NhiemVu`.`createdAt`, `main`.`NhiemVu`.`updatedAt` FROM `main`.`NhiemVu` WHERE 1=1 ORDER BY `main`.`NhiemVu`.`uuTien` ASC, `main`.`NhiemVu`.`thoiHan` ASC LIMIT ? OFFSET ?
prisma:query SELECT `main`.`DonVi`.`id`, `main`.`DonVi`.`ten`, `main`.`DonVi`.`loai`, `main`.`DonVi`.`parentId`, `main`.`DonVi`.`createdAt` FROM `main`.`DonVi` WHERE `main`.`DonVi`.`id` IN (?,?) LIMIT ? OFFSET ?
 GET /api/nhiem-vu 200 in 17ms (next.js: 3ms, application-code: 14ms)
prisma:query SELECT `main`.`DonVi`.`id`, `main`.`DonVi`.`ten`, `main`.`DonVi`.`loai`, `main`.`DonVi`.`parentId`, `main`.`DonVi`.`createdAt` FROM `main`.`DonVi` WHERE 1=1 ORDER BY `main`.`DonVi`.`loai` ASC, `main`.`DonVi`.`ten` ASC LIMIT ? OFFSET ?
 GET /api/don-vi 200 in 18ms (next.js: 9ms, application-code: 9ms)
prisma:query SELECT `main`.`NhiemVu`.`id`, `main`.`NhiemVu`.`ma`, `main`.`NhiemVu`.`ten`, `main`.`NhiemVu`.`moTa`, `main`.`NhiemVu`.`donViChuTriId`, `main`.`NhiemVu`.`uuTien`, `main`.`NhiemVu`.`thoiHan`, `main`.`NhiemVu`.`giaiDoan`, `main`.`NhiemVu`.`kpi`, `main`.`NhiemVu`.`nguonKiemChung`, `main`.`NhiemVu`.`trangThai`, `main`.`NhiemVu`.`tienDo`, `main`.`NhiemVu`.`lop`, `main`.`NhiemVu`.`phuongAnXuLy`, `main`.`NhiemVu`.`ghiChu`, `main`.`NhiemVu`.`createdAt`, `main`.`NhiemVu`.`updatedAt` FROM `main`.`NhiemVu` WHERE 1=1 ORDER BY `main`.`NhiemVu`.`uuTien` ASC, `main`.`NhiemVu`.`thoiHan` ASC LIMIT ? OFFSET ?
prisma:query SELECT `main`.`DonVi`.`id`, `main`.`DonVi`.`ten`, `main`.`DonVi`.`loai`, `main`.`DonVi`.`parentId`, `main`.`DonVi`.`createdAt` FROM `main`.`DonVi` WHERE `main`.`DonVi`.`id` IN (?,?) LIMIT ? OFFSET ?
 GET /api/nhiem-vu 200 in 15ms (next.js: 4ms, application-code: 11ms)
prisma:query SELECT `main`.`DonVi`.`id`, `main`.`DonVi`.`ten`, `main`.`DonVi`.`loai`, `main`.`DonVi`.`parentId`, `main`.`DonVi`.`createdAt` FROM `main`.`DonVi` WHERE 1=1 ORDER BY `main`.`DonVi`.`loai` ASC, `main`.`DonVi`.`ten` ASC LIMIT ? OFFSET ?
 GET /api/don-vi 200 in 16ms (next.js: 9ms, application-code: 7ms)
 GET /admin/khung 200 in 19ms (next.js: 5ms, application-code: 14ms)
prisma:query SELECT `main`.`KhungKTS`.`id`, `main`.`KhungKTS`.`tenKhung`, `main`.`KhungKTS`.`phienBan`, `main`.`KhungKTS`.`ngayBanHanh`, `main`.`KhungKTS`.`giaiDoanApDung`, `main`.`KhungKTS`.`mucTieu`, `main`.`KhungKTS`.`boiCanh`, `main`.`KhungKTS`.`nguyenTac`, `main`.`KhungKTS`.`daiDienPhuTrach`, `main`.`KhungKTS`.`trangThai`, `main`.`KhungKTS`.`updatedAt`, `main`.`KhungKTS`.`createdAt` FROM `main`.`KhungKTS` WHERE 1=1 ORDER BY `main`.`KhungKTS`.`createdAt` DESC LIMIT ? OFFSET ?
 GET /api/kts 200 in 12ms (next.js: 3ms, application-code: 8ms)
prisma:query SELECT `main`.`KhungKTS`.`id`, `main`.`KhungKTS`.`tenKhung`, `main`.`KhungKTS`.`phienBan`, `main`.`KhungKTS`.`ngayBanHanh`, `main`.`KhungKTS`.`giaiDoanApDung`, `main`.`KhungKTS`.`mucTieu`, `main`.`KhungKTS`.`boiCanh`, `main`.`KhungKTS`.`nguyenTac`, `main`.`KhungKTS`.`daiDienPhuTrach`, `main`.`KhungKTS`.`trangThai`, `main`.`KhungKTS`.`updatedAt`, `main`.`KhungKTS`.`createdAt` FROM `main`.`KhungKTS` WHERE 1=1 ORDER BY `main`.`KhungKTS`.`createdAt` DESC LIMIT ? OFFSET ?
 GET /api/kts 200 in 7ms (next.js: 2ms, application-code: 5ms)
[browser] Warning: Instance created by `useForm` is not connected to any Form element. Forget to pass `form` prop? 
 GET /admin/he-thong 200 in 19ms (next.js: 4ms, application-code: 15ms)
prisma:query SELECT 1
prisma:query SELECT `main`.`DonVi`.`id`, `main`.`DonVi`.`ten`, `main`.`DonVi`.`loai`, `main`.`DonVi`.`parentId`, `main`.`DonVi`.`createdAt` FROM `main`.`DonVi` WHERE 1=1 ORDER BY `main`.`DonVi`.`loai` ASC, `main`.`DonVi`.`ten` ASC LIMIT ? OFFSET ?
 GET /api/don-vi 200 in 17ms (next.js: 2ms, application-code: 14ms)
prisma:query SELECT `main`.`HeThongSo`.`id`, `main`.`HeThongSo`.`ma`, `main`.`HeThongSo`.`ten`, `main`.`HeThongSo`.`loai`, `main`.`HeThongSo`.`lop`, `main`.`HeThongSo`.`moTa`, `main`.`HeThongSo`.`chuQuan`, `main`.`HeThongSo`.`trangThai`, `main`.`HeThongSo`.`namTrienKhai`, `main`.`HeThongSo`.`donViId`, `main`.`HeThongSo`.`createdAt`, `main`.`HeThongSo`.`updatedAt` FROM `main`.`HeThongSo` WHERE 1=1 ORDER BY `main`.`HeThongSo`.`lop` ASC, `main`.`HeThongSo`.`ma` ASC LIMIT ? OFFSET ?
prisma:query SELECT `main`.`DonVi`.`id`, `main`.`DonVi`.`ten`, `main`.`DonVi`.`loai`, `main`.`DonVi`.`parentId`, `main`.`DonVi`.`createdAt` FROM `main`.`DonVi` WHERE `main`.`DonVi`.`id` IN (?,?,?,?) LIMIT ? OFFSET ?
 GET /api/he-thong 200 in 36ms (next.js: 7ms, application-code: 29ms)
prisma:query SELECT `main`.`DonVi`.`id`, `main`.`DonVi`.`ten`, `main`.`DonVi`.`loai`, `main`.`DonVi`.`parentId`, `main`.`DonVi`.`createdAt` FROM `main`.`DonVi` WHERE 1=1 ORDER BY `main`.`DonVi`.`loai` ASC, `main`.`DonVi`.`ten` ASC LIMIT ? OFFSET ?
 GET /api/don-vi 200 in 21ms (next.js: 12ms, application-code: 9ms)
prisma:query SELECT `main`.`HeThongSo`.`id`, `main`.`HeThongSo`.`ma`, `main`.`HeThongSo`.`ten`, `main`.`HeThongSo`.`loai`, `main`.`HeThongSo`.`lop`, `main`.`HeThongSo`.`moTa`, `main`.`HeThongSo`.`chuQuan`, `main`.`HeThongSo`.`trangThai`, `main`.`HeThongSo`.`namTrienKhai`, `main`.`HeThongSo`.`donViId`, `main`.`HeThongSo`.`createdAt`, `main`.`HeThongSo`.`updatedAt` FROM `main`.`HeThongSo` WHERE 1=1 ORDER BY `main`.`HeThongSo`.`lop` ASC, `main`.`HeThongSo`.`ma` ASC LIMIT ? OFFSET ?
prisma:query SELECT `main`.`DonVi`.`id`, `main`.`DonVi`.`ten`, `main`.`DonVi`.`loai`, `main`.`DonVi`.`parentId`, `main`.`DonVi`.`createdAt` FROM `main`.`DonVi` WHERE `main`.`DonVi`.`id` IN (?,?,?,?) LIMIT ? OFFSET ?
 GET /api/he-thong 200 in 23ms (next.js: 3ms, application-code: 19ms)
 GET /admin 200 in 16ms (next.js: 4ms, application-code: 12ms)
 GET /dashboard 200 in 38ms (next.js: 6ms, application-code: 32ms)
 GET /dashboard 200 in 24ms (next.js: 5ms, application-code: 20ms)
prisma:query SELECT 1
prisma:query SELECT `main`.`NhiemVu`.`id`, `main`.`NhiemVu`.`ma`, `main`.`NhiemVu`.`ten`, `main`.`NhiemVu`.`moTa`, `main`.`NhiemVu`.`donViChuTriId`, `main`.`NhiemVu`.`uuTien`, `main`.`NhiemVu`.`thoiHan`, `main`.`NhiemVu`.`giaiDoan`, `main`.`NhiemVu`.`kpi`, `main`.`NhiemVu`.`nguonKiemChung`, `main`.`NhiemVu`.`trangThai`, `main`.`NhiemVu`.`tienDo`, `main`.`NhiemVu`.`lop`, `main`.`NhiemVu`.`phuongAnXuLy`, `main`.`NhiemVu`.`ghiChu`, `main`.`NhiemVu`.`createdAt`, `main`.`NhiemVu`.`updatedAt` FROM `main`.`NhiemVu` WHERE 1=1 LIMIT ? OFFSET ?
prisma:query SELECT `main`.`DonVi`.`id`, `main`.`DonVi`.`ten`, `main`.`DonVi`.`loai`, `main`.`DonVi`.`parentId`, `main`.`DonVi`.`createdAt` FROM `main`.`DonVi` WHERE `main`.`DonVi`.`id` IN (?,?) LIMIT ? OFFSET ?
prisma:query SELECT `main`.`HeThongSo`.`id`, `main`.`HeThongSo`.`ma`, `main`.`HeThongSo`.`ten`, `main`.`HeThongSo`.`loai`, `main`.`HeThongSo`.`lop`, `main`.`HeThongSo`.`moTa`, `main`.`HeThongSo`.`chuQuan`, `main`.`HeThongSo`.`trangThai`, `main`.`HeThongSo`.`namTrienKhai`, `main`.`HeThongSo`.`donViId`, `main`.`HeThongSo`.`createdAt`, `main`.`HeThongSo`.`updatedAt` FROM `main`.`HeThongSo` WHERE 1=1 LIMIT ? OFFSET ?
 GET /api/dashboard/stats 200 in 33ms (next.js: 13ms, application-code: 20ms)
prisma:query SELECT `main`.`NhiemVu`.`id`, `main`.`NhiemVu`.`ma`, `main`.`NhiemVu`.`ten`, `main`.`NhiemVu`.`moTa`, `main`.`NhiemVu`.`donViChuTriId`, `main`.`NhiemVu`.`uuTien`, `main`.`NhiemVu`.`thoiHan`, `main`.`NhiemVu`.`giaiDoan`, `main`.`NhiemVu`.`kpi`, `main`.`NhiemVu`.`nguonKiemChung`, `main`.`NhiemVu`.`trangThai`, `main`.`NhiemVu`.`tienDo`, `main`.`NhiemVu`.`lop`, `main`.`NhiemVu`.`phuongAnXuLy`, `main`.`NhiemVu`.`ghiChu`, `main`.`NhiemVu`.`createdAt`, `main`.`NhiemVu`.`updatedAt` FROM `main`.`NhiemVu` WHERE 1=1 LIMIT ? OFFSET ?
prisma:query SELECT `main`.`DonVi`.`id`, `main`.`DonVi`.`ten`, `main`.`DonVi`.`loai`, `main`.`DonVi`.`parentId`, `main`.`DonVi`.`createdAt` FROM `main`.`DonVi` WHERE `main`.`DonVi`.`id` IN (?,?) LIMIT ? OFFSET ?
prisma:query SELECT `main`.`HeThongSo`.`id`, `main`.`HeThongSo`.`ma`, `main`.`HeThongSo`.`ten`, `main`.`HeThongSo`.`loai`, `main`.`HeThongSo`.`lop`, `main`.`HeThongSo`.`moTa`, `main`.`HeThongSo`.`chuQuan`, `main`.`HeThongSo`.`trangThai`, `main`.`HeThongSo`.`namTrienKhai`, `main`.`HeThongSo`.`donViId`, `main`.`HeThongSo`.`createdAt`, `main`.`HeThongSo`.`updatedAt` FROM `main`.`HeThongSo` WHERE 1=1 LIMIT ? OFFSET ?
 GET /api/dashboard/stats 200 in 19ms (next.js: 4ms, application-code: 15ms)
[browser] Warning: [antd: Statistic] `valueStyle` is deprecated. Please use `styles.content` instead. 
    at Array.forEach (<anonymous>) (<anonymous>)
[browser] Warning: [antd: Progress] `trailColor` is deprecated. Please use `railColor` instead. 
    at Array.forEach (<anonymous>) (<anonymous>)
[browser] Warning: [antd: Progress] `strokeWidth` is deprecated. Please use `size` instead. 
[browser] Warning: [antd: Card] `headStyle` is deprecated. Please use `styles.header` instead. 
    at Array.forEach (<anonymous>) (<anonymous>)
 GET /admin/he-thong 200 in 30ms (next.js: 5ms, application-code: 25ms)
[browser] Warning: [antd: Spin] `tip` is deprecated. Please use `description` instead. 
 GET /api/auth/session 200 in 27ms (next.js: 10ms, application-code: 17ms)
 GET /api/auth/session 200 in 15ms (next.js: 4ms, application-code: 11ms)
 GET /api/auth/session 200 in 18ms (next.js: 4ms, application-code: 13ms)
prisma:query SELECT 1
prisma:query SELECT `main`.`HeThongSo`.`id`, `main`.`HeThongSo`.`ma`, `main`.`HeThongSo`.`ten`, `main`.`HeThongSo`.`loai`, `main`.`HeThongSo`.`lop`, `main`.`HeThongSo`.`moTa`, `main`.`HeThongSo`.`chuQuan`, `main`.`HeThongSo`.`trangThai`, `main`.`HeThongSo`.`namTrienKhai`, `main`.`HeThongSo`.`donViId`, `main`.`HeThongSo`.`createdAt`, `main`.`HeThongSo`.`updatedAt` FROM `main`.`HeThongSo` WHERE 1=1 ORDER BY `main`.`HeThongSo`.`lop` ASC, `main`.`HeThongSo`.`ma` ASC LIMIT ? OFFSET ?
prisma:query SELECT `main`.`DonVi`.`id`, `main`.`DonVi`.`ten`, `main`.`DonVi`.`loai`, `main`.`DonVi`.`parentId`, `main`.`DonVi`.`createdAt` FROM `main`.`DonVi` WHERE `main`.`DonVi`.`id` IN (?,?,?,?) LIMIT ? OFFSET ?
prisma:query SELECT `main`.`DonVi`.`id`, `main`.`DonVi`.`ten`, `main`.`DonVi`.`loai`, `main`.`DonVi`.`parentId`, `main`.`DonVi`.`createdAt` FROM `main`.`DonVi` WHERE 1=1 ORDER BY `main`.`DonVi`.`loai` ASC, `main`.`DonVi`.`ten` ASC LIMIT ? OFFSET ?
 GET /api/don-vi 200 in 30ms (next.js: 15ms, application-code: 15ms)
 GET /api/he-thong 200 in 44ms (next.js: 5ms, application-code: 39ms)
prisma:query SELECT `main`.`DonVi`.`id`, `main`.`DonVi`.`ten`, `main`.`DonVi`.`loai`, `main`.`DonVi`.`parentId`, `main`.`DonVi`.`createdAt` FROM `main`.`DonVi` WHERE 1=1 ORDER BY `main`.`DonVi`.`loai` ASC, `main`.`DonVi`.`ten` ASC LIMIT ? OFFSET ?
 GET /api/don-vi 200 in 27ms (next.js: 7ms, application-code: 20ms)
prisma:query SELECT `main`.`HeThongSo`.`id`, `main`.`HeThongSo`.`ma`, `main`.`HeThongSo`.`ten`, `main`.`HeThongSo`.`loai`, `main`.`HeThongSo`.`lop`, `main`.`HeThongSo`.`moTa`, `main`.`HeThongSo`.`chuQuan`, `main`.`HeThongSo`.`trangThai`, `main`.`HeThongSo`.`namTrienKhai`, `main`.`HeThongSo`.`donViId`, `main`.`HeThongSo`.`createdAt`, `main`.`HeThongSo`.`updatedAt` FROM `main`.`HeThongSo` WHERE 1=1 ORDER BY `main`.`HeThongSo`.`lop` ASC, `main`.`HeThongSo`.`ma` ASC LIMIT ? OFFSET ?
prisma:query SELECT `main`.`DonVi`.`id`, `main`.`DonVi`.`ten`, `main`.`DonVi`.`loai`, `main`.`DonVi`.`parentId`, `main`.`DonVi`.`createdAt` FROM `main`.`DonVi` WHERE `main`.`DonVi`.`id` IN (?,?,?,?) LIMIT ? OFFSET ?
 GET /api/he-thong 200 in 66ms (next.js: 15ms, application-code: 51ms)
 GET /api/auth/session 200 in 62ms (next.js: 5ms, application-code: 57ms)
 GET /admin/nhiem-vu 200 in 18ms (next.js: 4ms, application-code: 13ms)
prisma:query SELECT `main`.`NhiemVu`.`id`, `main`.`NhiemVu`.`ma`, `main`.`NhiemVu`.`ten`, `main`.`NhiemVu`.`moTa`, `main`.`NhiemVu`.`donViChuTriId`, `main`.`NhiemVu`.`uuTien`, `main`.`NhiemVu`.`thoiHan`, `main`.`NhiemVu`.`giaiDoan`, `main`.`NhiemVu`.`kpi`, `main`.`NhiemVu`.`nguonKiemChung`, `main`.`NhiemVu`.`trangThai`, `main`.`NhiemVu`.`tienDo`, `main`.`NhiemVu`.`lop`, `main`.`NhiemVu`.`phuongAnXuLy`, `main`.`NhiemVu`.`ghiChu`, `main`.`NhiemVu`.`createdAt`, `main`.`NhiemVu`.`updatedAt` FROM `main`.`NhiemVu` WHERE 1=1 ORDER BY `main`.`NhiemVu`.`uuTien` ASC, `main`.`NhiemVu`.`thoiHan` ASC LIMIT ? OFFSET ?
prisma:query SELECT `main`.`DonVi`.`id`, `main`.`DonVi`.`ten`, `main`.`DonVi`.`loai`, `main`.`DonVi`.`parentId`, `main`.`DonVi`.`createdAt` FROM `main`.`DonVi` WHERE `main`.`DonVi`.`id` IN (?,?) LIMIT ? OFFSET ?
 GET /api/nhiem-vu 200 in 18ms (next.js: 3ms, application-code: 15ms)
prisma:query SELECT `main`.`DonVi`.`id`, `main`.`DonVi`.`ten`, `main`.`DonVi`.`loai`, `main`.`DonVi`.`parentId`, `main`.`DonVi`.`createdAt` FROM `main`.`DonVi` WHERE 1=1 ORDER BY `main`.`DonVi`.`loai` ASC, `main`.`DonVi`.`ten` ASC LIMIT ? OFFSET ?
 GET /api/don-vi 200 in 19ms (next.js: 11ms, application-code: 9ms)
prisma:query SELECT `main`.`NhiemVu`.`id`, `main`.`NhiemVu`.`ma`, `main`.`NhiemVu`.`ten`, `main`.`NhiemVu`.`moTa`, `main`.`NhiemVu`.`donViChuTriId`, `main`.`NhiemVu`.`uuTien`, `main`.`NhiemVu`.`thoiHan`, `main`.`NhiemVu`.`giaiDoan`, `main`.`NhiemVu`.`kpi`, `main`.`NhiemVu`.`nguonKiemChung`, `main`.`NhiemVu`.`trangThai`, `main`.`NhiemVu`.`tienDo`, `main`.`NhiemVu`.`lop`, `main`.`NhiemVu`.`phuongAnXuLy`, `main`.`NhiemVu`.`ghiChu`, `main`.`NhiemVu`.`createdAt`, `main`.`NhiemVu`.`updatedAt` FROM `main`.`NhiemVu` WHERE 1=1 ORDER BY `main`.`NhiemVu`.`uuTien` ASC, `main`.`NhiemVu`.`thoiHan` ASC LIMIT ? OFFSET ?
prisma:query SELECT `main`.`DonVi`.`id`, `main`.`DonVi`.`ten`, `main`.`DonVi`.`loai`, `main`.`DonVi`.`parentId`, `main`.`DonVi`.`createdAt` FROM `main`.`DonVi` WHERE `main`.`DonVi`.`id` IN (?,?) LIMIT ? OFFSET ?
 GET /api/nhiem-vu 200 in 14ms (next.js: 3ms, application-code: 11ms)
prisma:query SELECT `main`.`DonVi`.`id`, `main`.`DonVi`.`ten`, `main`.`DonVi`.`loai`, `main`.`DonVi`.`parentId`, `main`.`DonVi`.`createdAt` FROM `main`.`DonVi` WHERE 1=1 ORDER BY `main`.`DonVi`.`loai` ASC, `main`.`DonVi`.`ten` ASC LIMIT ? OFFSET ?
 GET /api/don-vi 200 in 15ms (next.js: 8ms, application-code: 7ms)
 GET /admin/he-thong 200 in 16ms (next.js: 4ms, application-code: 12ms)
prisma:query SELECT `main`.`HeThongSo`.`id`, `main`.`HeThongSo`.`ma`, `main`.`HeThongSo`.`ten`, `main`.`HeThongSo`.`loai`, `main`.`HeThongSo`.`lop`, `main`.`HeThongSo`.`moTa`, `main`.`HeThongSo`.`chuQuan`, `main`.`HeThongSo`.`trangThai`, `main`.`HeThongSo`.`namTrienKhai`, `main`.`HeThongSo`.`donViId`, `main`.`HeThongSo`.`createdAt`, `main`.`HeThongSo`.`updatedAt` FROM `main`.`HeThongSo` WHERE 1=1 ORDER BY `main`.`HeThongSo`.`lop` ASC, `main`.`HeThongSo`.`ma` ASC LIMIT ? OFFSET ?
prisma:query SELECT `main`.`DonVi`.`id`, `main`.`DonVi`.`ten`, `main`.`DonVi`.`loai`, `main`.`DonVi`.`parentId`, `main`.`DonVi`.`createdAt` FROM `main`.`DonVi` WHERE `main`.`DonVi`.`id` IN (?,?,?,?) LIMIT ? OFFSET ?
prisma:query SELECT 1
prisma:query SELECT `main`.`DonVi`.`id`, `main`.`DonVi`.`ten`, `main`.`DonVi`.`loai`, `main`.`DonVi`.`parentId`, `main`.`DonVi`.`createdAt` FROM `main`.`DonVi` WHERE 1=1 ORDER BY `main`.`DonVi`.`loai` ASC, `main`.`DonVi`.`ten` ASC LIMIT ? OFFSET ?
 GET /api/don-vi 200 in 14ms (next.js: 8ms, application-code: 6ms)
 GET /api/he-thong 200 in 21ms (next.js: 3ms, application-code: 18ms)
prisma:query SELECT `main`.`DonVi`.`id`, `main`.`DonVi`.`ten`, `main`.`DonVi`.`loai`, `main`.`DonVi`.`parentId`, `main`.`DonVi`.`createdAt` FROM `main`.`DonVi` WHERE 1=1 ORDER BY `main`.`DonVi`.`loai` ASC, `main`.`DonVi`.`ten` ASC LIMIT ? OFFSET ?
 GET /api/don-vi 200 in 12ms (next.js: 2ms, application-code: 10ms)
prisma:query SELECT `main`.`HeThongSo`.`id`, `main`.`HeThongSo`.`ma`, `main`.`HeThongSo`.`ten`, `main`.`HeThongSo`.`loai`, `main`.`HeThongSo`.`lop`, `main`.`HeThongSo`.`moTa`, `main`.`HeThongSo`.`chuQuan`, `main`.`HeThongSo`.`trangThai`, `main`.`HeThongSo`.`namTrienKhai`, `main`.`HeThongSo`.`donViId`, `main`.`HeThongSo`.`createdAt`, `main`.`HeThongSo`.`updatedAt` FROM `main`.`HeThongSo` WHERE 1=1 ORDER BY `main`.`HeThongSo`.`lop` ASC, `main`.`HeThongSo`.`ma` ASC LIMIT ? OFFSET ?
prisma:query SELECT `main`.`DonVi`.`id`, `main`.`DonVi`.`ten`, `main`.`DonVi`.`loai`, `main`.`DonVi`.`parentId`, `main`.`DonVi`.`createdAt` FROM `main`.`DonVi` WHERE `main`.`DonVi`.`id` IN (?,?,?,?) LIMIT ? OFFSET ?
 GET /api/he-thong 200 in 27ms (next.js: 7ms, application-code: 20ms)
 GET /admin/nhiem-vu 200 in 24ms (next.js: 4ms, application-code: 19ms)
prisma:query SELECT 1
prisma:query SELECT `main`.`DonVi`.`id`, `main`.`DonVi`.`ten`, `main`.`DonVi`.`loai`, `main`.`DonVi`.`parentId`, `main`.`DonVi`.`createdAt` FROM `main`.`DonVi` WHERE 1=1 ORDER BY `main`.`DonVi`.`loai` ASC, `main`.`DonVi`.`ten` ASC LIMIT ? OFFSET ?
 GET /api/don-vi 200 in 18ms (next.js: 3ms, application-code: 16ms)
prisma:query SELECT `main`.`NhiemVu`.`id`, `main`.`NhiemVu`.`ma`, `main`.`NhiemVu`.`ten`, `main`.`NhiemVu`.`moTa`, `main`.`NhiemVu`.`donViChuTriId`, `main`.`NhiemVu`.`uuTien`, `main`.`NhiemVu`.`thoiHan`, `main`.`NhiemVu`.`giaiDoan`, `main`.`NhiemVu`.`kpi`, `main`.`NhiemVu`.`nguonKiemChung`, `main`.`NhiemVu`.`trangThai`, `main`.`NhiemVu`.`tienDo`, `main`.`NhiemVu`.`lop`, `main`.`NhiemVu`.`phuongAnXuLy`, `main`.`NhiemVu`.`ghiChu`, `main`.`NhiemVu`.`createdAt`, `main`.`NhiemVu`.`updatedAt` FROM `main`.`NhiemVu` WHERE 1=1 ORDER BY `main`.`NhiemVu`.`uuTien` ASC, `main`.`NhiemVu`.`thoiHan` ASC LIMIT ? OFFSET ?
prisma:query SELECT `main`.`DonVi`.`id`, `main`.`DonVi`.`ten`, `main`.`DonVi`.`loai`, `main`.`DonVi`.`parentId`, `main`.`DonVi`.`createdAt` FROM `main`.`DonVi` WHERE `main`.`DonVi`.`id` IN (?,?) LIMIT ? OFFSET ?
 GET /api/nhiem-vu 200 in 21ms (next.js: 8ms, application-code: 13ms)
prisma:query SELECT `main`.`DonVi`.`id`, `main`.`DonVi`.`ten`, `main`.`DonVi`.`loai`, `main`.`DonVi`.`parentId`, `main`.`DonVi`.`createdAt` FROM `main`.`DonVi` WHERE 1=1 ORDER BY `main`.`DonVi`.`loai` ASC, `main`.`DonVi`.`ten` ASC LIMIT ? OFFSET ?
 GET /api/don-vi 200 in 14ms (next.js: 6ms, application-code: 9ms)
prisma:query SELECT `main`.`NhiemVu`.`id`, `main`.`NhiemVu`.`ma`, `main`.`NhiemVu`.`ten`, `main`.`NhiemVu`.`moTa`, `main`.`NhiemVu`.`donViChuTriId`, `main`.`NhiemVu`.`uuTien`, `main`.`NhiemVu`.`thoiHan`, `main`.`NhiemVu`.`giaiDoan`, `main`.`NhiemVu`.`kpi`, `main`.`NhiemVu`.`nguonKiemChung`, `main`.`NhiemVu`.`trangThai`, `main`.`NhiemVu`.`tienDo`, `main`.`NhiemVu`.`lop`, `main`.`NhiemVu`.`phuongAnXuLy`, `main`.`NhiemVu`.`ghiChu`, `main`.`NhiemVu`.`createdAt`, `main`.`NhiemVu`.`updatedAt` FROM `main`.`NhiemVu` WHERE 1=1 ORDER BY `main`.`NhiemVu`.`uuTien` ASC, `main`.`NhiemVu`.`thoiHan` ASC LIMIT ? OFFSET ?
prisma:query SELECT `main`.`DonVi`.`id`, `main`.`DonVi`.`ten`, `main`.`DonVi`.`loai`, `main`.`DonVi`.`parentId`, `main`.`DonVi`.`createdAt` FROM `main`.`DonVi` WHERE `main`.`DonVi`.`id` IN (?,?) LIMIT ? OFFSET ?
 GET /api/nhiem-vu 200 in 12ms (next.js: 5ms, application-code: 6ms)
 GET /admin/he-thong 200 in 19ms (next.js: 4ms, application-code: 15ms)
prisma:query SELECT 1
prisma:query SELECT `main`.`DonVi`.`id`, `main`.`DonVi`.`ten`, `main`.`DonVi`.`loai`, `main`.`DonVi`.`parentId`, `main`.`DonVi`.`createdAt` FROM `main`.`DonVi` WHERE 1=1 ORDER BY `main`.`DonVi`.`loai` ASC, `main`.`DonVi`.`ten` ASC LIMIT ? OFFSET ?
 GET /api/don-vi 200 in 17ms (next.js: 3ms, application-code: 14ms)
prisma:query SELECT `main`.`HeThongSo`.`id`, `main`.`HeThongSo`.`ma`, `main`.`HeThongSo`.`ten`, `main`.`HeThongSo`.`loai`, `main`.`HeThongSo`.`lop`, `main`.`HeThongSo`.`moTa`, `main`.`HeThongSo`.`chuQuan`, `main`.`HeThongSo`.`trangThai`, `main`.`HeThongSo`.`namTrienKhai`, `main`.`HeThongSo`.`donViId`, `main`.`HeThongSo`.`createdAt`, `main`.`HeThongSo`.`updatedAt` FROM `main`.`HeThongSo` WHERE 1=1 ORDER BY `main`.`HeThongSo`.`lop` ASC, `main`.`HeThongSo`.`ma` ASC LIMIT ? OFFSET ?
prisma:query SELECT `main`.`DonVi`.`id`, `main`.`DonVi`.`ten`, `main`.`DonVi`.`loai`, `main`.`DonVi`.`parentId`, `main`.`DonVi`.`createdAt` FROM `main`.`DonVi` WHERE `main`.`DonVi`.`id` IN (?,?,?,?) LIMIT ? OFFSET ?
 GET /api/he-thong 200 in 42ms (next.js: 8ms, application-code: 33ms)
prisma:query SELECT `main`.`DonVi`.`id`, `main`.`DonVi`.`ten`, `main`.`DonVi`.`loai`, `main`.`DonVi`.`parentId`, `main`.`DonVi`.`createdAt` FROM `main`.`DonVi` WHERE 1=1 ORDER BY `main`.`DonVi`.`loai` ASC, `main`.`DonVi`.`ten` ASC LIMIT ? OFFSET ?
 GET /api/don-vi 200 in 23ms (next.js: 5ms, application-code: 17ms)
prisma:query SELECT `main`.`HeThongSo`.`id`, `main`.`HeThongSo`.`ma`, `main`.`HeThongSo`.`ten`, `main`.`HeThongSo`.`loai`, `main`.`HeThongSo`.`lop`, `main`.`HeThongSo`.`moTa`, `main`.`HeThongSo`.`chuQuan`, `main`.`HeThongSo`.`trangThai`, `main`.`HeThongSo`.`namTrienKhai`, `main`.`HeThongSo`.`donViId`, `main`.`HeThongSo`.`createdAt`, `main`.`HeThongSo`.`updatedAt` FROM `main`.`HeThongSo` WHERE 1=1 ORDER BY `main`.`HeThongSo`.`lop` ASC, `main`.`HeThongSo`.`ma` ASC LIMIT ? OFFSET ?
prisma:query SELECT `main`.`DonVi`.`id`, `main`.`DonVi`.`ten`, `main`.`DonVi`.`loai`, `main`.`DonVi`.`parentId`, `main`.`DonVi`.`createdAt` FROM `main`.`DonVi` WHERE `main`.`DonVi`.`id` IN (?,?,?,?) LIMIT ? OFFSET ?
 GET /api/he-thong 200 in 23ms (next.js: 3ms, application-code: 20ms)
 GET /api/auth/session 200 in 22ms (next.js: 12ms, application-code: 11ms)
 GET /api/auth/session 200 in 11ms (next.js: 2ms, application-code: 8ms)
 GET /api/auth/session 200 in 23ms (next.js: 13ms, application-code: 10ms)
 GET /api/auth/session 200 in 12ms (next.js: 3ms, application-code: 9ms)
 GET /api/auth/session 200 in 24ms (next.js: 13ms, application-code: 10ms)
 GET /api/auth/session 200 in 10ms (next.js: 2ms, application-code: 7ms)
 GET /kts/hien-trang 200 in 36ms (next.js: 4ms, application-code: 32ms)
[browser] Warning: [antd: Spin] `tip` is deprecated. Please use `description` instead. 
prisma:query SELECT 1
prisma:query SELECT `main`.`HeThongSo`.`id`, `main`.`HeThongSo`.`ma`, `main`.`HeThongSo`.`ten`, `main`.`HeThongSo`.`loai`, `main`.`HeThongSo`.`lop`, `main`.`HeThongSo`.`moTa`, `main`.`HeThongSo`.`chuQuan`, `main`.`HeThongSo`.`trangThai`, `main`.`HeThongSo`.`namTrienKhai`, `main`.`HeThongSo`.`donViId`, `main`.`HeThongSo`.`createdAt`, `main`.`HeThongSo`.`updatedAt` FROM `main`.`HeThongSo` WHERE 1=1 ORDER BY `main`.`HeThongSo`.`lop` ASC, `main`.`HeThongSo`.`ma` ASC LIMIT ? OFFSET ?
prisma:query SELECT `main`.`DonVi`.`id`, `main`.`DonVi`.`ten`, `main`.`DonVi`.`loai`, `main`.`DonVi`.`parentId`, `main`.`DonVi`.`createdAt` FROM `main`.`DonVi` WHERE `main`.`DonVi`.`id` IN (?,?,?,?) LIMIT ? OFFSET ?
 GET /api/he-thong 200 in 23ms (next.js: 2ms, application-code: 20ms)
prisma:query SELECT `main`.`HeThongSo`.`id`, `main`.`HeThongSo`.`ma`, `main`.`HeThongSo`.`ten`, `main`.`HeThongSo`.`loai`, `main`.`HeThongSo`.`lop`, `main`.`HeThongSo`.`moTa`, `main`.`HeThongSo`.`chuQuan`, `main`.`HeThongSo`.`trangThai`, `main`.`HeThongSo`.`namTrienKhai`, `main`.`HeThongSo`.`donViId`, `main`.`HeThongSo`.`createdAt`, `main`.`HeThongSo`.`updatedAt` FROM `main`.`HeThongSo` WHERE 1=1 ORDER BY `main`.`HeThongSo`.`lop` ASC, `main`.`HeThongSo`.`ma` ASC LIMIT ? OFFSET ?
prisma:query SELECT `main`.`DonVi`.`id`, `main`.`DonVi`.`ten`, `main`.`DonVi`.`loai`, `main`.`DonVi`.`parentId`, `main`.`DonVi`.`createdAt` FROM `main`.`DonVi` WHERE `main`.`DonVi`.`id` IN (?,?,?,?) LIMIT ? OFFSET ?
 GET /api/he-thong 200 in 26ms (next.js: 3ms, application-code: 23ms)
 GET /admin 200 in 39ms (next.js: 5ms, application-code: 34ms)
 GET /api/auth/session 200 in 23ms (next.js: 8ms, application-code: 14ms)
 GET /api/auth/session 200 in 14ms (next.js: 3ms, application-code: 11ms)
 GET /api/auth/session 200 in 17ms (next.js: 4ms, application-code: 12ms)
 GET /dashboard 200 in 67ms (next.js: 7ms, application-code: 60ms)
 GET /api/auth/session 200 in 43ms (next.js: 6ms, application-code: 38ms)
 GET /dashboard 200 in 44ms (next.js: 14ms, application-code: 30ms)
 GET /api/auth/session 200 in 23ms (next.js: 4ms, application-code: 18ms)
 GET /api/auth/session 200 in 15ms (next.js: 4ms, application-code: 11ms)
 GET /api/auth/session 200 in 22ms (next.js: 4ms, application-code: 19ms)
 GET /api/auth/session 200 in 21ms (next.js: 5ms, application-code: 17ms)
[browser] Warning: [antd: Spin] `tip` is deprecated. Please use `description` instead. 
 GET /api/auth/session 200 in 13ms (next.js: 3ms, application-code: 10ms)
prisma:query SELECT 1
prisma:query SELECT `main`.`NhiemVu`.`id`, `main`.`NhiemVu`.`ma`, `main`.`NhiemVu`.`ten`, `main`.`NhiemVu`.`moTa`, `main`.`NhiemVu`.`donViChuTriId`, `main`.`NhiemVu`.`uuTien`, `main`.`NhiemVu`.`thoiHan`, `main`.`NhiemVu`.`giaiDoan`, `main`.`NhiemVu`.`kpi`, `main`.`NhiemVu`.`nguonKiemChung`, `main`.`NhiemVu`.`trangThai`, `main`.`NhiemVu`.`tienDo`, `main`.`NhiemVu`.`lop`, `main`.`NhiemVu`.`phuongAnXuLy`, `main`.`NhiemVu`.`ghiChu`, `main`.`NhiemVu`.`createdAt`, `main`.`NhiemVu`.`updatedAt` FROM `main`.`NhiemVu` WHERE 1=1 LIMIT ? OFFSET ?
prisma:query SELECT `main`.`DonVi`.`id`, `main`.`DonVi`.`ten`, `main`.`DonVi`.`loai`, `main`.`DonVi`.`parentId`, `main`.`DonVi`.`createdAt` FROM `main`.`DonVi` WHERE `main`.`DonVi`.`id` IN (?,?) LIMIT ? OFFSET ?
prisma:query SELECT `main`.`HeThongSo`.`id`, `main`.`HeThongSo`.`ma`, `main`.`HeThongSo`.`ten`, `main`.`HeThongSo`.`loai`, `main`.`HeThongSo`.`lop`, `main`.`HeThongSo`.`moTa`, `main`.`HeThongSo`.`chuQuan`, `main`.`HeThongSo`.`trangThai`, `main`.`HeThongSo`.`namTrienKhai`, `main`.`HeThongSo`.`donViId`, `main`.`HeThongSo`.`createdAt`, `main`.`HeThongSo`.`updatedAt` FROM `main`.`HeThongSo` WHERE 1=1 LIMIT ? OFFSET ?
 GET /api/dashboard/stats 200 in 27ms (next.js: 5ms, application-code: 22ms)
prisma:query SELECT `main`.`NhiemVu`.`id`, `main`.`NhiemVu`.`ma`, `main`.`NhiemVu`.`ten`, `main`.`NhiemVu`.`moTa`, `main`.`NhiemVu`.`donViChuTriId`, `main`.`NhiemVu`.`uuTien`, `main`.`NhiemVu`.`thoiHan`, `main`.`NhiemVu`.`giaiDoan`, `main`.`NhiemVu`.`kpi`, `main`.`NhiemVu`.`nguonKiemChung`, `main`.`NhiemVu`.`trangThai`, `main`.`NhiemVu`.`tienDo`, `main`.`NhiemVu`.`lop`, `main`.`NhiemVu`.`phuongAnXuLy`, `main`.`NhiemVu`.`ghiChu`, `main`.`NhiemVu`.`createdAt`, `main`.`NhiemVu`.`updatedAt` FROM `main`.`NhiemVu` WHERE 1=1 LIMIT ? OFFSET ?
prisma:query SELECT `main`.`DonVi`.`id`, `main`.`DonVi`.`ten`, `main`.`DonVi`.`loai`, `main`.`DonVi`.`parentId`, `main`.`DonVi`.`createdAt` FROM `main`.`DonVi` WHERE `main`.`DonVi`.`id` IN (?,?) LIMIT ? OFFSET ?
prisma:query SELECT `main`.`HeThongSo`.`id`, `main`.`HeThongSo`.`ma`, `main`.`HeThongSo`.`ten`, `main`.`HeThongSo`.`loai`, `main`.`HeThongSo`.`lop`, `main`.`HeThongSo`.`moTa`, `main`.`HeThongSo`.`chuQuan`, `main`.`HeThongSo`.`trangThai`, `main`.`HeThongSo`.`namTrienKhai`, `main`.`HeThongSo`.`donViId`, `main`.`HeThongSo`.`createdAt`, `main`.`HeThongSo`.`updatedAt` FROM `main`.`HeThongSo` WHERE 1=1 LIMIT ? OFFSET ?
 GET /api/dashboard/stats 200 in 15ms (next.js: 5ms, application-code: 11ms)
[browser] Warning: [antd: Statistic] `valueStyle` is deprecated. Please use `styles.content` instead. 
    at Array.forEach (<anonymous>) (<anonymous>)
[browser] Warning: [antd: Progress] `trailColor` is deprecated. Please use `railColor` instead. 
    at Array.forEach (<anonymous>) (<anonymous>)
[browser] Warning: [antd: Progress] `strokeWidth` is deprecated. Please use `size` instead. 
[browser] Warning: [antd: Card] `headStyle` is deprecated. Please use `styles.header` instead. 
    at Array.forEach (<anonymous>) (<anonymous>)
prisma:query SELECT `main`.`KhungKTS`.`id`, `main`.`KhungKTS`.`tenKhung`, `main`.`KhungKTS`.`phienBan`, `main`.`KhungKTS`.`ngayBanHanh`, `main`.`KhungKTS`.`giaiDoanApDung`, `main`.`KhungKTS`.`mucTieu`, `main`.`KhungKTS`.`boiCanh`, `main`.`KhungKTS`.`nguyenTac`, `main`.`KhungKTS`.`daiDienPhuTrach`, `main`.`KhungKTS`.`trangThai`, `main`.`KhungKTS`.`updatedAt`, `main`.`KhungKTS`.`createdAt` FROM `main`.`KhungKTS` WHERE 1=1 ORDER BY `main`.`KhungKTS`.`createdAt` DESC LIMIT ? OFFSET ?
 GET /kts/tong-quan 200 in 41ms (next.js: 20ms, application-code: 21ms)
prisma:query SELECT `main`.`KhungKTS`.`id`, `main`.`KhungKTS`.`tenKhung`, `main`.`KhungKTS`.`phienBan`, `main`.`KhungKTS`.`ngayBanHanh`, `main`.`KhungKTS`.`giaiDoanApDung`, `main`.`KhungKTS`.`mucTieu`, `main`.`KhungKTS`.`boiCanh`, `main`.`KhungKTS`.`nguyenTac`, `main`.`KhungKTS`.`daiDienPhuTrach`, `main`.`KhungKTS`.`trangThai`, `main`.`KhungKTS`.`updatedAt`, `main`.`KhungKTS`.`createdAt` FROM `main`.`KhungKTS` WHERE 1=1 ORDER BY `main`.`KhungKTS`.`createdAt` DESC LIMIT ? OFFSET ?
✓ Compiled in 80ms
 GET /kts/tong-quan 200 in 119ms (next.js: 10ms, application-code: 109ms)
 GET /admin/he-thong 200 in 77ms (next.js: 48ms, application-code: 29ms)
 GET /dashboard 200 in 76ms (next.js: 19ms, application-code: 57ms)
 GET /kts/hien-trang 200 in 17ms (next.js: 4ms, application-code: 13ms)
prisma:query SELECT `main`.`HeThongSo`.`id`, `main`.`HeThongSo`.`ma`, `main`.`HeThongSo`.`ten`, `main`.`HeThongSo`.`loai`, `main`.`HeThongSo`.`lop`, `main`.`HeThongSo`.`moTa`, `main`.`HeThongSo`.`chuQuan`, `main`.`HeThongSo`.`trangThai`, `main`.`HeThongSo`.`namTrienKhai`, `main`.`HeThongSo`.`donViId`, `main`.`HeThongSo`.`createdAt`, `main`.`HeThongSo`.`updatedAt` FROM `main`.`HeThongSo` WHERE 1=1 ORDER BY `main`.`HeThongSo`.`lop` ASC, `main`.`HeThongSo`.`ma` ASC LIMIT ? OFFSET ?
prisma:query SELECT `main`.`DonVi`.`id`, `main`.`DonVi`.`ten`, `main`.`DonVi`.`loai`, `main`.`DonVi`.`parentId`, `main`.`DonVi`.`createdAt` FROM `main`.`DonVi` WHERE `main`.`DonVi`.`id` IN (?,?,?,?) LIMIT ? OFFSET ?
 GET /api/he-thong 200 in 22ms (next.js: 3ms, application-code: 19ms)
prisma:query SELECT `main`.`HeThongSo`.`id`, `main`.`HeThongSo`.`ma`, `main`.`HeThongSo`.`ten`, `main`.`HeThongSo`.`loai`, `main`.`HeThongSo`.`lop`, `main`.`HeThongSo`.`moTa`, `main`.`HeThongSo`.`chuQuan`, `main`.`HeThongSo`.`trangThai`, `main`.`HeThongSo`.`namTrienKhai`, `main`.`HeThongSo`.`donViId`, `main`.`HeThongSo`.`createdAt`, `main`.`HeThongSo`.`updatedAt` FROM `main`.`HeThongSo` WHERE 1=1 ORDER BY `main`.`HeThongSo`.`lop` ASC, `main`.`HeThongSo`.`ma` ASC LIMIT ? OFFSET ?
prisma:query SELECT `main`.`DonVi`.`id`, `main`.`DonVi`.`ten`, `main`.`DonVi`.`loai`, `main`.`DonVi`.`parentId`, `main`.`DonVi`.`createdAt` FROM `main`.`DonVi` WHERE `main`.`DonVi`.`id` IN (?,?,?,?) LIMIT ? OFFSET ?
 GET /api/he-thong 200 in 25ms (next.js: 3ms, application-code: 22ms)
 GET /kts/muc-tieu 200 in 32ms (next.js: 19ms, application-code: 13ms)
[browser] Warning: [antd: Card] `bodyStyle` is deprecated. Please use `styles.body` instead. 
    at Array.forEach (<anonymous>) (<anonymous>)
[browser] [React Flow]: It looks like you've created a new nodeTypes or edgeTypes object. If this wasn't on purpose please define the nodeTypes/edgeTypes outside of the component or memoize them. Help: https://reactflow.dev/error#002
[browser] [React Flow]: It looks like you've created a new nodeTypes or edgeTypes object. If this wasn't on purpose please define the nodeTypes/edgeTypes outside of the component or memoize them. Help: https://reactflow.dev/error#002
[browser] [React Flow]: Couldn't create edge for source handle id: "undefined", edge id: e-0. Help: https://reactflow.dev/error#008 (<anonymous>)
[browser] [React Flow]: Couldn't create edge for source handle id: "undefined", edge id: e-1. Help: https://reactflow.dev/error#008 (<anonymous>)
[browser] [React Flow]: Couldn't create edge for source handle id: "undefined", edge id: e-2. Help: https://reactflow.dev/error#008 (<anonymous>)
[browser] [React Flow]: Couldn't create edge for source handle id: "undefined", edge id: e-3. Help: https://reactflow.dev/error#008 (<anonymous>)
[browser] [React Flow]: Couldn't create edge for source handle id: "undefined", edge id: e-4. Help: https://reactflow.dev/error#008 (<anonymous>)
[browser] [React Flow]: Couldn't create edge for source handle id: "undefined", edge id: e-5. Help: https://reactflow.dev/error#008 (<anonymous>)
[browser] [React Flow]: Couldn't create edge for source handle id: "undefined", edge id: e-6. Help: https://reactflow.dev/error#008 (<anonymous>)
[browser] [React Flow]: Couldn't create edge for source handle id: "undefined", edge id: e-7. Help: https://reactflow.dev/error#008 (<anonymous>)
[browser] [React Flow]: Couldn't create edge for source handle id: "undefined", edge id: e-8. Help: https://reactflow.dev/error#008 (<anonymous>)
[browser] [React Flow]: Couldn't create edge for source handle id: "undefined", edge id: e-0. Help: https://reactflow.dev/error#008 (<anonymous>)
[browser] [React Flow]: Couldn't create edge for source handle id: "undefined", edge id: e-1. Help: https://reactflow.dev/error#008 (<anonymous>)
[browser] [React Flow]: Couldn't create edge for source handle id: "undefined", edge id: e-2. Help: https://reactflow.dev/error#008 (<anonymous>)
[browser] [React Flow]: Couldn't create edge for source handle id: "undefined", edge id: e-3. Help: https://reactflow.dev/error#008 (<anonymous>)
[browser] [React Flow]: Couldn't create edge for source handle id: "undefined", edge id: e-4. Help: https://reactflow.dev/error#008 (<anonymous>)
[browser] [React Flow]: Couldn't create edge for source handle id: "undefined", edge id: e-5. Help: https://reactflow.dev/error#008 (<anonymous>)
[browser] [React Flow]: Couldn't create edge for source handle id: "undefined", edge id: e-6. Help: https://reactflow.dev/error#008 (<anonymous>)
[browser] [React Flow]: Couldn't create edge for source handle id: "undefined", edge id: e-7. Help: https://reactflow.dev/error#008 (<anonymous>)
[browser] [React Flow]: Couldn't create edge for source handle id: "undefined", edge id: e-8. Help: https://reactflow.dev/error#008 (<anonymous>)
✓ Compiled in 57ms
 GET /kts/muc-tieu 200 in 100ms (next.js: 7ms, application-code: 93ms)
 GET /admin/he-thong 200 in 67ms (next.js: 40ms, application-code: 27ms)
 GET /dashboard 200 in 67ms (next.js: 6ms, application-code: 61ms)
[browser] [React Flow]: Couldn't create edge for source handle id: "undefined", edge id: e-0. Help: https://reactflow.dev/error#008 (<anonymous>)
[browser] [React Flow]: Couldn't create edge for source handle id: "undefined", edge id: e-1. Help: https://reactflow.dev/error#008 (<anonymous>)
[browser] [React Flow]: Couldn't create edge for source handle id: "undefined", edge id: e-2. Help: https://reactflow.dev/error#008 (<anonymous>)
[browser] [React Flow]: Couldn't create edge for source handle id: "undefined", edge id: e-3. Help: https://reactflow.dev/error#008 (<anonymous>)
[browser] [React Flow]: Couldn't create edge for source handle id: "undefined", edge id: e-4. Help: https://reactflow.dev/error#008 (<anonymous>)
[browser] [React Flow]: Couldn't create edge for source handle id: "undefined", edge id: e-5. Help: https://reactflow.dev/error#008 (<anonymous>)
[browser] [React Flow]: Couldn't create edge for source handle id: "undefined", edge id: e-6. Help: https://reactflow.dev/error#008 (<anonymous>)
[browser] [React Flow]: Couldn't create edge for source handle id: "undefined", edge id: e-7. Help: https://reactflow.dev/error#008 (<anonymous>)
[browser] [React Flow]: Couldn't create edge for source handle id: "undefined", edge id: e-8. Help: https://reactflow.dev/error#008 (<anonymous>)
[browser] [React Flow]: Couldn't create edge for source handle id: "undefined", edge id: e-0. Help: https://reactflow.dev/error#008 (<anonymous>)
[browser] [React Flow]: Couldn't create edge for source handle id: "undefined", edge id: e-1. Help: https://reactflow.dev/error#008 (<anonymous>)
[browser] [React Flow]: Couldn't create edge for source handle id: "undefined", edge id: e-2. Help: https://reactflow.dev/error#008 (<anonymous>)
[browser] [React Flow]: Couldn't create edge for source handle id: "undefined", edge id: e-3. Help: https://reactflow.dev/error#008 (<anonymous>)
[browser] [React Flow]: Couldn't create edge for source handle id: "undefined", edge id: e-4. Help: https://reactflow.dev/error#008 (<anonymous>)
[browser] [React Flow]: Couldn't create edge for source handle id: "undefined", edge id: e-5. Help: https://reactflow.dev/error#008 (<anonymous>)
[browser] [React Flow]: Couldn't create edge for source handle id: "undefined", edge id: e-6. Help: https://reactflow.dev/error#008 (<anonymous>)
[browser] [React Flow]: Couldn't create edge for source handle id: "undefined", edge id: e-7. Help: https://reactflow.dev/error#008 (<anonymous>)
[browser] [React Flow]: Couldn't create edge for source handle id: "undefined", edge id: e-8. Help: https://reactflow.dev/error#008 (<anonymous>)
[browser] [React Flow]: Couldn't create edge for source handle id: "undefined", edge id: e-0. Help: https://reactflow.dev/error#008 (<anonymous>)
[browser] [React Flow]: Couldn't create edge for source handle id: "undefined", edge id: e-1. Help: https://reactflow.dev/error#008 (<anonymous>)
[browser] [React Flow]: Couldn't create edge for source handle id: "undefined", edge id: e-2. Help: https://reactflow.dev/error#008 (<anonymous>)
[browser] [React Flow]: Couldn't create edge for source handle id: "undefined", edge id: e-3. Help: https://reactflow.dev/error#008 (<anonymous>)
[browser] [React Flow]: Couldn't create edge for source handle id: "undefined", edge id: e-4. Help: https://reactflow.dev/error#008 (<anonymous>)
[browser] [React Flow]: Couldn't create edge for source handle id: "undefined", edge id: e-5. Help: https://reactflow.dev/error#008 (<anonymous>)
[browser] [React Flow]: Couldn't create edge for source handle id: "undefined", edge id: e-6. Help: https://reactflow.dev/error#008 (<anonymous>)
[browser] [React Flow]: Couldn't create edge for source handle id: "undefined", edge id: e-7. Help: https://reactflow.dev/error#008 (<anonymous>)
[browser] [React Flow]: Couldn't create edge for source handle id: "undefined", edge id: e-8. Help: https://reactflow.dev/error#008 (<anonymous>)
[browser] [React Flow]: Couldn't create edge for source handle id: "undefined", edge id: e-0. Help: https://reactflow.dev/error#008 (<anonymous>)
[browser] [React Flow]: Couldn't create edge for source handle id: "undefined", edge id: e-1. Help: https://reactflow.dev/error#008 (<anonymous>)
[browser] [React Flow]: Couldn't create edge for source handle id: "undefined", edge id: e-2. Help: https://reactflow.dev/error#008 (<anonymous>)
[browser] [React Flow]: Couldn't create edge for source handle id: "undefined", edge id: e-3. Help: https://reactflow.dev/error#008 (<anonymous>)
[browser] [React Flow]: Couldn't create edge for source handle id: "undefined", edge id: e-4. Help: https://reactflow.dev/error#008 (<anonymous>)
[browser] [React Flow]: Couldn't create edge for source handle id: "undefined", edge id: e-5. Help: https://reactflow.dev/error#008 (<anonymous>)
[browser] [React Flow]: Couldn't create edge for source handle id: "undefined", edge id: e-6. Help: https://reactflow.dev/error#008 (<anonymous>)
[browser] [React Flow]: Couldn't create edge for source handle id: "undefined", edge id: e-7. Help: https://reactflow.dev/error#008 (<anonymous>)
[browser] [React Flow]: Couldn't create edge for source handle id: "undefined", edge id: e-8. Help: https://reactflow.dev/error#008 (<anonymous>)
 GET /kts/lo-trinh 200 in 30ms (next.js: 17ms, application-code: 13ms)
prisma:query SELECT 1
prisma:query SELECT `main`.`NhiemVu`.`id`, `main`.`NhiemVu`.`ma`, `main`.`NhiemVu`.`ten`, `main`.`NhiemVu`.`moTa`, `main`.`NhiemVu`.`donViChuTriId`, `main`.`NhiemVu`.`uuTien`, `main`.`NhiemVu`.`thoiHan`, `main`.`NhiemVu`.`giaiDoan`, `main`.`NhiemVu`.`kpi`, `main`.`NhiemVu`.`nguonKiemChung`, `main`.`NhiemVu`.`trangThai`, `main`.`NhiemVu`.`tienDo`, `main`.`NhiemVu`.`lop`, `main`.`NhiemVu`.`phuongAnXuLy`, `main`.`NhiemVu`.`ghiChu`, `main`.`NhiemVu`.`createdAt`, `main`.`NhiemVu`.`updatedAt` FROM `main`.`NhiemVu` WHERE 1=1 ORDER BY `main`.`NhiemVu`.`uuTien` ASC, `main`.`NhiemVu`.`thoiHan` ASC LIMIT ? OFFSET ?
prisma:query SELECT `main`.`DonVi`.`id`, `main`.`DonVi`.`ten`, `main`.`DonVi`.`loai`, `main`.`DonVi`.`parentId`, `main`.`DonVi`.`createdAt` FROM `main`.`DonVi` WHERE `main`.`DonVi`.`id` IN (?,?) LIMIT ? OFFSET ?
 GET /api/nhiem-vu 200 in 11ms (next.js: 3ms, application-code: 8ms)
prisma:query SELECT `main`.`NhiemVu`.`id`, `main`.`NhiemVu`.`ma`, `main`.`NhiemVu`.`ten`, `main`.`NhiemVu`.`moTa`, `main`.`NhiemVu`.`donViChuTriId`, `main`.`NhiemVu`.`uuTien`, `main`.`NhiemVu`.`thoiHan`, `main`.`NhiemVu`.`giaiDoan`, `main`.`NhiemVu`.`kpi`, `main`.`NhiemVu`.`nguonKiemChung`, `main`.`NhiemVu`.`trangThai`, `main`.`NhiemVu`.`tienDo`, `main`.`NhiemVu`.`lop`, `main`.`NhiemVu`.`phuongAnXuLy`, `main`.`NhiemVu`.`ghiChu`, `main`.`NhiemVu`.`createdAt`, `main`.`NhiemVu`.`updatedAt` FROM `main`.`NhiemVu` WHERE 1=1 ORDER BY `main`.`NhiemVu`.`uuTien` ASC, `main`.`NhiemVu`.`thoiHan` ASC LIMIT ? OFFSET ?
prisma:query SELECT `main`.`DonVi`.`id`, `main`.`DonVi`.`ten`, `main`.`DonVi`.`loai`, `main`.`DonVi`.`parentId`, `main`.`DonVi`.`createdAt` FROM `main`.`DonVi` WHERE `main`.`DonVi`.`id` IN (?,?) LIMIT ? OFFSET ?
 GET /api/nhiem-vu 200 in 12ms (next.js: 4ms, application-code: 8ms)
 GET /kts/hien-trang 200 in 19ms (next.js: 5ms, application-code: 14ms)
prisma:query SELECT `main`.`HeThongSo`.`id`, `main`.`HeThongSo`.`ma`, `main`.`HeThongSo`.`ten`, `main`.`HeThongSo`.`loai`, `main`.`HeThongSo`.`lop`, `main`.`HeThongSo`.`moTa`, `main`.`HeThongSo`.`chuQuan`, `main`.`HeThongSo`.`trangThai`, `main`.`HeThongSo`.`namTrienKhai`, `main`.`HeThongSo`.`donViId`, `main`.`HeThongSo`.`createdAt`, `main`.`HeThongSo`.`updatedAt` FROM `main`.`HeThongSo` WHERE 1=1 ORDER BY `main`.`HeThongSo`.`lop` ASC, `main`.`HeThongSo`.`ma` ASC LIMIT ? OFFSET ?
prisma:query SELECT `main`.`DonVi`.`id`, `main`.`DonVi`.`ten`, `main`.`DonVi`.`loai`, `main`.`DonVi`.`parentId`, `main`.`DonVi`.`createdAt` FROM `main`.`DonVi` WHERE `main`.`DonVi`.`id` IN (?,?,?,?) LIMIT ? OFFSET ?
 GET /api/he-thong 200 in 24ms (next.js: 4ms, application-code: 21ms)
prisma:query SELECT `main`.`HeThongSo`.`id`, `main`.`HeThongSo`.`ma`, `main`.`HeThongSo`.`ten`, `main`.`HeThongSo`.`loai`, `main`.`HeThongSo`.`lop`, `main`.`HeThongSo`.`moTa`, `main`.`HeThongSo`.`chuQuan`, `main`.`HeThongSo`.`trangThai`, `main`.`HeThongSo`.`namTrienKhai`, `main`.`HeThongSo`.`donViId`, `main`.`HeThongSo`.`createdAt`, `main`.`HeThongSo`.`updatedAt` FROM `main`.`HeThongSo` WHERE 1=1 ORDER BY `main`.`HeThongSo`.`lop` ASC, `main`.`HeThongSo`.`ma` ASC LIMIT ? OFFSET ?
prisma:query SELECT `main`.`DonVi`.`id`, `main`.`DonVi`.`ten`, `main`.`DonVi`.`loai`, `main`.`DonVi`.`parentId`, `main`.`DonVi`.`createdAt` FROM `main`.`DonVi` WHERE `main`.`DonVi`.`id` IN (?,?,?,?) LIMIT ? OFFSET ?
 GET /api/he-thong 200 in 22ms (next.js: 3ms, application-code: 19ms)
 GET /kts/hien-trang 200 in 58ms (next.js: 6ms, application-code: 52ms)
 GET /admin/he-thong 200 in 58ms (next.js: 24ms, application-code: 34ms)
 GET /dashboard 200 in 35ms (next.js: 17ms, application-code: 19ms)
 GET /kts/hien-trang 200 in 100ms (next.js: 35ms, application-code: 64ms)
 GET /dashboard 200 in 108ms (next.js: 19ms, application-code: 89ms)
 GET /admin/he-thong 200 in 36ms (next.js: 6ms, application-code: 30ms)
 GET /api/auth/session 200 in 29ms (next.js: 19ms, application-code: 10ms)
 GET /api/auth/session 200 in 10ms (next.js: 2ms, application-code: 8ms)
 GET /admin/nhiem-vu 200 in 97ms (next.js: 9ms, application-code: 87ms)
[browser] Warning: [antd: Spin] `tip` is deprecated. Please use `description` instead. 
 GET /api/auth/session 200 in 27ms (next.js: 9ms, application-code: 17ms)
 GET /api/auth/session 200 in 16ms (next.js: 4ms, application-code: 13ms)
 GET /api/auth/session 200 in 20ms (next.js: 3ms, application-code: 16ms)
 GET /api/auth/session 200 in 15ms (next.js: 4ms, application-code: 11ms)
prisma:query SELECT 1
prisma:query SELECT `main`.`NhiemVu`.`id`, `main`.`NhiemVu`.`ma`, `main`.`NhiemVu`.`ten`, `main`.`NhiemVu`.`moTa`, `main`.`NhiemVu`.`donViChuTriId`, `main`.`NhiemVu`.`uuTien`, `main`.`NhiemVu`.`thoiHan`, `main`.`NhiemVu`.`giaiDoan`, `main`.`NhiemVu`.`kpi`, `main`.`NhiemVu`.`nguonKiemChung`, `main`.`NhiemVu`.`trangThai`, `main`.`NhiemVu`.`tienDo`, `main`.`NhiemVu`.`lop`, `main`.`NhiemVu`.`phuongAnXuLy`, `main`.`NhiemVu`.`ghiChu`, `main`.`NhiemVu`.`createdAt`, `main`.`NhiemVu`.`updatedAt` FROM `main`.`NhiemVu` WHERE 1=1 ORDER BY `main`.`NhiemVu`.`uuTien` ASC, `main`.`NhiemVu`.`thoiHan` ASC LIMIT ? OFFSET ?
prisma:query SELECT `main`.`DonVi`.`id`, `main`.`DonVi`.`ten`, `main`.`DonVi`.`loai`, `main`.`DonVi`.`parentId`, `main`.`DonVi`.`createdAt` FROM `main`.`DonVi` WHERE `main`.`DonVi`.`id` IN (?,?) LIMIT ? OFFSET ?
 GET /api/nhiem-vu 200 in 17ms (next.js: 4ms, application-code: 13ms)
prisma:query SELECT `main`.`DonVi`.`id`, `main`.`DonVi`.`ten`, `main`.`DonVi`.`loai`, `main`.`DonVi`.`parentId`, `main`.`DonVi`.`createdAt` FROM `main`.`DonVi` WHERE 1=1 ORDER BY `main`.`DonVi`.`loai` ASC, `main`.`DonVi`.`ten` ASC LIMIT ? OFFSET ?
 GET /api/don-vi 200 in 18ms (next.js: 10ms, application-code: 9ms)
prisma:query SELECT `main`.`NhiemVu`.`id`, `main`.`NhiemVu`.`ma`, `main`.`NhiemVu`.`ten`, `main`.`NhiemVu`.`moTa`, `main`.`NhiemVu`.`donViChuTriId`, `main`.`NhiemVu`.`uuTien`, `main`.`NhiemVu`.`thoiHan`, `main`.`NhiemVu`.`giaiDoan`, `main`.`NhiemVu`.`kpi`, `main`.`NhiemVu`.`nguonKiemChung`, `main`.`NhiemVu`.`trangThai`, `main`.`NhiemVu`.`tienDo`, `main`.`NhiemVu`.`lop`, `main`.`NhiemVu`.`phuongAnXuLy`, `main`.`NhiemVu`.`ghiChu`, `main`.`NhiemVu`.`createdAt`, `main`.`NhiemVu`.`updatedAt` FROM `main`.`NhiemVu` WHERE 1=1 ORDER BY `main`.`NhiemVu`.`uuTien` ASC, `main`.`NhiemVu`.`thoiHan` ASC LIMIT ? OFFSET ?
prisma:query SELECT `main`.`DonVi`.`id`, `main`.`DonVi`.`ten`, `main`.`DonVi`.`loai`, `main`.`DonVi`.`parentId`, `main`.`DonVi`.`createdAt` FROM `main`.`DonVi` WHERE `main`.`DonVi`.`id` IN (?,?) LIMIT ? OFFSET ?
 GET /api/nhiem-vu 200 in 14ms (next.js: 4ms, application-code: 10ms)
prisma:query SELECT `main`.`DonVi`.`id`, `main`.`DonVi`.`ten`, `main`.`DonVi`.`loai`, `main`.`DonVi`.`parentId`, `main`.`DonVi`.`createdAt` FROM `main`.`DonVi` WHERE 1=1 ORDER BY `main`.`DonVi`.`loai` ASC, `main`.`DonVi`.`ten` ASC LIMIT ? OFFSET ?
 GET /api/don-vi 200 in 13ms (next.js: 5ms, application-code: 8ms)
 GET /api/auth/session 200 in 15ms (next.js: 4ms, application-code: 11ms)
 GET /api/auth/session 200 in 15ms (next.js: 3ms, application-code: 12ms)
 GET /admin 200 in 18ms (next.js: 4ms, application-code: 14ms)
 GET /dashboard 200 in 22ms (next.js: 7ms, application-code: 15ms)
 GET /dashboard 200 in 28ms (next.js: 7ms, application-code: 21ms)
prisma:query SELECT 1
prisma:query SELECT `main`.`NhiemVu`.`id`, `main`.`NhiemVu`.`ma`, `main`.`NhiemVu`.`ten`, `main`.`NhiemVu`.`moTa`, `main`.`NhiemVu`.`donViChuTriId`, `main`.`NhiemVu`.`uuTien`, `main`.`NhiemVu`.`thoiHan`, `main`.`NhiemVu`.`giaiDoan`, `main`.`NhiemVu`.`kpi`, `main`.`NhiemVu`.`nguonKiemChung`, `main`.`NhiemVu`.`trangThai`, `main`.`NhiemVu`.`tienDo`, `main`.`NhiemVu`.`lop`, `main`.`NhiemVu`.`phuongAnXuLy`, `main`.`NhiemVu`.`ghiChu`, `main`.`NhiemVu`.`createdAt`, `main`.`NhiemVu`.`updatedAt` FROM `main`.`NhiemVu` WHERE 1=1 LIMIT ? OFFSET ?
prisma:query SELECT `main`.`DonVi`.`id`, `main`.`DonVi`.`ten`, `main`.`DonVi`.`loai`, `main`.`DonVi`.`parentId`, `main`.`DonVi`.`createdAt` FROM `main`.`DonVi` WHERE `main`.`DonVi`.`id` IN (?,?) LIMIT ? OFFSET ?
prisma:query SELECT `main`.`HeThongSo`.`id`, `main`.`HeThongSo`.`ma`, `main`.`HeThongSo`.`ten`, `main`.`HeThongSo`.`loai`, `main`.`HeThongSo`.`lop`, `main`.`HeThongSo`.`moTa`, `main`.`HeThongSo`.`chuQuan`, `main`.`HeThongSo`.`trangThai`, `main`.`HeThongSo`.`namTrienKhai`, `main`.`HeThongSo`.`donViId`, `main`.`HeThongSo`.`createdAt`, `main`.`HeThongSo`.`updatedAt` FROM `main`.`HeThongSo` WHERE 1=1 LIMIT ? OFFSET ?
 GET /api/dashboard/stats 200 in 20ms (next.js: 7ms, application-code: 13ms)
prisma:query SELECT `main`.`HeThongSo`.`id`, `main`.`HeThongSo`.`ma`, `main`.`HeThongSo`.`ten`, `main`.`HeThongSo`.`loai`, `main`.`HeThongSo`.`lop`, `main`.`HeThongSo`.`moTa`, `main`.`HeThongSo`.`chuQuan`, `main`.`HeThongSo`.`trangThai`, `main`.`HeThongSo`.`namTrienKhai`, `main`.`HeThongSo`.`donViId`, `main`.`HeThongSo`.`createdAt`, `main`.`HeThongSo`.`updatedAt` FROM `main`.`HeThongSo` WHERE 1=1 LIMIT ? OFFSET ?
prisma:query SELECT `main`.`NhiemVu`.`id`, `main`.`NhiemVu`.`ma`, `main`.`NhiemVu`.`ten`, `main`.`NhiemVu`.`moTa`, `main`.`NhiemVu`.`donViChuTriId`, `main`.`NhiemVu`.`uuTien`, `main`.`NhiemVu`.`thoiHan`, `main`.`NhiemVu`.`giaiDoan`, `main`.`NhiemVu`.`kpi`, `main`.`NhiemVu`.`nguonKiemChung`, `main`.`NhiemVu`.`trangThai`, `main`.`NhiemVu`.`tienDo`, `main`.`NhiemVu`.`lop`, `main`.`NhiemVu`.`phuongAnXuLy`, `main`.`NhiemVu`.`ghiChu`, `main`.`NhiemVu`.`createdAt`, `main`.`NhiemVu`.`updatedAt` FROM `main`.`NhiemVu` WHERE 1=1 LIMIT ? OFFSET ?
prisma:query SELECT `main`.`DonVi`.`id`, `main`.`DonVi`.`ten`, `main`.`DonVi`.`loai`, `main`.`DonVi`.`parentId`, `main`.`DonVi`.`createdAt` FROM `main`.`DonVi` WHERE `main`.`DonVi`.`id` IN (?,?) LIMIT ? OFFSET ?
 GET /api/dashboard/stats 200 in 16ms (next.js: 3ms, application-code: 13ms)
[browser] Warning: [antd: Statistic] `valueStyle` is deprecated. Please use `styles.content` instead. 
    at Array.forEach (<anonymous>) (<anonymous>)
[browser] Warning: [antd: Progress] `trailColor` is deprecated. Please use `railColor` instead. 
    at Array.forEach (<anonymous>) (<anonymous>)
[browser] Warning: [antd: Progress] `strokeWidth` is deprecated. Please use `size` instead. 
[browser] Warning: [antd: Card] `headStyle` is deprecated. Please use `styles.header` instead. 
    at Array.forEach (<anonymous>) (<anonymous>)
 GET /api/auth/session 200 in 15ms (next.js: 8ms, application-code: 7ms)
 GET /api/auth/session 200 in 10ms (next.js: 2ms, application-code: 8ms)
 GET /api/auth/session 200 in 13ms (next.js: 3ms, application-code: 10ms)
 GET /api/auth/session 200 in 14ms (next.js: 4ms, application-code: 10ms)
 GET /dashboard 200 in 57ms (next.js: 6ms, application-code: 52ms)
 GET /dashboard 200 in 34ms (next.js: 5ms, application-code: 28ms)
 GET /api/auth/session 200 in 15ms (next.js: 2ms, application-code: 12ms)
prisma:query SELECT `main`.`HeThongSo`.`id`, `main`.`HeThongSo`.`ma`, `main`.`HeThongSo`.`ten`, `main`.`HeThongSo`.`loai`, `main`.`HeThongSo`.`lop`, `main`.`HeThongSo`.`moTa`, `main`.`HeThongSo`.`chuQuan`, `main`.`HeThongSo`.`trangThai`, `main`.`HeThongSo`.`namTrienKhai`, `main`.`HeThongSo`.`donViId`, `main`.`HeThongSo`.`createdAt`, `main`.`HeThongSo`.`updatedAt` FROM `main`.`HeThongSo` WHERE 1=1 LIMIT ? OFFSET ?
 GET /api/auth/session 200 in 30ms (next.js: 3ms, application-code: 27ms)
prisma:query SELECT `main`.`NhiemVu`.`id`, `main`.`NhiemVu`.`ma`, `main`.`NhiemVu`.`ten`, `main`.`NhiemVu`.`moTa`, `main`.`NhiemVu`.`donViChuTriId`, `main`.`NhiemVu`.`uuTien`, `main`.`NhiemVu`.`thoiHan`, `main`.`NhiemVu`.`giaiDoan`, `main`.`NhiemVu`.`kpi`, `main`.`NhiemVu`.`nguonKiemChung`, `main`.`NhiemVu`.`trangThai`, `main`.`NhiemVu`.`tienDo`, `main`.`NhiemVu`.`lop`, `main`.`NhiemVu`.`phuongAnXuLy`, `main`.`NhiemVu`.`ghiChu`, `main`.`NhiemVu`.`createdAt`, `main`.`NhiemVu`.`updatedAt` FROM `main`.`NhiemVu` WHERE 1=1 LIMIT ? OFFSET ?
prisma:query SELECT `main`.`DonVi`.`id`, `main`.`DonVi`.`ten`, `main`.`DonVi`.`loai`, `main`.`DonVi`.`parentId`, `main`.`DonVi`.`createdAt` FROM `main`.`DonVi` WHERE `main`.`DonVi`.`id` IN (?,?) LIMIT ? OFFSET ?
 GET /api/dashboard/stats 200 in 23ms (next.js: 3ms, application-code: 20ms)
prisma:query SELECT `main`.`HeThongSo`.`id`, `main`.`HeThongSo`.`ma`, `main`.`HeThongSo`.`ten`, `main`.`HeThongSo`.`loai`, `main`.`HeThongSo`.`lop`, `main`.`HeThongSo`.`moTa`, `main`.`HeThongSo`.`chuQuan`, `main`.`HeThongSo`.`trangThai`, `main`.`HeThongSo`.`namTrienKhai`, `main`.`HeThongSo`.`donViId`, `main`.`HeThongSo`.`createdAt`, `main`.`HeThongSo`.`updatedAt` FROM `main`.`HeThongSo` WHERE 1=1 LIMIT ? OFFSET ?
prisma:query SELECT `main`.`NhiemVu`.`id`, `main`.`NhiemVu`.`ma`, `main`.`NhiemVu`.`ten`, `main`.`NhiemVu`.`moTa`, `main`.`NhiemVu`.`donViChuTriId`, `main`.`NhiemVu`.`uuTien`, `main`.`NhiemVu`.`thoiHan`, `main`.`NhiemVu`.`giaiDoan`, `main`.`NhiemVu`.`kpi`, `main`.`NhiemVu`.`nguonKiemChung`, `main`.`NhiemVu`.`trangThai`, `main`.`NhiemVu`.`tienDo`, `main`.`NhiemVu`.`lop`, `main`.`NhiemVu`.`phuongAnXuLy`, `main`.`NhiemVu`.`ghiChu`, `main`.`NhiemVu`.`createdAt`, `main`.`NhiemVu`.`updatedAt` FROM `main`.`NhiemVu` WHERE 1=1 LIMIT ? OFFSET ?
prisma:query SELECT `main`.`DonVi`.`id`, `main`.`DonVi`.`ten`, `main`.`DonVi`.`loai`, `main`.`DonVi`.`parentId`, `main`.`DonVi`.`createdAt` FROM `main`.`DonVi` WHERE `main`.`DonVi`.`id` IN (?,?) LIMIT ? OFFSET ?
 GET /api/dashboard/stats 200 in 18ms (next.js: 3ms, application-code: 14ms)
 GET /api/auth/session 200 in 27ms (next.js: 15ms, application-code: 12ms)
 GET /api/auth/session 200 in 14ms (next.js: 4ms, application-code: 10ms)
 GET /admin/nhiem-vu 200 in 53ms (next.js: 15ms, application-code: 38ms)
[browser] Warning: [antd: Spin] `tip` is deprecated. Please use `description` instead. 
 GET /api/auth/session 200 in 27ms (next.js: 9ms, application-code: 18ms)
 GET /api/auth/session 200 in 15ms (next.js: 3ms, application-code: 11ms)
 GET /api/auth/session 200 in 17ms (next.js: 4ms, application-code: 12ms)
 GET /api/auth/session 200 in 18ms (next.js: 4ms, application-code: 14ms)
prisma:query SELECT `main`.`NhiemVu`.`id`, `main`.`NhiemVu`.`ma`, `main`.`NhiemVu`.`ten`, `main`.`NhiemVu`.`moTa`, `main`.`NhiemVu`.`donViChuTriId`, `main`.`NhiemVu`.`uuTien`, `main`.`NhiemVu`.`thoiHan`, `main`.`NhiemVu`.`giaiDoan`, `main`.`NhiemVu`.`kpi`, `main`.`NhiemVu`.`nguonKiemChung`, `main`.`NhiemVu`.`trangThai`, `main`.`NhiemVu`.`tienDo`, `main`.`NhiemVu`.`lop`, `main`.`NhiemVu`.`phuongAnXuLy`, `main`.`NhiemVu`.`ghiChu`, `main`.`NhiemVu`.`createdAt`, `main`.`NhiemVu`.`updatedAt` FROM `main`.`NhiemVu` WHERE 1=1 ORDER BY `main`.`NhiemVu`.`uuTien` ASC, `main`.`NhiemVu`.`thoiHan` ASC LIMIT ? OFFSET ?
prisma:query SELECT `main`.`DonVi`.`id`, `main`.`DonVi`.`ten`, `main`.`DonVi`.`loai`, `main`.`DonVi`.`parentId`, `main`.`DonVi`.`createdAt` FROM `main`.`DonVi` WHERE `main`.`DonVi`.`id` IN (?,?) LIMIT ? OFFSET ?
 GET /api/nhiem-vu 200 in 18ms (next.js: 4ms, application-code: 14ms)
prisma:query SELECT `main`.`DonVi`.`id`, `main`.`DonVi`.`ten`, `main`.`DonVi`.`loai`, `main`.`DonVi`.`parentId`, `main`.`DonVi`.`createdAt` FROM `main`.`DonVi` WHERE 1=1 ORDER BY `main`.`DonVi`.`loai` ASC, `main`.`DonVi`.`ten` ASC LIMIT ? OFFSET ?
 GET /api/don-vi 200 in 20ms (next.js: 11ms, application-code: 9ms)
prisma:query SELECT `main`.`NhiemVu`.`id`, `main`.`NhiemVu`.`ma`, `main`.`NhiemVu`.`ten`, `main`.`NhiemVu`.`moTa`, `main`.`NhiemVu`.`donViChuTriId`, `main`.`NhiemVu`.`uuTien`, `main`.`NhiemVu`.`thoiHan`, `main`.`NhiemVu`.`giaiDoan`, `main`.`NhiemVu`.`kpi`, `main`.`NhiemVu`.`nguonKiemChung`, `main`.`NhiemVu`.`trangThai`, `main`.`NhiemVu`.`tienDo`, `main`.`NhiemVu`.`lop`, `main`.`NhiemVu`.`phuongAnXuLy`, `main`.`NhiemVu`.`ghiChu`, `main`.`NhiemVu`.`createdAt`, `main`.`NhiemVu`.`updatedAt` FROM `main`.`NhiemVu` WHERE 1=1 ORDER BY `main`.`NhiemVu`.`uuTien` ASC, `main`.`NhiemVu`.`thoiHan` ASC LIMIT ? OFFSET ?
prisma:query SELECT `main`.`DonVi`.`id`, `main`.`DonVi`.`ten`, `main`.`DonVi`.`loai`, `main`.`DonVi`.`parentId`, `main`.`DonVi`.`createdAt` FROM `main`.`DonVi` WHERE `main`.`DonVi`.`id` IN (?,?) LIMIT ? OFFSET ?
 GET /api/nhiem-vu 200 in 19ms (next.js: 4ms, application-code: 15ms)
prisma:query SELECT `main`.`DonVi`.`id`, `main`.`DonVi`.`ten`, `main`.`DonVi`.`loai`, `main`.`DonVi`.`parentId`, `main`.`DonVi`.`createdAt` FROM `main`.`DonVi` WHERE 1=1 ORDER BY `main`.`DonVi`.`loai` ASC, `main`.`DonVi`.`ten` ASC LIMIT ? OFFSET ?
 GET /api/don-vi 200 in 14ms (next.js: 5ms, application-code: 9ms)
 GET /api/auth/session 200 in 17ms (next.js: 4ms, application-code: 13ms)
 GET /api/auth/session 200 in 25ms (next.js: 4ms, application-code: 21ms)
 GET /api/auth/session 200 in 22ms (next.js: 11ms, application-code: 11ms)
 GET /api/auth/session 200 in 13ms (next.js: 3ms, application-code: 11ms)
 GET /api/auth/session 200 in 14ms (next.js: 4ms, application-code: 11ms)
 GET /kts/hien-trang 200 in 38ms (next.js: 8ms, application-code: 30ms)
prisma:query SELECT 1
[browser] Warning: [antd: Spin] `tip` is deprecated. Please use `description` instead. 
prisma:query SELECT `main`.`HeThongSo`.`id`, `main`.`HeThongSo`.`ma`, `main`.`HeThongSo`.`ten`, `main`.`HeThongSo`.`loai`, `main`.`HeThongSo`.`lop`, `main`.`HeThongSo`.`moTa`, `main`.`HeThongSo`.`chuQuan`, `main`.`HeThongSo`.`trangThai`, `main`.`HeThongSo`.`namTrienKhai`, `main`.`HeThongSo`.`donViId`, `main`.`HeThongSo`.`createdAt`, `main`.`HeThongSo`.`updatedAt` FROM `main`.`HeThongSo` WHERE 1=1 ORDER BY `main`.`HeThongSo`.`lop` ASC, `main`.`HeThongSo`.`ma` ASC LIMIT ? OFFSET ?
prisma:query SELECT `main`.`DonVi`.`id`, `main`.`DonVi`.`ten`, `main`.`DonVi`.`loai`, `main`.`DonVi`.`parentId`, `main`.`DonVi`.`createdAt` FROM `main`.`DonVi` WHERE `main`.`DonVi`.`id` IN (?,?,?,?) LIMIT ? OFFSET ?
 GET /api/he-thong 200 in 30ms (next.js: 5ms, application-code: 25ms)
prisma:query SELECT `main`.`HeThongSo`.`id`, `main`.`HeThongSo`.`ma`, `main`.`HeThongSo`.`ten`, `main`.`HeThongSo`.`loai`, `main`.`HeThongSo`.`lop`, `main`.`HeThongSo`.`moTa`, `main`.`HeThongSo`.`chuQuan`, `main`.`HeThongSo`.`trangThai`, `main`.`HeThongSo`.`namTrienKhai`, `main`.`HeThongSo`.`donViId`, `main`.`HeThongSo`.`createdAt`, `main`.`HeThongSo`.`updatedAt` FROM `main`.`HeThongSo` WHERE 1=1 ORDER BY `main`.`HeThongSo`.`lop` ASC, `main`.`HeThongSo`.`ma` ASC LIMIT ? OFFSET ?
prisma:query SELECT `main`.`DonVi`.`id`, `main`.`DonVi`.`ten`, `main`.`DonVi`.`loai`, `main`.`DonVi`.`parentId`, `main`.`DonVi`.`createdAt` FROM `main`.`DonVi` WHERE `main`.`DonVi`.`id` IN (?,?,?,?) LIMIT ? OFFSET ?
 GET /api/he-thong 200 in 29ms (next.js: 4ms, application-code: 25ms)
prisma:query SELECT `main`.`KhungKTS`.`id`, `main`.`KhungKTS`.`tenKhung`, `main`.`KhungKTS`.`phienBan`, `main`.`KhungKTS`.`ngayBanHanh`, `main`.`KhungKTS`.`giaiDoanApDung`, `main`.`KhungKTS`.`mucTieu`, `main`.`KhungKTS`.`boiCanh`, `main`.`KhungKTS`.`nguyenTac`, `main`.`KhungKTS`.`daiDienPhuTrach`, `main`.`KhungKTS`.`trangThai`, `main`.`KhungKTS`.`updatedAt`, `main`.`KhungKTS`.`createdAt` FROM `main`.`KhungKTS` WHERE 1=1 ORDER BY `main`.`KhungKTS`.`createdAt` DESC LIMIT ? OFFSET ?
 GET /kts/tong-quan 200 in 23ms (next.js: 7ms, application-code: 16ms)
 GET /api/auth/session 200 in 32ms (next.js: 17ms, application-code: 15ms)
 GET /api/auth/session 200 in 39ms (next.js: 7ms, application-code: 32ms)
 GET /api/auth/session 200 in 49ms (next.js: 32ms, application-code: 17ms)
prisma:query SELECT 1
prisma:query BEGIN IMMEDIATE
prisma:query UPDATE `main`.`HeThongSo` SET `ma` = ?, `lop` = ?, `ten` = ?, `moTa` = ?, `loai` = ?, `trangThai` = ?, `chuQuan` = ?, `namTrienKhai` = ?, `donViId` = ?, `updatedAt` = ? WHERE (`main`.`HeThongSo`.`id` = ? AND 1=1) RETURNING `id` AS `id`, `ma` AS `ma`, `ten` AS `ten`, `loai` AS `loai`, `lop` AS `lop`, `moTa` AS `moTa`, `chuQuan` AS `chuQuan`, `trangThai` AS `trangThai`, `namTrienKhai` AS `namTrienKhai`, `donViId` AS `donViId`, `createdAt` AS `createdAt`, `updatedAt` AS `updatedAt`
prisma:query SELECT `main`.`HeThongSo`.`id`, `main`.`HeThongSo`.`ma`, `main`.`HeThongSo`.`ten`, `main`.`HeThongSo`.`loai`, `main`.`HeThongSo`.`lop`, `main`.`HeThongSo`.`moTa`, `main`.`HeThongSo`.`chuQuan`, `main`.`HeThongSo`.`trangThai`, `main`.`HeThongSo`.`namTrienKhai`, `main`.`HeThongSo`.`donViId`, `main`.`HeThongSo`.`createdAt`, `main`.`HeThongSo`.`updatedAt` FROM `main`.`HeThongSo` WHERE `main`.`HeThongSo`.`id` = ? LIMIT ? OFFSET ?
prisma:query SELECT `main`.`DonVi`.`id`, `main`.`DonVi`.`ten`, `main`.`DonVi`.`loai`, `main`.`DonVi`.`parentId`, `main`.`DonVi`.`createdAt` FROM `main`.`DonVi` WHERE `main`.`DonVi`.`id` IN (?) LIMIT ? OFFSET ?
prisma:query COMMIT
 PUT /api/he-thong/cmu8ldj8n000phqrt4oye8trl 200 in 1175ms (next.js: 1159ms, application-code: 15ms)
prisma:query SELECT `main`.`DonVi`.`id`, `main`.`DonVi`.`ten`, `main`.`DonVi`.`loai`, `main`.`DonVi`.`parentId`, `main`.`DonVi`.`createdAt` FROM `main`.`DonVi` WHERE 1=1 ORDER BY `main`.`DonVi`.`loai` ASC, `main`.`DonVi`.`ten` ASC LIMIT ? OFFSET ?
 GET /api/don-vi 200 in 17ms (next.js: 3ms, application-code: 14ms)
prisma:query SELECT `main`.`HeThongSo`.`id`, `main`.`HeThongSo`.`ma`, `main`.`HeThongSo`.`ten`, `main`.`HeThongSo`.`loai`, `main`.`HeThongSo`.`lop`, `main`.`HeThongSo`.`moTa`, `main`.`HeThongSo`.`chuQuan`, `main`.`HeThongSo`.`trangThai`, `main`.`HeThongSo`.`namTrienKhai`, `main`.`HeThongSo`.`donViId`, `main`.`HeThongSo`.`createdAt`, `main`.`HeThongSo`.`updatedAt` FROM `main`.`HeThongSo` WHERE 1=1 ORDER BY `main`.`HeThongSo`.`lop` ASC, `main`.`HeThongSo`.`ma` ASC LIMIT ? OFFSET ?
prisma:query SELECT `main`.`DonVi`.`id`, `main`.`DonVi`.`ten`, `main`.`DonVi`.`loai`, `main`.`DonVi`.`parentId`, `main`.`DonVi`.`createdAt` FROM `main`.`DonVi` WHERE `main`.`DonVi`.`id` IN (?,?,?,?) LIMIT ? OFFSET ?
 GET /api/he-thong 200 in 33ms (next.js: 10ms, application-code: 24ms)
prisma:query SELECT `main`.`KhungKTS`.`id`, `main`.`KhungKTS`.`tenKhung`, `main`.`KhungKTS`.`phienBan`, `main`.`KhungKTS`.`ngayBanHanh`, `main`.`KhungKTS`.`giaiDoanApDung`, `main`.`KhungKTS`.`mucTieu`, `main`.`KhungKTS`.`boiCanh`, `main`.`KhungKTS`.`nguyenTac`, `main`.`KhungKTS`.`daiDienPhuTrach`, `main`.`KhungKTS`.`trangThai`, `main`.`KhungKTS`.`updatedAt`, `main`.`KhungKTS`.`createdAt` FROM `main`.`KhungKTS` WHERE 1=1 ORDER BY `main`.`KhungKTS`.`createdAt` DESC LIMIT ? OFFSET ?
 GET /admin/he-thong 200 in 114ms (next.js: 9ms, application-code: 105ms)
 GET /kts/hien-trang 200 in 81ms (next.js: 27ms, application-code: 54ms)
 GET /admin/nhiem-vu 200 in 83ms (next.js: 7ms, application-code: 76ms)
 GET /kts/tong-quan 200 in 77ms (next.js: 43ms, application-code: 34ms)
 GET /admin/nhiem-vu 200 in 19ms (next.js: 4ms, application-code: 15ms)
prisma:query SELECT `main`.`NhiemVu`.`id`, `main`.`NhiemVu`.`ma`, `main`.`NhiemVu`.`ten`, `main`.`NhiemVu`.`moTa`, `main`.`NhiemVu`.`donViChuTriId`, `main`.`NhiemVu`.`uuTien`, `main`.`NhiemVu`.`thoiHan`, `main`.`NhiemVu`.`giaiDoan`, `main`.`NhiemVu`.`kpi`, `main`.`NhiemVu`.`nguonKiemChung`, `main`.`NhiemVu`.`trangThai`, `main`.`NhiemVu`.`tienDo`, `main`.`NhiemVu`.`lop`, `main`.`NhiemVu`.`phuongAnXuLy`, `main`.`NhiemVu`.`ghiChu`, `main`.`NhiemVu`.`createdAt`, `main`.`NhiemVu`.`updatedAt` FROM `main`.`NhiemVu` WHERE 1=1 ORDER BY `main`.`NhiemVu`.`uuTien` ASC, `main`.`NhiemVu`.`thoiHan` ASC LIMIT ? OFFSET ?
prisma:query SELECT `main`.`DonVi`.`id`, `main`.`DonVi`.`ten`, `main`.`DonVi`.`loai`, `main`.`DonVi`.`parentId`, `main`.`DonVi`.`createdAt` FROM `main`.`DonVi` WHERE `main`.`DonVi`.`id` IN (?,?) LIMIT ? OFFSET ?
 GET /api/nhiem-vu 200 in 14ms (next.js: 3ms, application-code: 11ms)
prisma:query SELECT `main`.`DonVi`.`id`, `main`.`DonVi`.`ten`, `main`.`DonVi`.`loai`, `main`.`DonVi`.`parentId`, `main`.`DonVi`.`createdAt` FROM `main`.`DonVi` WHERE 1=1 ORDER BY `main`.`DonVi`.`loai` ASC, `main`.`DonVi`.`ten` ASC LIMIT ? OFFSET ?
 GET /api/don-vi 200 in 15ms (next.js: 8ms, application-code: 7ms)
prisma:query SELECT `main`.`NhiemVu`.`id`, `main`.`NhiemVu`.`ma`, `main`.`NhiemVu`.`ten`, `main`.`NhiemVu`.`moTa`, `main`.`NhiemVu`.`donViChuTriId`, `main`.`NhiemVu`.`uuTien`, `main`.`NhiemVu`.`thoiHan`, `main`.`NhiemVu`.`giaiDoan`, `main`.`NhiemVu`.`kpi`, `main`.`NhiemVu`.`nguonKiemChung`, `main`.`NhiemVu`.`trangThai`, `main`.`NhiemVu`.`tienDo`, `main`.`NhiemVu`.`lop`, `main`.`NhiemVu`.`phuongAnXuLy`, `main`.`NhiemVu`.`ghiChu`, `main`.`NhiemVu`.`createdAt`, `main`.`NhiemVu`.`updatedAt` FROM `main`.`NhiemVu` WHERE 1=1 ORDER BY `main`.`NhiemVu`.`uuTien` ASC, `main`.`NhiemVu`.`thoiHan` ASC LIMIT ? OFFSET ?
prisma:query SELECT `main`.`DonVi`.`id`, `main`.`DonVi`.`ten`, `main`.`DonVi`.`loai`, `main`.`DonVi`.`parentId`, `main`.`DonVi`.`createdAt` FROM `main`.`DonVi` WHERE `main`.`DonVi`.`id` IN (?,?) LIMIT ? OFFSET ?
prisma:query SELECT `main`.`DonVi`.`id`, `main`.`DonVi`.`ten`, `main`.`DonVi`.`loai`, `main`.`DonVi`.`parentId`, `main`.`DonVi`.`createdAt` FROM `main`.`DonVi` WHERE 1=1 ORDER BY `main`.`DonVi`.`loai` ASC, `main`.`DonVi`.`ten` ASC LIMIT ? OFFSET ?
 GET /api/nhiem-vu 200 in 15ms (next.js: 3ms, application-code: 12ms)
 GET /api/don-vi 200 in 16ms (next.js: 7ms, application-code: 9ms)
 GET /api/auth/session 200 in 23ms (next.js: 12ms, application-code: 11ms)
 GET /api/auth/session 200 in 13ms (next.js: 4ms, application-code: 10ms)
 GET /api/auth/session 200 in 13ms (next.js: 3ms, application-code: 10ms)
prisma:query SELECT 1
prisma:query SELECT `main`.`KhungKTS`.`id`, `main`.`KhungKTS`.`tenKhung`, `main`.`KhungKTS`.`phienBan`, `main`.`KhungKTS`.`ngayBanHanh`, `main`.`KhungKTS`.`giaiDoanApDung`, `main`.`KhungKTS`.`mucTieu`, `main`.`KhungKTS`.`boiCanh`, `main`.`KhungKTS`.`nguyenTac`, `main`.`KhungKTS`.`daiDienPhuTrach`, `main`.`KhungKTS`.`trangThai`, `main`.`KhungKTS`.`updatedAt`, `main`.`KhungKTS`.`createdAt` FROM `main`.`KhungKTS` WHERE 1=1 ORDER BY `main`.`KhungKTS`.`createdAt` DESC LIMIT ? OFFSET ?
 GET /admin/nhiem-vu 200 in 115ms (next.js: 9ms, application-code: 107ms)
 GET /kts/hien-trang 200 in 86ms (next.js: 9ms, application-code: 77ms)
 GET /kts/tong-quan 200 in 87ms (next.js: 32ms, application-code: 55ms)
 GET /admin/nhiem-vu 200 in 87ms (next.js: 55ms, application-code: 31ms)
prisma:query SELECT `main`.`KhungKTS`.`id`, `main`.`KhungKTS`.`tenKhung`, `main`.`KhungKTS`.`phienBan`, `main`.`KhungKTS`.`ngayBanHanh`, `main`.`KhungKTS`.`giaiDoanApDung`, `main`.`KhungKTS`.`mucTieu`, `main`.`KhungKTS`.`boiCanh`, `main`.`KhungKTS`.`nguyenTac`, `main`.`KhungKTS`.`daiDienPhuTrach`, `main`.`KhungKTS`.`trangThai`, `main`.`KhungKTS`.`updatedAt`, `main`.`KhungKTS`.`createdAt` FROM `main`.`KhungKTS` WHERE 1=1 ORDER BY `main`.`KhungKTS`.`createdAt` DESC LIMIT ? OFFSET ?
 GET /kts/hien-trang 200 in 92ms (next.js: 11ms, application-code: 81ms)
 GET /admin/nhiem-vu 200 in 92ms (next.js: 32ms, application-code: 60ms)
 GET /kts/tong-quan 200 in 92ms (next.js: 47ms, application-code: 45ms)
 GET /admin/nhiem-vu 200 in 25ms (next.js: 4ms, application-code: 21ms)
 GET /api/auth/session 200 in 24ms (next.js: 13ms, application-code: 11ms)
 GET /api/auth/session 200 in 11ms (next.js: 3ms, application-code: 8ms)
 GET /api/auth/session 200 in 12ms (next.js: 3ms, application-code: 10ms)
prisma:query SELECT 1
prisma:query SELECT `main`.`KhungKTS`.`id`, `main`.`KhungKTS`.`tenKhung`, `main`.`KhungKTS`.`phienBan`, `main`.`KhungKTS`.`ngayBanHanh`, `main`.`KhungKTS`.`giaiDoanApDung`, `main`.`KhungKTS`.`mucTieu`, `main`.`KhungKTS`.`boiCanh`, `main`.`KhungKTS`.`nguyenTac`, `main`.`KhungKTS`.`daiDienPhuTrach`, `main`.`KhungKTS`.`trangThai`, `main`.`KhungKTS`.`updatedAt`, `main`.`KhungKTS`.`createdAt` FROM `main`.`KhungKTS` WHERE 1=1 ORDER BY `main`.`KhungKTS`.`createdAt` DESC LIMIT ? OFFSET ?
 GET /admin/nhiem-vu 200 in 127ms (next.js: 11ms, application-code: 116ms)
 GET /kts/hien-trang 200 in 93ms (next.js: 9ms, application-code: 84ms)
 GET /kts/tong-quan 200 in 93ms (next.js: 34ms, application-code: 59ms)
 GET /admin/nhiem-vu 200 in 86ms (next.js: 55ms, application-code: 31ms)
✓ Compiled in 72ms
prisma:query SELECT 1
prisma:query SELECT `main`.`KhungKTS`.`id`, `main`.`KhungKTS`.`tenKhung`, `main`.`KhungKTS`.`phienBan`, `main`.`KhungKTS`.`ngayBanHanh`, `main`.`KhungKTS`.`giaiDoanApDung`, `main`.`KhungKTS`.`mucTieu`, `main`.`KhungKTS`.`boiCanh`, `main`.`KhungKTS`.`nguyenTac`, `main`.`KhungKTS`.`daiDienPhuTrach`, `main`.`KhungKTS`.`trangThai`, `main`.`KhungKTS`.`updatedAt`, `main`.`KhungKTS`.`createdAt` FROM `main`.`KhungKTS` WHERE 1=1 ORDER BY `main`.`KhungKTS`.`createdAt` DESC LIMIT ? OFFSET ?
 GET /kts/hien-trang 200 in 112ms (next.js: 28ms, application-code: 85ms)
 GET /admin/nhiem-vu 200 in 120ms (next.js: 9ms, application-code: 111ms)
 GET /admin/nhiem-vu 200 in 64ms (next.js: 34ms, application-code: 29ms)
 GET /kts/tong-quan 200 in 66ms (next.js: 8ms, application-code: 58ms)
✓ Compiled in 86ms
prisma:query SELECT `main`.`KhungKTS`.`id`, `main`.`KhungKTS`.`tenKhung`, `main`.`KhungKTS`.`phienBan`, `main`.`KhungKTS`.`ngayBanHanh`, `main`.`KhungKTS`.`giaiDoanApDung`, `main`.`KhungKTS`.`mucTieu`, `main`.`KhungKTS`.`boiCanh`, `main`.`KhungKTS`.`nguyenTac`, `main`.`KhungKTS`.`daiDienPhuTrach`, `main`.`KhungKTS`.`trangThai`, `main`.`KhungKTS`.`updatedAt`, `main`.`KhungKTS`.`createdAt` FROM `main`.`KhungKTS` WHERE 1=1 ORDER BY `main`.`KhungKTS`.`createdAt` DESC LIMIT ? OFFSET ?
 GET /admin/nhiem-vu 200 in 140ms (next.js: 13ms, application-code: 128ms)
 GET /kts/hien-trang 200 in 98ms (next.js: 7ms, application-code: 92ms)
 GET /kts/tong-quan 200 in 99ms (next.js: 40ms, application-code: 59ms)
 GET /admin/nhiem-vu 200 in 99ms (next.js: 68ms, application-code: 31ms)
 GET /api/auth/session 200 in 17ms (next.js: 8ms, application-code: 8ms)
 GET /api/auth/session 200 in 10ms (next.js: 3ms, application-code: 8ms)
 GET /api/auth/session 200 in 16ms (next.js: 3ms, application-code: 13ms)
 GET /api/auth/session 200 in 16ms (next.js: 5ms, application-code: 11ms)
 GET /api/auth/session 200 in 9ms (next.js: 2ms, application-code: 7ms)
 GET /api/auth/session 200 in 10ms (next.js: 2ms, application-code: 7ms)
prisma:query SELECT 1
prisma:query SELECT `main`.`KhungKTS`.`id`, `main`.`KhungKTS`.`tenKhung`, `main`.`KhungKTS`.`phienBan`, `main`.`KhungKTS`.`ngayBanHanh`, `main`.`KhungKTS`.`giaiDoanApDung`, `main`.`KhungKTS`.`mucTieu`, `main`.`KhungKTS`.`boiCanh`, `main`.`KhungKTS`.`nguyenTac`, `main`.`KhungKTS`.`daiDienPhuTrach`, `main`.`KhungKTS`.`trangThai`, `main`.`KhungKTS`.`updatedAt`, `main`.`KhungKTS`.`createdAt` FROM `main`.`KhungKTS` WHERE 1=1 ORDER BY `main`.`KhungKTS`.`createdAt` DESC LIMIT ? OFFSET ?
 GET /kts/tong-quan 200 in 118ms (next.js: 4ms, application-code: 114ms)
 GET /api/auth/session 200 in 24ms (next.js: 14ms, application-code: 11ms)
 GET /api/auth/session 200 in 10ms (next.js: 3ms, application-code: 7ms)
 GET /api/auth/session 200 in 13ms (next.js: 3ms, application-code: 10ms)
 GET /api/auth/session 200 in 26ms (next.js: 16ms, application-code: 10ms)
 GET /api/auth/session 200 in 11ms (next.js: 2ms, application-code: 9ms)
 GET /api/auth/session 200 in 14ms (next.js: 3ms, application-code: 11ms)
 GET /api/auth/session 200 in 23ms (next.js: 11ms, application-code: 12ms)
 GET /api/auth/session 200 in 11ms (next.js: 2ms, application-code: 9ms)
 GET /api/auth/session 200 in 13ms (next.js: 3ms, application-code: 10ms)
 GET /api/auth/session 200 in 24ms (next.js: 13ms, application-code: 11ms)
 GET /api/auth/session 200 in 14ms (next.js: 2ms, application-code: 12ms)
 GET /api/auth/session 200 in 15ms (next.js: 3ms, application-code: 12ms)
 GET /api/auth/session 200 in 13ms (next.js: 4ms, application-code: 9ms)
 GET /api/auth/session 200 in 12ms (next.js: 3ms, application-code: 8ms)
 GET /api/auth/session 200 in 12ms (next.js: 3ms, application-code: 10ms)
✓ Compiled in 121ms
 GET /api/auth/session 200 in 27ms (next.js: 15ms, application-code: 13ms)
 GET /api/auth/session 200 in 11ms (next.js: 3ms, application-code: 8ms)
 GET /api/auth/session 200 in 13ms (next.js: 3ms, application-code: 9ms)
 GET /admin/nhiem-vu 200 in 31ms (next.js: 4ms, application-code: 27ms)
[browser] Warning: [antd: Spin] `tip` is deprecated. Please use `description` instead. 
 GET /api/auth/session 200 in 32ms (next.js: 11ms, application-code: 21ms)
 GET /api/auth/session 200 in 19ms (next.js: 5ms, application-code: 14ms)
 GET /api/auth/session 200 in 20ms (next.js: 5ms, application-code: 15ms)
prisma:query SELECT 1
prisma:query SELECT `main`.`NhiemVu`.`id`, `main`.`NhiemVu`.`ma`, `main`.`NhiemVu`.`ten`, `main`.`NhiemVu`.`moTa`, `main`.`NhiemVu`.`donViChuTriId`, `main`.`NhiemVu`.`uuTien`, `main`.`NhiemVu`.`thoiHan`, `main`.`NhiemVu`.`giaiDoan`, `main`.`NhiemVu`.`kpi`, `main`.`NhiemVu`.`nguonKiemChung`, `main`.`NhiemVu`.`trangThai`, `main`.`NhiemVu`.`tienDo`, `main`.`NhiemVu`.`lop`, `main`.`NhiemVu`.`phuongAnXuLy`, `main`.`NhiemVu`.`ghiChu`, `main`.`NhiemVu`.`createdAt`, `main`.`NhiemVu`.`updatedAt` FROM `main`.`NhiemVu` WHERE 1=1 ORDER BY `main`.`NhiemVu`.`uuTien` ASC, `main`.`NhiemVu`.`thoiHan` ASC LIMIT ? OFFSET ?
prisma:query SELECT `main`.`DonVi`.`id`, `main`.`DonVi`.`ten`, `main`.`DonVi`.`loai`, `main`.`DonVi`.`parentId`, `main`.`DonVi`.`createdAt` FROM `main`.`DonVi` WHERE `main`.`DonVi`.`id` IN (?,?) LIMIT ? OFFSET ?
 GET /api/nhiem-vu 200 in 25ms (next.js: 5ms, application-code: 20ms)
prisma:query SELECT `main`.`DonVi`.`id`, `main`.`DonVi`.`ten`, `main`.`DonVi`.`loai`, `main`.`DonVi`.`parentId`, `main`.`DonVi`.`createdAt` FROM `main`.`DonVi` WHERE 1=1 ORDER BY `main`.`DonVi`.`loai` ASC, `main`.`DonVi`.`ten` ASC LIMIT ? OFFSET ?
 GET /api/don-vi 200 in 33ms (next.js: 15ms, application-code: 18ms)
prisma:query SELECT `main`.`NhiemVu`.`id`, `main`.`NhiemVu`.`ma`, `main`.`NhiemVu`.`ten`, `main`.`NhiemVu`.`moTa`, `main`.`NhiemVu`.`donViChuTriId`, `main`.`NhiemVu`.`uuTien`, `main`.`NhiemVu`.`thoiHan`, `main`.`NhiemVu`.`giaiDoan`, `main`.`NhiemVu`.`kpi`, `main`.`NhiemVu`.`nguonKiemChung`, `main`.`NhiemVu`.`trangThai`, `main`.`NhiemVu`.`tienDo`, `main`.`NhiemVu`.`lop`, `main`.`NhiemVu`.`phuongAnXuLy`, `main`.`NhiemVu`.`ghiChu`, `main`.`NhiemVu`.`createdAt`, `main`.`NhiemVu`.`updatedAt` FROM `main`.`NhiemVu` WHERE 1=1 ORDER BY `main`.`NhiemVu`.`uuTien` ASC, `main`.`NhiemVu`.`thoiHan` ASC LIMIT ? OFFSET ?
prisma:query SELECT `main`.`DonVi`.`id`, `main`.`DonVi`.`ten`, `main`.`DonVi`.`loai`, `main`.`DonVi`.`parentId`, `main`.`DonVi`.`createdAt` FROM `main`.`DonVi` WHERE `main`.`DonVi`.`id` IN (?,?) LIMIT ? OFFSET ?
 GET /api/nhiem-vu 200 in 29ms (next.js: 7ms, application-code: 21ms)
prisma:query SELECT `main`.`DonVi`.`id`, `main`.`DonVi`.`ten`, `main`.`DonVi`.`loai`, `main`.`DonVi`.`parentId`, `main`.`DonVi`.`createdAt` FROM `main`.`DonVi` WHERE 1=1 ORDER BY `main`.`DonVi`.`loai` ASC, `main`.`DonVi`.`ten` ASC LIMIT ? OFFSET ?
 GET /api/don-vi 200 in 30ms (next.js: 16ms, application-code: 14ms)
 GET /api/auth/session 200 in 57ms (next.js: 6ms, application-code: 51ms)
 GET /api/auth/session 200 in 21ms (next.js: 7ms, application-code: 14ms)
 GET /api/auth/session 200 in 17ms (next.js: 4ms, application-code: 13ms)
 GET /api/auth/session 200 in 13ms (next.js: 3ms, application-code: 10ms)
 GET /api/auth/session 200 in 22ms (next.js: 3ms, application-code: 19ms)
 GET /api/auth/session 200 in 14ms (next.js: 4ms, application-code: 10ms)
 GET /kts/hien-trang 200 in 24ms (next.js: 9ms, application-code: 15ms)
[browser] Warning: [antd: Spin] `tip` is deprecated. Please use `description` instead. 
prisma:query SELECT `main`.`HeThongSo`.`id`, `main`.`HeThongSo`.`ma`, `main`.`HeThongSo`.`ten`, `main`.`HeThongSo`.`loai`, `main`.`HeThongSo`.`lop`, `main`.`HeThongSo`.`moTa`, `main`.`HeThongSo`.`chuQuan`, `main`.`HeThongSo`.`trangThai`, `main`.`HeThongSo`.`namTrienKhai`, `main`.`HeThongSo`.`donViId`, `main`.`HeThongSo`.`createdAt`, `main`.`HeThongSo`.`updatedAt` FROM `main`.`HeThongSo` WHERE 1=1 ORDER BY `main`.`HeThongSo`.`lop` ASC, `main`.`HeThongSo`.`ma` ASC LIMIT ? OFFSET ?
prisma:query SELECT `main`.`DonVi`.`id`, `main`.`DonVi`.`ten`, `main`.`DonVi`.`loai`, `main`.`DonVi`.`parentId`, `main`.`DonVi`.`createdAt` FROM `main`.`DonVi` WHERE `main`.`DonVi`.`id` IN (?,?,?,?) LIMIT ? OFFSET ?
 GET /api/he-thong 200 in 31ms (next.js: 4ms, application-code: 27ms)
prisma:query SELECT `main`.`HeThongSo`.`id`, `main`.`HeThongSo`.`ma`, `main`.`HeThongSo`.`ten`, `main`.`HeThongSo`.`loai`, `main`.`HeThongSo`.`lop`, `main`.`HeThongSo`.`moTa`, `main`.`HeThongSo`.`chuQuan`, `main`.`HeThongSo`.`trangThai`, `main`.`HeThongSo`.`namTrienKhai`, `main`.`HeThongSo`.`donViId`, `main`.`HeThongSo`.`createdAt`, `main`.`HeThongSo`.`updatedAt` FROM `main`.`HeThongSo` WHERE 1=1 ORDER BY `main`.`HeThongSo`.`lop` ASC, `main`.`HeThongSo`.`ma` ASC LIMIT ? OFFSET ?
prisma:query SELECT `main`.`DonVi`.`id`, `main`.`DonVi`.`ten`, `main`.`DonVi`.`loai`, `main`.`DonVi`.`parentId`, `main`.`DonVi`.`createdAt` FROM `main`.`DonVi` WHERE `main`.`DonVi`.`id` IN (?,?,?,?) LIMIT ? OFFSET ?
 GET /api/he-thong 200 in 26ms (next.js: 4ms, application-code: 22ms)
 GET /kts/muc-tieu 200 in 19ms (next.js: 5ms, application-code: 14ms)
[browser] Warning: [antd: Card] `bodyStyle` is deprecated. Please use `styles.body` instead. 
    at Array.forEach (<anonymous>) (<anonymous>)
[browser] [React Flow]: It looks like you've created a new nodeTypes or edgeTypes object. If this wasn't on purpose please define the nodeTypes/edgeTypes outside of the component or memoize them. Help: https://reactflow.dev/error#002
[browser] [React Flow]: It looks like you've created a new nodeTypes or edgeTypes object. If this wasn't on purpose please define the nodeTypes/edgeTypes outside of the component or memoize them. Help: https://reactflow.dev/error#002
[browser] [React Flow]: Couldn't create edge for source handle id: "undefined", edge id: e-0. Help: https://reactflow.dev/error#008 (<anonymous>)
[browser] [React Flow]: Couldn't create edge for source handle id: "undefined", edge id: e-1. Help: https://reactflow.dev/error#008 (<anonymous>)
[browser] [React Flow]: Couldn't create edge for source handle id: "undefined", edge id: e-2. Help: https://reactflow.dev/error#008 (<anonymous>)
[browser] [React Flow]: Couldn't create edge for source handle id: "undefined", edge id: e-3. Help: https://reactflow.dev/error#008 (<anonymous>)
[browser] [React Flow]: Couldn't create edge for source handle id: "undefined", edge id: e-4. Help: https://reactflow.dev/error#008 (<anonymous>)
[browser] [React Flow]: Couldn't create edge for source handle id: "undefined", edge id: e-5. Help: https://reactflow.dev/error#008 (<anonymous>)
[browser] [React Flow]: Couldn't create edge for source handle id: "undefined", edge id: e-6. Help: https://reactflow.dev/error#008 (<anonymous>)
[browser] [React Flow]: Couldn't create edge for source handle id: "undefined", edge id: e-7. Help: https://reactflow.dev/error#008 (<anonymous>)
[browser] [React Flow]: Couldn't create edge for source handle id: "undefined", edge id: e-8. Help: https://reactflow.dev/error#008 (<anonymous>)
[browser] [React Flow]: Couldn't create edge for source handle id: "undefined", edge id: e-0. Help: https://reactflow.dev/error#008 (<anonymous>)
[browser] [React Flow]: Couldn't create edge for source handle id: "undefined", edge id: e-1. Help: https://reactflow.dev/error#008 (<anonymous>)
[browser] [React Flow]: Couldn't create edge for source handle id: "undefined", edge id: e-2. Help: https://reactflow.dev/error#008 (<anonymous>)
[browser] [React Flow]: Couldn't create edge for source handle id: "undefined", edge id: e-3. Help: https://reactflow.dev/error#008 (<anonymous>)
[browser] [React Flow]: Couldn't create edge for source handle id: "undefined", edge id: e-4. Help: https://reactflow.dev/error#008 (<anonymous>)
[browser] [React Flow]: Couldn't create edge for source handle id: "undefined", edge id: e-5. Help: https://reactflow.dev/error#008 (<anonymous>)
[browser] [React Flow]: Couldn't create edge for source handle id: "undefined", edge id: e-6. Help: https://reactflow.dev/error#008 (<anonymous>)
[browser] [React Flow]: Couldn't create edge for source handle id: "undefined", edge id: e-7. Help: https://reactflow.dev/error#008 (<anonymous>)
[browser] [React Flow]: Couldn't create edge for source handle id: "undefined", edge id: e-8. Help: https://reactflow.dev/error#008 (<anonymous>)
 GET /kts/muc-tieu 200 in 16ms (next.js: 4ms, application-code: 12ms)
[browser] [React Flow]: Couldn't create edge for source handle id: "undefined", edge id: e-0. Help: https://reactflow.dev/error#008 (<anonymous>)
[browser] [React Flow]: Couldn't create edge for source handle id: "undefined", edge id: e-1. Help: https://reactflow.dev/error#008 (<anonymous>)
[browser] [React Flow]: Couldn't create edge for source handle id: "undefined", edge id: e-2. Help: https://reactflow.dev/error#008 (<anonymous>)
[browser] [React Flow]: Couldn't create edge for source handle id: "undefined", edge id: e-3. Help: https://reactflow.dev/error#008 (<anonymous>)
[browser] [React Flow]: Couldn't create edge for source handle id: "undefined", edge id: e-4. Help: https://reactflow.dev/error#008 (<anonymous>)
[browser] [React Flow]: Couldn't create edge for source handle id: "undefined", edge id: e-5. Help: https://reactflow.dev/error#008 (<anonymous>)
[browser] [React Flow]: Couldn't create edge for source handle id: "undefined", edge id: e-6. Help: https://reactflow.dev/error#008 (<anonymous>)
[browser] [React Flow]: Couldn't create edge for source handle id: "undefined", edge id: e-7. Help: https://reactflow.dev/error#008 (<anonymous>)
[browser] [React Flow]: Couldn't create edge for source handle id: "undefined", edge id: e-8. Help: https://reactflow.dev/error#008 (<anonymous>)
[browser] [React Flow]: Couldn't create edge for source handle id: "undefined", edge id: e-0. Help: https://reactflow.dev/error#008 (<anonymous>)
[browser] [React Flow]: Couldn't create edge for source handle id: "undefined", edge id: e-1. Help: https://reactflow.dev/error#008 (<anonymous>)
[browser] [React Flow]: Couldn't create edge for source handle id: "undefined", edge id: e-2. Help: https://reactflow.dev/error#008 (<anonymous>)
[browser] [React Flow]: Couldn't create edge for source handle id: "undefined", edge id: e-3. Help: https://reactflow.dev/error#008 (<anonymous>)
[browser] [React Flow]: Couldn't create edge for source handle id: "undefined", edge id: e-4. Help: https://reactflow.dev/error#008 (<anonymous>)
[browser] [React Flow]: Couldn't create edge for source handle id: "undefined", edge id: e-5. Help: https://reactflow.dev/error#008 (<anonymous>)
[browser] [React Flow]: Couldn't create edge for source handle id: "undefined", edge id: e-6. Help: https://reactflow.dev/error#008 (<anonymous>)
[browser] [React Flow]: Couldn't create edge for source handle id: "undefined", edge id: e-7. Help: https://reactflow.dev/error#008 (<anonymous>)
[browser] [React Flow]: Couldn't create edge for source handle id: "undefined", edge id: e-8. Help: https://reactflow.dev/error#008 (<anonymous>)
 GET /kts/lo-trinh 200 in 17ms (next.js: 5ms, application-code: 13ms)
prisma:query SELECT `main`.`NhiemVu`.`id`, `main`.`NhiemVu`.`ma`, `main`.`NhiemVu`.`ten`, `main`.`NhiemVu`.`moTa`, `main`.`NhiemVu`.`donViChuTriId`, `main`.`NhiemVu`.`uuTien`, `main`.`NhiemVu`.`thoiHan`, `main`.`NhiemVu`.`giaiDoan`, `main`.`NhiemVu`.`kpi`, `main`.`NhiemVu`.`nguonKiemChung`, `main`.`NhiemVu`.`trangThai`, `main`.`NhiemVu`.`tienDo`, `main`.`NhiemVu`.`lop`, `main`.`NhiemVu`.`phuongAnXuLy`, `main`.`NhiemVu`.`ghiChu`, `main`.`NhiemVu`.`createdAt`, `main`.`NhiemVu`.`updatedAt` FROM `main`.`NhiemVu` WHERE 1=1 ORDER BY `main`.`NhiemVu`.`uuTien` ASC, `main`.`NhiemVu`.`thoiHan` ASC LIMIT ? OFFSET ?
prisma:query SELECT `main`.`DonVi`.`id`, `main`.`DonVi`.`ten`, `main`.`DonVi`.`loai`, `main`.`DonVi`.`parentId`, `main`.`DonVi`.`createdAt` FROM `main`.`DonVi` WHERE `main`.`DonVi`.`id` IN (?,?) LIMIT ? OFFSET ?
 GET /api/nhiem-vu 200 in 9ms (next.js: 2ms, application-code: 7ms)
prisma:query SELECT `main`.`NhiemVu`.`id`, `main`.`NhiemVu`.`ma`, `main`.`NhiemVu`.`ten`, `main`.`NhiemVu`.`moTa`, `main`.`NhiemVu`.`donViChuTriId`, `main`.`NhiemVu`.`uuTien`, `main`.`NhiemVu`.`thoiHan`, `main`.`NhiemVu`.`giaiDoan`, `main`.`NhiemVu`.`kpi`, `main`.`NhiemVu`.`nguonKiemChung`, `main`.`NhiemVu`.`trangThai`, `main`.`NhiemVu`.`tienDo`, `main`.`NhiemVu`.`lop`, `main`.`NhiemVu`.`phuongAnXuLy`, `main`.`NhiemVu`.`ghiChu`, `main`.`NhiemVu`.`createdAt`, `main`.`NhiemVu`.`updatedAt` FROM `main`.`NhiemVu` WHERE 1=1 ORDER BY `main`.`NhiemVu`.`uuTien` ASC, `main`.`NhiemVu`.`thoiHan` ASC LIMIT ? OFFSET ?
prisma:query SELECT `main`.`DonVi`.`id`, `main`.`DonVi`.`ten`, `main`.`DonVi`.`loai`, `main`.`DonVi`.`parentId`, `main`.`DonVi`.`createdAt` FROM `main`.`DonVi` WHERE `main`.`DonVi`.`id` IN (?,?) LIMIT ? OFFSET ?
 GET /api/nhiem-vu 200 in 14ms (next.js: 6ms, application-code: 8ms)
 GET /api/auth/session 200 in 29ms (next.js: 16ms, application-code: 13ms)
 GET /api/auth/session 200 in 17ms (next.js: 4ms, application-code: 14ms)
 GET /api/auth/session 200 in 15ms (next.js: 4ms, application-code: 11ms)
 GET /api/auth/session 200 in 26ms (next.js: 14ms, application-code: 11ms)
 GET /api/auth/session 200 in 12ms (next.js: 3ms, application-code: 9ms)
 GET /api/auth/session 200 in 14ms (next.js: 4ms, application-code: 10ms)
 GET /api/auth/session 200 in 25ms (next.js: 14ms, application-code: 12ms)
 GET /api/auth/session 200 in 11ms (next.js: 3ms, application-code: 8ms)
 GET /api/auth/session 200 in 14ms (next.js: 3ms, application-code: 11ms)
 GET /kts/hien-trang 200 in 20ms (next.js: 5ms, application-code: 15ms)
prisma:query SELECT 1
prisma:query SELECT `main`.`HeThongSo`.`id`, `main`.`HeThongSo`.`ma`, `main`.`HeThongSo`.`ten`, `main`.`HeThongSo`.`loai`, `main`.`HeThongSo`.`lop`, `main`.`HeThongSo`.`moTa`, `main`.`HeThongSo`.`chuQuan`, `main`.`HeThongSo`.`trangThai`, `main`.`HeThongSo`.`namTrienKhai`, `main`.`HeThongSo`.`donViId`, `main`.`HeThongSo`.`createdAt`, `main`.`HeThongSo`.`updatedAt` FROM `main`.`HeThongSo` WHERE 1=1 ORDER BY `main`.`HeThongSo`.`lop` ASC, `main`.`HeThongSo`.`ma` ASC LIMIT ? OFFSET ?
prisma:query SELECT `main`.`DonVi`.`id`, `main`.`DonVi`.`ten`, `main`.`DonVi`.`loai`, `main`.`DonVi`.`parentId`, `main`.`DonVi`.`createdAt` FROM `main`.`DonVi` WHERE `main`.`DonVi`.`id` IN (?,?,?,?) LIMIT ? OFFSET ?
 GET /api/he-thong 200 in 22ms (next.js: 3ms, application-code: 20ms)
prisma:query SELECT `main`.`HeThongSo`.`id`, `main`.`HeThongSo`.`ma`, `main`.`HeThongSo`.`ten`, `main`.`HeThongSo`.`loai`, `main`.`HeThongSo`.`lop`, `main`.`HeThongSo`.`moTa`, `main`.`HeThongSo`.`chuQuan`, `main`.`HeThongSo`.`trangThai`, `main`.`HeThongSo`.`namTrienKhai`, `main`.`HeThongSo`.`donViId`, `main`.`HeThongSo`.`createdAt`, `main`.`HeThongSo`.`updatedAt` FROM `main`.`HeThongSo` WHERE 1=1 ORDER BY `main`.`HeThongSo`.`lop` ASC, `main`.`HeThongSo`.`ma` ASC LIMIT ? OFFSET ?
prisma:query SELECT `main`.`DonVi`.`id`, `main`.`DonVi`.`ten`, `main`.`DonVi`.`loai`, `main`.`DonVi`.`parentId`, `main`.`DonVi`.`createdAt` FROM `main`.`DonVi` WHERE `main`.`DonVi`.`id` IN (?,?,?,?) LIMIT ? OFFSET ?
 GET /api/he-thong 200 in 22ms (next.js: 2ms, application-code: 20ms)
 GET /kts/lo-trinh 200 in 19ms (next.js: 4ms, application-code: 15ms)
prisma:query SELECT `main`.`NhiemVu`.`id`, `main`.`NhiemVu`.`ma`, `main`.`NhiemVu`.`ten`, `main`.`NhiemVu`.`moTa`, `main`.`NhiemVu`.`donViChuTriId`, `main`.`NhiemVu`.`uuTien`, `main`.`NhiemVu`.`thoiHan`, `main`.`NhiemVu`.`giaiDoan`, `main`.`NhiemVu`.`kpi`, `main`.`NhiemVu`.`nguonKiemChung`, `main`.`NhiemVu`.`trangThai`, `main`.`NhiemVu`.`tienDo`, `main`.`NhiemVu`.`lop`, `main`.`NhiemVu`.`phuongAnXuLy`, `main`.`NhiemVu`.`ghiChu`, `main`.`NhiemVu`.`createdAt`, `main`.`NhiemVu`.`updatedAt` FROM `main`.`NhiemVu` WHERE 1=1 ORDER BY `main`.`NhiemVu`.`uuTien` ASC, `main`.`NhiemVu`.`thoiHan` ASC LIMIT ? OFFSET ?
prisma:query SELECT `main`.`DonVi`.`id`, `main`.`DonVi`.`ten`, `main`.`DonVi`.`loai`, `main`.`DonVi`.`parentId`, `main`.`DonVi`.`createdAt` FROM `main`.`DonVi` WHERE `main`.`DonVi`.`id` IN (?,?) LIMIT ? OFFSET ?
 GET /api/nhiem-vu 200 in 9ms (next.js: 2ms, application-code: 7ms)
prisma:query SELECT `main`.`NhiemVu`.`id`, `main`.`NhiemVu`.`ma`, `main`.`NhiemVu`.`ten`, `main`.`NhiemVu`.`moTa`, `main`.`NhiemVu`.`donViChuTriId`, `main`.`NhiemVu`.`uuTien`, `main`.`NhiemVu`.`thoiHan`, `main`.`NhiemVu`.`giaiDoan`, `main`.`NhiemVu`.`kpi`, `main`.`NhiemVu`.`nguonKiemChung`, `main`.`NhiemVu`.`trangThai`, `main`.`NhiemVu`.`tienDo`, `main`.`NhiemVu`.`lop`, `main`.`NhiemVu`.`phuongAnXuLy`, `main`.`NhiemVu`.`ghiChu`, `main`.`NhiemVu`.`createdAt`, `main`.`NhiemVu`.`updatedAt` FROM `main`.`NhiemVu` WHERE 1=1 ORDER BY `main`.`NhiemVu`.`uuTien` ASC, `main`.`NhiemVu`.`thoiHan` ASC LIMIT ? OFFSET ?
prisma:query SELECT `main`.`DonVi`.`id`, `main`.`DonVi`.`ten`, `main`.`DonVi`.`loai`, `main`.`DonVi`.`parentId`, `main`.`DonVi`.`createdAt` FROM `main`.`DonVi` WHERE `main`.`DonVi`.`id` IN (?,?) LIMIT ? OFFSET ?
 GET /api/nhiem-vu 200 in 10ms (next.js: 3ms, application-code: 7ms)
 GET /api/auth/session 200 in 29ms (next.js: 16ms, application-code: 13ms)
 GET /api/auth/session 200 in 15ms (next.js: 3ms, application-code: 12ms)
 GET /api/auth/session 200 in 18ms (next.js: 5ms, application-code: 13ms)
 GET /api/auth/session 200 in 21ms (next.js: 12ms, application-code: 9ms)
 GET /api/auth/session 200 in 12ms (next.js: 3ms, application-code: 9ms)
 GET /api/auth/session 200 in 12ms (next.js: 3ms, application-code: 9ms)
 GET /api/auth/session 200 in 23ms (next.js: 13ms, application-code: 10ms)
 GET /api/auth/session 200 in 12ms (next.js: 3ms, application-code: 10ms)
 GET /api/auth/session 200 in 10ms (next.js: 3ms, application-code: 7ms)
 GET /kts/hien-trang 200 in 21ms (next.js: 5ms, application-code: 16ms)
prisma:query SELECT 1
prisma:query SELECT `main`.`HeThongSo`.`id`, `main`.`HeThongSo`.`ma`, `main`.`HeThongSo`.`ten`, `main`.`HeThongSo`.`loai`, `main`.`HeThongSo`.`lop`, `main`.`HeThongSo`.`moTa`, `main`.`HeThongSo`.`chuQuan`, `main`.`HeThongSo`.`trangThai`, `main`.`HeThongSo`.`namTrienKhai`, `main`.`HeThongSo`.`donViId`, `main`.`HeThongSo`.`createdAt`, `main`.`HeThongSo`.`updatedAt` FROM `main`.`HeThongSo` WHERE 1=1 ORDER BY `main`.`HeThongSo`.`lop` ASC, `main`.`HeThongSo`.`ma` ASC LIMIT ? OFFSET ?
prisma:query SELECT `main`.`DonVi`.`id`, `main`.`DonVi`.`ten`, `main`.`DonVi`.`loai`, `main`.`DonVi`.`parentId`, `main`.`DonVi`.`createdAt` FROM `main`.`DonVi` WHERE `main`.`DonVi`.`id` IN (?,?,?,?) LIMIT ? OFFSET ?
 GET /api/he-thong 200 in 23ms (next.js: 4ms, application-code: 19ms)
prisma:query SELECT `main`.`HeThongSo`.`id`, `main`.`HeThongSo`.`ma`, `main`.`HeThongSo`.`ten`, `main`.`HeThongSo`.`loai`, `main`.`HeThongSo`.`lop`, `main`.`HeThongSo`.`moTa`, `main`.`HeThongSo`.`chuQuan`, `main`.`HeThongSo`.`trangThai`, `main`.`HeThongSo`.`namTrienKhai`, `main`.`HeThongSo`.`donViId`, `main`.`HeThongSo`.`createdAt`, `main`.`HeThongSo`.`updatedAt` FROM `main`.`HeThongSo` WHERE 1=1 ORDER BY `main`.`HeThongSo`.`lop` ASC, `main`.`HeThongSo`.`ma` ASC LIMIT ? OFFSET ?
prisma:query SELECT `main`.`DonVi`.`id`, `main`.`DonVi`.`ten`, `main`.`DonVi`.`loai`, `main`.`DonVi`.`parentId`, `main`.`DonVi`.`createdAt` FROM `main`.`DonVi` WHERE `main`.`DonVi`.`id` IN (?,?,?,?) LIMIT ? OFFSET ?
 GET /api/he-thong 200 in 24ms (next.js: 3ms, application-code: 21ms)
 GET /kts/muc-tieu 200 in 17ms (next.js: 4ms, application-code: 13ms)
[browser] [React Flow]: It looks like you've created a new nodeTypes or edgeTypes object. If this wasn't on purpose please define the nodeTypes/edgeTypes outside of the component or memoize them. Help: https://reactflow.dev/error#002
[browser] [React Flow]: It looks like you've created a new nodeTypes or edgeTypes object. If this wasn't on purpose please define the nodeTypes/edgeTypes outside of the component or memoize them. Help: https://reactflow.dev/error#002
[browser] [React Flow]: Couldn't create edge for source handle id: "undefined", edge id: e-0. Help: https://reactflow.dev/error#008 (<anonymous>)
[browser] [React Flow]: Couldn't create edge for source handle id: "undefined", edge id: e-1. Help: https://reactflow.dev/error#008 (<anonymous>)
[browser] [React Flow]: Couldn't create edge for source handle id: "undefined", edge id: e-2. Help: https://reactflow.dev/error#008 (<anonymous>)
[browser] [React Flow]: Couldn't create edge for source handle id: "undefined", edge id: e-3. Help: https://reactflow.dev/error#008 (<anonymous>)
[browser] [React Flow]: Couldn't create edge for source handle id: "undefined", edge id: e-4. Help: https://reactflow.dev/error#008 (<anonymous>)
[browser] [React Flow]: Couldn't create edge for source handle id: "undefined", edge id: e-5. Help: https://reactflow.dev/error#008 (<anonymous>)
[browser] [React Flow]: Couldn't create edge for source handle id: "undefined", edge id: e-6. Help: https://reactflow.dev/error#008 (<anonymous>)
[browser] [React Flow]: Couldn't create edge for source handle id: "undefined", edge id: e-7. Help: https://reactflow.dev/error#008 (<anonymous>)
[browser] [React Flow]: Couldn't create edge for source handle id: "undefined", edge id: e-8. Help: https://reactflow.dev/error#008 (<anonymous>)
[browser] [React Flow]: Couldn't create edge for source handle id: "undefined", edge id: e-0. Help: https://reactflow.dev/error#008 (<anonymous>)
[browser] [React Flow]: Couldn't create edge for source handle id: "undefined", edge id: e-1. Help: https://reactflow.dev/error#008 (<anonymous>)
[browser] [React Flow]: Couldn't create edge for source handle id: "undefined", edge id: e-2. Help: https://reactflow.dev/error#008 (<anonymous>)
[browser] [React Flow]: Couldn't create edge for source handle id: "undefined", edge id: e-3. Help: https://reactflow.dev/error#008 (<anonymous>)
[browser] [React Flow]: Couldn't create edge for source handle id: "undefined", edge id: e-4. Help: https://reactflow.dev/error#008 (<anonymous>)
[browser] [React Flow]: Couldn't create edge for source handle id: "undefined", edge id: e-5. Help: https://reactflow.dev/error#008 (<anonymous>)
[browser] [React Flow]: Couldn't create edge for source handle id: "undefined", edge id: e-6. Help: https://reactflow.dev/error#008 (<anonymous>)
[browser] [React Flow]: Couldn't create edge for source handle id: "undefined", edge id: e-7. Help: https://reactflow.dev/error#008 (<anonymous>)
[browser] [React Flow]: Couldn't create edge for source handle id: "undefined", edge id: e-8. Help: https://reactflow.dev/error#008 (<anonymous>)
 GET /kts/lo-trinh 200 in 16ms (next.js: 3ms, application-code: 13ms)
prisma:query SELECT `main`.`NhiemVu`.`id`, `main`.`NhiemVu`.`ma`, `main`.`NhiemVu`.`ten`, `main`.`NhiemVu`.`moTa`, `main`.`NhiemVu`.`donViChuTriId`, `main`.`NhiemVu`.`uuTien`, `main`.`NhiemVu`.`thoiHan`, `main`.`NhiemVu`.`giaiDoan`, `main`.`NhiemVu`.`kpi`, `main`.`NhiemVu`.`nguonKiemChung`, `main`.`NhiemVu`.`trangThai`, `main`.`NhiemVu`.`tienDo`, `main`.`NhiemVu`.`lop`, `main`.`NhiemVu`.`phuongAnXuLy`, `main`.`NhiemVu`.`ghiChu`, `main`.`NhiemVu`.`createdAt`, `main`.`NhiemVu`.`updatedAt` FROM `main`.`NhiemVu` WHERE 1=1 ORDER BY `main`.`NhiemVu`.`uuTien` ASC, `main`.`NhiemVu`.`thoiHan` ASC LIMIT ? OFFSET ?
prisma:query SELECT `main`.`DonVi`.`id`, `main`.`DonVi`.`ten`, `main`.`DonVi`.`loai`, `main`.`DonVi`.`parentId`, `main`.`DonVi`.`createdAt` FROM `main`.`DonVi` WHERE `main`.`DonVi`.`id` IN (?,?) LIMIT ? OFFSET ?
 GET /api/nhiem-vu 200 in 9ms (next.js: 3ms, application-code: 6ms)
prisma:query SELECT `main`.`NhiemVu`.`id`, `main`.`NhiemVu`.`ma`, `main`.`NhiemVu`.`ten`, `main`.`NhiemVu`.`moTa`, `main`.`NhiemVu`.`donViChuTriId`, `main`.`NhiemVu`.`uuTien`, `main`.`NhiemVu`.`thoiHan`, `main`.`NhiemVu`.`giaiDoan`, `main`.`NhiemVu`.`kpi`, `main`.`NhiemVu`.`nguonKiemChung`, `main`.`NhiemVu`.`trangThai`, `main`.`NhiemVu`.`tienDo`, `main`.`NhiemVu`.`lop`, `main`.`NhiemVu`.`phuongAnXuLy`, `main`.`NhiemVu`.`ghiChu`, `main`.`NhiemVu`.`createdAt`, `main`.`NhiemVu`.`updatedAt` FROM `main`.`NhiemVu` WHERE 1=1 ORDER BY `main`.`NhiemVu`.`uuTien` ASC, `main`.`NhiemVu`.`thoiHan` ASC LIMIT ? OFFSET ?
prisma:query SELECT `main`.`DonVi`.`id`, `main`.`DonVi`.`ten`, `main`.`DonVi`.`loai`, `main`.`DonVi`.`parentId`, `main`.`DonVi`.`createdAt` FROM `main`.`DonVi` WHERE `main`.`DonVi`.`id` IN (?,?) LIMIT ? OFFSET ?
 GET /api/nhiem-vu 200 in 14ms (next.js: 5ms, application-code: 9ms)
 GET /kts/hien-trang 200 in 18ms (next.js: 5ms, application-code: 13ms)
prisma:query SELECT `main`.`HeThongSo`.`id`, `main`.`HeThongSo`.`ma`, `main`.`HeThongSo`.`ten`, `main`.`HeThongSo`.`loai`, `main`.`HeThongSo`.`lop`, `main`.`HeThongSo`.`moTa`, `main`.`HeThongSo`.`chuQuan`, `main`.`HeThongSo`.`trangThai`, `main`.`HeThongSo`.`namTrienKhai`, `main`.`HeThongSo`.`donViId`, `main`.`HeThongSo`.`createdAt`, `main`.`HeThongSo`.`updatedAt` FROM `main`.`HeThongSo` WHERE 1=1 ORDER BY `main`.`HeThongSo`.`lop` ASC, `main`.`HeThongSo`.`ma` ASC LIMIT ? OFFSET ?
prisma:query SELECT `main`.`DonVi`.`id`, `main`.`DonVi`.`ten`, `main`.`DonVi`.`loai`, `main`.`DonVi`.`parentId`, `main`.`DonVi`.`createdAt` FROM `main`.`DonVi` WHERE `main`.`DonVi`.`id` IN (?,?,?,?) LIMIT ? OFFSET ?
 GET /api/he-thong 200 in 22ms (next.js: 3ms, application-code: 19ms)
prisma:query SELECT `main`.`HeThongSo`.`id`, `main`.`HeThongSo`.`ma`, `main`.`HeThongSo`.`ten`, `main`.`HeThongSo`.`loai`, `main`.`HeThongSo`.`lop`, `main`.`HeThongSo`.`moTa`, `main`.`HeThongSo`.`chuQuan`, `main`.`HeThongSo`.`trangThai`, `main`.`HeThongSo`.`namTrienKhai`, `main`.`HeThongSo`.`donViId`, `main`.`HeThongSo`.`createdAt`, `main`.`HeThongSo`.`updatedAt` FROM `main`.`HeThongSo` WHERE 1=1 ORDER BY `main`.`HeThongSo`.`lop` ASC, `main`.`HeThongSo`.`ma` ASC LIMIT ? OFFSET ?
prisma:query SELECT `main`.`DonVi`.`id`, `main`.`DonVi`.`ten`, `main`.`DonVi`.`loai`, `main`.`DonVi`.`parentId`, `main`.`DonVi`.`createdAt` FROM `main`.`DonVi` WHERE `main`.`DonVi`.`id` IN (?,?,?,?) LIMIT ? OFFSET ?
 GET /api/he-thong 200 in 26ms (next.js: 3ms, application-code: 23ms)
 GET /kts/hien-trang 200 in 62ms (next.js: 16ms, application-code: 45ms)
prisma:query SELECT 1
prisma:query SELECT `main`.`HeThongSo`.`id`, `main`.`HeThongSo`.`ma`, `main`.`HeThongSo`.`ten`, `main`.`HeThongSo`.`loai`, `main`.`HeThongSo`.`lop`, `main`.`HeThongSo`.`moTa`, `main`.`HeThongSo`.`chuQuan`, `main`.`HeThongSo`.`trangThai`, `main`.`HeThongSo`.`namTrienKhai`, `main`.`HeThongSo`.`donViId`, `main`.`HeThongSo`.`createdAt`, `main`.`HeThongSo`.`updatedAt` FROM `main`.`HeThongSo` WHERE 1=1 ORDER BY `main`.`HeThongSo`.`lop` ASC, `main`.`HeThongSo`.`ma` ASC LIMIT ? OFFSET ?
prisma:query SELECT `main`.`DonVi`.`id`, `main`.`DonVi`.`ten`, `main`.`DonVi`.`loai`, `main`.`DonVi`.`parentId`, `main`.`DonVi`.`createdAt` FROM `main`.`DonVi` WHERE `main`.`DonVi`.`id` IN (?,?,?,?) LIMIT ? OFFSET ?
[browser] Warning: [antd: Spin] `tip` is deprecated. Please use `description` instead. 
 GET /api/he-thong 200 in 30ms (next.js: 3ms, application-code: 27ms)
prisma:query SELECT `main`.`HeThongSo`.`id`, `main`.`HeThongSo`.`ma`, `main`.`HeThongSo`.`ten`, `main`.`HeThongSo`.`loai`, `main`.`HeThongSo`.`lop`, `main`.`HeThongSo`.`moTa`, `main`.`HeThongSo`.`chuQuan`, `main`.`HeThongSo`.`trangThai`, `main`.`HeThongSo`.`namTrienKhai`, `main`.`HeThongSo`.`donViId`, `main`.`HeThongSo`.`createdAt`, `main`.`HeThongSo`.`updatedAt` FROM `main`.`HeThongSo` WHERE 1=1 ORDER BY `main`.`HeThongSo`.`lop` ASC, `main`.`HeThongSo`.`ma` ASC LIMIT ? OFFSET ?
prisma:query SELECT `main`.`DonVi`.`id`, `main`.`DonVi`.`ten`, `main`.`DonVi`.`loai`, `main`.`DonVi`.`parentId`, `main`.`DonVi`.`createdAt` FROM `main`.`DonVi` WHERE `main`.`DonVi`.`id` IN (?,?,?,?) LIMIT ? OFFSET ?
 GET /api/he-thong 200 in 31ms (next.js: 4ms, application-code: 27ms)
✓ Compiled in 342ms
✓ Compiled in 381ms
prisma:query SELECT 1
prisma:query SELECT `main`.`HeThongSo`.`id`, `main`.`HeThongSo`.`ma`, `main`.`HeThongSo`.`ten`, `main`.`HeThongSo`.`loai`, `main`.`HeThongSo`.`lop`, `main`.`HeThongSo`.`moTa`, `main`.`HeThongSo`.`chuQuan`, `main`.`HeThongSo`.`trangThai`, `main`.`HeThongSo`.`namTrienKhai`, `main`.`HeThongSo`.`donViId`, `main`.`HeThongSo`.`createdAt`, `main`.`HeThongSo`.`updatedAt` FROM `main`.`HeThongSo` WHERE 1=1 ORDER BY `main`.`HeThongSo`.`lop` ASC, `main`.`HeThongSo`.`ma` ASC LIMIT ? OFFSET ?
prisma:query SELECT `main`.`DonVi`.`id`, `main`.`DonVi`.`ten`, `main`.`DonVi`.`loai`, `main`.`DonVi`.`parentId`, `main`.`DonVi`.`createdAt` FROM `main`.`DonVi` WHERE `main`.`DonVi`.`id` IN (?,?,?,?) LIMIT ? OFFSET ?
 GET /api/he-thong 200 in 31ms (next.js: 3ms, application-code: 29ms)
 GET /kts/hien-trang 200 in 52ms (next.js: 20ms, application-code: 32ms)
prisma:query SELECT `main`.`HeThongSo`.`id`, `main`.`HeThongSo`.`ma`, `main`.`HeThongSo`.`ten`, `main`.`HeThongSo`.`loai`, `main`.`HeThongSo`.`lop`, `main`.`HeThongSo`.`moTa`, `main`.`HeThongSo`.`chuQuan`, `main`.`HeThongSo`.`trangThai`, `main`.`HeThongSo`.`namTrienKhai`, `main`.`HeThongSo`.`donViId`, `main`.`HeThongSo`.`createdAt`, `main`.`HeThongSo`.`updatedAt` FROM `main`.`HeThongSo` WHERE 1=1 ORDER BY `main`.`HeThongSo`.`lop` ASC, `main`.`HeThongSo`.`ma` ASC LIMIT ? OFFSET ?
prisma:query SELECT `main`.`DonVi`.`id`, `main`.`DonVi`.`ten`, `main`.`DonVi`.`loai`, `main`.`DonVi`.`parentId`, `main`.`DonVi`.`createdAt` FROM `main`.`DonVi` WHERE `main`.`DonVi`.`id` IN (?,?,?,?) LIMIT ? OFFSET ?
 GET /api/he-thong 200 in 23ms (next.js: 3ms, application-code: 21ms)
[browser] ./src/app/(portal)/kts/hien-trang/page.tsx:138:15
Error: Expected ';', '}' or <eof>
  136 |         </span>
  137 |       ),
> 138 |       children: <LopTab lop={lop} items={items} />,
      |               ^
  139 |     };
  140 |   });
  141 |

Parsing ecmascript source code failed

Import traces:
  Client Component Browser:
    ./src/app/(portal)/kts/hien-trang/page.tsx [Client Component Browser]
    ./src/app/(portal)/kts/hien-trang/page.tsx [Server Component]

  Client Component SSR:
    ./src/app/(portal)/kts/hien-trang/page.tsx [Client Component SSR]
    ./src/app/(portal)/kts/hien-trang/page.tsx [Server Component] 
[browser] Warning: [antd: Modal] `destroyOnClose` is deprecated. Please use `destroyOnHidden` instead. 
    at Array.forEach (<anonymous>) (<anonymous>)
[browser] Warning: [antd: Descriptions] `labelStyle` is deprecated. Please use `styles.label` instead. 
    at Array.forEach (<anonymous>) (<anonymous>)
 GET /kts/hien-trang 200 in 27ms (next.js: 7ms, application-code: 21ms)
✓ Compiled in 175ms
 GET /kts/hien-trang 200 in 32ms (next.js: 10ms, application-code: 21ms)
✓ Compiled in 71ms
 GET /kts/lo-trinh 200 in 24ms (next.js: 5ms, application-code: 19ms)
prisma:query SELECT 1
prisma:query SELECT `main`.`NhiemVu`.`id`, `main`.`NhiemVu`.`ma`, `main`.`NhiemVu`.`ten`, `main`.`NhiemVu`.`moTa`, `main`.`NhiemVu`.`donViChuTriId`, `main`.`NhiemVu`.`uuTien`, `main`.`NhiemVu`.`thoiHan`, `main`.`NhiemVu`.`giaiDoan`, `main`.`NhiemVu`.`kpi`, `main`.`NhiemVu`.`nguonKiemChung`, `main`.`NhiemVu`.`trangThai`, `main`.`NhiemVu`.`tienDo`, `main`.`NhiemVu`.`lop`, `main`.`NhiemVu`.`phuongAnXuLy`, `main`.`NhiemVu`.`ghiChu`, `main`.`NhiemVu`.`createdAt`, `main`.`NhiemVu`.`updatedAt` FROM `main`.`NhiemVu` WHERE 1=1 ORDER BY `main`.`NhiemVu`.`uuTien` ASC, `main`.`NhiemVu`.`thoiHan` ASC LIMIT ? OFFSET ?
prisma:query SELECT `main`.`DonVi`.`id`, `main`.`DonVi`.`ten`, `main`.`DonVi`.`loai`, `main`.`DonVi`.`parentId`, `main`.`DonVi`.`createdAt` FROM `main`.`DonVi` WHERE `main`.`DonVi`.`id` IN (?,?) LIMIT ? OFFSET ?
 GET /api/nhiem-vu 200 in 13ms (next.js: 3ms, application-code: 9ms)
prisma:query SELECT `main`.`NhiemVu`.`id`, `main`.`NhiemVu`.`ma`, `main`.`NhiemVu`.`ten`, `main`.`NhiemVu`.`moTa`, `main`.`NhiemVu`.`donViChuTriId`, `main`.`NhiemVu`.`uuTien`, `main`.`NhiemVu`.`thoiHan`, `main`.`NhiemVu`.`giaiDoan`, `main`.`NhiemVu`.`kpi`, `main`.`NhiemVu`.`nguonKiemChung`, `main`.`NhiemVu`.`trangThai`, `main`.`NhiemVu`.`tienDo`, `main`.`NhiemVu`.`lop`, `main`.`NhiemVu`.`phuongAnXuLy`, `main`.`NhiemVu`.`ghiChu`, `main`.`NhiemVu`.`createdAt`, `main`.`NhiemVu`.`updatedAt` FROM `main`.`NhiemVu` WHERE 1=1 ORDER BY `main`.`NhiemVu`.`uuTien` ASC, `main`.`NhiemVu`.`thoiHan` ASC LIMIT ? OFFSET ?
prisma:query SELECT `main`.`DonVi`.`id`, `main`.`DonVi`.`ten`, `main`.`DonVi`.`loai`, `main`.`DonVi`.`parentId`, `main`.`DonVi`.`createdAt` FROM `main`.`DonVi` WHERE `main`.`DonVi`.`id` IN (?,?) LIMIT ? OFFSET ?
 GET /api/nhiem-vu 200 in 13ms (next.js: 5ms, application-code: 8ms)
 GET /kts/muc-tieu 200 in 24ms (next.js: 8ms, application-code: 16ms)
[browser] Warning: [antd: Card] `bodyStyle` is deprecated. Please use `styles.body` instead. 
    at Array.forEach (<anonymous>) (<anonymous>)
[browser] [React Flow]: It looks like you've created a new nodeTypes or edgeTypes object. If this wasn't on purpose please define the nodeTypes/edgeTypes outside of the component or memoize them. Help: https://reactflow.dev/error#002
[browser] [React Flow]: It looks like you've created a new nodeTypes or edgeTypes object. If this wasn't on purpose please define the nodeTypes/edgeTypes outside of the component or memoize them. Help: https://reactflow.dev/error#002
[browser] [React Flow]: Couldn't create edge for source handle id: "undefined", edge id: e-0. Help: https://reactflow.dev/error#008 (<anonymous>)
[browser] [React Flow]: Couldn't create edge for source handle id: "undefined", edge id: e-1. Help: https://reactflow.dev/error#008 (<anonymous>)
[browser] [React Flow]: Couldn't create edge for source handle id: "undefined", edge id: e-2. Help: https://reactflow.dev/error#008 (<anonymous>)
[browser] [React Flow]: Couldn't create edge for source handle id: "undefined", edge id: e-3. Help: https://reactflow.dev/error#008 (<anonymous>)
[browser] [React Flow]: Couldn't create edge for source handle id: "undefined", edge id: e-4. Help: https://reactflow.dev/error#008 (<anonymous>)
[browser] [React Flow]: Couldn't create edge for source handle id: "undefined", edge id: e-5. Help: https://reactflow.dev/error#008 (<anonymous>)
[browser] [React Flow]: Couldn't create edge for source handle id: "undefined", edge id: e-6. Help: https://reactflow.dev/error#008 (<anonymous>)
[browser] [React Flow]: Couldn't create edge for source handle id: "undefined", edge id: e-7. Help: https://reactflow.dev/error#008 (<anonymous>)
[browser] [React Flow]: Couldn't create edge for source handle id: "undefined", edge id: e-8. Help: https://reactflow.dev/error#008 (<anonymous>)
[browser] [React Flow]: Couldn't create edge for source handle id: "undefined", edge id: e-0. Help: https://reactflow.dev/error#008 (<anonymous>)
[browser] [React Flow]: Couldn't create edge for source handle id: "undefined", edge id: e-1. Help: https://reactflow.dev/error#008 (<anonymous>)
[browser] [React Flow]: Couldn't create edge for source handle id: "undefined", edge id: e-2. Help: https://reactflow.dev/error#008 (<anonymous>)
[browser] [React Flow]: Couldn't create edge for source handle id: "undefined", edge id: e-3. Help: https://reactflow.dev/error#008 (<anonymous>)
[browser] [React Flow]: Couldn't create edge for source handle id: "undefined", edge id: e-4. Help: https://reactflow.dev/error#008 (<anonymous>)
[browser] [React Flow]: Couldn't create edge for source handle id: "undefined", edge id: e-5. Help: https://reactflow.dev/error#008 (<anonymous>)
[browser] [React Flow]: Couldn't create edge for source handle id: "undefined", edge id: e-6. Help: https://reactflow.dev/error#008 (<anonymous>)
[browser] [React Flow]: Couldn't create edge for source handle id: "undefined", edge id: e-7. Help: https://reactflow.dev/error#008 (<anonymous>)
[browser] [React Flow]: Couldn't create edge for source handle id: "undefined", edge id: e-8. Help: https://reactflow.dev/error#008 (<anonymous>)
 GET /kts/hien-trang 200 in 21ms (next.js: 6ms, application-code: 15ms)
prisma:query SELECT 1
prisma:query SELECT `main`.`HeThongSo`.`id`, `main`.`HeThongSo`.`ma`, `main`.`HeThongSo`.`ten`, `main`.`HeThongSo`.`loai`, `main`.`HeThongSo`.`lop`, `main`.`HeThongSo`.`moTa`, `main`.`HeThongSo`.`chuQuan`, `main`.`HeThongSo`.`trangThai`, `main`.`HeThongSo`.`namTrienKhai`, `main`.`HeThongSo`.`donViId`, `main`.`HeThongSo`.`createdAt`, `main`.`HeThongSo`.`updatedAt` FROM `main`.`HeThongSo` WHERE 1=1 ORDER BY `main`.`HeThongSo`.`lop` ASC, `main`.`HeThongSo`.`ma` ASC LIMIT ? OFFSET ?
prisma:query SELECT `main`.`DonVi`.`id`, `main`.`DonVi`.`ten`, `main`.`DonVi`.`loai`, `main`.`DonVi`.`parentId`, `main`.`DonVi`.`createdAt` FROM `main`.`DonVi` WHERE `main`.`DonVi`.`id` IN (?,?,?,?) LIMIT ? OFFSET ?
 GET /api/he-thong 200 in 27ms (next.js: 4ms, application-code: 23ms)
prisma:query SELECT `main`.`HeThongSo`.`id`, `main`.`HeThongSo`.`ma`, `main`.`HeThongSo`.`ten`, `main`.`HeThongSo`.`loai`, `main`.`HeThongSo`.`lop`, `main`.`HeThongSo`.`moTa`, `main`.`HeThongSo`.`chuQuan`, `main`.`HeThongSo`.`trangThai`, `main`.`HeThongSo`.`namTrienKhai`, `main`.`HeThongSo`.`donViId`, `main`.`HeThongSo`.`createdAt`, `main`.`HeThongSo`.`updatedAt` FROM `main`.`HeThongSo` WHERE 1=1 ORDER BY `main`.`HeThongSo`.`lop` ASC, `main`.`HeThongSo`.`ma` ASC LIMIT ? OFFSET ?
prisma:query SELECT `main`.`DonVi`.`id`, `main`.`DonVi`.`ten`, `main`.`DonVi`.`loai`, `main`.`DonVi`.`parentId`, `main`.`DonVi`.`createdAt` FROM `main`.`DonVi` WHERE `main`.`DonVi`.`id` IN (?,?,?,?) LIMIT ? OFFSET ?
 GET /api/he-thong 200 in 24ms (next.js: 3ms, application-code: 22ms)
 GET /kts/muc-tieu 200 in 18ms (next.js: 5ms, application-code: 14ms)
[browser] [React Flow]: It looks like you've created a new nodeTypes or edgeTypes object. If this wasn't on purpose please define the nodeTypes/edgeTypes outside of the component or memoize them. Help: https://reactflow.dev/error#002
[browser] [React Flow]: It looks like you've created a new nodeTypes or edgeTypes object. If this wasn't on purpose please define the nodeTypes/edgeTypes outside of the component or memoize them. Help: https://reactflow.dev/error#002
[browser] [React Flow]: Couldn't create edge for source handle id: "undefined", edge id: e-0. Help: https://reactflow.dev/error#008 (<anonymous>)
[browser] [React Flow]: Couldn't create edge for source handle id: "undefined", edge id: e-1. Help: https://reactflow.dev/error#008 (<anonymous>)
[browser] [React Flow]: Couldn't create edge for source handle id: "undefined", edge id: e-2. Help: https://reactflow.dev/error#008 (<anonymous>)
[browser] [React Flow]: Couldn't create edge for source handle id: "undefined", edge id: e-3. Help: https://reactflow.dev/error#008 (<anonymous>)
[browser] [React Flow]: Couldn't create edge for source handle id: "undefined", edge id: e-4. Help: https://reactflow.dev/error#008 (<anonymous>)
[browser] [React Flow]: Couldn't create edge for source handle id: "undefined", edge id: e-5. Help: https://reactflow.dev/error#008 (<anonymous>)
[browser] [React Flow]: Couldn't create edge for source handle id: "undefined", edge id: e-6. Help: https://reactflow.dev/error#008 (<anonymous>)
[browser] [React Flow]: Couldn't create edge for source handle id: "undefined", edge id: e-7. Help: https://reactflow.dev/error#008 (<anonymous>)
[browser] [React Flow]: Couldn't create edge for source handle id: "undefined", edge id: e-8. Help: https://reactflow.dev/error#008 (<anonymous>)
[browser] [React Flow]: Couldn't create edge for source handle id: "undefined", edge id: e-0. Help: https://reactflow.dev/error#008 (<anonymous>)
[browser] [React Flow]: Couldn't create edge for source handle id: "undefined", edge id: e-1. Help: https://reactflow.dev/error#008 (<anonymous>)
[browser] [React Flow]: Couldn't create edge for source handle id: "undefined", edge id: e-2. Help: https://reactflow.dev/error#008 (<anonymous>)
[browser] [React Flow]: Couldn't create edge for source handle id: "undefined", edge id: e-3. Help: https://reactflow.dev/error#008 (<anonymous>)
[browser] [React Flow]: Couldn't create edge for source handle id: "undefined", edge id: e-4. Help: https://reactflow.dev/error#008 (<anonymous>)
[browser] [React Flow]: Couldn't create edge for source handle id: "undefined", edge id: e-5. Help: https://reactflow.dev/error#008 (<anonymous>)
[browser] [React Flow]: Couldn't create edge for source handle id: "undefined", edge id: e-6. Help: https://reactflow.dev/error#008 (<anonymous>)
[browser] [React Flow]: Couldn't create edge for source handle id: "undefined", edge id: e-7. Help: https://reactflow.dev/error#008 (<anonymous>)
[browser] [React Flow]: Couldn't create edge for source handle id: "undefined", edge id: e-8. Help: https://reactflow.dev/error#008 (<anonymous>)
 GET /kts/lo-trinh 200 in 18ms (next.js: 5ms, application-code: 13ms)
prisma:query SELECT 1
prisma:query SELECT `main`.`NhiemVu`.`id`, `main`.`NhiemVu`.`ma`, `main`.`NhiemVu`.`ten`, `main`.`NhiemVu`.`moTa`, `main`.`NhiemVu`.`donViChuTriId`, `main`.`NhiemVu`.`uuTien`, `main`.`NhiemVu`.`thoiHan`, `main`.`NhiemVu`.`giaiDoan`, `main`.`NhiemVu`.`kpi`, `main`.`NhiemVu`.`nguonKiemChung`, `main`.`NhiemVu`.`trangThai`, `main`.`NhiemVu`.`tienDo`, `main`.`NhiemVu`.`lop`, `main`.`NhiemVu`.`phuongAnXuLy`, `main`.`NhiemVu`.`ghiChu`, `main`.`NhiemVu`.`createdAt`, `main`.`NhiemVu`.`updatedAt` FROM `main`.`NhiemVu` WHERE 1=1 ORDER BY `main`.`NhiemVu`.`uuTien` ASC, `main`.`NhiemVu`.`thoiHan` ASC LIMIT ? OFFSET ?
prisma:query SELECT `main`.`DonVi`.`id`, `main`.`DonVi`.`ten`, `main`.`DonVi`.`loai`, `main`.`DonVi`.`parentId`, `main`.`DonVi`.`createdAt` FROM `main`.`DonVi` WHERE `main`.`DonVi`.`id` IN (?,?) LIMIT ? OFFSET ?
 GET /api/nhiem-vu 200 in 12ms (next.js: 3ms, application-code: 10ms)
prisma:query SELECT `main`.`NhiemVu`.`id`, `main`.`NhiemVu`.`ma`, `main`.`NhiemVu`.`ten`, `main`.`NhiemVu`.`moTa`, `main`.`NhiemVu`.`donViChuTriId`, `main`.`NhiemVu`.`uuTien`, `main`.`NhiemVu`.`thoiHan`, `main`.`NhiemVu`.`giaiDoan`, `main`.`NhiemVu`.`kpi`, `main`.`NhiemVu`.`nguonKiemChung`, `main`.`NhiemVu`.`trangThai`, `main`.`NhiemVu`.`tienDo`, `main`.`NhiemVu`.`lop`, `main`.`NhiemVu`.`phuongAnXuLy`, `main`.`NhiemVu`.`ghiChu`, `main`.`NhiemVu`.`createdAt`, `main`.`NhiemVu`.`updatedAt` FROM `main`.`NhiemVu` WHERE 1=1 ORDER BY `main`.`NhiemVu`.`uuTien` ASC, `main`.`NhiemVu`.`thoiHan` ASC LIMIT ? OFFSET ?
prisma:query SELECT `main`.`DonVi`.`id`, `main`.`DonVi`.`ten`, `main`.`DonVi`.`loai`, `main`.`DonVi`.`parentId`, `main`.`DonVi`.`createdAt` FROM `main`.`DonVi` WHERE `main`.`DonVi`.`id` IN (?,?) LIMIT ? OFFSET ?
 GET /api/nhiem-vu 200 in 11ms (next.js: 4ms, application-code: 7ms)
 GET /dashboard 200 in 28ms (next.js: 11ms, application-code: 17ms)
prisma:query SELECT 1
prisma:query SELECT `main`.`NhiemVu`.`id`, `main`.`NhiemVu`.`ma`, `main`.`NhiemVu`.`ten`, `main`.`NhiemVu`.`moTa`, `main`.`NhiemVu`.`donViChuTriId`, `main`.`NhiemVu`.`uuTien`, `main`.`NhiemVu`.`thoiHan`, `main`.`NhiemVu`.`giaiDoan`, `main`.`NhiemVu`.`kpi`, `main`.`NhiemVu`.`nguonKiemChung`, `main`.`NhiemVu`.`trangThai`, `main`.`NhiemVu`.`tienDo`, `main`.`NhiemVu`.`lop`, `main`.`NhiemVu`.`phuongAnXuLy`, `main`.`NhiemVu`.`ghiChu`, `main`.`NhiemVu`.`createdAt`, `main`.`NhiemVu`.`updatedAt` FROM `main`.`NhiemVu` WHERE 1=1 LIMIT ? OFFSET ?
prisma:query SELECT `main`.`DonVi`.`id`, `main`.`DonVi`.`ten`, `main`.`DonVi`.`loai`, `main`.`DonVi`.`parentId`, `main`.`DonVi`.`createdAt` FROM `main`.`DonVi` WHERE `main`.`DonVi`.`id` IN (?,?) LIMIT ? OFFSET ?
prisma:query SELECT `main`.`HeThongSo`.`id`, `main`.`HeThongSo`.`ma`, `main`.`HeThongSo`.`ten`, `main`.`HeThongSo`.`loai`, `main`.`HeThongSo`.`lop`, `main`.`HeThongSo`.`moTa`, `main`.`HeThongSo`.`chuQuan`, `main`.`HeThongSo`.`trangThai`, `main`.`HeThongSo`.`namTrienKhai`, `main`.`HeThongSo`.`donViId`, `main`.`HeThongSo`.`createdAt`, `main`.`HeThongSo`.`updatedAt` FROM `main`.`HeThongSo` WHERE 1=1 LIMIT ? OFFSET ?
 GET /api/dashboard/stats 200 in 13ms (next.js: 3ms, application-code: 10ms)
prisma:query SELECT `main`.`HeThongSo`.`id`, `main`.`HeThongSo`.`ma`, `main`.`HeThongSo`.`ten`, `main`.`HeThongSo`.`loai`, `main`.`HeThongSo`.`lop`, `main`.`HeThongSo`.`moTa`, `main`.`HeThongSo`.`chuQuan`, `main`.`HeThongSo`.`trangThai`, `main`.`HeThongSo`.`namTrienKhai`, `main`.`HeThongSo`.`donViId`, `main`.`HeThongSo`.`createdAt`, `main`.`HeThongSo`.`updatedAt` FROM `main`.`HeThongSo` WHERE 1=1 LIMIT ? OFFSET ?
prisma:query SELECT `main`.`NhiemVu`.`id`, `main`.`NhiemVu`.`ma`, `main`.`NhiemVu`.`ten`, `main`.`NhiemVu`.`moTa`, `main`.`NhiemVu`.`donViChuTriId`, `main`.`NhiemVu`.`uuTien`, `main`.`NhiemVu`.`thoiHan`, `main`.`NhiemVu`.`giaiDoan`, `main`.`NhiemVu`.`kpi`, `main`.`NhiemVu`.`nguonKiemChung`, `main`.`NhiemVu`.`trangThai`, `main`.`NhiemVu`.`tienDo`, `main`.`NhiemVu`.`lop`, `main`.`NhiemVu`.`phuongAnXuLy`, `main`.`NhiemVu`.`ghiChu`, `main`.`NhiemVu`.`createdAt`, `main`.`NhiemVu`.`updatedAt` FROM `main`.`NhiemVu` WHERE 1=1 LIMIT ? OFFSET ?
prisma:query SELECT `main`.`DonVi`.`id`, `main`.`DonVi`.`ten`, `main`.`DonVi`.`loai`, `main`.`DonVi`.`parentId`, `main`.`DonVi`.`createdAt` FROM `main`.`DonVi` WHERE `main`.`DonVi`.`id` IN (?,?) LIMIT ? OFFSET ?
 GET /api/dashboard/stats 200 in 21ms (next.js: 2ms, application-code: 19ms)
[browser] Warning: [antd: Statistic] `valueStyle` is deprecated. Please use `styles.content` instead. 
    at Array.forEach (<anonymous>) (<anonymous>)
[browser] Warning: [antd: Progress] `trailColor` is deprecated. Please use `railColor` instead. 
    at Array.forEach (<anonymous>) (<anonymous>)
[browser] Warning: [antd: Progress] `strokeWidth` is deprecated. Please use `size` instead. 
[browser] Warning: [antd: Card] `headStyle` is deprecated. Please use `styles.header` instead. 
    at Array.forEach (<anonymous>) (<anonymous>)
 GET /admin/he-thong 200 in 67ms (next.js: 9ms, application-code: 57ms)
[browser] Warning: [antd: Spin] `tip` is deprecated. Please use `description` instead. 
 GET /api/auth/session 200 in 26ms (next.js: 10ms, application-code: 16ms)
 GET /api/auth/session 200 in 13ms (next.js: 3ms, application-code: 11ms)
prisma:query SELECT `main`.`HeThongSo`.`id`, `main`.`HeThongSo`.`ma`, `main`.`HeThongSo`.`ten`, `main`.`HeThongSo`.`loai`, `main`.`HeThongSo`.`lop`, `main`.`HeThongSo`.`moTa`, `main`.`HeThongSo`.`chuQuan`, `main`.`HeThongSo`.`trangThai`, `main`.`HeThongSo`.`namTrienKhai`, `main`.`HeThongSo`.`donViId`, `main`.`HeThongSo`.`createdAt`, `main`.`HeThongSo`.`updatedAt` FROM `main`.`HeThongSo` WHERE 1=1 ORDER BY `main`.`HeThongSo`.`lop` ASC, `main`.`HeThongSo`.`ma` ASC LIMIT ? OFFSET ?
prisma:query SELECT `main`.`DonVi`.`id`, `main`.`DonVi`.`ten`, `main`.`DonVi`.`loai`, `main`.`DonVi`.`parentId`, `main`.`DonVi`.`createdAt` FROM `main`.`DonVi` WHERE `main`.`DonVi`.`id` IN (?,?,?,?) LIMIT ? OFFSET ?
prisma:query SELECT `main`.`DonVi`.`id`, `main`.`DonVi`.`ten`, `main`.`DonVi`.`loai`, `main`.`DonVi`.`parentId`, `main`.`DonVi`.`createdAt` FROM `main`.`DonVi` WHERE 1=1 ORDER BY `main`.`DonVi`.`loai` ASC, `main`.`DonVi`.`ten` ASC LIMIT ? OFFSET ?
 GET /api/don-vi 200 in 26ms (next.js: 12ms, application-code: 14ms)
 GET /api/he-thong 200 in 35ms (next.js: 4ms, application-code: 31ms)
prisma:query SELECT `main`.`DonVi`.`id`, `main`.`DonVi`.`ten`, `main`.`DonVi`.`loai`, `main`.`DonVi`.`parentId`, `main`.`DonVi`.`createdAt` FROM `main`.`DonVi` WHERE 1=1 ORDER BY `main`.`DonVi`.`loai` ASC, `main`.`DonVi`.`ten` ASC LIMIT ? OFFSET ?
 GET /api/don-vi 200 in 21ms (next.js: 5ms, application-code: 16ms)
prisma:query SELECT `main`.`HeThongSo`.`id`, `main`.`HeThongSo`.`ma`, `main`.`HeThongSo`.`ten`, `main`.`HeThongSo`.`loai`, `main`.`HeThongSo`.`lop`, `main`.`HeThongSo`.`moTa`, `main`.`HeThongSo`.`chuQuan`, `main`.`HeThongSo`.`trangThai`, `main`.`HeThongSo`.`namTrienKhai`, `main`.`HeThongSo`.`donViId`, `main`.`HeThongSo`.`createdAt`, `main`.`HeThongSo`.`updatedAt` FROM `main`.`HeThongSo` WHERE 1=1 ORDER BY `main`.`HeThongSo`.`lop` ASC, `main`.`HeThongSo`.`ma` ASC LIMIT ? OFFSET ?
prisma:query SELECT `main`.`DonVi`.`id`, `main`.`DonVi`.`ten`, `main`.`DonVi`.`loai`, `main`.`DonVi`.`parentId`, `main`.`DonVi`.`createdAt` FROM `main`.`DonVi` WHERE `main`.`DonVi`.`id` IN (?,?,?,?) LIMIT ? OFFSET ?
 GET /api/he-thong 200 in 43ms (next.js: 12ms, application-code: 31ms)
 GET /api/auth/session 200 in 34ms (next.js: 6ms, application-code: 28ms)
 GET /api/auth/session 200 in 17ms (next.js: 4ms, application-code: 12ms)
 GET /admin/nhiem-vu 200 in 22ms (next.js: 5ms, application-code: 18ms)
prisma:query SELECT `main`.`NhiemVu`.`id`, `main`.`NhiemVu`.`ma`, `main`.`NhiemVu`.`ten`, `main`.`NhiemVu`.`moTa`, `main`.`NhiemVu`.`donViChuTriId`, `main`.`NhiemVu`.`uuTien`, `main`.`NhiemVu`.`thoiHan`, `main`.`NhiemVu`.`giaiDoan`, `main`.`NhiemVu`.`kpi`, `main`.`NhiemVu`.`nguonKiemChung`, `main`.`NhiemVu`.`trangThai`, `main`.`NhiemVu`.`tienDo`, `main`.`NhiemVu`.`lop`, `main`.`NhiemVu`.`phuongAnXuLy`, `main`.`NhiemVu`.`ghiChu`, `main`.`NhiemVu`.`createdAt`, `main`.`NhiemVu`.`updatedAt` FROM `main`.`NhiemVu` WHERE 1=1 ORDER BY `main`.`NhiemVu`.`uuTien` ASC, `main`.`NhiemVu`.`thoiHan` ASC LIMIT ? OFFSET ?
prisma:query SELECT `main`.`DonVi`.`id`, `main`.`DonVi`.`ten`, `main`.`DonVi`.`loai`, `main`.`DonVi`.`parentId`, `main`.`DonVi`.`createdAt` FROM `main`.`DonVi` WHERE `main`.`DonVi`.`id` IN (?,?) LIMIT ? OFFSET ?
 GET /api/nhiem-vu 200 in 16ms (next.js: 3ms, application-code: 13ms)
prisma:query SELECT `main`.`DonVi`.`id`, `main`.`DonVi`.`ten`, `main`.`DonVi`.`loai`, `main`.`DonVi`.`parentId`, `main`.`DonVi`.`createdAt` FROM `main`.`DonVi` WHERE 1=1 ORDER BY `main`.`DonVi`.`loai` ASC, `main`.`DonVi`.`ten` ASC LIMIT ? OFFSET ?
 GET /api/don-vi 200 in 17ms (next.js: 9ms, application-code: 8ms)
prisma:query SELECT `main`.`NhiemVu`.`id`, `main`.`NhiemVu`.`ma`, `main`.`NhiemVu`.`ten`, `main`.`NhiemVu`.`moTa`, `main`.`NhiemVu`.`donViChuTriId`, `main`.`NhiemVu`.`uuTien`, `main`.`NhiemVu`.`thoiHan`, `main`.`NhiemVu`.`giaiDoan`, `main`.`NhiemVu`.`kpi`, `main`.`NhiemVu`.`nguonKiemChung`, `main`.`NhiemVu`.`trangThai`, `main`.`NhiemVu`.`tienDo`, `main`.`NhiemVu`.`lop`, `main`.`NhiemVu`.`phuongAnXuLy`, `main`.`NhiemVu`.`ghiChu`, `main`.`NhiemVu`.`createdAt`, `main`.`NhiemVu`.`updatedAt` FROM `main`.`NhiemVu` WHERE 1=1 ORDER BY `main`.`NhiemVu`.`uuTien` ASC, `main`.`NhiemVu`.`thoiHan` ASC LIMIT ? OFFSET ?
prisma:query SELECT `main`.`DonVi`.`id`, `main`.`DonVi`.`ten`, `main`.`DonVi`.`loai`, `main`.`DonVi`.`parentId`, `main`.`DonVi`.`createdAt` FROM `main`.`DonVi` WHERE `main`.`DonVi`.`id` IN (?,?) LIMIT ? OFFSET ?
 GET /api/nhiem-vu 200 in 13ms (next.js: 3ms, application-code: 10ms)
prisma:query SELECT `main`.`DonVi`.`id`, `main`.`DonVi`.`ten`, `main`.`DonVi`.`loai`, `main`.`DonVi`.`parentId`, `main`.`DonVi`.`createdAt` FROM `main`.`DonVi` WHERE 1=1 ORDER BY `main`.`DonVi`.`loai` ASC, `main`.`DonVi`.`ten` ASC LIMIT ? OFFSET ?
 GET /api/don-vi 200 in 13ms (next.js: 8ms, application-code: 6ms)
 GET /admin/he-thong 200 in 20ms (next.js: 4ms, application-code: 16ms)
prisma:query SELECT `main`.`DonVi`.`id`, `main`.`DonVi`.`ten`, `main`.`DonVi`.`loai`, `main`.`DonVi`.`parentId`, `main`.`DonVi`.`createdAt` FROM `main`.`DonVi` WHERE 1=1 ORDER BY `main`.`DonVi`.`loai` ASC, `main`.`DonVi`.`ten` ASC LIMIT ? OFFSET ?
 GET /api/don-vi 200 in 13ms (next.js: 3ms, application-code: 10ms)
prisma:query SELECT `main`.`HeThongSo`.`id`, `main`.`HeThongSo`.`ma`, `main`.`HeThongSo`.`ten`, `main`.`HeThongSo`.`loai`, `main`.`HeThongSo`.`lop`, `main`.`HeThongSo`.`moTa`, `main`.`HeThongSo`.`chuQuan`, `main`.`HeThongSo`.`trangThai`, `main`.`HeThongSo`.`namTrienKhai`, `main`.`HeThongSo`.`donViId`, `main`.`HeThongSo`.`createdAt`, `main`.`HeThongSo`.`updatedAt` FROM `main`.`HeThongSo` WHERE 1=1 ORDER BY `main`.`HeThongSo`.`lop` ASC, `main`.`HeThongSo`.`ma` ASC LIMIT ? OFFSET ?
prisma:query SELECT `main`.`DonVi`.`id`, `main`.`DonVi`.`ten`, `main`.`DonVi`.`loai`, `main`.`DonVi`.`parentId`, `main`.`DonVi`.`createdAt` FROM `main`.`DonVi` WHERE `main`.`DonVi`.`id` IN (?,?,?,?) LIMIT ? OFFSET ?
 GET /api/he-thong 200 in 29ms (next.js: 8ms, application-code: 20ms)
prisma:query SELECT `main`.`DonVi`.`id`, `main`.`DonVi`.`ten`, `main`.`DonVi`.`loai`, `main`.`DonVi`.`parentId`, `main`.`DonVi`.`createdAt` FROM `main`.`DonVi` WHERE 1=1 ORDER BY `main`.`DonVi`.`loai` ASC, `main`.`DonVi`.`ten` ASC LIMIT ? OFFSET ?
 GET /api/don-vi 200 in 16ms (next.js: 4ms, application-code: 12ms)
prisma:query SELECT `main`.`HeThongSo`.`id`, `main`.`HeThongSo`.`ma`, `main`.`HeThongSo`.`ten`, `main`.`HeThongSo`.`loai`, `main`.`HeThongSo`.`lop`, `main`.`HeThongSo`.`moTa`, `main`.`HeThongSo`.`chuQuan`, `main`.`HeThongSo`.`trangThai`, `main`.`HeThongSo`.`namTrienKhai`, `main`.`HeThongSo`.`donViId`, `main`.`HeThongSo`.`createdAt`, `main`.`HeThongSo`.`updatedAt` FROM `main`.`HeThongSo` WHERE 1=1 ORDER BY `main`.`HeThongSo`.`lop` ASC, `main`.`HeThongSo`.`ma` ASC LIMIT ? OFFSET ?
prisma:query SELECT `main`.`DonVi`.`id`, `main`.`DonVi`.`ten`, `main`.`DonVi`.`loai`, `main`.`DonVi`.`parentId`, `main`.`DonVi`.`createdAt` FROM `main`.`DonVi` WHERE `main`.`DonVi`.`id` IN (?,?,?,?) LIMIT ? OFFSET ?
 GET /api/he-thong 200 in 26ms (next.js: 3ms, application-code: 23ms)
 GET /api/auth/session 200 in 26ms (next.js: 16ms, application-code: 11ms)
 GET /api/auth/session 200 in 17ms (next.js: 4ms, application-code: 13ms)
 GET /api/auth/session 200 in 28ms (next.js: 18ms, application-code: 10ms)
 GET /api/auth/session 200 in 13ms (next.js: 2ms, application-code: 10ms)
 GET /api/auth/session 200 in 15ms (next.js: 8ms, application-code: 8ms)
 GET /api/auth/session 200 in 14ms (next.js: 3ms, application-code: 10ms)
 GET /api/auth/session 200 in 24ms (next.js: 14ms, application-code: 10ms)
 GET /api/auth/session 200 in 12ms (next.js: 3ms, application-code: 9ms)
 GET /api/auth/session 200 in 23ms (next.js: 12ms, application-code: 12ms)
 GET /api/auth/session 200 in 14ms (next.js: 3ms, application-code: 11ms)
 GET /admin 200 in 20ms (next.js: 7ms, application-code: 13ms)
 GET /dashboard 200 in 55ms (next.js: 5ms, application-code: 50ms)
 GET /dashboard 200 in 65ms (next.js: 9ms, application-code: 57ms)
prisma:query SELECT 1
prisma:query SELECT 1
prisma:query SELECT `main`.`HeThongSo`.`id`, `main`.`HeThongSo`.`ma`, `main`.`HeThongSo`.`ten`, `main`.`HeThongSo`.`loai`, `main`.`HeThongSo`.`lop`, `main`.`HeThongSo`.`moTa`, `main`.`HeThongSo`.`chuQuan`, `main`.`HeThongSo`.`trangThai`, `main`.`HeThongSo`.`namTrienKhai`, `main`.`HeThongSo`.`donViId`, `main`.`HeThongSo`.`createdAt`, `main`.`HeThongSo`.`updatedAt` FROM `main`.`HeThongSo` WHERE 1=1 LIMIT ? OFFSET ?
prisma:query SELECT `main`.`NhiemVu`.`id`, `main`.`NhiemVu`.`ma`, `main`.`NhiemVu`.`ten`, `main`.`NhiemVu`.`moTa`, `main`.`NhiemVu`.`donViChuTriId`, `main`.`NhiemVu`.`uuTien`, `main`.`NhiemVu`.`thoiHan`, `main`.`NhiemVu`.`giaiDoan`, `main`.`NhiemVu`.`kpi`, `main`.`NhiemVu`.`nguonKiemChung`, `main`.`NhiemVu`.`trangThai`, `main`.`NhiemVu`.`tienDo`, `main`.`NhiemVu`.`lop`, `main`.`NhiemVu`.`phuongAnXuLy`, `main`.`NhiemVu`.`ghiChu`, `main`.`NhiemVu`.`createdAt`, `main`.`NhiemVu`.`updatedAt` FROM `main`.`NhiemVu` WHERE 1=1 LIMIT ? OFFSET ?
prisma:query SELECT `main`.`DonVi`.`id`, `main`.`DonVi`.`ten`, `main`.`DonVi`.`loai`, `main`.`DonVi`.`parentId`, `main`.`DonVi`.`createdAt` FROM `main`.`DonVi` WHERE `main`.`DonVi`.`id` IN (?,?) LIMIT ? OFFSET ?
 GET /api/dashboard/stats 200 in 26ms (next.js: 4ms, application-code: 22ms)
prisma:query SELECT `main`.`NhiemVu`.`id`, `main`.`NhiemVu`.`ma`, `main`.`NhiemVu`.`ten`, `main`.`NhiemVu`.`moTa`, `main`.`NhiemVu`.`donViChuTriId`, `main`.`NhiemVu`.`uuTien`, `main`.`NhiemVu`.`thoiHan`, `main`.`NhiemVu`.`giaiDoan`, `main`.`NhiemVu`.`kpi`, `main`.`NhiemVu`.`nguonKiemChung`, `main`.`NhiemVu`.`trangThai`, `main`.`NhiemVu`.`tienDo`, `main`.`NhiemVu`.`lop`, `main`.`NhiemVu`.`phuongAnXuLy`, `main`.`NhiemVu`.`ghiChu`, `main`.`NhiemVu`.`createdAt`, `main`.`NhiemVu`.`updatedAt` FROM `main`.`NhiemVu` WHERE 1=1 LIMIT ? OFFSET ?
prisma:query SELECT `main`.`DonVi`.`id`, `main`.`DonVi`.`ten`, `main`.`DonVi`.`loai`, `main`.`DonVi`.`parentId`, `main`.`DonVi`.`createdAt` FROM `main`.`DonVi` WHERE `main`.`DonVi`.`id` IN (?,?) LIMIT ? OFFSET ?
prisma:query SELECT `main`.`HeThongSo`.`id`, `main`.`HeThongSo`.`ma`, `main`.`HeThongSo`.`ten`, `main`.`HeThongSo`.`loai`, `main`.`HeThongSo`.`lop`, `main`.`HeThongSo`.`moTa`, `main`.`HeThongSo`.`chuQuan`, `main`.`HeThongSo`.`trangThai`, `main`.`HeThongSo`.`namTrienKhai`, `main`.`HeThongSo`.`donViId`, `main`.`HeThongSo`.`createdAt`, `main`.`HeThongSo`.`updatedAt` FROM `main`.`HeThongSo` WHERE 1=1 LIMIT ? OFFSET ?
 GET /api/dashboard/stats 200 in 17ms (next.js: 3ms, application-code: 15ms)
[browser] Warning: [antd: Statistic] `valueStyle` is deprecated. Please use `styles.content` instead. 
    at Array.forEach (<anonymous>) (<anonymous>)
[browser] Warning: [antd: Progress] `trailColor` is deprecated. Please use `railColor` instead. 
    at Array.forEach (<anonymous>) (<anonymous>)
[browser] Warning: [antd: Progress] `strokeWidth` is deprecated. Please use `size` instead. 
[browser] Warning: [antd: Card] `headStyle` is deprecated. Please use `styles.header` instead. 
    at Array.forEach (<anonymous>) (<anonymous>)
 GET /api/auth/session 200 in 14ms (next.js: 7ms, application-code: 7ms)
 GET /api/auth/session 200 in 10ms (next.js: 2ms, application-code: 7ms)
 GET /dashboard 200 in 61ms (next.js: 6ms, application-code: 55ms)
 GET /api/auth/session 200 in 32ms (next.js: 4ms, application-code: 28ms)
 GET /dashboard 200 in 32ms (next.js: 13ms, application-code: 19ms)
prisma:query SELECT `main`.`NhiemVu`.`id`, `main`.`NhiemVu`.`ma`, `main`.`NhiemVu`.`ten`, `main`.`NhiemVu`.`moTa`, `main`.`NhiemVu`.`donViChuTriId`, `main`.`NhiemVu`.`uuTien`, `main`.`NhiemVu`.`thoiHan`, `main`.`NhiemVu`.`giaiDoan`, `main`.`NhiemVu`.`kpi`, `main`.`NhiemVu`.`nguonKiemChung`, `main`.`NhiemVu`.`trangThai`, `main`.`NhiemVu`.`tienDo`, `main`.`NhiemVu`.`lop`, `main`.`NhiemVu`.`phuongAnXuLy`, `main`.`NhiemVu`.`ghiChu`, `main`.`NhiemVu`.`createdAt`, `main`.`NhiemVu`.`updatedAt` FROM `main`.`NhiemVu` WHERE 1=1 LIMIT ? OFFSET ?
prisma:query SELECT `main`.`DonVi`.`id`, `main`.`DonVi`.`ten`, `main`.`DonVi`.`loai`, `main`.`DonVi`.`parentId`, `main`.`DonVi`.`createdAt` FROM `main`.`DonVi` WHERE `main`.`DonVi`.`id` IN (?,?) LIMIT ? OFFSET ?
prisma:query SELECT `main`.`HeThongSo`.`id`, `main`.`HeThongSo`.`ma`, `main`.`HeThongSo`.`ten`, `main`.`HeThongSo`.`loai`, `main`.`HeThongSo`.`lop`, `main`.`HeThongSo`.`moTa`, `main`.`HeThongSo`.`chuQuan`, `main`.`HeThongSo`.`trangThai`, `main`.`HeThongSo`.`namTrienKhai`, `main`.`HeThongSo`.`donViId`, `main`.`HeThongSo`.`createdAt`, `main`.`HeThongSo`.`updatedAt` FROM `main`.`HeThongSo` WHERE 1=1 LIMIT ? OFFSET ?
 GET /api/auth/session 200 in 26ms (next.js: 3ms, application-code: 23ms)
 GET /api/dashboard/stats 200 in 17ms (next.js: 4ms, application-code: 13ms)
prisma:query SELECT `main`.`NhiemVu`.`id`, `main`.`NhiemVu`.`ma`, `main`.`NhiemVu`.`ten`, `main`.`NhiemVu`.`moTa`, `main`.`NhiemVu`.`donViChuTriId`, `main`.`NhiemVu`.`uuTien`, `main`.`NhiemVu`.`thoiHan`, `main`.`NhiemVu`.`giaiDoan`, `main`.`NhiemVu`.`kpi`, `main`.`NhiemVu`.`nguonKiemChung`, `main`.`NhiemVu`.`trangThai`, `main`.`NhiemVu`.`tienDo`, `main`.`NhiemVu`.`lop`, `main`.`NhiemVu`.`phuongAnXuLy`, `main`.`NhiemVu`.`ghiChu`, `main`.`NhiemVu`.`createdAt`, `main`.`NhiemVu`.`updatedAt` FROM `main`.`NhiemVu` WHERE 1=1 LIMIT ? OFFSET ?
prisma:query SELECT `main`.`DonVi`.`id`, `main`.`DonVi`.`ten`, `main`.`DonVi`.`loai`, `main`.`DonVi`.`parentId`, `main`.`DonVi`.`createdAt` FROM `main`.`DonVi` WHERE `main`.`DonVi`.`id` IN (?,?) LIMIT ? OFFSET ?
prisma:query SELECT `main`.`HeThongSo`.`id`, `main`.`HeThongSo`.`ma`, `main`.`HeThongSo`.`ten`, `main`.`HeThongSo`.`loai`, `main`.`HeThongSo`.`lop`, `main`.`HeThongSo`.`moTa`, `main`.`HeThongSo`.`chuQuan`, `main`.`HeThongSo`.`trangThai`, `main`.`HeThongSo`.`namTrienKhai`, `main`.`HeThongSo`.`donViId`, `main`.`HeThongSo`.`createdAt`, `main`.`HeThongSo`.`updatedAt` FROM `main`.`HeThongSo` WHERE 1=1 LIMIT ? OFFSET ?
 GET /api/dashboard/stats 200 in 35ms (next.js: 6ms, application-code: 29ms)
 GET /admin/he-thong 200 in 30ms (next.js: 5ms, application-code: 25ms)
[browser] Warning: [antd: Spin] `tip` is deprecated. Please use `description` instead. 
 GET /api/auth/session 200 in 22ms (next.js: 8ms, application-code: 14ms)
 GET /api/auth/session 200 in 14ms (next.js: 4ms, application-code: 11ms)
 GET /api/auth/session 200 in 15ms (next.js: 3ms, application-code: 12ms)
prisma:query SELECT `main`.`HeThongSo`.`id`, `main`.`HeThongSo`.`ma`, `main`.`HeThongSo`.`ten`, `main`.`HeThongSo`.`loai`, `main`.`HeThongSo`.`lop`, `main`.`HeThongSo`.`moTa`, `main`.`HeThongSo`.`chuQuan`, `main`.`HeThongSo`.`trangThai`, `main`.`HeThongSo`.`namTrienKhai`, `main`.`HeThongSo`.`donViId`, `main`.`HeThongSo`.`createdAt`, `main`.`HeThongSo`.`updatedAt` FROM `main`.`HeThongSo` WHERE 1=1 ORDER BY `main`.`HeThongSo`.`lop` ASC, `main`.`HeThongSo`.`ma` ASC LIMIT ? OFFSET ?
prisma:query SELECT `main`.`DonVi`.`id`, `main`.`DonVi`.`ten`, `main`.`DonVi`.`loai`, `main`.`DonVi`.`parentId`, `main`.`DonVi`.`createdAt` FROM `main`.`DonVi` WHERE `main`.`DonVi`.`id` IN (?,?,?,?) LIMIT ? OFFSET ?
prisma:query SELECT `main`.`DonVi`.`id`, `main`.`DonVi`.`ten`, `main`.`DonVi`.`loai`, `main`.`DonVi`.`parentId`, `main`.`DonVi`.`createdAt` FROM `main`.`DonVi` WHERE 1=1 ORDER BY `main`.`DonVi`.`loai` ASC, `main`.`DonVi`.`ten` ASC LIMIT ? OFFSET ?
 GET /api/don-vi 200 in 21ms (next.js: 13ms, application-code: 9ms)
 GET /api/he-thong 200 in 35ms (next.js: 4ms, application-code: 31ms)
prisma:query SELECT `main`.`HeThongSo`.`id`, `main`.`HeThongSo`.`ma`, `main`.`HeThongSo`.`ten`, `main`.`HeThongSo`.`loai`, `main`.`HeThongSo`.`lop`, `main`.`HeThongSo`.`moTa`, `main`.`HeThongSo`.`chuQuan`, `main`.`HeThongSo`.`trangThai`, `main`.`HeThongSo`.`namTrienKhai`, `main`.`HeThongSo`.`donViId`, `main`.`HeThongSo`.`createdAt`, `main`.`HeThongSo`.`updatedAt` FROM `main`.`HeThongSo` WHERE 1=1 ORDER BY `main`.`HeThongSo`.`lop` ASC, `main`.`HeThongSo`.`ma` ASC LIMIT ? OFFSET ?
prisma:query SELECT `main`.`DonVi`.`id`, `main`.`DonVi`.`ten`, `main`.`DonVi`.`loai`, `main`.`DonVi`.`parentId`, `main`.`DonVi`.`createdAt` FROM `main`.`DonVi` WHERE `main`.`DonVi`.`id` IN (?,?,?,?) LIMIT ? OFFSET ?
prisma:query SELECT `main`.`DonVi`.`id`, `main`.`DonVi`.`ten`, `main`.`DonVi`.`loai`, `main`.`DonVi`.`parentId`, `main`.`DonVi`.`createdAt` FROM `main`.`DonVi` WHERE 1=1 ORDER BY `main`.`DonVi`.`loai` ASC, `main`.`DonVi`.`ten` ASC LIMIT ? OFFSET ?
 GET /api/don-vi 200 in 21ms (next.js: 12ms, application-code: 9ms)
 GET /api/he-thong 200 in 31ms (next.js: 5ms, application-code: 26ms)
 GET /api/auth/session 200 in 67ms (next.js: 6ms, application-code: 61ms)
 GET /api/auth/session 200 in 18ms (next.js: 9ms, application-code: 9ms)
 GET /api/auth/session 200 in 15ms (next.js: 3ms, application-code: 12ms)
 GET /admin/he-thong 200 in 26ms (next.js: 5ms, application-code: 21ms)
 GET /admin/he-thong 200 in 24ms (next.js: 9ms, application-code: 15ms)
 GET /admin/he-thong 200 in 33ms (next.js: 6ms, application-code: 26ms)
 GET /api/auth/session 200 in 32ms (next.js: 14ms, application-code: 18ms)
 GET /api/auth/session 200 in 20ms (next.js: 4ms, application-code: 16ms)
 GET /admin/he-thong 200 in 26ms (next.js: 6ms, application-code: 20ms)
 GET /admin/khung 200 in 120ms (next.js: 99ms, application-code: 21ms)
prisma:query SELECT 1
prisma:query SELECT `main`.`KhungKTS`.`id`, `main`.`KhungKTS`.`tenKhung`, `main`.`KhungKTS`.`phienBan`, `main`.`KhungKTS`.`ngayBanHanh`, `main`.`KhungKTS`.`giaiDoanApDung`, `main`.`KhungKTS`.`mucTieu`, `main`.`KhungKTS`.`boiCanh`, `main`.`KhungKTS`.`nguyenTac`, `main`.`KhungKTS`.`daiDienPhuTrach`, `main`.`KhungKTS`.`trangThai`, `main`.`KhungKTS`.`updatedAt`, `main`.`KhungKTS`.`createdAt` FROM `main`.`KhungKTS` WHERE 1=1 ORDER BY `main`.`KhungKTS`.`createdAt` DESC LIMIT ? OFFSET ?
 GET /api/kts 200 in 14ms (next.js: 3ms, application-code: 11ms)
prisma:query SELECT `main`.`KhungKTS`.`id`, `main`.`KhungKTS`.`tenKhung`, `main`.`KhungKTS`.`phienBan`, `main`.`KhungKTS`.`ngayBanHanh`, `main`.`KhungKTS`.`giaiDoanApDung`, `main`.`KhungKTS`.`mucTieu`, `main`.`KhungKTS`.`boiCanh`, `main`.`KhungKTS`.`nguyenTac`, `main`.`KhungKTS`.`daiDienPhuTrach`, `main`.`KhungKTS`.`trangThai`, `main`.`KhungKTS`.`updatedAt`, `main`.`KhungKTS`.`createdAt` FROM `main`.`KhungKTS` WHERE 1=1 ORDER BY `main`.`KhungKTS`.`createdAt` DESC LIMIT ? OFFSET ?
 GET /api/kts 200 in 9ms (next.js: 3ms, application-code: 6ms)
[browser] Warning: Instance created by `useForm` is not connected to any Form element. Forget to pass `form` prop? 
 GET /admin/khung 200 in 34ms (next.js: 7ms, application-code: 27ms)
 GET /admin/he-thong 200 in 18ms (next.js: 4ms, application-code: 13ms)
prisma:query SELECT `main`.`HeThongSo`.`id`, `main`.`HeThongSo`.`ma`, `main`.`HeThongSo`.`ten`, `main`.`HeThongSo`.`loai`, `main`.`HeThongSo`.`lop`, `main`.`HeThongSo`.`moTa`, `main`.`HeThongSo`.`chuQuan`, `main`.`HeThongSo`.`trangThai`, `main`.`HeThongSo`.`namTrienKhai`, `main`.`HeThongSo`.`donViId`, `main`.`HeThongSo`.`createdAt`, `main`.`HeThongSo`.`updatedAt` FROM `main`.`HeThongSo` WHERE 1=1 ORDER BY `main`.`HeThongSo`.`lop` ASC, `main`.`HeThongSo`.`ma` ASC LIMIT ? OFFSET ?
prisma:query SELECT `main`.`DonVi`.`id`, `main`.`DonVi`.`ten`, `main`.`DonVi`.`loai`, `main`.`DonVi`.`parentId`, `main`.`DonVi`.`createdAt` FROM `main`.`DonVi` WHERE `main`.`DonVi`.`id` IN (?,?,?,?) LIMIT ? OFFSET ?
prisma:query SELECT 1
prisma:query SELECT `main`.`DonVi`.`id`, `main`.`DonVi`.`ten`, `main`.`DonVi`.`loai`, `main`.`DonVi`.`parentId`, `main`.`DonVi`.`createdAt` FROM `main`.`DonVi` WHERE 1=1 ORDER BY `main`.`DonVi`.`loai` ASC, `main`.`DonVi`.`ten` ASC LIMIT ? OFFSET ?
 GET /api/don-vi 200 in 19ms (next.js: 9ms, application-code: 10ms)
 GET /api/he-thong 200 in 38ms (next.js: 3ms, application-code: 35ms)
prisma:query SELECT `main`.`DonVi`.`id`, `main`.`DonVi`.`ten`, `main`.`DonVi`.`loai`, `main`.`DonVi`.`parentId`, `main`.`DonVi`.`createdAt` FROM `main`.`DonVi` WHERE 1=1 ORDER BY `main`.`DonVi`.`loai` ASC, `main`.`DonVi`.`ten` ASC LIMIT ? OFFSET ?
 GET /api/don-vi 200 in 18ms (next.js: 5ms, application-code: 13ms)
prisma:query SELECT `main`.`HeThongSo`.`id`, `main`.`HeThongSo`.`ma`, `main`.`HeThongSo`.`ten`, `main`.`HeThongSo`.`loai`, `main`.`HeThongSo`.`lop`, `main`.`HeThongSo`.`moTa`, `main`.`HeThongSo`.`chuQuan`, `main`.`HeThongSo`.`trangThai`, `main`.`HeThongSo`.`namTrienKhai`, `main`.`HeThongSo`.`donViId`, `main`.`HeThongSo`.`createdAt`, `main`.`HeThongSo`.`updatedAt` FROM `main`.`HeThongSo` WHERE 1=1 ORDER BY `main`.`HeThongSo`.`lop` ASC, `main`.`HeThongSo`.`ma` ASC LIMIT ? OFFSET ?
prisma:query SELECT `main`.`DonVi`.`id`, `main`.`DonVi`.`ten`, `main`.`DonVi`.`loai`, `main`.`DonVi`.`parentId`, `main`.`DonVi`.`createdAt` FROM `main`.`DonVi` WHERE `main`.`DonVi`.`id` IN (?,?,?,?) LIMIT ? OFFSET ?
 GET /api/he-thong 200 in 20ms (next.js: 3ms, application-code: 17ms)
 GET /admin/import 200 in 23ms (next.js: 8ms, application-code: 15ms)
[browser] Warning: [antd: Steps] `items.description` is deprecated. Please use `items.content` instead. 
[browser] Warning: [antd: Alert] `message` is deprecated. Please use `title` instead. 
    at Array.forEach (<anonymous>) (<anonymous>)
 GET /admin/nhiem-vu 200 in 22ms (next.js: 8ms, application-code: 14ms)
prisma:query SELECT `main`.`NhiemVu`.`id`, `main`.`NhiemVu`.`ma`, `main`.`NhiemVu`.`ten`, `main`.`NhiemVu`.`moTa`, `main`.`NhiemVu`.`donViChuTriId`, `main`.`NhiemVu`.`uuTien`, `main`.`NhiemVu`.`thoiHan`, `main`.`NhiemVu`.`giaiDoan`, `main`.`NhiemVu`.`kpi`, `main`.`NhiemVu`.`nguonKiemChung`, `main`.`NhiemVu`.`trangThai`, `main`.`NhiemVu`.`tienDo`, `main`.`NhiemVu`.`lop`, `main`.`NhiemVu`.`phuongAnXuLy`, `main`.`NhiemVu`.`ghiChu`, `main`.`NhiemVu`.`createdAt`, `main`.`NhiemVu`.`updatedAt` FROM `main`.`NhiemVu` WHERE 1=1 ORDER BY `main`.`NhiemVu`.`uuTien` ASC, `main`.`NhiemVu`.`thoiHan` ASC LIMIT ? OFFSET ?
prisma:query SELECT `main`.`DonVi`.`id`, `main`.`DonVi`.`ten`, `main`.`DonVi`.`loai`, `main`.`DonVi`.`parentId`, `main`.`DonVi`.`createdAt` FROM `main`.`DonVi` WHERE `main`.`DonVi`.`id` IN (?,?) LIMIT ? OFFSET ?
 GET /api/nhiem-vu 200 in 15ms (next.js: 3ms, application-code: 12ms)
prisma:query SELECT `main`.`DonVi`.`id`, `main`.`DonVi`.`ten`, `main`.`DonVi`.`loai`, `main`.`DonVi`.`parentId`, `main`.`DonVi`.`createdAt` FROM `main`.`DonVi` WHERE 1=1 ORDER BY `main`.`DonVi`.`loai` ASC, `main`.`DonVi`.`ten` ASC LIMIT ? OFFSET ?
 GET /api/don-vi 200 in 16ms (next.js: 9ms, application-code: 7ms)
prisma:query SELECT `main`.`NhiemVu`.`id`, `main`.`NhiemVu`.`ma`, `main`.`NhiemVu`.`ten`, `main`.`NhiemVu`.`moTa`, `main`.`NhiemVu`.`donViChuTriId`, `main`.`NhiemVu`.`uuTien`, `main`.`NhiemVu`.`thoiHan`, `main`.`NhiemVu`.`giaiDoan`, `main`.`NhiemVu`.`kpi`, `main`.`NhiemVu`.`nguonKiemChung`, `main`.`NhiemVu`.`trangThai`, `main`.`NhiemVu`.`tienDo`, `main`.`NhiemVu`.`lop`, `main`.`NhiemVu`.`phuongAnXuLy`, `main`.`NhiemVu`.`ghiChu`, `main`.`NhiemVu`.`createdAt`, `main`.`NhiemVu`.`updatedAt` FROM `main`.`NhiemVu` WHERE 1=1 ORDER BY `main`.`NhiemVu`.`uuTien` ASC, `main`.`NhiemVu`.`thoiHan` ASC LIMIT ? OFFSET ?
prisma:query SELECT `main`.`DonVi`.`id`, `main`.`DonVi`.`ten`, `main`.`DonVi`.`loai`, `main`.`DonVi`.`parentId`, `main`.`DonVi`.`createdAt` FROM `main`.`DonVi` WHERE `main`.`DonVi`.`id` IN (?,?) LIMIT ? OFFSET ?
prisma:query SELECT `main`.`DonVi`.`id`, `main`.`DonVi`.`ten`, `main`.`DonVi`.`loai`, `main`.`DonVi`.`parentId`, `main`.`DonVi`.`createdAt` FROM `main`.`DonVi` WHERE 1=1 ORDER BY `main`.`DonVi`.`loai` ASC, `main`.`DonVi`.`ten` ASC LIMIT ? OFFSET ?
 GET /api/nhiem-vu 200 in 15ms (next.js: 3ms, application-code: 12ms)
 GET /api/don-vi 200 in 16ms (next.js: 8ms, application-code: 8ms)
 GET /admin/he-thong 200 in 19ms (next.js: 4ms, application-code: 15ms)
prisma:query SELECT `main`.`HeThongSo`.`id`, `main`.`HeThongSo`.`ma`, `main`.`HeThongSo`.`ten`, `main`.`HeThongSo`.`loai`, `main`.`HeThongSo`.`lop`, `main`.`HeThongSo`.`moTa`, `main`.`HeThongSo`.`chuQuan`, `main`.`HeThongSo`.`trangThai`, `main`.`HeThongSo`.`namTrienKhai`, `main`.`HeThongSo`.`donViId`, `main`.`HeThongSo`.`createdAt`, `main`.`HeThongSo`.`updatedAt` FROM `main`.`HeThongSo` WHERE 1=1 ORDER BY `main`.`HeThongSo`.`lop` ASC, `main`.`HeThongSo`.`ma` ASC LIMIT ? OFFSET ?
prisma:query SELECT `main`.`DonVi`.`id`, `main`.`DonVi`.`ten`, `main`.`DonVi`.`loai`, `main`.`DonVi`.`parentId`, `main`.`DonVi`.`createdAt` FROM `main`.`DonVi` WHERE `main`.`DonVi`.`id` IN (?,?,?,?) LIMIT ? OFFSET ?
prisma:query SELECT `main`.`DonVi`.`id`, `main`.`DonVi`.`ten`, `main`.`DonVi`.`loai`, `main`.`DonVi`.`parentId`, `main`.`DonVi`.`createdAt` FROM `main`.`DonVi` WHERE 1=1 ORDER BY `main`.`DonVi`.`loai` ASC, `main`.`DonVi`.`ten` ASC LIMIT ? OFFSET ?
 GET /api/don-vi 200 in 17ms (next.js: 9ms, application-code: 7ms)
 GET /api/he-thong 200 in 23ms (next.js: 2ms, application-code: 21ms)
prisma:query SELECT `main`.`DonVi`.`id`, `main`.`DonVi`.`ten`, `main`.`DonVi`.`loai`, `main`.`DonVi`.`parentId`, `main`.`DonVi`.`createdAt` FROM `main`.`DonVi` WHERE 1=1 ORDER BY `main`.`DonVi`.`loai` ASC, `main`.`DonVi`.`ten` ASC LIMIT ? OFFSET ?
 GET /api/don-vi 200 in 16ms (next.js: 3ms, application-code: 13ms)
prisma:query SELECT `main`.`HeThongSo`.`id`, `main`.`HeThongSo`.`ma`, `main`.`HeThongSo`.`ten`, `main`.`HeThongSo`.`loai`, `main`.`HeThongSo`.`lop`, `main`.`HeThongSo`.`moTa`, `main`.`HeThongSo`.`chuQuan`, `main`.`HeThongSo`.`trangThai`, `main`.`HeThongSo`.`namTrienKhai`, `main`.`HeThongSo`.`donViId`, `main`.`HeThongSo`.`createdAt`, `main`.`HeThongSo`.`updatedAt` FROM `main`.`HeThongSo` WHERE 1=1 ORDER BY `main`.`HeThongSo`.`lop` ASC, `main`.`HeThongSo`.`ma` ASC LIMIT ? OFFSET ?
prisma:query SELECT `main`.`DonVi`.`id`, `main`.`DonVi`.`ten`, `main`.`DonVi`.`loai`, `main`.`DonVi`.`parentId`, `main`.`DonVi`.`createdAt` FROM `main`.`DonVi` WHERE `main`.`DonVi`.`id` IN (?,?,?,?) LIMIT ? OFFSET ?
 GET /api/he-thong 200 in 29ms (next.js: 9ms, application-code: 20ms)
 GET /admin/he-thong 200 in 138ms (next.js: 93ms, application-code: 45ms)
 GET /admin/he-thong 200 in 40ms (next.js: 4ms, application-code: 36ms)
 GET /admin/he-thong 200 in 64ms (next.js: 4ms, application-code: 60ms)
 GET /admin/he-thong 200 in 66ms (next.js: 6ms, application-code: 59ms)
 GET /admin/he-thong 200 in 45ms (next.js: 6ms, application-code: 40ms)
 GET /admin/he-thong 200 in 45ms (next.js: 8ms, application-code: 37ms)
 GET /admin/he-thong 200 in 42ms (next.js: 4ms, application-code: 38ms)
 GET /admin/he-thong 200 in 42ms (next.js: 4ms, application-code: 38ms)
 GET /admin/he-thong 200 in 41ms (next.js: 4ms, application-code: 37ms)
 GET /admin/he-thong 200 in 49ms (next.js: 4ms, application-code: 45ms)
 GET /admin/he-thong 200 in 30ms (next.js: 6ms, application-code: 24ms)
 GET /admin/he-thong 200 in 46ms (next.js: 5ms, application-code: 41ms)
 GET /admin/he-thong 200 in 20ms (next.js: 5ms, application-code: 15ms)
 GET /admin/he-thong 200 in 25ms (next.js: 4ms, application-code: 21ms)
 GET /admin/he-thong 200 in 38ms (next.js: 5ms, application-code: 33ms)
 GET /admin/he-thong 200 in 21ms (next.js: 3ms, application-code: 17ms)
 GET /admin/he-thong 200 in 40ms (next.js: 4ms, application-code: 36ms)
 GET /admin/he-thong 200 in 45ms (next.js: 4ms, application-code: 41ms)
 GET /admin/he-thong 200 in 45ms (next.js: 3ms, application-code: 42ms)
 GET /admin/he-thong 200 in 46ms (next.js: 4ms, application-code: 41ms)
 GET /admin/he-thong 200 in 49ms (next.js: 4ms, application-code: 45ms)
 GET /admin/he-thong 200 in 45ms (next.js: 5ms, application-code: 40ms)
 GET /admin/he-thong 200 in 44ms (next.js: 5ms, application-code: 39ms)
 GET /admin/he-thong 200 in 42ms (next.js: 4ms, application-code: 38ms)
 GET /admin/he-thong 200 in 23ms (next.js: 5ms, application-code: 18ms)
 GET /admin/he-thong 200 in 47ms (next.js: 5ms, application-code: 41ms)
 GET /admin/he-thong 200 in 39ms (next.js: 5ms, application-code: 35ms)
 GET /admin/he-thong 200 in 47ms (next.js: 4ms, application-code: 43ms)
 GET /admin/he-thong 200 in 49ms (next.js: 5ms, application-code: 44ms)
 GET /admin/he-thong 200 in 42ms (next.js: 4ms, application-code: 38ms)
 GET /admin/he-thong 200 in 48ms (next.js: 4ms, application-code: 44ms)
 GET /admin/he-thong 200 in 28ms (next.js: 5ms, application-code: 23ms)
 GET /admin/he-thong 200 in 48ms (next.js: 4ms, application-code: 44ms)
 GET /admin/he-thong 200 in 40ms (next.js: 4ms, application-code: 36ms)
 GET /admin/he-thong 200 in 49ms (next.js: 4ms, application-code: 45ms)
 GET /admin/he-thong 200 in 55ms (next.js: 5ms, application-code: 50ms)
 GET /admin/he-thong 200 in 49ms (next.js: 4ms, application-code: 45ms)
 GET /admin/he-thong 200 in 46ms (next.js: 5ms, application-code: 41ms)
 GET /admin/he-thong 200 in 42ms (next.js: 6ms, application-code: 37ms)
 GET /admin/he-thong 200 in 49ms (next.js: 3ms, application-code: 45ms)
 GET /admin/he-thong 200 in 56ms (next.js: 4ms, application-code: 52ms)
 GET /admin/he-thong 200 in 49ms (next.js: 6ms, application-code: 43ms)
 GET /admin/he-thong 200 in 50ms (next.js: 4ms, application-code: 46ms)
 GET /admin/he-thong 200 in 29ms (next.js: 5ms, application-code: 25ms)
Warning: [antd: Spin] `tip` is deprecated. Please use `description` instead.
 GET /kts/hien-trang 200 in 572ms (next.js: 21ms, application-code: 551ms)
prisma:query SELECT `main`.`HeThongSo`.`id`, `main`.`HeThongSo`.`ma`, `main`.`HeThongSo`.`ten`, `main`.`HeThongSo`.`loai`, `main`.`HeThongSo`.`lop`, `main`.`HeThongSo`.`moTa`, `main`.`HeThongSo`.`chuQuan`, `main`.`HeThongSo`.`trangThai`, `main`.`HeThongSo`.`namTrienKhai`, `main`.`HeThongSo`.`donViId`, `main`.`HeThongSo`.`createdAt`, `main`.`HeThongSo`.`updatedAt` FROM `main`.`HeThongSo` WHERE 1=1 ORDER BY `main`.`HeThongSo`.`lop` ASC, `main`.`HeThongSo`.`ma` ASC LIMIT ? OFFSET ?
prisma:query SELECT `main`.`DonVi`.`id`, `main`.`DonVi`.`ten`, `main`.`DonVi`.`loai`, `main`.`DonVi`.`parentId`, `main`.`DonVi`.`createdAt` FROM `main`.`DonVi` WHERE `main`.`DonVi`.`id` IN (?,?,?,?) LIMIT ? OFFSET ?
 GET /api/he-thong 200 in 285ms (next.js: 252ms, application-code: 33ms)
[browser] Warning: [antd: Spin] `tip` is deprecated. Please use `description` instead. 
prisma:query SELECT `main`.`HeThongSo`.`id`, `main`.`HeThongSo`.`ma`, `main`.`HeThongSo`.`ten`, `main`.`HeThongSo`.`loai`, `main`.`HeThongSo`.`lop`, `main`.`HeThongSo`.`moTa`, `main`.`HeThongSo`.`chuQuan`, `main`.`HeThongSo`.`trangThai`, `main`.`HeThongSo`.`namTrienKhai`, `main`.`HeThongSo`.`donViId`, `main`.`HeThongSo`.`createdAt`, `main`.`HeThongSo`.`updatedAt` FROM `main`.`HeThongSo` WHERE 1=1 ORDER BY `main`.`HeThongSo`.`lop` ASC, `main`.`HeThongSo`.`ma` ASC LIMIT ? OFFSET ?
prisma:query SELECT `main`.`DonVi`.`id`, `main`.`DonVi`.`ten`, `main`.`DonVi`.`loai`, `main`.`DonVi`.`parentId`, `main`.`DonVi`.`createdAt` FROM `main`.`DonVi` WHERE `main`.`DonVi`.`id` IN (?,?,?,?) LIMIT ? OFFSET ?
 GET /api/he-thong 200 in 41ms (next.js: 4ms, application-code: 37ms)
[browser] Warning: [antd: Modal] `destroyOnClose` is deprecated. Please use `destroyOnHidden` instead. 
    at Array.forEach (<anonymous>) (<anonymous>)
 GET /kts/muc-tieu 200 in 27ms (next.js: 11ms, application-code: 16ms)
[browser] Warning: [antd: Card] `bodyStyle` is deprecated. Please use `styles.body` instead. 
    at Array.forEach (<anonymous>) (<anonymous>)
[browser] [React Flow]: It looks like you've created a new nodeTypes or edgeTypes object. If this wasn't on purpose please define the nodeTypes/edgeTypes outside of the component or memoize them. Help: https://reactflow.dev/error#002
[browser] [React Flow]: It looks like you've created a new nodeTypes or edgeTypes object. If this wasn't on purpose please define the nodeTypes/edgeTypes outside of the component or memoize them. Help: https://reactflow.dev/error#002
[browser] [React Flow]: Couldn't create edge for source handle id: "undefined", edge id: e-0. Help: https://reactflow.dev/error#008 (<anonymous>)
[browser] [React Flow]: Couldn't create edge for source handle id: "undefined", edge id: e-1. Help: https://reactflow.dev/error#008 (<anonymous>)
[browser] [React Flow]: Couldn't create edge for source handle id: "undefined", edge id: e-2. Help: https://reactflow.dev/error#008 (<anonymous>)
[browser] [React Flow]: Couldn't create edge for source handle id: "undefined", edge id: e-3. Help: https://reactflow.dev/error#008 (<anonymous>)
[browser] [React Flow]: Couldn't create edge for source handle id: "undefined", edge id: e-4. Help: https://reactflow.dev/error#008 (<anonymous>)
[browser] [React Flow]: Couldn't create edge for source handle id: "undefined", edge id: e-5. Help: https://reactflow.dev/error#008 (<anonymous>)
[browser] [React Flow]: Couldn't create edge for source handle id: "undefined", edge id: e-6. Help: https://reactflow.dev/error#008 (<anonymous>)
[browser] [React Flow]: Couldn't create edge for source handle id: "undefined", edge id: e-7. Help: https://reactflow.dev/error#008 (<anonymous>)
[browser] [React Flow]: Couldn't create edge for source handle id: "undefined", edge id: e-8. Help: https://reactflow.dev/error#008 (<anonymous>)
[browser] [React Flow]: Couldn't create edge for source handle id: "undefined", edge id: e-0. Help: https://reactflow.dev/error#008 (<anonymous>)
[browser] [React Flow]: Couldn't create edge for source handle id: "undefined", edge id: e-1. Help: https://reactflow.dev/error#008 (<anonymous>)
[browser] [React Flow]: Couldn't create edge for source handle id: "undefined", edge id: e-2. Help: https://reactflow.dev/error#008 (<anonymous>)
[browser] [React Flow]: Couldn't create edge for source handle id: "undefined", edge id: e-3. Help: https://reactflow.dev/error#008 (<anonymous>)
[browser] [React Flow]: Couldn't create edge for source handle id: "undefined", edge id: e-4. Help: https://reactflow.dev/error#008 (<anonymous>)
[browser] [React Flow]: Couldn't create edge for source handle id: "undefined", edge id: e-5. Help: https://reactflow.dev/error#008 (<anonymous>)
[browser] [React Flow]: Couldn't create edge for source handle id: "undefined", edge id: e-6. Help: https://reactflow.dev/error#008 (<anonymous>)
[browser] [React Flow]: Couldn't create edge for source handle id: "undefined", edge id: e-7. Help: https://reactflow.dev/error#008 (<anonymous>)
[browser] [React Flow]: Couldn't create edge for source handle id: "undefined", edge id: e-8. Help: https://reactflow.dev/error#008 (<anonymous>)
prisma:query SELECT 1
prisma:query SELECT `main`.`KhungKTS`.`id`, `main`.`KhungKTS`.`tenKhung`, `main`.`KhungKTS`.`phienBan`, `main`.`KhungKTS`.`ngayBanHanh`, `main`.`KhungKTS`.`giaiDoanApDung`, `main`.`KhungKTS`.`mucTieu`, `main`.`KhungKTS`.`boiCanh`, `main`.`KhungKTS`.`nguyenTac`, `main`.`KhungKTS`.`daiDienPhuTrach`, `main`.`KhungKTS`.`trangThai`, `main`.`KhungKTS`.`updatedAt`, `main`.`KhungKTS`.`createdAt` FROM `main`.`KhungKTS` WHERE 1=1 ORDER BY `main`.`KhungKTS`.`createdAt` DESC LIMIT ? OFFSET ?
 GET /kts/tong-quan 200 in 54ms (next.js: 36ms, application-code: 18ms)
 GET /kts/hien-trang 200 in 28ms (next.js: 16ms, application-code: 12ms)
prisma:query SELECT `main`.`HeThongSo`.`id`, `main`.`HeThongSo`.`ma`, `main`.`HeThongSo`.`ten`, `main`.`HeThongSo`.`loai`, `main`.`HeThongSo`.`lop`, `main`.`HeThongSo`.`moTa`, `main`.`HeThongSo`.`chuQuan`, `main`.`HeThongSo`.`trangThai`, `main`.`HeThongSo`.`namTrienKhai`, `main`.`HeThongSo`.`donViId`, `main`.`HeThongSo`.`createdAt`, `main`.`HeThongSo`.`updatedAt` FROM `main`.`HeThongSo` WHERE 1=1 ORDER BY `main`.`HeThongSo`.`lop` ASC, `main`.`HeThongSo`.`ma` ASC LIMIT ? OFFSET ?
prisma:query SELECT `main`.`DonVi`.`id`, `main`.`DonVi`.`ten`, `main`.`DonVi`.`loai`, `main`.`DonVi`.`parentId`, `main`.`DonVi`.`createdAt` FROM `main`.`DonVi` WHERE `main`.`DonVi`.`id` IN (?,?,?,?) LIMIT ? OFFSET ?
 GET /api/he-thong 200 in 21ms (next.js: 4ms, application-code: 17ms)
prisma:query SELECT `main`.`HeThongSo`.`id`, `main`.`HeThongSo`.`ma`, `main`.`HeThongSo`.`ten`, `main`.`HeThongSo`.`loai`, `main`.`HeThongSo`.`lop`, `main`.`HeThongSo`.`moTa`, `main`.`HeThongSo`.`chuQuan`, `main`.`HeThongSo`.`trangThai`, `main`.`HeThongSo`.`namTrienKhai`, `main`.`HeThongSo`.`donViId`, `main`.`HeThongSo`.`createdAt`, `main`.`HeThongSo`.`updatedAt` FROM `main`.`HeThongSo` WHERE 1=1 ORDER BY `main`.`HeThongSo`.`lop` ASC, `main`.`HeThongSo`.`ma` ASC LIMIT ? OFFSET ?
prisma:query SELECT `main`.`DonVi`.`id`, `main`.`DonVi`.`ten`, `main`.`DonVi`.`loai`, `main`.`DonVi`.`parentId`, `main`.`DonVi`.`createdAt` FROM `main`.`DonVi` WHERE `main`.`DonVi`.`id` IN (?,?,?,?) LIMIT ? OFFSET ?
 GET /api/he-thong 200 in 20ms (next.js: 2ms, application-code: 17ms)
 GET / 200 in 37ms (next.js: 22ms, application-code: 15ms)
[browser] Warning: [antd: Statistic] `valueStyle` is deprecated. Please use `styles.content` instead. 
    at Array.forEach (<anonymous>) (<anonymous>)
 GET /kts/hien-trang?lop=1 200 in 20ms (next.js: 4ms, application-code: 16ms)
prisma:query SELECT `main`.`HeThongSo`.`id`, `main`.`HeThongSo`.`ma`, `main`.`HeThongSo`.`ten`, `main`.`HeThongSo`.`loai`, `main`.`HeThongSo`.`lop`, `main`.`HeThongSo`.`moTa`, `main`.`HeThongSo`.`chuQuan`, `main`.`HeThongSo`.`trangThai`, `main`.`HeThongSo`.`namTrienKhai`, `main`.`HeThongSo`.`donViId`, `main`.`HeThongSo`.`createdAt`, `main`.`HeThongSo`.`updatedAt` FROM `main`.`HeThongSo` WHERE 1=1 ORDER BY `main`.`HeThongSo`.`lop` ASC, `main`.`HeThongSo`.`ma` ASC LIMIT ? OFFSET ?
prisma:query SELECT `main`.`DonVi`.`id`, `main`.`DonVi`.`ten`, `main`.`DonVi`.`loai`, `main`.`DonVi`.`parentId`, `main`.`DonVi`.`createdAt` FROM `main`.`DonVi` WHERE `main`.`DonVi`.`id` IN (?,?,?,?) LIMIT ? OFFSET ?
 GET /api/he-thong 200 in 24ms (next.js: 4ms, application-code: 20ms)
prisma:query SELECT `main`.`HeThongSo`.`id`, `main`.`HeThongSo`.`ma`, `main`.`HeThongSo`.`ten`, `main`.`HeThongSo`.`loai`, `main`.`HeThongSo`.`lop`, `main`.`HeThongSo`.`moTa`, `main`.`HeThongSo`.`chuQuan`, `main`.`HeThongSo`.`trangThai`, `main`.`HeThongSo`.`namTrienKhai`, `main`.`HeThongSo`.`donViId`, `main`.`HeThongSo`.`createdAt`, `main`.`HeThongSo`.`updatedAt` FROM `main`.`HeThongSo` WHERE 1=1 ORDER BY `main`.`HeThongSo`.`lop` ASC, `main`.`HeThongSo`.`ma` ASC LIMIT ? OFFSET ?
prisma:query SELECT `main`.`DonVi`.`id`, `main`.`DonVi`.`ten`, `main`.`DonVi`.`loai`, `main`.`DonVi`.`parentId`, `main`.`DonVi`.`createdAt` FROM `main`.`DonVi` WHERE `main`.`DonVi`.`id` IN (?,?,?,?) LIMIT ? OFFSET ?
 GET /api/he-thong 200 in 22ms (next.js: 2ms, application-code: 20ms)
 GET / 200 in 17ms (next.js: 4ms, application-code: 12ms)
prisma:query SELECT 1
prisma:query SELECT `main`.`KhungKTS`.`id`, `main`.`KhungKTS`.`tenKhung`, `main`.`KhungKTS`.`phienBan`, `main`.`KhungKTS`.`ngayBanHanh`, `main`.`KhungKTS`.`giaiDoanApDung`, `main`.`KhungKTS`.`mucTieu`, `main`.`KhungKTS`.`boiCanh`, `main`.`KhungKTS`.`nguyenTac`, `main`.`KhungKTS`.`daiDienPhuTrach`, `main`.`KhungKTS`.`trangThai`, `main`.`KhungKTS`.`updatedAt`, `main`.`KhungKTS`.`createdAt` FROM `main`.`KhungKTS` WHERE 1=1 ORDER BY `main`.`KhungKTS`.`createdAt` DESC LIMIT ? OFFSET ?
 GET /kts/tong-quan 200 in 34ms (next.js: 6ms, application-code: 28ms)
 GET / 200 in 15ms (next.js: 4ms, application-code: 10ms)
 GET /kts/hien-trang?lop=3 200 in 20ms (next.js: 5ms, application-code: 14ms)
prisma:query SELECT 1
prisma:query SELECT `main`.`HeThongSo`.`id`, `main`.`HeThongSo`.`ma`, `main`.`HeThongSo`.`ten`, `main`.`HeThongSo`.`loai`, `main`.`HeThongSo`.`lop`, `main`.`HeThongSo`.`moTa`, `main`.`HeThongSo`.`chuQuan`, `main`.`HeThongSo`.`trangThai`, `main`.`HeThongSo`.`namTrienKhai`, `main`.`HeThongSo`.`donViId`, `main`.`HeThongSo`.`createdAt`, `main`.`HeThongSo`.`updatedAt` FROM `main`.`HeThongSo` WHERE 1=1 ORDER BY `main`.`HeThongSo`.`lop` ASC, `main`.`HeThongSo`.`ma` ASC LIMIT ? OFFSET ?
prisma:query SELECT `main`.`DonVi`.`id`, `main`.`DonVi`.`ten`, `main`.`DonVi`.`loai`, `main`.`DonVi`.`parentId`, `main`.`DonVi`.`createdAt` FROM `main`.`DonVi` WHERE `main`.`DonVi`.`id` IN (?,?,?,?) LIMIT ? OFFSET ?
 GET /api/he-thong 200 in 22ms (next.js: 4ms, application-code: 18ms)
prisma:query SELECT `main`.`HeThongSo`.`id`, `main`.`HeThongSo`.`ma`, `main`.`HeThongSo`.`ten`, `main`.`HeThongSo`.`loai`, `main`.`HeThongSo`.`lop`, `main`.`HeThongSo`.`moTa`, `main`.`HeThongSo`.`chuQuan`, `main`.`HeThongSo`.`trangThai`, `main`.`HeThongSo`.`namTrienKhai`, `main`.`HeThongSo`.`donViId`, `main`.`HeThongSo`.`createdAt`, `main`.`HeThongSo`.`updatedAt` FROM `main`.`HeThongSo` WHERE 1=1 ORDER BY `main`.`HeThongSo`.`lop` ASC, `main`.`HeThongSo`.`ma` ASC LIMIT ? OFFSET ?
prisma:query SELECT `main`.`DonVi`.`id`, `main`.`DonVi`.`ten`, `main`.`DonVi`.`loai`, `main`.`DonVi`.`parentId`, `main`.`DonVi`.`createdAt` FROM `main`.`DonVi` WHERE `main`.`DonVi`.`id` IN (?,?,?,?) LIMIT ? OFFSET ?
 GET /api/he-thong 200 in 20ms (next.js: 1.9ms, application-code: 19ms)
[browser] Warning: [antd: Descriptions] `labelStyle` is deprecated. Please use `styles.label` instead. 
    at Array.forEach (<anonymous>) (<anonymous>)
 GET /kts/muc-tieu 200 in 20ms (next.js: 6ms, application-code: 14ms)
[browser] [React Flow]: It looks like you've created a new nodeTypes or edgeTypes object. If this wasn't on purpose please define the nodeTypes/edgeTypes outside of the component or memoize them. Help: https://reactflow.dev/error#002
[browser] [React Flow]: It looks like you've created a new nodeTypes or edgeTypes object. If this wasn't on purpose please define the nodeTypes/edgeTypes outside of the component or memoize them. Help: https://reactflow.dev/error#002
[browser] [React Flow]: Couldn't create edge for source handle id: "undefined", edge id: e-0. Help: https://reactflow.dev/error#008 (<anonymous>)
[browser] [React Flow]: Couldn't create edge for source handle id: "undefined", edge id: e-1. Help: https://reactflow.dev/error#008 (<anonymous>)
[browser] [React Flow]: Couldn't create edge for source handle id: "undefined", edge id: e-2. Help: https://reactflow.dev/error#008 (<anonymous>)
[browser] [React Flow]: Couldn't create edge for source handle id: "undefined", edge id: e-3. Help: https://reactflow.dev/error#008 (<anonymous>)
[browser] [React Flow]: Couldn't create edge for source handle id: "undefined", edge id: e-4. Help: https://reactflow.dev/error#008 (<anonymous>)
[browser] [React Flow]: Couldn't create edge for source handle id: "undefined", edge id: e-5. Help: https://reactflow.dev/error#008 (<anonymous>)
[browser] [React Flow]: Couldn't create edge for source handle id: "undefined", edge id: e-6. Help: https://reactflow.dev/error#008 (<anonymous>)
[browser] [React Flow]: Couldn't create edge for source handle id: "undefined", edge id: e-7. Help: https://reactflow.dev/error#008 (<anonymous>)
[browser] [React Flow]: Couldn't create edge for source handle id: "undefined", edge id: e-8. Help: https://reactflow.dev/error#008 (<anonymous>)
[browser] [React Flow]: Couldn't create edge for source handle id: "undefined", edge id: e-0. Help: https://reactflow.dev/error#008 (<anonymous>)
[browser] [React Flow]: Couldn't create edge for source handle id: "undefined", edge id: e-1. Help: https://reactflow.dev/error#008 (<anonymous>)
[browser] [React Flow]: Couldn't create edge for source handle id: "undefined", edge id: e-2. Help: https://reactflow.dev/error#008 (<anonymous>)
[browser] [React Flow]: Couldn't create edge for source handle id: "undefined", edge id: e-3. Help: https://reactflow.dev/error#008 (<anonymous>)
[browser] [React Flow]: Couldn't create edge for source handle id: "undefined", edge id: e-4. Help: https://reactflow.dev/error#008 (<anonymous>)
[browser] [React Flow]: Couldn't create edge for source handle id: "undefined", edge id: e-5. Help: https://reactflow.dev/error#008 (<anonymous>)
[browser] [React Flow]: Couldn't create edge for source handle id: "undefined", edge id: e-6. Help: https://reactflow.dev/error#008 (<anonymous>)
[browser] [React Flow]: Couldn't create edge for source handle id: "undefined", edge id: e-7. Help: https://reactflow.dev/error#008 (<anonymous>)
[browser] [React Flow]: Couldn't create edge for source handle id: "undefined", edge id: e-8. Help: https://reactflow.dev/error#008 (<anonymous>)
 GET /kts/lo-trinh 200 in 29ms (next.js: 15ms, application-code: 14ms)
prisma:query SELECT 1
prisma:query SELECT `main`.`NhiemVu`.`id`, `main`.`NhiemVu`.`ma`, `main`.`NhiemVu`.`ten`, `main`.`NhiemVu`.`moTa`, `main`.`NhiemVu`.`donViChuTriId`, `main`.`NhiemVu`.`uuTien`, `main`.`NhiemVu`.`thoiHan`, `main`.`NhiemVu`.`giaiDoan`, `main`.`NhiemVu`.`kpi`, `main`.`NhiemVu`.`nguonKiemChung`, `main`.`NhiemVu`.`trangThai`, `main`.`NhiemVu`.`tienDo`, `main`.`NhiemVu`.`lop`, `main`.`NhiemVu`.`phuongAnXuLy`, `main`.`NhiemVu`.`ghiChu`, `main`.`NhiemVu`.`createdAt`, `main`.`NhiemVu`.`updatedAt` FROM `main`.`NhiemVu` WHERE 1=1 ORDER BY `main`.`NhiemVu`.`uuTien` ASC, `main`.`NhiemVu`.`thoiHan` ASC LIMIT ? OFFSET ?
prisma:query SELECT `main`.`DonVi`.`id`, `main`.`DonVi`.`ten`, `main`.`DonVi`.`loai`, `main`.`DonVi`.`parentId`, `main`.`DonVi`.`createdAt` FROM `main`.`DonVi` WHERE `main`.`DonVi`.`id` IN (?,?) LIMIT ? OFFSET ?
 GET /api/nhiem-vu 200 in 40ms (next.js: 31ms, application-code: 9ms)
prisma:query SELECT `main`.`NhiemVu`.`id`, `main`.`NhiemVu`.`ma`, `main`.`NhiemVu`.`ten`, `main`.`NhiemVu`.`moTa`, `main`.`NhiemVu`.`donViChuTriId`, `main`.`NhiemVu`.`uuTien`, `main`.`NhiemVu`.`thoiHan`, `main`.`NhiemVu`.`giaiDoan`, `main`.`NhiemVu`.`kpi`, `main`.`NhiemVu`.`nguonKiemChung`, `main`.`NhiemVu`.`trangThai`, `main`.`NhiemVu`.`tienDo`, `main`.`NhiemVu`.`lop`, `main`.`NhiemVu`.`phuongAnXuLy`, `main`.`NhiemVu`.`ghiChu`, `main`.`NhiemVu`.`createdAt`, `main`.`NhiemVu`.`updatedAt` FROM `main`.`NhiemVu` WHERE 1=1 ORDER BY `main`.`NhiemVu`.`uuTien` ASC, `main`.`NhiemVu`.`thoiHan` ASC LIMIT ? OFFSET ?
prisma:query SELECT `main`.`DonVi`.`id`, `main`.`DonVi`.`ten`, `main`.`DonVi`.`loai`, `main`.`DonVi`.`parentId`, `main`.`DonVi`.`createdAt` FROM `main`.`DonVi` WHERE `main`.`DonVi`.`id` IN (?,?) LIMIT ? OFFSET ?
 GET /api/nhiem-vu 200 in 10ms (next.js: 3ms, application-code: 7ms)
 GET /api/auth/session 200 in 71ms (next.js: 54ms, application-code: 18ms)
 GET /api/auth/session 200 in 10ms (next.js: 2ms, application-code: 8ms)
 GET /admin/khung 200 in 31ms (next.js: 14ms, application-code: 17ms)
prisma:query SELECT `main`.`KhungKTS`.`id`, `main`.`KhungKTS`.`tenKhung`, `main`.`KhungKTS`.`phienBan`, `main`.`KhungKTS`.`ngayBanHanh`, `main`.`KhungKTS`.`giaiDoanApDung`, `main`.`KhungKTS`.`mucTieu`, `main`.`KhungKTS`.`boiCanh`, `main`.`KhungKTS`.`nguyenTac`, `main`.`KhungKTS`.`daiDienPhuTrach`, `main`.`KhungKTS`.`trangThai`, `main`.`KhungKTS`.`updatedAt`, `main`.`KhungKTS`.`createdAt` FROM `main`.`KhungKTS` WHERE 1=1 ORDER BY `main`.`KhungKTS`.`createdAt` DESC LIMIT ? OFFSET ?
 GET /api/kts 200 in 50ms (next.js: 43ms, application-code: 7ms)
prisma:query SELECT `main`.`KhungKTS`.`id`, `main`.`KhungKTS`.`tenKhung`, `main`.`KhungKTS`.`phienBan`, `main`.`KhungKTS`.`ngayBanHanh`, `main`.`KhungKTS`.`giaiDoanApDung`, `main`.`KhungKTS`.`mucTieu`, `main`.`KhungKTS`.`boiCanh`, `main`.`KhungKTS`.`nguyenTac`, `main`.`KhungKTS`.`daiDienPhuTrach`, `main`.`KhungKTS`.`trangThai`, `main`.`KhungKTS`.`updatedAt`, `main`.`KhungKTS`.`createdAt` FROM `main`.`KhungKTS` WHERE 1=1 ORDER BY `main`.`KhungKTS`.`createdAt` DESC LIMIT ? OFFSET ?
 GET /api/kts 200 in 9ms (next.js: 2ms, application-code: 7ms)
 GET /admin/import 200 in 28ms (next.js: 14ms, application-code: 15ms)
 GET /api/auth/session 200 in 19ms (next.js: 10ms, application-code: 10ms)
 GET /api/auth/session 200 in 16ms (next.js: 4ms, application-code: 12ms)
 GET /api/auth/session 200 in 23ms (next.js: 12ms, application-code: 11ms)
 GET /api/auth/session 200 in 10ms (next.js: 2ms, application-code: 8ms)
 GET /api/auth/session 200 in 21ms (next.js: 9ms, application-code: 12ms)
 GET /api/auth/session 200 in 17ms (next.js: 5ms, application-code: 12ms)
 GET /api/auth/session 200 in 15ms (next.js: 5ms, application-code: 10ms)
 GET /api/auth/session 200 in 17ms (next.js: 4ms, application-code: 13ms)
 GET /kts/lo-trinh 200 in 34ms (next.js: 7ms, application-code: 27ms)
 GET /admin/import 200 in 30ms (next.js: 11ms, application-code: 20ms)
 GET /admin 200 in 31ms (next.js: 16ms, application-code: 15ms)
 GET /api/auth/session 200 in 21ms (next.js: 13ms, application-code: 8ms)
 GET /api/auth/session 200 in 11ms (next.js: 3ms, application-code: 8ms)
 GET /api/auth/session 200 in 13ms (next.js: 4ms, application-code: 10ms)
 GET /api/auth/session 200 in 14ms (next.js: 2ms, application-code: 11ms)
 GET /admin/he-thong 200 in 68ms (next.js: 9ms, application-code: 59ms)
 GET /admin/he-thong 200 in 47ms (next.js: 7ms, application-code: 40ms)
 GET /api/auth/session 200 in 29ms (next.js: 6ms, application-code: 24ms)
 GET /api/auth/session 200 in 15ms (next.js: 4ms, application-code: 11ms)
prisma:query SELECT 1
prisma:query SELECT `main`.`HeThongSo`.`id`, `main`.`HeThongSo`.`ma`, `main`.`HeThongSo`.`ten`, `main`.`HeThongSo`.`loai`, `main`.`HeThongSo`.`lop`, `main`.`HeThongSo`.`moTa`, `main`.`HeThongSo`.`chuQuan`, `main`.`HeThongSo`.`trangThai`, `main`.`HeThongSo`.`namTrienKhai`, `main`.`HeThongSo`.`donViId`, `main`.`HeThongSo`.`createdAt`, `main`.`HeThongSo`.`updatedAt` FROM `main`.`HeThongSo` WHERE 1=1 ORDER BY `main`.`HeThongSo`.`lop` ASC, `main`.`HeThongSo`.`ma` ASC LIMIT ? OFFSET ?
prisma:query SELECT `main`.`DonVi`.`id`, `main`.`DonVi`.`ten`, `main`.`DonVi`.`loai`, `main`.`DonVi`.`parentId`, `main`.`DonVi`.`createdAt` FROM `main`.`DonVi` WHERE `main`.`DonVi`.`id` IN (?,?,?,?) LIMIT ? OFFSET ?
 GET /api/he-thong 200 in 67ms (next.js: 3ms, application-code: 64ms)
prisma:query SELECT `main`.`DonVi`.`id`, `main`.`DonVi`.`ten`, `main`.`DonVi`.`loai`, `main`.`DonVi`.`parentId`, `main`.`DonVi`.`createdAt` FROM `main`.`DonVi` WHERE 1=1 ORDER BY `main`.`DonVi`.`loai` ASC, `main`.`DonVi`.`ten` ASC LIMIT ? OFFSET ?
 GET /api/don-vi 200 in 71ms (next.js: 47ms, application-code: 24ms)
prisma:query SELECT `main`.`HeThongSo`.`id`, `main`.`HeThongSo`.`ma`, `main`.`HeThongSo`.`ten`, `main`.`HeThongSo`.`loai`, `main`.`HeThongSo`.`lop`, `main`.`HeThongSo`.`moTa`, `main`.`HeThongSo`.`chuQuan`, `main`.`HeThongSo`.`trangThai`, `main`.`HeThongSo`.`namTrienKhai`, `main`.`HeThongSo`.`donViId`, `main`.`HeThongSo`.`createdAt`, `main`.`HeThongSo`.`updatedAt` FROM `main`.`HeThongSo` WHERE 1=1 ORDER BY `main`.`HeThongSo`.`lop` ASC, `main`.`HeThongSo`.`ma` ASC LIMIT ? OFFSET ?
prisma:query SELECT `main`.`DonVi`.`id`, `main`.`DonVi`.`ten`, `main`.`DonVi`.`loai`, `main`.`DonVi`.`parentId`, `main`.`DonVi`.`createdAt` FROM `main`.`DonVi` WHERE `main`.`DonVi`.`id` IN (?,?,?,?) LIMIT ? OFFSET ?
 GET /api/he-thong 200 in 41ms (next.js: 4ms, application-code: 37ms)
prisma:query SELECT `main`.`DonVi`.`id`, `main`.`DonVi`.`ten`, `main`.`DonVi`.`loai`, `main`.`DonVi`.`parentId`, `main`.`DonVi`.`createdAt` FROM `main`.`DonVi` WHERE 1=1 ORDER BY `main`.`DonVi`.`loai` ASC, `main`.`DonVi`.`ten` ASC LIMIT ? OFFSET ?
 GET /api/don-vi 200 in 33ms (next.js: 5ms, application-code: 29ms)
 GET /admin/import 200 in 20ms (next.js: 3ms, application-code: 17ms)
[browser] Warning: [antd: Steps] `items.description` is deprecated. Please use `items.content` instead. 
[browser] Warning: [antd: Alert] `message` is deprecated. Please use `title` instead. 
    at Array.forEach (<anonymous>) (<anonymous>)
 GET /admin/he-thong 200 in 27ms (next.js: 7ms, application-code: 20ms)
prisma:query SELECT 1
prisma:query SELECT `main`.`DonVi`.`id`, `main`.`DonVi`.`ten`, `main`.`DonVi`.`loai`, `main`.`DonVi`.`parentId`, `main`.`DonVi`.`createdAt` FROM `main`.`DonVi` WHERE 1=1 ORDER BY `main`.`DonVi`.`loai` ASC, `main`.`DonVi`.`ten` ASC LIMIT ? OFFSET ?
 GET /api/don-vi 200 in 24ms (next.js: 4ms, application-code: 20ms)
prisma:query SELECT `main`.`HeThongSo`.`id`, `main`.`HeThongSo`.`ma`, `main`.`HeThongSo`.`ten`, `main`.`HeThongSo`.`loai`, `main`.`HeThongSo`.`lop`, `main`.`HeThongSo`.`moTa`, `main`.`HeThongSo`.`chuQuan`, `main`.`HeThongSo`.`trangThai`, `main`.`HeThongSo`.`namTrienKhai`, `main`.`HeThongSo`.`donViId`, `main`.`HeThongSo`.`createdAt`, `main`.`HeThongSo`.`updatedAt` FROM `main`.`HeThongSo` WHERE 1=1 ORDER BY `main`.`HeThongSo`.`lop` ASC, `main`.`HeThongSo`.`ma` ASC LIMIT ? OFFSET ?
prisma:query SELECT `main`.`DonVi`.`id`, `main`.`DonVi`.`ten`, `main`.`DonVi`.`loai`, `main`.`DonVi`.`parentId`, `main`.`DonVi`.`createdAt` FROM `main`.`DonVi` WHERE `main`.`DonVi`.`id` IN (?,?,?,?) LIMIT ? OFFSET ?
 GET /api/he-thong 200 in 45ms (next.js: 15ms, application-code: 30ms)
prisma:query SELECT `main`.`DonVi`.`id`, `main`.`DonVi`.`ten`, `main`.`DonVi`.`loai`, `main`.`DonVi`.`parentId`, `main`.`DonVi`.`createdAt` FROM `main`.`DonVi` WHERE 1=1 ORDER BY `main`.`DonVi`.`loai` ASC, `main`.`DonVi`.`ten` ASC LIMIT ? OFFSET ?
 GET /api/don-vi 200 in 20ms (next.js: 3ms, application-code: 16ms)
prisma:query SELECT `main`.`HeThongSo`.`id`, `main`.`HeThongSo`.`ma`, `main`.`HeThongSo`.`ten`, `main`.`HeThongSo`.`loai`, `main`.`HeThongSo`.`lop`, `main`.`HeThongSo`.`moTa`, `main`.`HeThongSo`.`chuQuan`, `main`.`HeThongSo`.`trangThai`, `main`.`HeThongSo`.`namTrienKhai`, `main`.`HeThongSo`.`donViId`, `main`.`HeThongSo`.`createdAt`, `main`.`HeThongSo`.`updatedAt` FROM `main`.`HeThongSo` WHERE 1=1 ORDER BY `main`.`HeThongSo`.`lop` ASC, `main`.`HeThongSo`.`ma` ASC LIMIT ? OFFSET ?
prisma:query SELECT `main`.`DonVi`.`id`, `main`.`DonVi`.`ten`, `main`.`DonVi`.`loai`, `main`.`DonVi`.`parentId`, `main`.`DonVi`.`createdAt` FROM `main`.`DonVi` WHERE `main`.`DonVi`.`id` IN (?,?,?,?) LIMIT ? OFFSET ?
 GET /api/he-thong 200 in 24ms (next.js: 3ms, application-code: 20ms)
 GET /api/auth/session 200 in 21ms (next.js: 13ms, application-code: 8ms)
 GET /api/auth/session 200 in 10ms (next.js: 3ms, application-code: 7ms)
 GET /api/auth/session 200 in 10ms (next.js: 2ms, application-code: 8ms)
 GET /api/auth/session 200 in 29ms (next.js: 19ms, application-code: 10ms)
 GET /api/auth/session 200 in 10ms (next.js: 2ms, application-code: 8ms)
 GET /api/auth/session 200 in 10ms (next.js: 3ms, application-code: 7ms)
 GET /api/auth/session 200 in 10ms (next.js: 3ms, application-code: 7ms)
 GET /api/auth/session 200 in 12ms (next.js: 3ms, application-code: 8ms)
 GET /api/auth/session 200 in 14ms (next.js: 4ms, application-code: 11ms)
 GET /admin/khung 200 in 23ms (next.js: 6ms, application-code: 17ms)
prisma:query SELECT `main`.`KhungKTS`.`id`, `main`.`KhungKTS`.`tenKhung`, `main`.`KhungKTS`.`phienBan`, `main`.`KhungKTS`.`ngayBanHanh`, `main`.`KhungKTS`.`giaiDoanApDung`, `main`.`KhungKTS`.`mucTieu`, `main`.`KhungKTS`.`boiCanh`, `main`.`KhungKTS`.`nguyenTac`, `main`.`KhungKTS`.`daiDienPhuTrach`, `main`.`KhungKTS`.`trangThai`, `main`.`KhungKTS`.`updatedAt`, `main`.`KhungKTS`.`createdAt` FROM `main`.`KhungKTS` WHERE 1=1 ORDER BY `main`.`KhungKTS`.`createdAt` DESC LIMIT ? OFFSET ?
 GET /api/kts 200 in 9ms (next.js: 3ms, application-code: 6ms)
prisma:query SELECT `main`.`KhungKTS`.`id`, `main`.`KhungKTS`.`tenKhung`, `main`.`KhungKTS`.`phienBan`, `main`.`KhungKTS`.`ngayBanHanh`, `main`.`KhungKTS`.`giaiDoanApDung`, `main`.`KhungKTS`.`mucTieu`, `main`.`KhungKTS`.`boiCanh`, `main`.`KhungKTS`.`nguyenTac`, `main`.`KhungKTS`.`daiDienPhuTrach`, `main`.`KhungKTS`.`trangThai`, `main`.`KhungKTS`.`updatedAt`, `main`.`KhungKTS`.`createdAt` FROM `main`.`KhungKTS` WHERE 1=1 ORDER BY `main`.`KhungKTS`.`createdAt` DESC LIMIT ? OFFSET ?
 GET /api/kts 200 in 9ms (next.js: 2ms, application-code: 6ms)
 GET / 200 in 17ms (next.js: 5ms, application-code: 12ms)
[browser] Warning: [antd: Statistic] `valueStyle` is deprecated. Please use `styles.content` instead. 
    at Array.forEach (<anonymous>) (<anonymous>)
 GET /api/auth/session 200 in 23ms (next.js: 12ms, application-code: 12ms)
 GET /api/auth/session 200 in 11ms (next.js: 3ms, application-code: 9ms)
 GET / 200 in 47ms (next.js: 10ms, application-code: 37ms)
 GET /admin/he-thong 200 in 23ms (next.js: 5ms, application-code: 19ms)
 GET / 200 in 44ms (next.js: 13ms, application-code: 31ms)
 GET /admin/he-thong 200 in 42ms (next.js: 23ms, application-code: 19ms)
 GET / 200 in 26ms (next.js: 9ms, application-code: 17ms)
 GET /admin/he-thong 200 in 32ms (next.js: 9ms, application-code: 23ms)
✓ Compiled in 70ms
 GET /api/auth/session 200 in 21ms (next.js: 9ms, application-code: 12ms)
 GET /api/auth/session 200 in 9ms (next.js: 3ms, application-code: 7ms)
 GET / 200 in 120ms (next.js: 5ms, application-code: 114ms)
 GET /kts/hien-trang?lop=2 200 in 19ms (next.js: 4ms, application-code: 15ms)
prisma:query SELECT 1
prisma:query SELECT `main`.`HeThongSo`.`id`, `main`.`HeThongSo`.`ma`, `main`.`HeThongSo`.`ten`, `main`.`HeThongSo`.`loai`, `main`.`HeThongSo`.`lop`, `main`.`HeThongSo`.`moTa`, `main`.`HeThongSo`.`chuQuan`, `main`.`HeThongSo`.`trangThai`, `main`.`HeThongSo`.`namTrienKhai`, `main`.`HeThongSo`.`donViId`, `main`.`HeThongSo`.`createdAt`, `main`.`HeThongSo`.`updatedAt` FROM `main`.`HeThongSo` WHERE 1=1 ORDER BY `main`.`HeThongSo`.`lop` ASC, `main`.`HeThongSo`.`ma` ASC LIMIT ? OFFSET ?
prisma:query SELECT `main`.`DonVi`.`id`, `main`.`DonVi`.`ten`, `main`.`DonVi`.`loai`, `main`.`DonVi`.`parentId`, `main`.`DonVi`.`createdAt` FROM `main`.`DonVi` WHERE `main`.`DonVi`.`id` IN (?,?,?,?) LIMIT ? OFFSET ?
 GET /api/he-thong 200 in 33ms (next.js: 8ms, application-code: 25ms)
[browser] Warning: [antd: Spin] `tip` is deprecated. Please use `description` instead. 
prisma:query SELECT `main`.`HeThongSo`.`id`, `main`.`HeThongSo`.`ma`, `main`.`HeThongSo`.`ten`, `main`.`HeThongSo`.`loai`, `main`.`HeThongSo`.`lop`, `main`.`HeThongSo`.`moTa`, `main`.`HeThongSo`.`chuQuan`, `main`.`HeThongSo`.`trangThai`, `main`.`HeThongSo`.`namTrienKhai`, `main`.`HeThongSo`.`donViId`, `main`.`HeThongSo`.`createdAt`, `main`.`HeThongSo`.`updatedAt` FROM `main`.`HeThongSo` WHERE 1=1 ORDER BY `main`.`HeThongSo`.`lop` ASC, `main`.`HeThongSo`.`ma` ASC LIMIT ? OFFSET ?
prisma:query SELECT `main`.`DonVi`.`id`, `main`.`DonVi`.`ten`, `main`.`DonVi`.`loai`, `main`.`DonVi`.`parentId`, `main`.`DonVi`.`createdAt` FROM `main`.`DonVi` WHERE `main`.`DonVi`.`id` IN (?,?,?,?) LIMIT ? OFFSET ?
 GET /api/he-thong 200 in 22ms (next.js: 3ms, application-code: 20ms)
[browser] Warning: [antd: Modal] `destroyOnClose` is deprecated. Please use `destroyOnHidden` instead. 
    at Array.forEach (<anonymous>) (<anonymous>)
 GET /kts/muc-tieu 200 in 18ms (next.js: 4ms, application-code: 14ms)
[browser] Warning: [antd: Card] `bodyStyle` is deprecated. Please use `styles.body` instead. 
    at Array.forEach (<anonymous>) (<anonymous>)
[browser] [React Flow]: It looks like you've created a new nodeTypes or edgeTypes object. If this wasn't on purpose please define the nodeTypes/edgeTypes outside of the component or memoize them. Help: https://reactflow.dev/error#002
[browser] [React Flow]: It looks like you've created a new nodeTypes or edgeTypes object. If this wasn't on purpose please define the nodeTypes/edgeTypes outside of the component or memoize them. Help: https://reactflow.dev/error#002
[browser] [React Flow]: Couldn't create edge for source handle id: "undefined", edge id: e-0. Help: https://reactflow.dev/error#008 (<anonymous>)
[browser] [React Flow]: Couldn't create edge for source handle id: "undefined", edge id: e-1. Help: https://reactflow.dev/error#008 (<anonymous>)
[browser] [React Flow]: Couldn't create edge for source handle id: "undefined", edge id: e-2. Help: https://reactflow.dev/error#008 (<anonymous>)
[browser] [React Flow]: Couldn't create edge for source handle id: "undefined", edge id: e-3. Help: https://reactflow.dev/error#008 (<anonymous>)
[browser] [React Flow]: Couldn't create edge for source handle id: "undefined", edge id: e-4. Help: https://reactflow.dev/error#008 (<anonymous>)
[browser] [React Flow]: Couldn't create edge for source handle id: "undefined", edge id: e-5. Help: https://reactflow.dev/error#008 (<anonymous>)
[browser] [React Flow]: Couldn't create edge for source handle id: "undefined", edge id: e-6. Help: https://reactflow.dev/error#008 (<anonymous>)
[browser] [React Flow]: Couldn't create edge for source handle id: "undefined", edge id: e-7. Help: https://reactflow.dev/error#008 (<anonymous>)
[browser] [React Flow]: Couldn't create edge for source handle id: "undefined", edge id: e-8. Help: https://reactflow.dev/error#008 (<anonymous>)
[browser] [React Flow]: Couldn't create edge for source handle id: "undefined", edge id: e-0. Help: https://reactflow.dev/error#008 (<anonymous>)
[browser] [React Flow]: Couldn't create edge for source handle id: "undefined", edge id: e-1. Help: https://reactflow.dev/error#008 (<anonymous>)
[browser] [React Flow]: Couldn't create edge for source handle id: "undefined", edge id: e-2. Help: https://reactflow.dev/error#008 (<anonymous>)
[browser] [React Flow]: Couldn't create edge for source handle id: "undefined", edge id: e-3. Help: https://reactflow.dev/error#008 (<anonymous>)
[browser] [React Flow]: Couldn't create edge for source handle id: "undefined", edge id: e-4. Help: https://reactflow.dev/error#008 (<anonymous>)
[browser] [React Flow]: Couldn't create edge for source handle id: "undefined", edge id: e-5. Help: https://reactflow.dev/error#008 (<anonymous>)
[browser] [React Flow]: Couldn't create edge for source handle id: "undefined", edge id: e-6. Help: https://reactflow.dev/error#008 (<anonymous>)
[browser] [React Flow]: Couldn't create edge for source handle id: "undefined", edge id: e-7. Help: https://reactflow.dev/error#008 (<anonymous>)
[browser] [React Flow]: Couldn't create edge for source handle id: "undefined", edge id: e-8. Help: https://reactflow.dev/error#008 (<anonymous>)
 GET /kts/lo-trinh 200 in 18ms (next.js: 5ms, application-code: 12ms)
prisma:query SELECT 1
prisma:query SELECT `main`.`NhiemVu`.`id`, `main`.`NhiemVu`.`ma`, `main`.`NhiemVu`.`ten`, `main`.`NhiemVu`.`moTa`, `main`.`NhiemVu`.`donViChuTriId`, `main`.`NhiemVu`.`uuTien`, `main`.`NhiemVu`.`thoiHan`, `main`.`NhiemVu`.`giaiDoan`, `main`.`NhiemVu`.`kpi`, `main`.`NhiemVu`.`nguonKiemChung`, `main`.`NhiemVu`.`trangThai`, `main`.`NhiemVu`.`tienDo`, `main`.`NhiemVu`.`lop`, `main`.`NhiemVu`.`phuongAnXuLy`, `main`.`NhiemVu`.`ghiChu`, `main`.`NhiemVu`.`createdAt`, `main`.`NhiemVu`.`updatedAt` FROM `main`.`NhiemVu` WHERE 1=1 ORDER BY `main`.`NhiemVu`.`uuTien` ASC, `main`.`NhiemVu`.`thoiHan` ASC LIMIT ? OFFSET ?
prisma:query SELECT `main`.`DonVi`.`id`, `main`.`DonVi`.`ten`, `main`.`DonVi`.`loai`, `main`.`DonVi`.`parentId`, `main`.`DonVi`.`createdAt` FROM `main`.`DonVi` WHERE `main`.`DonVi`.`id` IN (?,?) LIMIT ? OFFSET ?
 GET /api/nhiem-vu 200 in 10ms (next.js: 3ms, application-code: 7ms)
prisma:query SELECT `main`.`NhiemVu`.`id`, `main`.`NhiemVu`.`ma`, `main`.`NhiemVu`.`ten`, `main`.`NhiemVu`.`moTa`, `main`.`NhiemVu`.`donViChuTriId`, `main`.`NhiemVu`.`uuTien`, `main`.`NhiemVu`.`thoiHan`, `main`.`NhiemVu`.`giaiDoan`, `main`.`NhiemVu`.`kpi`, `main`.`NhiemVu`.`nguonKiemChung`, `main`.`NhiemVu`.`trangThai`, `main`.`NhiemVu`.`tienDo`, `main`.`NhiemVu`.`lop`, `main`.`NhiemVu`.`phuongAnXuLy`, `main`.`NhiemVu`.`ghiChu`, `main`.`NhiemVu`.`createdAt`, `main`.`NhiemVu`.`updatedAt` FROM `main`.`NhiemVu` WHERE 1=1 ORDER BY `main`.`NhiemVu`.`uuTien` ASC, `main`.`NhiemVu`.`thoiHan` ASC LIMIT ? OFFSET ?
prisma:query SELECT `main`.`DonVi`.`id`, `main`.`DonVi`.`ten`, `main`.`DonVi`.`loai`, `main`.`DonVi`.`parentId`, `main`.`DonVi`.`createdAt` FROM `main`.`DonVi` WHERE `main`.`DonVi`.`id` IN (?,?) LIMIT ? OFFSET ?
 GET /api/nhiem-vu 200 in 10ms (next.js: 3ms, application-code: 7ms)
 GET /kts/muc-tieu 200 in 18ms (next.js: 4ms, application-code: 14ms)
[browser] [React Flow]: It looks like you've created a new nodeTypes or edgeTypes object. If this wasn't on purpose please define the nodeTypes/edgeTypes outside of the component or memoize them. Help: https://reactflow.dev/error#002
[browser] [React Flow]: It looks like you've created a new nodeTypes or edgeTypes object. If this wasn't on purpose please define the nodeTypes/edgeTypes outside of the component or memoize them. Help: https://reactflow.dev/error#002
[browser] [React Flow]: Couldn't create edge for source handle id: "undefined", edge id: e-0. Help: https://reactflow.dev/error#008 (<anonymous>)
[browser] [React Flow]: Couldn't create edge for source handle id: "undefined", edge id: e-1. Help: https://reactflow.dev/error#008 (<anonymous>)
[browser] [React Flow]: Couldn't create edge for source handle id: "undefined", edge id: e-2. Help: https://reactflow.dev/error#008 (<anonymous>)
[browser] [React Flow]: Couldn't create edge for source handle id: "undefined", edge id: e-3. Help: https://reactflow.dev/error#008 (<anonymous>)
[browser] [React Flow]: Couldn't create edge for source handle id: "undefined", edge id: e-4. Help: https://reactflow.dev/error#008 (<anonymous>)
[browser] [React Flow]: Couldn't create edge for source handle id: "undefined", edge id: e-5. Help: https://reactflow.dev/error#008 (<anonymous>)
[browser] [React Flow]: Couldn't create edge for source handle id: "undefined", edge id: e-6. Help: https://reactflow.dev/error#008 (<anonymous>)
[browser] [React Flow]: Couldn't create edge for source handle id: "undefined", edge id: e-7. Help: https://reactflow.dev/error#008 (<anonymous>)
[browser] [React Flow]: Couldn't create edge for source handle id: "undefined", edge id: e-8. Help: https://reactflow.dev/error#008 (<anonymous>)
[browser] [React Flow]: Couldn't create edge for source handle id: "undefined", edge id: e-0. Help: https://reactflow.dev/error#008 (<anonymous>)
[browser] [React Flow]: Couldn't create edge for source handle id: "undefined", edge id: e-1. Help: https://reactflow.dev/error#008 (<anonymous>)
[browser] [React Flow]: Couldn't create edge for source handle id: "undefined", edge id: e-2. Help: https://reactflow.dev/error#008 (<anonymous>)
[browser] [React Flow]: Couldn't create edge for source handle id: "undefined", edge id: e-3. Help: https://reactflow.dev/error#008 (<anonymous>)
[browser] [React Flow]: Couldn't create edge for source handle id: "undefined", edge id: e-4. Help: https://reactflow.dev/error#008 (<anonymous>)
[browser] [React Flow]: Couldn't create edge for source handle id: "undefined", edge id: e-5. Help: https://reactflow.dev/error#008 (<anonymous>)
[browser] [React Flow]: Couldn't create edge for source handle id: "undefined", edge id: e-6. Help: https://reactflow.dev/error#008 (<anonymous>)
[browser] [React Flow]: Couldn't create edge for source handle id: "undefined", edge id: e-7. Help: https://reactflow.dev/error#008 (<anonymous>)
[browser] [React Flow]: Couldn't create edge for source handle id: "undefined", edge id: e-8. Help: https://reactflow.dev/error#008 (<anonymous>)
 GET /kts/lo-trinh 200 in 18ms (next.js: 3ms, application-code: 15ms)
prisma:query SELECT 1
prisma:query SELECT `main`.`NhiemVu`.`id`, `main`.`NhiemVu`.`ma`, `main`.`NhiemVu`.`ten`, `main`.`NhiemVu`.`moTa`, `main`.`NhiemVu`.`donViChuTriId`, `main`.`NhiemVu`.`uuTien`, `main`.`NhiemVu`.`thoiHan`, `main`.`NhiemVu`.`giaiDoan`, `main`.`NhiemVu`.`kpi`, `main`.`NhiemVu`.`nguonKiemChung`, `main`.`NhiemVu`.`trangThai`, `main`.`NhiemVu`.`tienDo`, `main`.`NhiemVu`.`lop`, `main`.`NhiemVu`.`phuongAnXuLy`, `main`.`NhiemVu`.`ghiChu`, `main`.`NhiemVu`.`createdAt`, `main`.`NhiemVu`.`updatedAt` FROM `main`.`NhiemVu` WHERE 1=1 ORDER BY `main`.`NhiemVu`.`uuTien` ASC, `main`.`NhiemVu`.`thoiHan` ASC LIMIT ? OFFSET ?
prisma:query SELECT `main`.`DonVi`.`id`, `main`.`DonVi`.`ten`, `main`.`DonVi`.`loai`, `main`.`DonVi`.`parentId`, `main`.`DonVi`.`createdAt` FROM `main`.`DonVi` WHERE `main`.`DonVi`.`id` IN (?,?) LIMIT ? OFFSET ?
 GET /api/nhiem-vu 200 in 8ms (next.js: 2ms, application-code: 6ms)
prisma:query SELECT `main`.`NhiemVu`.`id`, `main`.`NhiemVu`.`ma`, `main`.`NhiemVu`.`ten`, `main`.`NhiemVu`.`moTa`, `main`.`NhiemVu`.`donViChuTriId`, `main`.`NhiemVu`.`uuTien`, `main`.`NhiemVu`.`thoiHan`, `main`.`NhiemVu`.`giaiDoan`, `main`.`NhiemVu`.`kpi`, `main`.`NhiemVu`.`nguonKiemChung`, `main`.`NhiemVu`.`trangThai`, `main`.`NhiemVu`.`tienDo`, `main`.`NhiemVu`.`lop`, `main`.`NhiemVu`.`phuongAnXuLy`, `main`.`NhiemVu`.`ghiChu`, `main`.`NhiemVu`.`createdAt`, `main`.`NhiemVu`.`updatedAt` FROM `main`.`NhiemVu` WHERE 1=1 ORDER BY `main`.`NhiemVu`.`uuTien` ASC, `main`.`NhiemVu`.`thoiHan` ASC LIMIT ? OFFSET ?
prisma:query SELECT `main`.`DonVi`.`id`, `main`.`DonVi`.`ten`, `main`.`DonVi`.`loai`, `main`.`DonVi`.`parentId`, `main`.`DonVi`.`createdAt` FROM `main`.`DonVi` WHERE `main`.`DonVi`.`id` IN (?,?) LIMIT ? OFFSET ?
 GET /api/nhiem-vu 200 in 11ms (next.js: 3ms, application-code: 8ms)
prisma:query SELECT 1
prisma:query SELECT `main`.`KhungKTS`.`id`, `main`.`KhungKTS`.`tenKhung`, `main`.`KhungKTS`.`phienBan`, `main`.`KhungKTS`.`ngayBanHanh`, `main`.`KhungKTS`.`giaiDoanApDung`, `main`.`KhungKTS`.`mucTieu`, `main`.`KhungKTS`.`boiCanh`, `main`.`KhungKTS`.`nguyenTac`, `main`.`KhungKTS`.`daiDienPhuTrach`, `main`.`KhungKTS`.`trangThai`, `main`.`KhungKTS`.`updatedAt`, `main`.`KhungKTS`.`createdAt` FROM `main`.`KhungKTS` WHERE 1=1 ORDER BY `main`.`KhungKTS`.`createdAt` DESC LIMIT ? OFFSET ?
 GET /kts/tong-quan 200 in 21ms (next.js: 5ms, application-code: 16ms)
 GET / 200 in 15ms (next.js: 4ms, application-code: 11ms)
 GET /kts/lo-trinh 200 in 23ms (next.js: 5ms, application-code: 18ms)
prisma:query SELECT 1
prisma:query SELECT `main`.`NhiemVu`.`id`, `main`.`NhiemVu`.`ma`, `main`.`NhiemVu`.`ten`, `main`.`NhiemVu`.`moTa`, `main`.`NhiemVu`.`donViChuTriId`, `main`.`NhiemVu`.`uuTien`, `main`.`NhiemVu`.`thoiHan`, `main`.`NhiemVu`.`giaiDoan`, `main`.`NhiemVu`.`kpi`, `main`.`NhiemVu`.`nguonKiemChung`, `main`.`NhiemVu`.`trangThai`, `main`.`NhiemVu`.`tienDo`, `main`.`NhiemVu`.`lop`, `main`.`NhiemVu`.`phuongAnXuLy`, `main`.`NhiemVu`.`ghiChu`, `main`.`NhiemVu`.`createdAt`, `main`.`NhiemVu`.`updatedAt` FROM `main`.`NhiemVu` WHERE 1=1 ORDER BY `main`.`NhiemVu`.`uuTien` ASC, `main`.`NhiemVu`.`thoiHan` ASC LIMIT ? OFFSET ?
prisma:query SELECT `main`.`DonVi`.`id`, `main`.`DonVi`.`ten`, `main`.`DonVi`.`loai`, `main`.`DonVi`.`parentId`, `main`.`DonVi`.`createdAt` FROM `main`.`DonVi` WHERE `main`.`DonVi`.`id` IN (?,?) LIMIT ? OFFSET ?
 GET /api/nhiem-vu 200 in 8ms (next.js: 2ms, application-code: 6ms)
prisma:query SELECT `main`.`NhiemVu`.`id`, `main`.`NhiemVu`.`ma`, `main`.`NhiemVu`.`ten`, `main`.`NhiemVu`.`moTa`, `main`.`NhiemVu`.`donViChuTriId`, `main`.`NhiemVu`.`uuTien`, `main`.`NhiemVu`.`thoiHan`, `main`.`NhiemVu`.`giaiDoan`, `main`.`NhiemVu`.`kpi`, `main`.`NhiemVu`.`nguonKiemChung`, `main`.`NhiemVu`.`trangThai`, `main`.`NhiemVu`.`tienDo`, `main`.`NhiemVu`.`lop`, `main`.`NhiemVu`.`phuongAnXuLy`, `main`.`NhiemVu`.`ghiChu`, `main`.`NhiemVu`.`createdAt`, `main`.`NhiemVu`.`updatedAt` FROM `main`.`NhiemVu` WHERE 1=1 ORDER BY `main`.`NhiemVu`.`uuTien` ASC, `main`.`NhiemVu`.`thoiHan` ASC LIMIT ? OFFSET ?
prisma:query SELECT `main`.`DonVi`.`id`, `main`.`DonVi`.`ten`, `main`.`DonVi`.`loai`, `main`.`DonVi`.`parentId`, `main`.`DonVi`.`createdAt` FROM `main`.`DonVi` WHERE `main`.`DonVi`.`id` IN (?,?) LIMIT ? OFFSET ?
 GET /api/nhiem-vu 200 in 11ms (next.js: 3ms, application-code: 8ms)
 GET /kts/muc-tieu 200 in 19ms (next.js: 4ms, application-code: 15ms)
[browser] [React Flow]: It looks like you've created a new nodeTypes or edgeTypes object. If this wasn't on purpose please define the nodeTypes/edgeTypes outside of the component or memoize them. Help: https://reactflow.dev/error#002
[browser] [React Flow]: It looks like you've created a new nodeTypes or edgeTypes object. If this wasn't on purpose please define the nodeTypes/edgeTypes outside of the component or memoize them. Help: https://reactflow.dev/error#002
[browser] [React Flow]: Couldn't create edge for source handle id: "undefined", edge id: e-0. Help: https://reactflow.dev/error#008 (<anonymous>)
[browser] [React Flow]: Couldn't create edge for source handle id: "undefined", edge id: e-1. Help: https://reactflow.dev/error#008 (<anonymous>)
[browser] [React Flow]: Couldn't create edge for source handle id: "undefined", edge id: e-2. Help: https://reactflow.dev/error#008 (<anonymous>)
[browser] [React Flow]: Couldn't create edge for source handle id: "undefined", edge id: e-3. Help: https://reactflow.dev/error#008 (<anonymous>)
[browser] [React Flow]: Couldn't create edge for source handle id: "undefined", edge id: e-4. Help: https://reactflow.dev/error#008 (<anonymous>)
[browser] [React Flow]: Couldn't create edge for source handle id: "undefined", edge id: e-5. Help: https://reactflow.dev/error#008 (<anonymous>)
[browser] [React Flow]: Couldn't create edge for source handle id: "undefined", edge id: e-6. Help: https://reactflow.dev/error#008 (<anonymous>)
[browser] [React Flow]: Couldn't create edge for source handle id: "undefined", edge id: e-7. Help: https://reactflow.dev/error#008 (<anonymous>)
[browser] [React Flow]: Couldn't create edge for source handle id: "undefined", edge id: e-8. Help: https://reactflow.dev/error#008 (<anonymous>)
[browser] [React Flow]: Couldn't create edge for source handle id: "undefined", edge id: e-0. Help: https://reactflow.dev/error#008 (<anonymous>)
[browser] [React Flow]: Couldn't create edge for source handle id: "undefined", edge id: e-1. Help: https://reactflow.dev/error#008 (<anonymous>)
[browser] [React Flow]: Couldn't create edge for source handle id: "undefined", edge id: e-2. Help: https://reactflow.dev/error#008 (<anonymous>)
[browser] [React Flow]: Couldn't create edge for source handle id: "undefined", edge id: e-3. Help: https://reactflow.dev/error#008 (<anonymous>)
[browser] [React Flow]: Couldn't create edge for source handle id: "undefined", edge id: e-4. Help: https://reactflow.dev/error#008 (<anonymous>)
[browser] [React Flow]: Couldn't create edge for source handle id: "undefined", edge id: e-5. Help: https://reactflow.dev/error#008 (<anonymous>)
[browser] [React Flow]: Couldn't create edge for source handle id: "undefined", edge id: e-6. Help: https://reactflow.dev/error#008 (<anonymous>)
[browser] [React Flow]: Couldn't create edge for source handle id: "undefined", edge id: e-7. Help: https://reactflow.dev/error#008 (<anonymous>)
[browser] [React Flow]: Couldn't create edge for source handle id: "undefined", edge id: e-8. Help: https://reactflow.dev/error#008 (<anonymous>)
 GET /kts/hien-trang 200 in 17ms (next.js: 4ms, application-code: 13ms)
prisma:query SELECT `main`.`HeThongSo`.`id`, `main`.`HeThongSo`.`ma`, `main`.`HeThongSo`.`ten`, `main`.`HeThongSo`.`loai`, `main`.`HeThongSo`.`lop`, `main`.`HeThongSo`.`moTa`, `main`.`HeThongSo`.`chuQuan`, `main`.`HeThongSo`.`trangThai`, `main`.`HeThongSo`.`namTrienKhai`, `main`.`HeThongSo`.`donViId`, `main`.`HeThongSo`.`createdAt`, `main`.`HeThongSo`.`updatedAt` FROM `main`.`HeThongSo` WHERE 1=1 ORDER BY `main`.`HeThongSo`.`lop` ASC, `main`.`HeThongSo`.`ma` ASC LIMIT ? OFFSET ?
prisma:query SELECT `main`.`DonVi`.`id`, `main`.`DonVi`.`ten`, `main`.`DonVi`.`loai`, `main`.`DonVi`.`parentId`, `main`.`DonVi`.`createdAt` FROM `main`.`DonVi` WHERE `main`.`DonVi`.`id` IN (?,?,?,?) LIMIT ? OFFSET ?
 GET /api/he-thong 200 in 22ms (next.js: 3ms, application-code: 19ms)
prisma:query SELECT `main`.`HeThongSo`.`id`, `main`.`HeThongSo`.`ma`, `main`.`HeThongSo`.`ten`, `main`.`HeThongSo`.`loai`, `main`.`HeThongSo`.`lop`, `main`.`HeThongSo`.`moTa`, `main`.`HeThongSo`.`chuQuan`, `main`.`HeThongSo`.`trangThai`, `main`.`HeThongSo`.`namTrienKhai`, `main`.`HeThongSo`.`donViId`, `main`.`HeThongSo`.`createdAt`, `main`.`HeThongSo`.`updatedAt` FROM `main`.`HeThongSo` WHERE 1=1 ORDER BY `main`.`HeThongSo`.`lop` ASC, `main`.`HeThongSo`.`ma` ASC LIMIT ? OFFSET ?
prisma:query SELECT `main`.`DonVi`.`id`, `main`.`DonVi`.`ten`, `main`.`DonVi`.`loai`, `main`.`DonVi`.`parentId`, `main`.`DonVi`.`createdAt` FROM `main`.`DonVi` WHERE `main`.`DonVi`.`id` IN (?,?,?,?) LIMIT ? OFFSET ?
 GET /api/he-thong 200 in 24ms (next.js: 3ms, application-code: 21ms)
prisma:query SELECT `main`.`KhungKTS`.`id`, `main`.`KhungKTS`.`tenKhung`, `main`.`KhungKTS`.`phienBan`, `main`.`KhungKTS`.`ngayBanHanh`, `main`.`KhungKTS`.`giaiDoanApDung`, `main`.`KhungKTS`.`mucTieu`, `main`.`KhungKTS`.`boiCanh`, `main`.`KhungKTS`.`nguyenTac`, `main`.`KhungKTS`.`daiDienPhuTrach`, `main`.`KhungKTS`.`trangThai`, `main`.`KhungKTS`.`updatedAt`, `main`.`KhungKTS`.`createdAt` FROM `main`.`KhungKTS` WHERE 1=1 ORDER BY `main`.`KhungKTS`.`createdAt` DESC LIMIT ? OFFSET ?
 GET /kts/tong-quan 200 in 20ms (next.js: 4ms, application-code: 16ms)
prisma:query SELECT 1
prisma:query SELECT `main`.`KhungKTS`.`id`, `main`.`KhungKTS`.`tenKhung`, `main`.`KhungKTS`.`phienBan`, `main`.`KhungKTS`.`ngayBanHanh`, `main`.`KhungKTS`.`giaiDoanApDung`, `main`.`KhungKTS`.`mucTieu`, `main`.`KhungKTS`.`boiCanh`, `main`.`KhungKTS`.`nguyenTac`, `main`.`KhungKTS`.`daiDienPhuTrach`, `main`.`KhungKTS`.`trangThai`, `main`.`KhungKTS`.`updatedAt`, `main`.`KhungKTS`.`createdAt` FROM `main`.`KhungKTS` WHERE 1=1 ORDER BY `main`.`KhungKTS`.`createdAt` DESC LIMIT ? OFFSET ?
✓ Compiled in 119ms
 GET /kts/tong-quan 200 in 65ms (next.js: 14ms, application-code: 50ms)
 GET /admin/he-thong 200 in 26ms (next.js: 6ms, application-code: 20ms)
prisma:query SELECT `main`.`KhungKTS`.`id`, `main`.`KhungKTS`.`tenKhung`, `main`.`KhungKTS`.`phienBan`, `main`.`KhungKTS`.`ngayBanHanh`, `main`.`KhungKTS`.`giaiDoanApDung`, `main`.`KhungKTS`.`mucTieu`, `main`.`KhungKTS`.`boiCanh`, `main`.`KhungKTS`.`nguyenTac`, `main`.`KhungKTS`.`daiDienPhuTrach`, `main`.`KhungKTS`.`trangThai`, `main`.`KhungKTS`.`updatedAt`, `main`.`KhungKTS`.`createdAt` FROM `main`.`KhungKTS` WHERE 1=1 ORDER BY `main`.`KhungKTS`.`createdAt` DESC LIMIT ? OFFSET ?
✓ Compiled in 57ms
 GET /kts/tong-quan 200 in 79ms (next.js: 11ms, application-code: 68ms)
 GET /admin/he-thong 200 in 30ms (next.js: 5ms, application-code: 25ms)
prisma:query SELECT `main`.`KhungKTS`.`id`, `main`.`KhungKTS`.`tenKhung`, `main`.`KhungKTS`.`phienBan`, `main`.`KhungKTS`.`ngayBanHanh`, `main`.`KhungKTS`.`giaiDoanApDung`, `main`.`KhungKTS`.`mucTieu`, `main`.`KhungKTS`.`boiCanh`, `main`.`KhungKTS`.`nguyenTac`, `main`.`KhungKTS`.`daiDienPhuTrach`, `main`.`KhungKTS`.`trangThai`, `main`.`KhungKTS`.`updatedAt`, `main`.`KhungKTS`.`createdAt` FROM `main`.`KhungKTS` WHERE 1=1 ORDER BY `main`.`KhungKTS`.`createdAt` DESC LIMIT ? OFFSET ?
✓ Compiled in 197ms
 GET /admin/he-thong 200 in 50ms (next.js: 26ms, application-code: 25ms)
 GET /kts/tong-quan 200 in 58ms (next.js: 7ms, application-code: 50ms)
prisma:query SELECT 1
prisma:query SELECT `main`.`KhungKTS`.`id`, `main`.`KhungKTS`.`tenKhung`, `main`.`KhungKTS`.`phienBan`, `main`.`KhungKTS`.`ngayBanHanh`, `main`.`KhungKTS`.`giaiDoanApDung`, `main`.`KhungKTS`.`mucTieu`, `main`.`KhungKTS`.`boiCanh`, `main`.`KhungKTS`.`nguyenTac`, `main`.`KhungKTS`.`daiDienPhuTrach`, `main`.`KhungKTS`.`trangThai`, `main`.`KhungKTS`.`updatedAt`, `main`.`KhungKTS`.`createdAt` FROM `main`.`KhungKTS` WHERE 1=1 ORDER BY `main`.`KhungKTS`.`createdAt` DESC LIMIT ? OFFSET ?
 GET /kts/tong-quan 200 in 68ms (next.js: 6ms, application-code: 62ms)
 GET /admin/he-thong 200 in 37ms (next.js: 7ms, application-code: 31ms)
✓ Compiled in 91ms
 GET /admin/he-thong 200 in 221ms (next.js: 80ms, application-code: 142ms)
 GET /kts/tong-quan 404 in 152ms (next.js: 59ms, application-code: 93ms)
 GET /admin/he-thong 200 in 157ms (next.js: 10ms, application-code: 147ms)
 GET /kts/tong-quan 404 in 166ms (next.js: 12ms, application-code: 154ms)
 GET /kts/tong-quan 404 in 73ms (next.js: 11ms, application-code: 62ms)
 GET /admin/he-thong 200 in 163ms (next.js: 11ms, application-code: 152ms)
 GET /kts/tong-quan 404 in 161ms (next.js: 29ms, application-code: 132ms)
 GET /admin/he-thong 200 in 78ms (next.js: 28ms, application-code: 49ms)
 GET /admin/he-thong 200 in 120ms (next.js: 70ms, application-code: 50ms)
 GET /admin/he-thong 200 in 60ms (next.js: 4ms, application-code: 55ms)
 GET /admin/he-thong 200 in 60ms (next.js: 10ms, application-code: 50ms)
 GET /admin/he-thong 200 in 61ms (next.js: 5ms, application-code: 56ms)
 GET /admin/he-thong 200 in 56ms (next.js: 7ms, application-code: 49ms)
 GET /admin/he-thong 200 in 46ms (next.js: 5ms, application-code: 41ms)
 GET /admin/he-thong 200 in 48ms (next.js: 3ms, application-code: 45ms)
 GET /admin/he-thong 200 in 51ms (next.js: 4ms, application-code: 47ms)
 GET /admin/he-thong 200 in 85ms (next.js: 5ms, application-code: 80ms)
 GET /admin/he-thong 200 in 86ms (next.js: 29ms, application-code: 57ms)
 GET /admin/he-thong 200 in 52ms (next.js: 5ms, application-code: 47ms)
 GET /admin/he-thong 200 in 47ms (next.js: 5ms, application-code: 42ms)
 GET /admin/he-thong 200 in 27ms (next.js: 4ms, application-code: 23ms)
 GET /admin/he-thong 200 in 44ms (next.js: 5ms, application-code: 39ms)
 GET /admin/he-thong 200 in 38ms (next.js: 3ms, application-code: 35ms)
 GET /admin/he-thong 200 in 40ms (next.js: 3ms, application-code: 36ms)
 GET /admin/he-thong 200 in 43ms (next.js: 3ms, application-code: 40ms)
 GET /admin/he-thong 200 in 42ms (next.js: 4ms, application-code: 39ms)
 GET /admin/he-thong 200 in 47ms (next.js: 4ms, application-code: 43ms)
 GET /admin/he-thong 200 in 49ms (next.js: 5ms, application-code: 44ms)
 GET /admin/he-thong 200 in 41ms (next.js: 4ms, application-code: 36ms)
 GET /admin/he-thong 200 in 46ms (next.js: 4ms, application-code: 42ms)
 GET /admin/he-thong 200 in 46ms (next.js: 7ms, application-code: 39ms)
 GET /admin/he-thong 200 in 48ms (next.js: 4ms, application-code: 44ms)
 GET /admin/he-thong 200 in 46ms (next.js: 9ms, application-code: 37ms)
 GET /admin/he-thong 200 in 65ms (next.js: 3ms, application-code: 62ms)
 GET /admin/he-thong 200 in 66ms (next.js: 24ms, application-code: 43ms)
 GET /admin/he-thong 200 in 46ms (next.js: 4ms, application-code: 42ms)
 GET /admin/he-thong 200 in 47ms (next.js: 4ms, application-code: 43ms)
 GET /admin/he-thong 200 in 42ms (next.js: 5ms, application-code: 37ms)
 GET /admin/he-thong 200 in 47ms (next.js: 4ms, application-code: 43ms)
 GET /admin/he-thong 200 in 50ms (next.js: 5ms, application-code: 45ms)
 GET /admin/he-thong 200 in 44ms (next.js: 3ms, application-code: 41ms)
 GET /admin/he-thong 200 in 43ms (next.js: 4ms, application-code: 39ms)
 GET /admin/he-thong 200 in 44ms (next.js: 5ms, application-code: 39ms)
 GET /admin/he-thong 200 in 22ms (next.js: 4ms, application-code: 17ms)
 GET /kts/tong-quan 404 in 33ms (next.js: 7ms, application-code: 26ms)
 GET /kts/tong-quan 404 in 42ms (next.js: 6ms, application-code: 37ms)
 GET /kts 404 in 30ms (next.js: 6ms, application-code: 24ms)
Warning: [antd: Spin] `tip` is deprecated. Please use `description` instead.
 GET /admin/import 200 in 432ms (next.js: 9ms, application-code: 423ms)
[browser] Warning: [antd: Spin] `tip` is deprecated. Please use `description` instead. 
 GET /api/auth/session 200 in 95ms (next.js: 55ms, application-code: 40ms)
 GET /api/auth/session 200 in 19ms (next.js: 3ms, application-code: 15ms)
 GET /api/auth/session 200 in 16ms (next.js: 4ms, application-code: 12ms)
 GET /api/auth/session 200 in 15ms (next.js: 4ms, application-code: 12ms)
[browser] Warning: [antd: Steps] `items.description` is deprecated. Please use `items.content` instead. 
[browser] Warning: [antd: Alert] `message` is deprecated. Please use `title` instead. 
    at Array.forEach (<anonymous>) (<anonymous>)
 GET /api/auth/session 200 in 25ms (next.js: 3ms, application-code: 22ms)
 GET /api/auth/session 200 in 18ms (next.js: 4ms, application-code: 14ms)
 GET /admin/nhiem-vu 200 in 28ms (next.js: 11ms, application-code: 17ms)
prisma:query SELECT 1
prisma:query SELECT `main`.`NhiemVu`.`id`, `main`.`NhiemVu`.`ma`, `main`.`NhiemVu`.`ten`, `main`.`NhiemVu`.`moTa`, `main`.`NhiemVu`.`donViChuTriId`, `main`.`NhiemVu`.`uuTien`, `main`.`NhiemVu`.`thoiHan`, `main`.`NhiemVu`.`giaiDoan`, `main`.`NhiemVu`.`kpi`, `main`.`NhiemVu`.`nguonKiemChung`, `main`.`NhiemVu`.`trangThai`, `main`.`NhiemVu`.`tienDo`, `main`.`NhiemVu`.`lop`, `main`.`NhiemVu`.`phuongAnXuLy`, `main`.`NhiemVu`.`ghiChu`, `main`.`NhiemVu`.`createdAt`, `main`.`NhiemVu`.`updatedAt` FROM `main`.`NhiemVu` WHERE 1=1 ORDER BY `main`.`NhiemVu`.`uuTien` ASC, `main`.`NhiemVu`.`thoiHan` ASC LIMIT ? OFFSET ?
prisma:query SELECT `main`.`DonVi`.`id`, `main`.`DonVi`.`ten`, `main`.`DonVi`.`loai`, `main`.`DonVi`.`parentId`, `main`.`DonVi`.`createdAt` FROM `main`.`DonVi` WHERE `main`.`DonVi`.`id` IN (?,?) LIMIT ? OFFSET ?
prisma:query SELECT `main`.`DonVi`.`id`, `main`.`DonVi`.`ten`, `main`.`DonVi`.`loai`, `main`.`DonVi`.`parentId`, `main`.`DonVi`.`createdAt` FROM `main`.`DonVi` WHERE 1=1 ORDER BY `main`.`DonVi`.`loai` ASC, `main`.`DonVi`.`ten` ASC LIMIT ? OFFSET ?
 GET /api/nhiem-vu 200 in 65ms (next.js: 23ms, application-code: 42ms)
 GET /api/don-vi 200 in 66ms (next.js: 48ms, application-code: 18ms)
prisma:query SELECT `main`.`NhiemVu`.`id`, `main`.`NhiemVu`.`ma`, `main`.`NhiemVu`.`ten`, `main`.`NhiemVu`.`moTa`, `main`.`NhiemVu`.`donViChuTriId`, `main`.`NhiemVu`.`uuTien`, `main`.`NhiemVu`.`thoiHan`, `main`.`NhiemVu`.`giaiDoan`, `main`.`NhiemVu`.`kpi`, `main`.`NhiemVu`.`nguonKiemChung`, `main`.`NhiemVu`.`trangThai`, `main`.`NhiemVu`.`tienDo`, `main`.`NhiemVu`.`lop`, `main`.`NhiemVu`.`phuongAnXuLy`, `main`.`NhiemVu`.`ghiChu`, `main`.`NhiemVu`.`createdAt`, `main`.`NhiemVu`.`updatedAt` FROM `main`.`NhiemVu` WHERE 1=1 ORDER BY `main`.`NhiemVu`.`uuTien` ASC, `main`.`NhiemVu`.`thoiHan` ASC LIMIT ? OFFSET ?
prisma:query SELECT `main`.`DonVi`.`id`, `main`.`DonVi`.`ten`, `main`.`DonVi`.`loai`, `main`.`DonVi`.`parentId`, `main`.`DonVi`.`createdAt` FROM `main`.`DonVi` WHERE `main`.`DonVi`.`id` IN (?,?) LIMIT ? OFFSET ?
 GET /api/nhiem-vu 200 in 19ms (next.js: 5ms, application-code: 13ms)
prisma:query SELECT `main`.`DonVi`.`id`, `main`.`DonVi`.`ten`, `main`.`DonVi`.`loai`, `main`.`DonVi`.`parentId`, `main`.`DonVi`.`createdAt` FROM `main`.`DonVi` WHERE 1=1 ORDER BY `main`.`DonVi`.`loai` ASC, `main`.`DonVi`.`ten` ASC LIMIT ? OFFSET ?
 GET /api/don-vi 200 in 20ms (next.js: 11ms, application-code: 8ms)
 GET /admin/he-thong 200 in 19ms (next.js: 4ms, application-code: 15ms)
prisma:query SELECT `main`.`HeThongSo`.`id`, `main`.`HeThongSo`.`ma`, `main`.`HeThongSo`.`ten`, `main`.`HeThongSo`.`loai`, `main`.`HeThongSo`.`lop`, `main`.`HeThongSo`.`moTa`, `main`.`HeThongSo`.`chuQuan`, `main`.`HeThongSo`.`trangThai`, `main`.`HeThongSo`.`namTrienKhai`, `main`.`HeThongSo`.`donViId`, `main`.`HeThongSo`.`createdAt`, `main`.`HeThongSo`.`updatedAt` FROM `main`.`HeThongSo` WHERE 1=1 ORDER BY `main`.`HeThongSo`.`lop` ASC, `main`.`HeThongSo`.`ma` ASC LIMIT ? OFFSET ?
prisma:query SELECT `main`.`DonVi`.`id`, `main`.`DonVi`.`ten`, `main`.`DonVi`.`loai`, `main`.`DonVi`.`parentId`, `main`.`DonVi`.`createdAt` FROM `main`.`DonVi` WHERE `main`.`DonVi`.`id` IN (?,?,?,?) LIMIT ? OFFSET ?
prisma:query SELECT 1
prisma:query SELECT `main`.`DonVi`.`id`, `main`.`DonVi`.`ten`, `main`.`DonVi`.`loai`, `main`.`DonVi`.`parentId`, `main`.`DonVi`.`createdAt` FROM `main`.`DonVi` WHERE 1=1 ORDER BY `main`.`DonVi`.`loai` ASC, `main`.`DonVi`.`ten` ASC LIMIT ? OFFSET ?
 GET /api/don-vi 200 in 32ms (next.js: 27ms, application-code: 5ms)
 GET /api/he-thong 200 in 44ms (next.js: 21ms, application-code: 23ms)
prisma:query SELECT `main`.`DonVi`.`id`, `main`.`DonVi`.`ten`, `main`.`DonVi`.`loai`, `main`.`DonVi`.`parentId`, `main`.`DonVi`.`createdAt` FROM `main`.`DonVi` WHERE 1=1 ORDER BY `main`.`DonVi`.`loai` ASC, `main`.`DonVi`.`ten` ASC LIMIT ? OFFSET ?
 GET /api/don-vi 200 in 13ms (next.js: 2ms, application-code: 10ms)
prisma:query SELECT `main`.`HeThongSo`.`id`, `main`.`HeThongSo`.`ma`, `main`.`HeThongSo`.`ten`, `main`.`HeThongSo`.`loai`, `main`.`HeThongSo`.`lop`, `main`.`HeThongSo`.`moTa`, `main`.`HeThongSo`.`chuQuan`, `main`.`HeThongSo`.`trangThai`, `main`.`HeThongSo`.`namTrienKhai`, `main`.`HeThongSo`.`donViId`, `main`.`HeThongSo`.`createdAt`, `main`.`HeThongSo`.`updatedAt` FROM `main`.`HeThongSo` WHERE 1=1 ORDER BY `main`.`HeThongSo`.`lop` ASC, `main`.`HeThongSo`.`ma` ASC LIMIT ? OFFSET ?
prisma:query SELECT `main`.`DonVi`.`id`, `main`.`DonVi`.`ten`, `main`.`DonVi`.`loai`, `main`.`DonVi`.`parentId`, `main`.`DonVi`.`createdAt` FROM `main`.`DonVi` WHERE `main`.`DonVi`.`id` IN (?,?,?,?) LIMIT ? OFFSET ?
 GET /api/he-thong 200 in 21ms (next.js: 2ms, application-code: 19ms)
 GET /admin/khung 200 in 24ms (next.js: 10ms, application-code: 14ms)
prisma:query SELECT `main`.`KhungKTS`.`id`, `main`.`KhungKTS`.`tenKhung`, `main`.`KhungKTS`.`phienBan`, `main`.`KhungKTS`.`ngayBanHanh`, `main`.`KhungKTS`.`giaiDoanApDung`, `main`.`KhungKTS`.`mucTieu`, `main`.`KhungKTS`.`boiCanh`, `main`.`KhungKTS`.`nguyenTac`, `main`.`KhungKTS`.`daiDienPhuTrach`, `main`.`KhungKTS`.`trangThai`, `main`.`KhungKTS`.`updatedAt`, `main`.`KhungKTS`.`createdAt` FROM `main`.`KhungKTS` WHERE 1=1 ORDER BY `main`.`KhungKTS`.`createdAt` DESC LIMIT ? OFFSET ?
 GET /api/kts 200 in 28ms (next.js: 22ms, application-code: 6ms)
prisma:query SELECT `main`.`KhungKTS`.`id`, `main`.`KhungKTS`.`tenKhung`, `main`.`KhungKTS`.`phienBan`, `main`.`KhungKTS`.`ngayBanHanh`, `main`.`KhungKTS`.`giaiDoanApDung`, `main`.`KhungKTS`.`mucTieu`, `main`.`KhungKTS`.`boiCanh`, `main`.`KhungKTS`.`nguyenTac`, `main`.`KhungKTS`.`daiDienPhuTrach`, `main`.`KhungKTS`.`trangThai`, `main`.`KhungKTS`.`updatedAt`, `main`.`KhungKTS`.`createdAt` FROM `main`.`KhungKTS` WHERE 1=1 ORDER BY `main`.`KhungKTS`.`createdAt` DESC LIMIT ? OFFSET ?
 GET /api/kts 200 in 8ms (next.js: 2ms, application-code: 6ms)
[browser] Warning: Instance created by `useForm` is not connected to any Form element. Forget to pass `form` prop? 
 GET /admin/he-thong 200 in 23ms (next.js: 5ms, application-code: 18ms)
prisma:query SELECT `main`.`HeThongSo`.`id`, `main`.`HeThongSo`.`ma`, `main`.`HeThongSo`.`ten`, `main`.`HeThongSo`.`loai`, `main`.`HeThongSo`.`lop`, `main`.`HeThongSo`.`moTa`, `main`.`HeThongSo`.`chuQuan`, `main`.`HeThongSo`.`trangThai`, `main`.`HeThongSo`.`namTrienKhai`, `main`.`HeThongSo`.`donViId`, `main`.`HeThongSo`.`createdAt`, `main`.`HeThongSo`.`updatedAt` FROM `main`.`HeThongSo` WHERE 1=1 ORDER BY `main`.`HeThongSo`.`lop` ASC, `main`.`HeThongSo`.`ma` ASC LIMIT ? OFFSET ?
prisma:query SELECT `main`.`DonVi`.`id`, `main`.`DonVi`.`ten`, `main`.`DonVi`.`loai`, `main`.`DonVi`.`parentId`, `main`.`DonVi`.`createdAt` FROM `main`.`DonVi` WHERE `main`.`DonVi`.`id` IN (?,?,?,?) LIMIT ? OFFSET ?
prisma:query SELECT `main`.`DonVi`.`id`, `main`.`DonVi`.`ten`, `main`.`DonVi`.`loai`, `main`.`DonVi`.`parentId`, `main`.`DonVi`.`createdAt` FROM `main`.`DonVi` WHERE 1=1 ORDER BY `main`.`DonVi`.`loai` ASC, `main`.`DonVi`.`ten` ASC LIMIT ? OFFSET ?
 GET /api/don-vi 200 in 17ms (next.js: 11ms, application-code: 6ms)
 GET /api/he-thong 200 in 25ms (next.js: 3ms, application-code: 21ms)
prisma:query SELECT `main`.`DonVi`.`id`, `main`.`DonVi`.`ten`, `main`.`DonVi`.`loai`, `main`.`DonVi`.`parentId`, `main`.`DonVi`.`createdAt` FROM `main`.`DonVi` WHERE 1=1 ORDER BY `main`.`DonVi`.`loai` ASC, `main`.`DonVi`.`ten` ASC LIMIT ? OFFSET ?
 GET /api/don-vi 200 in 8ms (next.js: 3ms, application-code: 5ms)
prisma:query SELECT `main`.`HeThongSo`.`id`, `main`.`HeThongSo`.`ma`, `main`.`HeThongSo`.`ten`, `main`.`HeThongSo`.`loai`, `main`.`HeThongSo`.`lop`, `main`.`HeThongSo`.`moTa`, `main`.`HeThongSo`.`chuQuan`, `main`.`HeThongSo`.`trangThai`, `main`.`HeThongSo`.`namTrienKhai`, `main`.`HeThongSo`.`donViId`, `main`.`HeThongSo`.`createdAt`, `main`.`HeThongSo`.`updatedAt` FROM `main`.`HeThongSo` WHERE 1=1 ORDER BY `main`.`HeThongSo`.`lop` ASC, `main`.`HeThongSo`.`ma` ASC LIMIT ? OFFSET ?
prisma:query SELECT `main`.`DonVi`.`id`, `main`.`DonVi`.`ten`, `main`.`DonVi`.`loai`, `main`.`DonVi`.`parentId`, `main`.`DonVi`.`createdAt` FROM `main`.`DonVi` WHERE `main`.`DonVi`.`id` IN (?,?,?,?) LIMIT ? OFFSET ?
 GET /api/he-thong 200 in 24ms (next.js: 4ms, application-code: 21ms)
 GET /admin/nhiem-vu 200 in 21ms (next.js: 5ms, application-code: 16ms)
prisma:query SELECT `main`.`NhiemVu`.`id`, `main`.`NhiemVu`.`ma`, `main`.`NhiemVu`.`ten`, `main`.`NhiemVu`.`moTa`, `main`.`NhiemVu`.`donViChuTriId`, `main`.`NhiemVu`.`uuTien`, `main`.`NhiemVu`.`thoiHan`, `main`.`NhiemVu`.`giaiDoan`, `main`.`NhiemVu`.`kpi`, `main`.`NhiemVu`.`nguonKiemChung`, `main`.`NhiemVu`.`trangThai`, `main`.`NhiemVu`.`tienDo`, `main`.`NhiemVu`.`lop`, `main`.`NhiemVu`.`phuongAnXuLy`, `main`.`NhiemVu`.`ghiChu`, `main`.`NhiemVu`.`createdAt`, `main`.`NhiemVu`.`updatedAt` FROM `main`.`NhiemVu` WHERE 1=1 ORDER BY `main`.`NhiemVu`.`uuTien` ASC, `main`.`NhiemVu`.`thoiHan` ASC LIMIT ? OFFSET ?
prisma:query SELECT `main`.`DonVi`.`id`, `main`.`DonVi`.`ten`, `main`.`DonVi`.`loai`, `main`.`DonVi`.`parentId`, `main`.`DonVi`.`createdAt` FROM `main`.`DonVi` WHERE `main`.`DonVi`.`id` IN (?,?) LIMIT ? OFFSET ?
 GET /api/nhiem-vu 200 in 14ms (next.js: 3ms, application-code: 12ms)
prisma:query SELECT `main`.`DonVi`.`id`, `main`.`DonVi`.`ten`, `main`.`DonVi`.`loai`, `main`.`DonVi`.`parentId`, `main`.`DonVi`.`createdAt` FROM `main`.`DonVi` WHERE 1=1 ORDER BY `main`.`DonVi`.`loai` ASC, `main`.`DonVi`.`ten` ASC LIMIT ? OFFSET ?
 GET /api/don-vi 200 in 15ms (next.js: 8ms, application-code: 7ms)
prisma:query SELECT `main`.`NhiemVu`.`id`, `main`.`NhiemVu`.`ma`, `main`.`NhiemVu`.`ten`, `main`.`NhiemVu`.`moTa`, `main`.`NhiemVu`.`donViChuTriId`, `main`.`NhiemVu`.`uuTien`, `main`.`NhiemVu`.`thoiHan`, `main`.`NhiemVu`.`giaiDoan`, `main`.`NhiemVu`.`kpi`, `main`.`NhiemVu`.`nguonKiemChung`, `main`.`NhiemVu`.`trangThai`, `main`.`NhiemVu`.`tienDo`, `main`.`NhiemVu`.`lop`, `main`.`NhiemVu`.`phuongAnXuLy`, `main`.`NhiemVu`.`ghiChu`, `main`.`NhiemVu`.`createdAt`, `main`.`NhiemVu`.`updatedAt` FROM `main`.`NhiemVu` WHERE 1=1 ORDER BY `main`.`NhiemVu`.`uuTien` ASC, `main`.`NhiemVu`.`thoiHan` ASC LIMIT ? OFFSET ?
prisma:query SELECT `main`.`DonVi`.`id`, `main`.`DonVi`.`ten`, `main`.`DonVi`.`loai`, `main`.`DonVi`.`parentId`, `main`.`DonVi`.`createdAt` FROM `main`.`DonVi` WHERE `main`.`DonVi`.`id` IN (?,?) LIMIT ? OFFSET ?
 GET /api/nhiem-vu 200 in 16ms (next.js: 4ms, application-code: 12ms)
prisma:query SELECT `main`.`DonVi`.`id`, `main`.`DonVi`.`ten`, `main`.`DonVi`.`loai`, `main`.`DonVi`.`parentId`, `main`.`DonVi`.`createdAt` FROM `main`.`DonVi` WHERE 1=1 ORDER BY `main`.`DonVi`.`loai` ASC, `main`.`DonVi`.`ten` ASC LIMIT ? OFFSET ?
 GET /api/don-vi 200 in 17ms (next.js: 10ms, application-code: 7ms)
 GET /admin/import 200 in 18ms (next.js: 4ms, application-code: 14ms)
 GET /admin/nhiem-vu 200 in 19ms (next.js: 5ms, application-code: 14ms)
prisma:query SELECT `main`.`NhiemVu`.`id`, `main`.`NhiemVu`.`ma`, `main`.`NhiemVu`.`ten`, `main`.`NhiemVu`.`moTa`, `main`.`NhiemVu`.`donViChuTriId`, `main`.`NhiemVu`.`uuTien`, `main`.`NhiemVu`.`thoiHan`, `main`.`NhiemVu`.`giaiDoan`, `main`.`NhiemVu`.`kpi`, `main`.`NhiemVu`.`nguonKiemChung`, `main`.`NhiemVu`.`trangThai`, `main`.`NhiemVu`.`tienDo`, `main`.`NhiemVu`.`lop`, `main`.`NhiemVu`.`phuongAnXuLy`, `main`.`NhiemVu`.`ghiChu`, `main`.`NhiemVu`.`createdAt`, `main`.`NhiemVu`.`updatedAt` FROM `main`.`NhiemVu` WHERE 1=1 ORDER BY `main`.`NhiemVu`.`uuTien` ASC, `main`.`NhiemVu`.`thoiHan` ASC LIMIT ? OFFSET ?
prisma:query SELECT `main`.`DonVi`.`id`, `main`.`DonVi`.`ten`, `main`.`DonVi`.`loai`, `main`.`DonVi`.`parentId`, `main`.`DonVi`.`createdAt` FROM `main`.`DonVi` WHERE `main`.`DonVi`.`id` IN (?,?) LIMIT ? OFFSET ?
 GET /api/nhiem-vu 200 in 17ms (next.js: 2ms, application-code: 14ms)
prisma:query SELECT `main`.`DonVi`.`id`, `main`.`DonVi`.`ten`, `main`.`DonVi`.`loai`, `main`.`DonVi`.`parentId`, `main`.`DonVi`.`createdAt` FROM `main`.`DonVi` WHERE 1=1 ORDER BY `main`.`DonVi`.`loai` ASC, `main`.`DonVi`.`ten` ASC LIMIT ? OFFSET ?
 GET /api/don-vi 200 in 17ms (next.js: 9ms, application-code: 8ms)
prisma:query SELECT `main`.`NhiemVu`.`id`, `main`.`NhiemVu`.`ma`, `main`.`NhiemVu`.`ten`, `main`.`NhiemVu`.`moTa`, `main`.`NhiemVu`.`donViChuTriId`, `main`.`NhiemVu`.`uuTien`, `main`.`NhiemVu`.`thoiHan`, `main`.`NhiemVu`.`giaiDoan`, `main`.`NhiemVu`.`kpi`, `main`.`NhiemVu`.`nguonKiemChung`, `main`.`NhiemVu`.`trangThai`, `main`.`NhiemVu`.`tienDo`, `main`.`NhiemVu`.`lop`, `main`.`NhiemVu`.`phuongAnXuLy`, `main`.`NhiemVu`.`ghiChu`, `main`.`NhiemVu`.`createdAt`, `main`.`NhiemVu`.`updatedAt` FROM `main`.`NhiemVu` WHERE 1=1 ORDER BY `main`.`NhiemVu`.`uuTien` ASC, `main`.`NhiemVu`.`thoiHan` ASC LIMIT ? OFFSET ?
prisma:query SELECT `main`.`DonVi`.`id`, `main`.`DonVi`.`ten`, `main`.`DonVi`.`loai`, `main`.`DonVi`.`parentId`, `main`.`DonVi`.`createdAt` FROM `main`.`DonVi` WHERE `main`.`DonVi`.`id` IN (?,?) LIMIT ? OFFSET ?
 GET /api/nhiem-vu 200 in 13ms (next.js: 3ms, application-code: 10ms)
prisma:query SELECT `main`.`DonVi`.`id`, `main`.`DonVi`.`ten`, `main`.`DonVi`.`loai`, `main`.`DonVi`.`parentId`, `main`.`DonVi`.`createdAt` FROM `main`.`DonVi` WHERE 1=1 ORDER BY `main`.`DonVi`.`loai` ASC, `main`.`DonVi`.`ten` ASC LIMIT ? OFFSET ?
 GET /api/don-vi 200 in 14ms (next.js: 7ms, application-code: 7ms)
 GET /admin/he-thong 200 in 19ms (next.js: 4ms, application-code: 15ms)
prisma:query SELECT `main`.`HeThongSo`.`id`, `main`.`HeThongSo`.`ma`, `main`.`HeThongSo`.`ten`, `main`.`HeThongSo`.`loai`, `main`.`HeThongSo`.`lop`, `main`.`HeThongSo`.`moTa`, `main`.`HeThongSo`.`chuQuan`, `main`.`HeThongSo`.`trangThai`, `main`.`HeThongSo`.`namTrienKhai`, `main`.`HeThongSo`.`donViId`, `main`.`HeThongSo`.`createdAt`, `main`.`HeThongSo`.`updatedAt` FROM `main`.`HeThongSo` WHERE 1=1 ORDER BY `main`.`HeThongSo`.`lop` ASC, `main`.`HeThongSo`.`ma` ASC LIMIT ? OFFSET ?
prisma:query SELECT `main`.`DonVi`.`id`, `main`.`DonVi`.`ten`, `main`.`DonVi`.`loai`, `main`.`DonVi`.`parentId`, `main`.`DonVi`.`createdAt` FROM `main`.`DonVi` WHERE `main`.`DonVi`.`id` IN (?,?,?,?) LIMIT ? OFFSET ?
prisma:query SELECT `main`.`DonVi`.`id`, `main`.`DonVi`.`ten`, `main`.`DonVi`.`loai`, `main`.`DonVi`.`parentId`, `main`.`DonVi`.`createdAt` FROM `main`.`DonVi` WHERE 1=1 ORDER BY `main`.`DonVi`.`loai` ASC, `main`.`DonVi`.`ten` ASC LIMIT ? OFFSET ?
 GET /api/don-vi 200 in 20ms (next.js: 13ms, application-code: 8ms)
 GET /api/he-thong 200 in 31ms (next.js: 3ms, application-code: 27ms)
prisma:query SELECT `main`.`DonVi`.`id`, `main`.`DonVi`.`ten`, `main`.`DonVi`.`loai`, `main`.`DonVi`.`parentId`, `main`.`DonVi`.`createdAt` FROM `main`.`DonVi` WHERE 1=1 ORDER BY `main`.`DonVi`.`loai` ASC, `main`.`DonVi`.`ten` ASC LIMIT ? OFFSET ?
 GET /api/don-vi 200 in 19ms (next.js: 11ms, application-code: 8ms)
prisma:query SELECT `main`.`HeThongSo`.`id`, `main`.`HeThongSo`.`ma`, `main`.`HeThongSo`.`ten`, `main`.`HeThongSo`.`loai`, `main`.`HeThongSo`.`lop`, `main`.`HeThongSo`.`moTa`, `main`.`HeThongSo`.`chuQuan`, `main`.`HeThongSo`.`trangThai`, `main`.`HeThongSo`.`namTrienKhai`, `main`.`HeThongSo`.`donViId`, `main`.`HeThongSo`.`createdAt`, `main`.`HeThongSo`.`updatedAt` FROM `main`.`HeThongSo` WHERE 1=1 ORDER BY `main`.`HeThongSo`.`lop` ASC, `main`.`HeThongSo`.`ma` ASC LIMIT ? OFFSET ?
prisma:query SELECT `main`.`DonVi`.`id`, `main`.`DonVi`.`ten`, `main`.`DonVi`.`loai`, `main`.`DonVi`.`parentId`, `main`.`DonVi`.`createdAt` FROM `main`.`DonVi` WHERE `main`.`DonVi`.`id` IN (?,?,?,?) LIMIT ? OFFSET ?
 GET /api/he-thong 200 in 24ms (next.js: 3ms, application-code: 21ms)
 GET / 200 in 35ms (next.js: 20ms, application-code: 14ms)
 GET /kts/hien-trang 200 in 32ms (next.js: 16ms, application-code: 15ms)
prisma:query SELECT 1
prisma:query SELECT `main`.`HeThongSo`.`id`, `main`.`HeThongSo`.`ma`, `main`.`HeThongSo`.`ten`, `main`.`HeThongSo`.`loai`, `main`.`HeThongSo`.`lop`, `main`.`HeThongSo`.`moTa`, `main`.`HeThongSo`.`chuQuan`, `main`.`HeThongSo`.`trangThai`, `main`.`HeThongSo`.`namTrienKhai`, `main`.`HeThongSo`.`donViId`, `main`.`HeThongSo`.`createdAt`, `main`.`HeThongSo`.`updatedAt` FROM `main`.`HeThongSo` WHERE 1=1 ORDER BY `main`.`HeThongSo`.`lop` ASC, `main`.`HeThongSo`.`ma` ASC LIMIT ? OFFSET ?
prisma:query SELECT `main`.`DonVi`.`id`, `main`.`DonVi`.`ten`, `main`.`DonVi`.`loai`, `main`.`DonVi`.`parentId`, `main`.`DonVi`.`createdAt` FROM `main`.`DonVi` WHERE `main`.`DonVi`.`id` IN (?,?,?,?) LIMIT ? OFFSET ?
 GET /api/he-thong 200 in 26ms (next.js: 5ms, application-code: 20ms)
prisma:query SELECT `main`.`HeThongSo`.`id`, `main`.`HeThongSo`.`ma`, `main`.`HeThongSo`.`ten`, `main`.`HeThongSo`.`loai`, `main`.`HeThongSo`.`lop`, `main`.`HeThongSo`.`moTa`, `main`.`HeThongSo`.`chuQuan`, `main`.`HeThongSo`.`trangThai`, `main`.`HeThongSo`.`namTrienKhai`, `main`.`HeThongSo`.`donViId`, `main`.`HeThongSo`.`createdAt`, `main`.`HeThongSo`.`updatedAt` FROM `main`.`HeThongSo` WHERE 1=1 ORDER BY `main`.`HeThongSo`.`lop` ASC, `main`.`HeThongSo`.`ma` ASC LIMIT ? OFFSET ?
prisma:query SELECT `main`.`DonVi`.`id`, `main`.`DonVi`.`ten`, `main`.`DonVi`.`loai`, `main`.`DonVi`.`parentId`, `main`.`DonVi`.`createdAt` FROM `main`.`DonVi` WHERE `main`.`DonVi`.`id` IN (?,?,?,?) LIMIT ? OFFSET ?
 GET /api/he-thong 200 in 23ms (next.js: 3ms, application-code: 19ms)
[browser] Warning: [antd: Modal] `destroyOnClose` is deprecated. Please use `destroyOnHidden` instead. 
    at Array.forEach (<anonymous>) (<anonymous>)
 GET /kts/muc-tieu 200 in 26ms (next.js: 14ms, application-code: 12ms)
[browser] Warning: [antd: Card] `bodyStyle` is deprecated. Please use `styles.body` instead. 
    at Array.forEach (<anonymous>) (<anonymous>)
[browser] [React Flow]: It looks like you've created a new nodeTypes or edgeTypes object. If this wasn't on purpose please define the nodeTypes/edgeTypes outside of the component or memoize them. Help: https://reactflow.dev/error#002
[browser] [React Flow]: It looks like you've created a new nodeTypes or edgeTypes object. If this wasn't on purpose please define the nodeTypes/edgeTypes outside of the component or memoize them. Help: https://reactflow.dev/error#002
[browser] [React Flow]: Couldn't create edge for source handle id: "undefined", edge id: e-0. Help: https://reactflow.dev/error#008 (<anonymous>)
[browser] [React Flow]: Couldn't create edge for source handle id: "undefined", edge id: e-1. Help: https://reactflow.dev/error#008 (<anonymous>)
[browser] [React Flow]: Couldn't create edge for source handle id: "undefined", edge id: e-2. Help: https://reactflow.dev/error#008 (<anonymous>)
[browser] [React Flow]: Couldn't create edge for source handle id: "undefined", edge id: e-3. Help: https://reactflow.dev/error#008 (<anonymous>)
[browser] [React Flow]: Couldn't create edge for source handle id: "undefined", edge id: e-4. Help: https://reactflow.dev/error#008 (<anonymous>)
[browser] [React Flow]: Couldn't create edge for source handle id: "undefined", edge id: e-5. Help: https://reactflow.dev/error#008 (<anonymous>)
[browser] [React Flow]: Couldn't create edge for source handle id: "undefined", edge id: e-6. Help: https://reactflow.dev/error#008 (<anonymous>)
[browser] [React Flow]: Couldn't create edge for source handle id: "undefined", edge id: e-7. Help: https://reactflow.dev/error#008 (<anonymous>)
[browser] [React Flow]: Couldn't create edge for source handle id: "undefined", edge id: e-8. Help: https://reactflow.dev/error#008 (<anonymous>)
[browser] [React Flow]: Couldn't create edge for source handle id: "undefined", edge id: e-0. Help: https://reactflow.dev/error#008 (<anonymous>)
[browser] [React Flow]: Couldn't create edge for source handle id: "undefined", edge id: e-1. Help: https://reactflow.dev/error#008 (<anonymous>)
[browser] [React Flow]: Couldn't create edge for source handle id: "undefined", edge id: e-2. Help: https://reactflow.dev/error#008 (<anonymous>)
[browser] [React Flow]: Couldn't create edge for source handle id: "undefined", edge id: e-3. Help: https://reactflow.dev/error#008 (<anonymous>)
[browser] [React Flow]: Couldn't create edge for source handle id: "undefined", edge id: e-4. Help: https://reactflow.dev/error#008 (<anonymous>)
[browser] [React Flow]: Couldn't create edge for source handle id: "undefined", edge id: e-5. Help: https://reactflow.dev/error#008 (<anonymous>)
[browser] [React Flow]: Couldn't create edge for source handle id: "undefined", edge id: e-6. Help: https://reactflow.dev/error#008 (<anonymous>)
[browser] [React Flow]: Couldn't create edge for source handle id: "undefined", edge id: e-7. Help: https://reactflow.dev/error#008 (<anonymous>)
[browser] [React Flow]: Couldn't create edge for source handle id: "undefined", edge id: e-8. Help: https://reactflow.dev/error#008 (<anonymous>)
 GET /kts/lo-trinh 200 in 31ms (next.js: 18ms, application-code: 13ms)
prisma:query SELECT `main`.`NhiemVu`.`id`, `main`.`NhiemVu`.`ma`, `main`.`NhiemVu`.`ten`, `main`.`NhiemVu`.`moTa`, `main`.`NhiemVu`.`donViChuTriId`, `main`.`NhiemVu`.`uuTien`, `main`.`NhiemVu`.`thoiHan`, `main`.`NhiemVu`.`giaiDoan`, `main`.`NhiemVu`.`kpi`, `main`.`NhiemVu`.`nguonKiemChung`, `main`.`NhiemVu`.`trangThai`, `main`.`NhiemVu`.`tienDo`, `main`.`NhiemVu`.`lop`, `main`.`NhiemVu`.`phuongAnXuLy`, `main`.`NhiemVu`.`ghiChu`, `main`.`NhiemVu`.`createdAt`, `main`.`NhiemVu`.`updatedAt` FROM `main`.`NhiemVu` WHERE 1=1 ORDER BY `main`.`NhiemVu`.`uuTien` ASC, `main`.`NhiemVu`.`thoiHan` ASC LIMIT ? OFFSET ?
prisma:query SELECT `main`.`DonVi`.`id`, `main`.`DonVi`.`ten`, `main`.`DonVi`.`loai`, `main`.`DonVi`.`parentId`, `main`.`DonVi`.`createdAt` FROM `main`.`DonVi` WHERE `main`.`DonVi`.`id` IN (?,?) LIMIT ? OFFSET ?
 GET /api/nhiem-vu 200 in 9ms (next.js: 3ms, application-code: 6ms)
prisma:query SELECT `main`.`NhiemVu`.`id`, `main`.`NhiemVu`.`ma`, `main`.`NhiemVu`.`ten`, `main`.`NhiemVu`.`moTa`, `main`.`NhiemVu`.`donViChuTriId`, `main`.`NhiemVu`.`uuTien`, `main`.`NhiemVu`.`thoiHan`, `main`.`NhiemVu`.`giaiDoan`, `main`.`NhiemVu`.`kpi`, `main`.`NhiemVu`.`nguonKiemChung`, `main`.`NhiemVu`.`trangThai`, `main`.`NhiemVu`.`tienDo`, `main`.`NhiemVu`.`lop`, `main`.`NhiemVu`.`phuongAnXuLy`, `main`.`NhiemVu`.`ghiChu`, `main`.`NhiemVu`.`createdAt`, `main`.`NhiemVu`.`updatedAt` FROM `main`.`NhiemVu` WHERE 1=1 ORDER BY `main`.`NhiemVu`.`uuTien` ASC, `main`.`NhiemVu`.`thoiHan` ASC LIMIT ? OFFSET ?
prisma:query SELECT `main`.`DonVi`.`id`, `main`.`DonVi`.`ten`, `main`.`DonVi`.`loai`, `main`.`DonVi`.`parentId`, `main`.`DonVi`.`createdAt` FROM `main`.`DonVi` WHERE `main`.`DonVi`.`id` IN (?,?) LIMIT ? OFFSET ?
 GET /api/nhiem-vu 200 in 12ms (next.js: 5ms, application-code: 7ms)
 GET /kts/muc-tieu 200 in 18ms (next.js: 5ms, application-code: 13ms)
[browser] [React Flow]: It looks like you've created a new nodeTypes or edgeTypes object. If this wasn't on purpose please define the nodeTypes/edgeTypes outside of the component or memoize them. Help: https://reactflow.dev/error#002
[browser] [React Flow]: It looks like you've created a new nodeTypes or edgeTypes object. If this wasn't on purpose please define the nodeTypes/edgeTypes outside of the component or memoize them. Help: https://reactflow.dev/error#002
[browser] [React Flow]: Couldn't create edge for source handle id: "undefined", edge id: e-0. Help: https://reactflow.dev/error#008 (<anonymous>)
[browser] [React Flow]: Couldn't create edge for source handle id: "undefined", edge id: e-1. Help: https://reactflow.dev/error#008 (<anonymous>)
[browser] [React Flow]: Couldn't create edge for source handle id: "undefined", edge id: e-2. Help: https://reactflow.dev/error#008 (<anonymous>)
[browser] [React Flow]: Couldn't create edge for source handle id: "undefined", edge id: e-3. Help: https://reactflow.dev/error#008 (<anonymous>)
[browser] [React Flow]: Couldn't create edge for source handle id: "undefined", edge id: e-4. Help: https://reactflow.dev/error#008 (<anonymous>)
[browser] [React Flow]: Couldn't create edge for source handle id: "undefined", edge id: e-5. Help: https://reactflow.dev/error#008 (<anonymous>)
[browser] [React Flow]: Couldn't create edge for source handle id: "undefined", edge id: e-6. Help: https://reactflow.dev/error#008 (<anonymous>)
[browser] [React Flow]: Couldn't create edge for source handle id: "undefined", edge id: e-7. Help: https://reactflow.dev/error#008 (<anonymous>)
[browser] [React Flow]: Couldn't create edge for source handle id: "undefined", edge id: e-8. Help: https://reactflow.dev/error#008 (<anonymous>)
[browser] [React Flow]: Couldn't create edge for source handle id: "undefined", edge id: e-0. Help: https://reactflow.dev/error#008 (<anonymous>)
[browser] [React Flow]: Couldn't create edge for source handle id: "undefined", edge id: e-1. Help: https://reactflow.dev/error#008 (<anonymous>)
[browser] [React Flow]: Couldn't create edge for source handle id: "undefined", edge id: e-2. Help: https://reactflow.dev/error#008 (<anonymous>)
[browser] [React Flow]: Couldn't create edge for source handle id: "undefined", edge id: e-3. Help: https://reactflow.dev/error#008 (<anonymous>)
[browser] [React Flow]: Couldn't create edge for source handle id: "undefined", edge id: e-4. Help: https://reactflow.dev/error#008 (<anonymous>)
[browser] [React Flow]: Couldn't create edge for source handle id: "undefined", edge id: e-5. Help: https://reactflow.dev/error#008 (<anonymous>)
[browser] [React Flow]: Couldn't create edge for source handle id: "undefined", edge id: e-6. Help: https://reactflow.dev/error#008 (<anonymous>)
[browser] [React Flow]: Couldn't create edge for source handle id: "undefined", edge id: e-7. Help: https://reactflow.dev/error#008 (<anonymous>)
[browser] [React Flow]: Couldn't create edge for source handle id: "undefined", edge id: e-8. Help: https://reactflow.dev/error#008 (<anonymous>)
 GET /kts/hien-trang 200 in 15ms (next.js: 4ms, application-code: 11ms)
prisma:query SELECT `main`.`HeThongSo`.`id`, `main`.`HeThongSo`.`ma`, `main`.`HeThongSo`.`ten`, `main`.`HeThongSo`.`loai`, `main`.`HeThongSo`.`lop`, `main`.`HeThongSo`.`moTa`, `main`.`HeThongSo`.`chuQuan`, `main`.`HeThongSo`.`trangThai`, `main`.`HeThongSo`.`namTrienKhai`, `main`.`HeThongSo`.`donViId`, `main`.`HeThongSo`.`createdAt`, `main`.`HeThongSo`.`updatedAt` FROM `main`.`HeThongSo` WHERE 1=1 ORDER BY `main`.`HeThongSo`.`lop` ASC, `main`.`HeThongSo`.`ma` ASC LIMIT ? OFFSET ?
prisma:query SELECT `main`.`DonVi`.`id`, `main`.`DonVi`.`ten`, `main`.`DonVi`.`loai`, `main`.`DonVi`.`parentId`, `main`.`DonVi`.`createdAt` FROM `main`.`DonVi` WHERE `main`.`DonVi`.`id` IN (?,?,?,?) LIMIT ? OFFSET ?
 GET /api/he-thong 200 in 22ms (next.js: 3ms, application-code: 19ms)
prisma:query SELECT `main`.`HeThongSo`.`id`, `main`.`HeThongSo`.`ma`, `main`.`HeThongSo`.`ten`, `main`.`HeThongSo`.`loai`, `main`.`HeThongSo`.`lop`, `main`.`HeThongSo`.`moTa`, `main`.`HeThongSo`.`chuQuan`, `main`.`HeThongSo`.`trangThai`, `main`.`HeThongSo`.`namTrienKhai`, `main`.`HeThongSo`.`donViId`, `main`.`HeThongSo`.`createdAt`, `main`.`HeThongSo`.`updatedAt` FROM `main`.`HeThongSo` WHERE 1=1 ORDER BY `main`.`HeThongSo`.`lop` ASC, `main`.`HeThongSo`.`ma` ASC LIMIT ? OFFSET ?
prisma:query SELECT `main`.`DonVi`.`id`, `main`.`DonVi`.`ten`, `main`.`DonVi`.`loai`, `main`.`DonVi`.`parentId`, `main`.`DonVi`.`createdAt` FROM `main`.`DonVi` WHERE `main`.`DonVi`.`id` IN (?,?,?,?) LIMIT ? OFFSET ?
 GET /api/he-thong 200 in 20ms (next.js: 2ms, application-code: 17ms)
 GET /kts/lo-trinh 200 in 16ms (next.js: 4ms, application-code: 12ms)
prisma:query SELECT `main`.`NhiemVu`.`id`, `main`.`NhiemVu`.`ma`, `main`.`NhiemVu`.`ten`, `main`.`NhiemVu`.`moTa`, `main`.`NhiemVu`.`donViChuTriId`, `main`.`NhiemVu`.`uuTien`, `main`.`NhiemVu`.`thoiHan`, `main`.`NhiemVu`.`giaiDoan`, `main`.`NhiemVu`.`kpi`, `main`.`NhiemVu`.`nguonKiemChung`, `main`.`NhiemVu`.`trangThai`, `main`.`NhiemVu`.`tienDo`, `main`.`NhiemVu`.`lop`, `main`.`NhiemVu`.`phuongAnXuLy`, `main`.`NhiemVu`.`ghiChu`, `main`.`NhiemVu`.`createdAt`, `main`.`NhiemVu`.`updatedAt` FROM `main`.`NhiemVu` WHERE 1=1 ORDER BY `main`.`NhiemVu`.`uuTien` ASC, `main`.`NhiemVu`.`thoiHan` ASC LIMIT ? OFFSET ?
prisma:query SELECT `main`.`DonVi`.`id`, `main`.`DonVi`.`ten`, `main`.`DonVi`.`loai`, `main`.`DonVi`.`parentId`, `main`.`DonVi`.`createdAt` FROM `main`.`DonVi` WHERE `main`.`DonVi`.`id` IN (?,?) LIMIT ? OFFSET ?
 GET /api/nhiem-vu 200 in 8ms (next.js: 2ms, application-code: 6ms)
prisma:query SELECT `main`.`NhiemVu`.`id`, `main`.`NhiemVu`.`ma`, `main`.`NhiemVu`.`ten`, `main`.`NhiemVu`.`moTa`, `main`.`NhiemVu`.`donViChuTriId`, `main`.`NhiemVu`.`uuTien`, `main`.`NhiemVu`.`thoiHan`, `main`.`NhiemVu`.`giaiDoan`, `main`.`NhiemVu`.`kpi`, `main`.`NhiemVu`.`nguonKiemChung`, `main`.`NhiemVu`.`trangThai`, `main`.`NhiemVu`.`tienDo`, `main`.`NhiemVu`.`lop`, `main`.`NhiemVu`.`phuongAnXuLy`, `main`.`NhiemVu`.`ghiChu`, `main`.`NhiemVu`.`createdAt`, `main`.`NhiemVu`.`updatedAt` FROM `main`.`NhiemVu` WHERE 1=1 ORDER BY `main`.`NhiemVu`.`uuTien` ASC, `main`.`NhiemVu`.`thoiHan` ASC LIMIT ? OFFSET ?
prisma:query SELECT `main`.`DonVi`.`id`, `main`.`DonVi`.`ten`, `main`.`DonVi`.`loai`, `main`.`DonVi`.`parentId`, `main`.`DonVi`.`createdAt` FROM `main`.`DonVi` WHERE `main`.`DonVi`.`id` IN (?,?) LIMIT ? OFFSET ?
 GET /api/nhiem-vu 200 in 12ms (next.js: 4ms, application-code: 8ms)
 GET /kts/muc-tieu 200 in 17ms (next.js: 4ms, application-code: 13ms)
[browser] [React Flow]: It looks like you've created a new nodeTypes or edgeTypes object. If this wasn't on purpose please define the nodeTypes/edgeTypes outside of the component or memoize them. Help: https://reactflow.dev/error#002
[browser] [React Flow]: It looks like you've created a new nodeTypes or edgeTypes object. If this wasn't on purpose please define the nodeTypes/edgeTypes outside of the component or memoize them. Help: https://reactflow.dev/error#002
[browser] [React Flow]: Couldn't create edge for source handle id: "undefined", edge id: e-0. Help: https://reactflow.dev/error#008 (<anonymous>)
[browser] [React Flow]: Couldn't create edge for source handle id: "undefined", edge id: e-1. Help: https://reactflow.dev/error#008 (<anonymous>)
[browser] [React Flow]: Couldn't create edge for source handle id: "undefined", edge id: e-2. Help: https://reactflow.dev/error#008 (<anonymous>)
[browser] [React Flow]: Couldn't create edge for source handle id: "undefined", edge id: e-3. Help: https://reactflow.dev/error#008 (<anonymous>)
[browser] [React Flow]: Couldn't create edge for source handle id: "undefined", edge id: e-4. Help: https://reactflow.dev/error#008 (<anonymous>)
[browser] [React Flow]: Couldn't create edge for source handle id: "undefined", edge id: e-5. Help: https://reactflow.dev/error#008 (<anonymous>)
[browser] [React Flow]: Couldn't create edge for source handle id: "undefined", edge id: e-6. Help: https://reactflow.dev/error#008 (<anonymous>)
[browser] [React Flow]: Couldn't create edge for source handle id: "undefined", edge id: e-7. Help: https://reactflow.dev/error#008 (<anonymous>)
[browser] [React Flow]: Couldn't create edge for source handle id: "undefined", edge id: e-8. Help: https://reactflow.dev/error#008 (<anonymous>)
[browser] [React Flow]: Couldn't create edge for source handle id: "undefined", edge id: e-0. Help: https://reactflow.dev/error#008 (<anonymous>)
[browser] [React Flow]: Couldn't create edge for source handle id: "undefined", edge id: e-1. Help: https://reactflow.dev/error#008 (<anonymous>)
[browser] [React Flow]: Couldn't create edge for source handle id: "undefined", edge id: e-2. Help: https://reactflow.dev/error#008 (<anonymous>)
[browser] [React Flow]: Couldn't create edge for source handle id: "undefined", edge id: e-3. Help: https://reactflow.dev/error#008 (<anonymous>)
[browser] [React Flow]: Couldn't create edge for source handle id: "undefined", edge id: e-4. Help: https://reactflow.dev/error#008 (<anonymous>)
[browser] [React Flow]: Couldn't create edge for source handle id: "undefined", edge id: e-5. Help: https://reactflow.dev/error#008 (<anonymous>)
[browser] [React Flow]: Couldn't create edge for source handle id: "undefined", edge id: e-6. Help: https://reactflow.dev/error#008 (<anonymous>)
[browser] [React Flow]: Couldn't create edge for source handle id: "undefined", edge id: e-7. Help: https://reactflow.dev/error#008 (<anonymous>)
[browser] [React Flow]: Couldn't create edge for source handle id: "undefined", edge id: e-8. Help: https://reactflow.dev/error#008 (<anonymous>)
 GET /kts/hien-trang 200 in 17ms (next.js: 4ms, application-code: 13ms)
prisma:query SELECT 1
prisma:query SELECT `main`.`HeThongSo`.`id`, `main`.`HeThongSo`.`ma`, `main`.`HeThongSo`.`ten`, `main`.`HeThongSo`.`loai`, `main`.`HeThongSo`.`lop`, `main`.`HeThongSo`.`moTa`, `main`.`HeThongSo`.`chuQuan`, `main`.`HeThongSo`.`trangThai`, `main`.`HeThongSo`.`namTrienKhai`, `main`.`HeThongSo`.`donViId`, `main`.`HeThongSo`.`createdAt`, `main`.`HeThongSo`.`updatedAt` FROM `main`.`HeThongSo` WHERE 1=1 ORDER BY `main`.`HeThongSo`.`lop` ASC, `main`.`HeThongSo`.`ma` ASC LIMIT ? OFFSET ?
prisma:query SELECT `main`.`DonVi`.`id`, `main`.`DonVi`.`ten`, `main`.`DonVi`.`loai`, `main`.`DonVi`.`parentId`, `main`.`DonVi`.`createdAt` FROM `main`.`DonVi` WHERE `main`.`DonVi`.`id` IN (?,?,?,?) LIMIT ? OFFSET ?
 GET /api/he-thong 200 in 23ms (next.js: 3ms, application-code: 20ms)
prisma:query SELECT `main`.`HeThongSo`.`id`, `main`.`HeThongSo`.`ma`, `main`.`HeThongSo`.`ten`, `main`.`HeThongSo`.`loai`, `main`.`HeThongSo`.`lop`, `main`.`HeThongSo`.`moTa`, `main`.`HeThongSo`.`chuQuan`, `main`.`HeThongSo`.`trangThai`, `main`.`HeThongSo`.`namTrienKhai`, `main`.`HeThongSo`.`donViId`, `main`.`HeThongSo`.`createdAt`, `main`.`HeThongSo`.`updatedAt` FROM `main`.`HeThongSo` WHERE 1=1 ORDER BY `main`.`HeThongSo`.`lop` ASC, `main`.`HeThongSo`.`ma` ASC LIMIT ? OFFSET ?
prisma:query SELECT `main`.`DonVi`.`id`, `main`.`DonVi`.`ten`, `main`.`DonVi`.`loai`, `main`.`DonVi`.`parentId`, `main`.`DonVi`.`createdAt` FROM `main`.`DonVi` WHERE `main`.`DonVi`.`id` IN (?,?,?,?) LIMIT ? OFFSET ?
 GET /api/he-thong 200 in 24ms (next.js: 3ms, application-code: 21ms)
✓ Compiled in 249ms
 GET /kts/hien-trang 200 in 58ms (next.js: 9ms, application-code: 49ms)
 GET /admin/he-thong 200 in 50ms (next.js: 24ms, application-code: 26ms)
 GET /kts/hien-trang 200 in 71ms (next.js: 18ms, application-code: 53ms)
 GET /admin/he-thong 200 in 25ms (next.js: 5ms, application-code: 20ms)
 GET /admin/he-thong 200 in 155ms (next.js: 68ms, application-code: 87ms)
 GET /kts/hien-trang 200 in 156ms (next.js: 93ms, application-code: 64ms)
 GET /admin/he-thong 200 in 86ms (next.js: 4ms, application-code: 81ms)
 GET /kts/hien-trang 200 in 89ms (next.js: 23ms, application-code: 66ms)
 GET /admin/he-thong 200 in 90ms (next.js: 6ms, application-code: 84ms)
 GET /kts/hien-trang 200 in 105ms (next.js: 23ms, application-code: 83ms)
 GET /admin/he-thong 200 in 117ms (next.js: 6ms, application-code: 111ms)
 GET /kts/hien-trang 200 in 139ms (next.js: 22ms, application-code: 117ms)
 GET /admin/he-thong 200 in 124ms (next.js: 6ms, application-code: 118ms)
 GET /kts/hien-trang 200 in 139ms (next.js: 21ms, application-code: 118ms)
 GET /admin/he-thong 200 in 114ms (next.js: 13ms, application-code: 101ms)
 GET /kts/hien-trang 200 in 157ms (next.js: 23ms, application-code: 134ms)
 GET /admin/he-thong 200 in 142ms (next.js: 5ms, application-code: 137ms)
 GET /kts/hien-trang 200 in 156ms (next.js: 23ms, application-code: 133ms)
 GET /admin/he-thong 200 in 128ms (next.js: 9ms, application-code: 118ms)
 GET /kts/hien-trang 200 in 139ms (next.js: 50ms, application-code: 89ms)
 GET /admin/he-thong 200 in 95ms (next.js: 6ms, application-code: 89ms)
 GET /kts/hien-trang 200 in 112ms (next.js: 7ms, application-code: 105ms)
 GET /admin/he-thong 200 in 118ms (next.js: 6ms, application-code: 113ms)
 GET /kts/hien-trang 200 in 123ms (next.js: 6ms, application-code: 117ms)
 GET /admin/he-thong 200 in 130ms (next.js: 8ms, application-code: 121ms)
 GET /kts/hien-trang 200 in 113ms (next.js: 14ms, application-code: 99ms)
 GET /admin/he-thong 200 in 109ms (next.js: 6ms, application-code: 103ms)
 GET /kts/hien-trang 200 in 102ms (next.js: 5ms, application-code: 97ms)
 GET /admin/he-thong 200 in 94ms (next.js: 6ms, application-code: 89ms)
 GET /kts/hien-trang 200 in 94ms (next.js: 11ms, application-code: 83ms)
 GET /admin/he-thong 200 in 89ms (next.js: 6ms, application-code: 83ms)
 GET /kts/hien-trang 200 in 95ms (next.js: 6ms, application-code: 88ms)
 GET /admin/he-thong 200 in 94ms (next.js: 6ms, application-code: 88ms)
 GET /kts/hien-trang 200 in 94ms (next.js: 6ms, application-code: 88ms)
 GET /admin/he-thong 200 in 98ms (next.js: 13ms, application-code: 86ms)
 GET /kts/hien-trang 200 in 112ms (next.js: 6ms, application-code: 106ms)
 GET /admin/he-thong 200 in 123ms (next.js: 5ms, application-code: 118ms)
 GET /kts/hien-trang 200 in 128ms (next.js: 11ms, application-code: 118ms)
 GET /admin/he-thong 200 in 124ms (next.js: 6ms, application-code: 118ms)
 GET /kts/hien-trang 200 in 106ms (next.js: 18ms, application-code: 88ms)
 GET /admin/he-thong 200 in 90ms (next.js: 6ms, application-code: 84ms)
 GET /kts/hien-trang 200 in 86ms (next.js: 21ms, application-code: 66ms)
 GET /admin/he-thong 200 in 87ms (next.js: 6ms, application-code: 81ms)
 GET /kts/hien-trang 200 in 107ms (next.js: 23ms, application-code: 84ms)
 GET /kts/hien-trang 200 in 91ms (next.js: 22ms, application-code: 68ms)
 GET /admin/he-thong 200 in 92ms (next.js: 8ms, application-code: 84ms)
 GET /admin/he-thong 200 in 95ms (next.js: 5ms, application-code: 90ms)
 GET /kts/hien-trang 200 in 95ms (next.js: 23ms, application-code: 72ms)
 GET /admin/he-thong 200 in 97ms (next.js: 5ms, application-code: 92ms)
 GET /kts/hien-trang 200 in 113ms (next.js: 24ms, application-code: 89ms)
 GET /admin/he-thong 200 in 90ms (next.js: 8ms, application-code: 81ms)
 GET /kts/hien-trang 200 in 89ms (next.js: 23ms, application-code: 66ms)
 GET /admin/he-thong 200 in 94ms (next.js: 5ms, application-code: 89ms)
 GET /kts/hien-trang 200 in 128ms (next.js: 23ms, application-code: 105ms)
 GET /admin/he-thong 200 in 117ms (next.js: 15ms, application-code: 103ms)
 GET /kts/hien-trang 200 in 118ms (next.js: 30ms, application-code: 87ms)
 GET /admin/he-thong 200 in 117ms (next.js: 5ms, application-code: 112ms)
 GET /kts/hien-trang 200 in 134ms (next.js: 45ms, application-code: 89ms)
 GET /admin/he-thong 200 in 92ms (next.js: 9ms, application-code: 83ms)
 GET /kts/hien-trang 200 in 91ms (next.js: 23ms, application-code: 68ms)
 GET /admin/he-thong 200 in 88ms (next.js: 7ms, application-code: 81ms)
 GET /kts/hien-trang 200 in 107ms (next.js: 21ms, application-code: 86ms)
 GET /admin/he-thong 200 in 91ms (next.js: 8ms, application-code: 83ms)
 GET /kts/hien-trang 200 in 92ms (next.js: 24ms, application-code: 68ms)
 GET /admin/he-thong 200 in 89ms (next.js: 8ms, application-code: 81ms)
 GET /kts/hien-trang 200 in 90ms (next.js: 25ms, application-code: 65ms)
 GET /admin/he-thong 200 in 95ms (next.js: 6ms, application-code: 88ms)
 GET /kts/hien-trang 200 in 129ms (next.js: 21ms, application-code: 108ms)
 GET /admin/he-thong 200 in 97ms (next.js: 9ms, application-code: 88ms)
 GET /kts/hien-trang 200 in 96ms (next.js: 26ms, application-code: 70ms)
 GET /admin/he-thong 200 in 97ms (next.js: 7ms, application-code: 90ms)
 GET /kts/hien-trang 200 in 97ms (next.js: 21ms, application-code: 76ms)
 GET /admin/he-thong 200 in 97ms (next.js: 5ms, application-code: 91ms)
 GET /kts/hien-trang 200 in 118ms (next.js: 32ms, application-code: 86ms)
 GET /admin/he-thong 200 in 88ms (next.js: 5ms, application-code: 83ms)
 GET /kts/hien-trang 200 in 91ms (next.js: 24ms, application-code: 67ms)
 GET /admin/he-thong 200 in 125ms (next.js: 6ms, application-code: 119ms)
 GET /kts/hien-trang 200 in 132ms (next.js: 23ms, application-code: 109ms)
 GET /admin/he-thong 200 in 136ms (next.js: 6ms, application-code: 129ms)
 GET /kts/hien-trang 200 in 135ms (next.js: 55ms, application-code: 81ms)
 GET /admin/he-thong 200 in 55ms (next.js: 11ms, application-code: 45ms)
 GET /kts/hien-trang 200 in 55ms (next.js: 36ms, application-code: 18ms)
Warning: [antd: Spin] `tip` is deprecated. Please use `description` instead.
 GET /kts/hien-trang 200 in 358ms (next.js: 4ms, application-code: 354ms)
[browser] Warning: [antd: Spin] `tip` is deprecated. Please use `description` instead. 
prisma:query SELECT 1
prisma:query SELECT `main`.`HeThongSo`.`id`, `main`.`HeThongSo`.`ma`, `main`.`HeThongSo`.`ten`, `main`.`HeThongSo`.`loai`, `main`.`HeThongSo`.`lop`, `main`.`HeThongSo`.`moTa`, `main`.`HeThongSo`.`chuQuan`, `main`.`HeThongSo`.`trangThai`, `main`.`HeThongSo`.`namTrienKhai`, `main`.`HeThongSo`.`donViId`, `main`.`HeThongSo`.`createdAt`, `main`.`HeThongSo`.`updatedAt` FROM `main`.`HeThongSo` WHERE 1=1 ORDER BY `main`.`HeThongSo`.`lop` ASC, `main`.`HeThongSo`.`ma` ASC LIMIT ? OFFSET ?
prisma:query SELECT `main`.`DonVi`.`id`, `main`.`DonVi`.`ten`, `main`.`DonVi`.`loai`, `main`.`DonVi`.`parentId`, `main`.`DonVi`.`createdAt` FROM `main`.`DonVi` WHERE `main`.`DonVi`.`id` IN (?,?,?,?) LIMIT ? OFFSET ?
 GET /api/he-thong 200 in 65ms (next.js: 32ms, application-code: 33ms)
prisma:query SELECT `main`.`HeThongSo`.`id`, `main`.`HeThongSo`.`ma`, `main`.`HeThongSo`.`ten`, `main`.`HeThongSo`.`loai`, `main`.`HeThongSo`.`lop`, `main`.`HeThongSo`.`moTa`, `main`.`HeThongSo`.`chuQuan`, `main`.`HeThongSo`.`trangThai`, `main`.`HeThongSo`.`namTrienKhai`, `main`.`HeThongSo`.`donViId`, `main`.`HeThongSo`.`createdAt`, `main`.`HeThongSo`.`updatedAt` FROM `main`.`HeThongSo` WHERE 1=1 ORDER BY `main`.`HeThongSo`.`lop` ASC, `main`.`HeThongSo`.`ma` ASC LIMIT ? OFFSET ?
prisma:query SELECT `main`.`DonVi`.`id`, `main`.`DonVi`.`ten`, `main`.`DonVi`.`loai`, `main`.`DonVi`.`parentId`, `main`.`DonVi`.`createdAt` FROM `main`.`DonVi` WHERE `main`.`DonVi`.`id` IN (?,?,?,?) LIMIT ? OFFSET ?
 GET /api/he-thong 200 in 31ms (next.js: 4ms, application-code: 27ms)
[browser] Warning: [antd: Modal] `destroyOnClose` is deprecated. Please use `destroyOnHidden` instead. 
    at Array.forEach (<anonymous>) (<anonymous>)
 GET /kts/lo-trinh 200 in 29ms (next.js: 14ms, application-code: 14ms)
prisma:query SELECT `main`.`NhiemVu`.`id`, `main`.`NhiemVu`.`ma`, `main`.`NhiemVu`.`ten`, `main`.`NhiemVu`.`moTa`, `main`.`NhiemVu`.`donViChuTriId`, `main`.`NhiemVu`.`uuTien`, `main`.`NhiemVu`.`thoiHan`, `main`.`NhiemVu`.`giaiDoan`, `main`.`NhiemVu`.`kpi`, `main`.`NhiemVu`.`nguonKiemChung`, `main`.`NhiemVu`.`trangThai`, `main`.`NhiemVu`.`tienDo`, `main`.`NhiemVu`.`lop`, `main`.`NhiemVu`.`phuongAnXuLy`, `main`.`NhiemVu`.`ghiChu`, `main`.`NhiemVu`.`createdAt`, `main`.`NhiemVu`.`updatedAt` FROM `main`.`NhiemVu` WHERE 1=1 ORDER BY `main`.`NhiemVu`.`uuTien` ASC, `main`.`NhiemVu`.`thoiHan` ASC LIMIT ? OFFSET ?
prisma:query SELECT `main`.`DonVi`.`id`, `main`.`DonVi`.`ten`, `main`.`DonVi`.`loai`, `main`.`DonVi`.`parentId`, `main`.`DonVi`.`createdAt` FROM `main`.`DonVi` WHERE `main`.`DonVi`.`id` IN (?,?) LIMIT ? OFFSET ?
 GET /api/nhiem-vu 200 in 41ms (next.js: 29ms, application-code: 13ms)
prisma:query SELECT `main`.`NhiemVu`.`id`, `main`.`NhiemVu`.`ma`, `main`.`NhiemVu`.`ten`, `main`.`NhiemVu`.`moTa`, `main`.`NhiemVu`.`donViChuTriId`, `main`.`NhiemVu`.`uuTien`, `main`.`NhiemVu`.`thoiHan`, `main`.`NhiemVu`.`giaiDoan`, `main`.`NhiemVu`.`kpi`, `main`.`NhiemVu`.`nguonKiemChung`, `main`.`NhiemVu`.`trangThai`, `main`.`NhiemVu`.`tienDo`, `main`.`NhiemVu`.`lop`, `main`.`NhiemVu`.`phuongAnXuLy`, `main`.`NhiemVu`.`ghiChu`, `main`.`NhiemVu`.`createdAt`, `main`.`NhiemVu`.`updatedAt` FROM `main`.`NhiemVu` WHERE 1=1 ORDER BY `main`.`NhiemVu`.`uuTien` ASC, `main`.`NhiemVu`.`thoiHan` ASC LIMIT ? OFFSET ?
prisma:query SELECT `main`.`DonVi`.`id`, `main`.`DonVi`.`ten`, `main`.`DonVi`.`loai`, `main`.`DonVi`.`parentId`, `main`.`DonVi`.`createdAt` FROM `main`.`DonVi` WHERE `main`.`DonVi`.`id` IN (?,?) LIMIT ? OFFSET ?
 GET /api/nhiem-vu 200 in 11ms (next.js: 3ms, application-code: 7ms)
 GET /kts/hien-trang 200 in 16ms (next.js: 4ms, application-code: 13ms)
prisma:query SELECT `main`.`HeThongSo`.`id`, `main`.`HeThongSo`.`ma`, `main`.`HeThongSo`.`ten`, `main`.`HeThongSo`.`loai`, `main`.`HeThongSo`.`lop`, `main`.`HeThongSo`.`moTa`, `main`.`HeThongSo`.`chuQuan`, `main`.`HeThongSo`.`trangThai`, `main`.`HeThongSo`.`namTrienKhai`, `main`.`HeThongSo`.`donViId`, `main`.`HeThongSo`.`createdAt`, `main`.`HeThongSo`.`updatedAt` FROM `main`.`HeThongSo` WHERE 1=1 ORDER BY `main`.`HeThongSo`.`lop` ASC, `main`.`HeThongSo`.`ma` ASC LIMIT ? OFFSET ?
prisma:query SELECT `main`.`DonVi`.`id`, `main`.`DonVi`.`ten`, `main`.`DonVi`.`loai`, `main`.`DonVi`.`parentId`, `main`.`DonVi`.`createdAt` FROM `main`.`DonVi` WHERE `main`.`DonVi`.`id` IN (?,?,?,?) LIMIT ? OFFSET ?
 GET /api/he-thong 200 in 24ms (next.js: 4ms, application-code: 20ms)
prisma:query SELECT `main`.`HeThongSo`.`id`, `main`.`HeThongSo`.`ma`, `main`.`HeThongSo`.`ten`, `main`.`HeThongSo`.`loai`, `main`.`HeThongSo`.`lop`, `main`.`HeThongSo`.`moTa`, `main`.`HeThongSo`.`chuQuan`, `main`.`HeThongSo`.`trangThai`, `main`.`HeThongSo`.`namTrienKhai`, `main`.`HeThongSo`.`donViId`, `main`.`HeThongSo`.`createdAt`, `main`.`HeThongSo`.`updatedAt` FROM `main`.`HeThongSo` WHERE 1=1 ORDER BY `main`.`HeThongSo`.`lop` ASC, `main`.`HeThongSo`.`ma` ASC LIMIT ? OFFSET ?
prisma:query SELECT `main`.`DonVi`.`id`, `main`.`DonVi`.`ten`, `main`.`DonVi`.`loai`, `main`.`DonVi`.`parentId`, `main`.`DonVi`.`createdAt` FROM `main`.`DonVi` WHERE `main`.`DonVi`.`id` IN (?,?,?,?) LIMIT ? OFFSET ?
 GET /api/he-thong 200 in 25ms (next.js: 3ms, application-code: 22ms)
 GET / 200 in 20ms (next.js: 9ms, application-code: 10ms)
 GET /kts/lo-trinh 200 in 18ms (next.js: 4ms, application-code: 15ms)
prisma:query SELECT `main`.`NhiemVu`.`id`, `main`.`NhiemVu`.`ma`, `main`.`NhiemVu`.`ten`, `main`.`NhiemVu`.`moTa`, `main`.`NhiemVu`.`donViChuTriId`, `main`.`NhiemVu`.`uuTien`, `main`.`NhiemVu`.`thoiHan`, `main`.`NhiemVu`.`giaiDoan`, `main`.`NhiemVu`.`kpi`, `main`.`NhiemVu`.`nguonKiemChung`, `main`.`NhiemVu`.`trangThai`, `main`.`NhiemVu`.`tienDo`, `main`.`NhiemVu`.`lop`, `main`.`NhiemVu`.`phuongAnXuLy`, `main`.`NhiemVu`.`ghiChu`, `main`.`NhiemVu`.`createdAt`, `main`.`NhiemVu`.`updatedAt` FROM `main`.`NhiemVu` WHERE 1=1 ORDER BY `main`.`NhiemVu`.`uuTien` ASC, `main`.`NhiemVu`.`thoiHan` ASC LIMIT ? OFFSET ?
prisma:query SELECT `main`.`DonVi`.`id`, `main`.`DonVi`.`ten`, `main`.`DonVi`.`loai`, `main`.`DonVi`.`parentId`, `main`.`DonVi`.`createdAt` FROM `main`.`DonVi` WHERE `main`.`DonVi`.`id` IN (?,?) LIMIT ? OFFSET ?
 GET /api/nhiem-vu 200 in 8ms (next.js: 2ms, application-code: 6ms)
prisma:query SELECT `main`.`NhiemVu`.`id`, `main`.`NhiemVu`.`ma`, `main`.`NhiemVu`.`ten`, `main`.`NhiemVu`.`moTa`, `main`.`NhiemVu`.`donViChuTriId`, `main`.`NhiemVu`.`uuTien`, `main`.`NhiemVu`.`thoiHan`, `main`.`NhiemVu`.`giaiDoan`, `main`.`NhiemVu`.`kpi`, `main`.`NhiemVu`.`nguonKiemChung`, `main`.`NhiemVu`.`trangThai`, `main`.`NhiemVu`.`tienDo`, `main`.`NhiemVu`.`lop`, `main`.`NhiemVu`.`phuongAnXuLy`, `main`.`NhiemVu`.`ghiChu`, `main`.`NhiemVu`.`createdAt`, `main`.`NhiemVu`.`updatedAt` FROM `main`.`NhiemVu` WHERE 1=1 ORDER BY `main`.`NhiemVu`.`uuTien` ASC, `main`.`NhiemVu`.`thoiHan` ASC LIMIT ? OFFSET ?
prisma:query SELECT `main`.`DonVi`.`id`, `main`.`DonVi`.`ten`, `main`.`DonVi`.`loai`, `main`.`DonVi`.`parentId`, `main`.`DonVi`.`createdAt` FROM `main`.`DonVi` WHERE `main`.`DonVi`.`id` IN (?,?) LIMIT ? OFFSET ?
 GET /api/nhiem-vu 200 in 9ms (next.js: 2ms, application-code: 6ms)
 GET /kts/hien-trang 200 in 19ms (next.js: 4ms, application-code: 15ms)
prisma:query SELECT `main`.`HeThongSo`.`id`, `main`.`HeThongSo`.`ma`, `main`.`HeThongSo`.`ten`, `main`.`HeThongSo`.`loai`, `main`.`HeThongSo`.`lop`, `main`.`HeThongSo`.`moTa`, `main`.`HeThongSo`.`chuQuan`, `main`.`HeThongSo`.`trangThai`, `main`.`HeThongSo`.`namTrienKhai`, `main`.`HeThongSo`.`donViId`, `main`.`HeThongSo`.`createdAt`, `main`.`HeThongSo`.`updatedAt` FROM `main`.`HeThongSo` WHERE 1=1 ORDER BY `main`.`HeThongSo`.`lop` ASC, `main`.`HeThongSo`.`ma` ASC LIMIT ? OFFSET ?
prisma:query SELECT `main`.`DonVi`.`id`, `main`.`DonVi`.`ten`, `main`.`DonVi`.`loai`, `main`.`DonVi`.`parentId`, `main`.`DonVi`.`createdAt` FROM `main`.`DonVi` WHERE `main`.`DonVi`.`id` IN (?,?,?,?) LIMIT ? OFFSET ?
 GET /api/he-thong 200 in 23ms (next.js: 3ms, application-code: 19ms)
prisma:query SELECT `main`.`HeThongSo`.`id`, `main`.`HeThongSo`.`ma`, `main`.`HeThongSo`.`ten`, `main`.`HeThongSo`.`loai`, `main`.`HeThongSo`.`lop`, `main`.`HeThongSo`.`moTa`, `main`.`HeThongSo`.`chuQuan`, `main`.`HeThongSo`.`trangThai`, `main`.`HeThongSo`.`namTrienKhai`, `main`.`HeThongSo`.`donViId`, `main`.`HeThongSo`.`createdAt`, `main`.`HeThongSo`.`updatedAt` FROM `main`.`HeThongSo` WHERE 1=1 ORDER BY `main`.`HeThongSo`.`lop` ASC, `main`.`HeThongSo`.`ma` ASC LIMIT ? OFFSET ?
prisma:query SELECT `main`.`DonVi`.`id`, `main`.`DonVi`.`ten`, `main`.`DonVi`.`loai`, `main`.`DonVi`.`parentId`, `main`.`DonVi`.`createdAt` FROM `main`.`DonVi` WHERE `main`.`DonVi`.`id` IN (?,?,?,?) LIMIT ? OFFSET ?
 GET /api/he-thong 200 in 22ms (next.js: 3ms, application-code: 19ms)
 GET /kts/lo-trinh 200 in 21ms (next.js: 4ms, application-code: 17ms)
prisma:query SELECT `main`.`NhiemVu`.`id`, `main`.`NhiemVu`.`ma`, `main`.`NhiemVu`.`ten`, `main`.`NhiemVu`.`moTa`, `main`.`NhiemVu`.`donViChuTriId`, `main`.`NhiemVu`.`uuTien`, `main`.`NhiemVu`.`thoiHan`, `main`.`NhiemVu`.`giaiDoan`, `main`.`NhiemVu`.`kpi`, `main`.`NhiemVu`.`nguonKiemChung`, `main`.`NhiemVu`.`trangThai`, `main`.`NhiemVu`.`tienDo`, `main`.`NhiemVu`.`lop`, `main`.`NhiemVu`.`phuongAnXuLy`, `main`.`NhiemVu`.`ghiChu`, `main`.`NhiemVu`.`createdAt`, `main`.`NhiemVu`.`updatedAt` FROM `main`.`NhiemVu` WHERE 1=1 ORDER BY `main`.`NhiemVu`.`uuTien` ASC, `main`.`NhiemVu`.`thoiHan` ASC LIMIT ? OFFSET ?
prisma:query SELECT `main`.`DonVi`.`id`, `main`.`DonVi`.`ten`, `main`.`DonVi`.`loai`, `main`.`DonVi`.`parentId`, `main`.`DonVi`.`createdAt` FROM `main`.`DonVi` WHERE `main`.`DonVi`.`id` IN (?,?) LIMIT ? OFFSET ?
 GET /api/nhiem-vu 200 in 9ms (next.js: 2ms, application-code: 7ms)
prisma:query SELECT `main`.`NhiemVu`.`id`, `main`.`NhiemVu`.`ma`, `main`.`NhiemVu`.`ten`, `main`.`NhiemVu`.`moTa`, `main`.`NhiemVu`.`donViChuTriId`, `main`.`NhiemVu`.`uuTien`, `main`.`NhiemVu`.`thoiHan`, `main`.`NhiemVu`.`giaiDoan`, `main`.`NhiemVu`.`kpi`, `main`.`NhiemVu`.`nguonKiemChung`, `main`.`NhiemVu`.`trangThai`, `main`.`NhiemVu`.`tienDo`, `main`.`NhiemVu`.`lop`, `main`.`NhiemVu`.`phuongAnXuLy`, `main`.`NhiemVu`.`ghiChu`, `main`.`NhiemVu`.`createdAt`, `main`.`NhiemVu`.`updatedAt` FROM `main`.`NhiemVu` WHERE 1=1 ORDER BY `main`.`NhiemVu`.`uuTien` ASC, `main`.`NhiemVu`.`thoiHan` ASC LIMIT ? OFFSET ?
prisma:query SELECT `main`.`DonVi`.`id`, `main`.`DonVi`.`ten`, `main`.`DonVi`.`loai`, `main`.`DonVi`.`parentId`, `main`.`DonVi`.`createdAt` FROM `main`.`DonVi` WHERE `main`.`DonVi`.`id` IN (?,?) LIMIT ? OFFSET ?
 GET /api/nhiem-vu 200 in 8ms (next.js: 3ms, application-code: 5ms)
 GET /kts/hien-trang 200 in 19ms (next.js: 4ms, application-code: 15ms)
prisma:query SELECT `main`.`HeThongSo`.`id`, `main`.`HeThongSo`.`ma`, `main`.`HeThongSo`.`ten`, `main`.`HeThongSo`.`loai`, `main`.`HeThongSo`.`lop`, `main`.`HeThongSo`.`moTa`, `main`.`HeThongSo`.`chuQuan`, `main`.`HeThongSo`.`trangThai`, `main`.`HeThongSo`.`namTrienKhai`, `main`.`HeThongSo`.`donViId`, `main`.`HeThongSo`.`createdAt`, `main`.`HeThongSo`.`updatedAt` FROM `main`.`HeThongSo` WHERE 1=1 ORDER BY `main`.`HeThongSo`.`lop` ASC, `main`.`HeThongSo`.`ma` ASC LIMIT ? OFFSET ?
prisma:query SELECT `main`.`DonVi`.`id`, `main`.`DonVi`.`ten`, `main`.`DonVi`.`loai`, `main`.`DonVi`.`parentId`, `main`.`DonVi`.`createdAt` FROM `main`.`DonVi` WHERE `main`.`DonVi`.`id` IN (?,?,?,?) LIMIT ? OFFSET ?
 GET /api/he-thong 200 in 21ms (next.js: 3ms, application-code: 18ms)
prisma:query SELECT `main`.`HeThongSo`.`id`, `main`.`HeThongSo`.`ma`, `main`.`HeThongSo`.`ten`, `main`.`HeThongSo`.`loai`, `main`.`HeThongSo`.`lop`, `main`.`HeThongSo`.`moTa`, `main`.`HeThongSo`.`chuQuan`, `main`.`HeThongSo`.`trangThai`, `main`.`HeThongSo`.`namTrienKhai`, `main`.`HeThongSo`.`donViId`, `main`.`HeThongSo`.`createdAt`, `main`.`HeThongSo`.`updatedAt` FROM `main`.`HeThongSo` WHERE 1=1 ORDER BY `main`.`HeThongSo`.`lop` ASC, `main`.`HeThongSo`.`ma` ASC LIMIT ? OFFSET ?
prisma:query SELECT `main`.`DonVi`.`id`, `main`.`DonVi`.`ten`, `main`.`DonVi`.`loai`, `main`.`DonVi`.`parentId`, `main`.`DonVi`.`createdAt` FROM `main`.`DonVi` WHERE `main`.`DonVi`.`id` IN (?,?,?,?) LIMIT ? OFFSET ?
 GET /api/he-thong 200 in 22ms (next.js: 2ms, application-code: 19ms)
[browser] Warning: [antd: Descriptions] `labelStyle` is deprecated. Please use `styles.label` instead. 
    at Array.forEach (<anonymous>) (<anonymous>)
✓ Compiled in 185ms
 GET /kts/hien-trang 200 in 76ms (next.js: 16ms, application-code: 60ms)
 GET /admin/he-thong 200 in 76ms (next.js: 45ms, application-code: 32ms)
 GET /kts/hien-trang 200 in 48ms (next.js: 9ms, application-code: 39ms)
 GET /admin/he-thong 200 in 21ms (next.js: 5ms, application-code: 16ms)
✓ Compiled in 210ms
 GET /kts/hien-trang 200 in 36ms (next.js: 4ms, application-code: 32ms)
[browser] Warning: [antd: Spin] `tip` is deprecated. Please use `description` instead. 
prisma:query SELECT 1
prisma:query SELECT `main`.`HeThongSo`.`id`, `main`.`HeThongSo`.`ma`, `main`.`HeThongSo`.`ten`, `main`.`HeThongSo`.`loai`, `main`.`HeThongSo`.`lop`, `main`.`HeThongSo`.`moTa`, `main`.`HeThongSo`.`chuQuan`, `main`.`HeThongSo`.`trangThai`, `main`.`HeThongSo`.`namTrienKhai`, `main`.`HeThongSo`.`donViId`, `main`.`HeThongSo`.`createdAt`, `main`.`HeThongSo`.`updatedAt` FROM `main`.`HeThongSo` WHERE 1=1 ORDER BY `main`.`HeThongSo`.`lop` ASC, `main`.`HeThongSo`.`ma` ASC LIMIT ? OFFSET ?
prisma:query SELECT `main`.`DonVi`.`id`, `main`.`DonVi`.`ten`, `main`.`DonVi`.`loai`, `main`.`DonVi`.`parentId`, `main`.`DonVi`.`createdAt` FROM `main`.`DonVi` WHERE `main`.`DonVi`.`id` IN (?,?,?,?) LIMIT ? OFFSET ?
 GET /api/he-thong 200 in 35ms (next.js: 5ms, application-code: 31ms)
prisma:query SELECT `main`.`HeThongSo`.`id`, `main`.`HeThongSo`.`ma`, `main`.`HeThongSo`.`ten`, `main`.`HeThongSo`.`loai`, `main`.`HeThongSo`.`lop`, `main`.`HeThongSo`.`moTa`, `main`.`HeThongSo`.`chuQuan`, `main`.`HeThongSo`.`trangThai`, `main`.`HeThongSo`.`namTrienKhai`, `main`.`HeThongSo`.`donViId`, `main`.`HeThongSo`.`createdAt`, `main`.`HeThongSo`.`updatedAt` FROM `main`.`HeThongSo` WHERE 1=1 ORDER BY `main`.`HeThongSo`.`lop` ASC, `main`.`HeThongSo`.`ma` ASC LIMIT ? OFFSET ?
prisma:query SELECT `main`.`DonVi`.`id`, `main`.`DonVi`.`ten`, `main`.`DonVi`.`loai`, `main`.`DonVi`.`parentId`, `main`.`DonVi`.`createdAt` FROM `main`.`DonVi` WHERE `main`.`DonVi`.`id` IN (?,?,?,?) LIMIT ? OFFSET ?
 GET /api/he-thong 200 in 31ms (next.js: 3ms, application-code: 28ms)
[browser] Warning: [antd: Modal] `destroyOnClose` is deprecated. Please use `destroyOnHidden` instead. 
    at Array.forEach (<anonymous>) (<anonymous>)
[browser] Warning: [antd: Descriptions] `labelStyle` is deprecated. Please use `styles.label` instead. 
    at Array.forEach (<anonymous>) (<anonymous>)
✓ Compiled in 84ms
 GET /kts/hien-trang 200 in 39ms (next.js: 17ms, application-code: 21ms)
 GET /kts/hien-trang 200 in 34ms (next.js: 5ms, application-code: 30ms)
[browser] Warning: [antd: Spin] `tip` is deprecated. Please use `description` instead. 
prisma:query SELECT 1
prisma:query SELECT `main`.`HeThongSo`.`id`, `main`.`HeThongSo`.`ma`, `main`.`HeThongSo`.`ten`, `main`.`HeThongSo`.`loai`, `main`.`HeThongSo`.`lop`, `main`.`HeThongSo`.`moTa`, `main`.`HeThongSo`.`chuQuan`, `main`.`HeThongSo`.`trangThai`, `main`.`HeThongSo`.`namTrienKhai`, `main`.`HeThongSo`.`donViId`, `main`.`HeThongSo`.`createdAt`, `main`.`HeThongSo`.`updatedAt` FROM `main`.`HeThongSo` WHERE 1=1 ORDER BY `main`.`HeThongSo`.`lop` ASC, `main`.`HeThongSo`.`ma` ASC LIMIT ? OFFSET ?
prisma:query SELECT `main`.`DonVi`.`id`, `main`.`DonVi`.`ten`, `main`.`DonVi`.`loai`, `main`.`DonVi`.`parentId`, `main`.`DonVi`.`createdAt` FROM `main`.`DonVi` WHERE `main`.`DonVi`.`id` IN (?,?,?,?) LIMIT ? OFFSET ?
 GET /api/he-thong 200 in 25ms (next.js: 3ms, application-code: 22ms)
prisma:query SELECT `main`.`HeThongSo`.`id`, `main`.`HeThongSo`.`ma`, `main`.`HeThongSo`.`ten`, `main`.`HeThongSo`.`loai`, `main`.`HeThongSo`.`lop`, `main`.`HeThongSo`.`moTa`, `main`.`HeThongSo`.`chuQuan`, `main`.`HeThongSo`.`trangThai`, `main`.`HeThongSo`.`namTrienKhai`, `main`.`HeThongSo`.`donViId`, `main`.`HeThongSo`.`createdAt`, `main`.`HeThongSo`.`updatedAt` FROM `main`.`HeThongSo` WHERE 1=1 ORDER BY `main`.`HeThongSo`.`lop` ASC, `main`.`HeThongSo`.`ma` ASC LIMIT ? OFFSET ?
prisma:query SELECT `main`.`DonVi`.`id`, `main`.`DonVi`.`ten`, `main`.`DonVi`.`loai`, `main`.`DonVi`.`parentId`, `main`.`DonVi`.`createdAt` FROM `main`.`DonVi` WHERE `main`.`DonVi`.`id` IN (?,?,?,?) LIMIT ? OFFSET ?
 GET /api/he-thong 200 in 28ms (next.js: 3ms, application-code: 25ms)
[browser] Warning: [antd: Modal] `destroyOnClose` is deprecated. Please use `destroyOnHidden` instead. 
    at Array.forEach (<anonymous>) (<anonymous>)
[browser] Warning: [antd: Descriptions] `labelStyle` is deprecated. Please use `styles.label` instead. 
    at Array.forEach (<anonymous>) (<anonymous>)
 GET /api/auth/session 200 in 104ms (next.js: 50ms, application-code: 54ms)
 GET /admin/he-thong 200 in 36ms (next.js: 4ms, application-code: 32ms)
 GET /api/auth/session 200 in 20ms (next.js: 4ms, application-code: 16ms)
 GET /admin/nhiem-vu 200 in 25ms (next.js: 11ms, application-code: 14ms)
prisma:query SELECT 1
prisma:query SELECT `main`.`DonVi`.`id`, `main`.`DonVi`.`ten`, `main`.`DonVi`.`loai`, `main`.`DonVi`.`parentId`, `main`.`DonVi`.`createdAt` FROM `main`.`DonVi` WHERE 1=1 ORDER BY `main`.`DonVi`.`loai` ASC, `main`.`DonVi`.`ten` ASC LIMIT ? OFFSET ?
prisma:query SELECT `main`.`NhiemVu`.`id`, `main`.`NhiemVu`.`ma`, `main`.`NhiemVu`.`ten`, `main`.`NhiemVu`.`moTa`, `main`.`NhiemVu`.`donViChuTriId`, `main`.`NhiemVu`.`uuTien`, `main`.`NhiemVu`.`thoiHan`, `main`.`NhiemVu`.`giaiDoan`, `main`.`NhiemVu`.`kpi`, `main`.`NhiemVu`.`nguonKiemChung`, `main`.`NhiemVu`.`trangThai`, `main`.`NhiemVu`.`tienDo`, `main`.`NhiemVu`.`lop`, `main`.`NhiemVu`.`phuongAnXuLy`, `main`.`NhiemVu`.`ghiChu`, `main`.`NhiemVu`.`createdAt`, `main`.`NhiemVu`.`updatedAt` FROM `main`.`NhiemVu` WHERE 1=1 ORDER BY `main`.`NhiemVu`.`uuTien` ASC, `main`.`NhiemVu`.`thoiHan` ASC LIMIT ? OFFSET ?
prisma:query SELECT `main`.`DonVi`.`id`, `main`.`DonVi`.`ten`, `main`.`DonVi`.`loai`, `main`.`DonVi`.`parentId`, `main`.`DonVi`.`createdAt` FROM `main`.`DonVi` WHERE `main`.`DonVi`.`id` IN (?,?) LIMIT ? OFFSET ?
 GET /api/don-vi 200 in 41ms (next.js: 28ms, application-code: 14ms)
 GET /api/nhiem-vu 200 in 43ms (next.js: 35ms, application-code: 8ms)
prisma:query SELECT `main`.`NhiemVu`.`id`, `main`.`NhiemVu`.`ma`, `main`.`NhiemVu`.`ten`, `main`.`NhiemVu`.`moTa`, `main`.`NhiemVu`.`donViChuTriId`, `main`.`NhiemVu`.`uuTien`, `main`.`NhiemVu`.`thoiHan`, `main`.`NhiemVu`.`giaiDoan`, `main`.`NhiemVu`.`kpi`, `main`.`NhiemVu`.`nguonKiemChung`, `main`.`NhiemVu`.`trangThai`, `main`.`NhiemVu`.`tienDo`, `main`.`NhiemVu`.`lop`, `main`.`NhiemVu`.`phuongAnXuLy`, `main`.`NhiemVu`.`ghiChu`, `main`.`NhiemVu`.`createdAt`, `main`.`NhiemVu`.`updatedAt` FROM `main`.`NhiemVu` WHERE 1=1 ORDER BY `main`.`NhiemVu`.`uuTien` ASC, `main`.`NhiemVu`.`thoiHan` ASC LIMIT ? OFFSET ?
prisma:query SELECT `main`.`DonVi`.`id`, `main`.`DonVi`.`ten`, `main`.`DonVi`.`loai`, `main`.`DonVi`.`parentId`, `main`.`DonVi`.`createdAt` FROM `main`.`DonVi` WHERE `main`.`DonVi`.`id` IN (?,?) LIMIT ? OFFSET ?
prisma:query SELECT `main`.`DonVi`.`id`, `main`.`DonVi`.`ten`, `main`.`DonVi`.`loai`, `main`.`DonVi`.`parentId`, `main`.`DonVi`.`createdAt` FROM `main`.`DonVi` WHERE 1=1 ORDER BY `main`.`DonVi`.`loai` ASC, `main`.`DonVi`.`ten` ASC LIMIT ? OFFSET ?
 GET /api/nhiem-vu 200 in 30ms (next.js: 8ms, application-code: 22ms)
 GET /api/don-vi 200 in 33ms (next.js: 19ms, application-code: 14ms)
 GET /admin/he-thong 200 in 18ms (next.js: 4ms, application-code: 14ms)
prisma:query SELECT 1
prisma:query SELECT `main`.`HeThongSo`.`id`, `main`.`HeThongSo`.`ma`, `main`.`HeThongSo`.`ten`, `main`.`HeThongSo`.`loai`, `main`.`HeThongSo`.`lop`, `main`.`HeThongSo`.`moTa`, `main`.`HeThongSo`.`chuQuan`, `main`.`HeThongSo`.`trangThai`, `main`.`HeThongSo`.`namTrienKhai`, `main`.`HeThongSo`.`donViId`, `main`.`HeThongSo`.`createdAt`, `main`.`HeThongSo`.`updatedAt` FROM `main`.`HeThongSo` WHERE 1=1 ORDER BY `main`.`HeThongSo`.`lop` ASC, `main`.`HeThongSo`.`ma` ASC LIMIT ? OFFSET ?
prisma:query SELECT `main`.`DonVi`.`id`, `main`.`DonVi`.`ten`, `main`.`DonVi`.`loai`, `main`.`DonVi`.`parentId`, `main`.`DonVi`.`createdAt` FROM `main`.`DonVi` WHERE 1=1 ORDER BY `main`.`DonVi`.`loai` ASC, `main`.`DonVi`.`ten` ASC LIMIT ? OFFSET ?
 GET /api/don-vi 200 in 16ms (next.js: 8ms, application-code: 8ms)
prisma:query SELECT `main`.`DonVi`.`id`, `main`.`DonVi`.`ten`, `main`.`DonVi`.`loai`, `main`.`DonVi`.`parentId`, `main`.`DonVi`.`createdAt` FROM `main`.`DonVi` WHERE `main`.`DonVi`.`id` IN (?,?,?,?) LIMIT ? OFFSET ?
 GET /api/he-thong 200 in 35ms (next.js: 2ms, application-code: 33ms)
prisma:query SELECT `main`.`DonVi`.`id`, `main`.`DonVi`.`ten`, `main`.`DonVi`.`loai`, `main`.`DonVi`.`parentId`, `main`.`DonVi`.`createdAt` FROM `main`.`DonVi` WHERE 1=1 ORDER BY `main`.`DonVi`.`loai` ASC, `main`.`DonVi`.`ten` ASC LIMIT ? OFFSET ?
 GET /api/don-vi 200 in 18ms (next.js: 5ms, application-code: 12ms)
prisma:query SELECT `main`.`HeThongSo`.`id`, `main`.`HeThongSo`.`ma`, `main`.`HeThongSo`.`ten`, `main`.`HeThongSo`.`loai`, `main`.`HeThongSo`.`lop`, `main`.`HeThongSo`.`moTa`, `main`.`HeThongSo`.`chuQuan`, `main`.`HeThongSo`.`trangThai`, `main`.`HeThongSo`.`namTrienKhai`, `main`.`HeThongSo`.`donViId`, `main`.`HeThongSo`.`createdAt`, `main`.`HeThongSo`.`updatedAt` FROM `main`.`HeThongSo` WHERE 1=1 ORDER BY `main`.`HeThongSo`.`lop` ASC, `main`.`HeThongSo`.`ma` ASC LIMIT ? OFFSET ?
prisma:query SELECT `main`.`DonVi`.`id`, `main`.`DonVi`.`ten`, `main`.`DonVi`.`loai`, `main`.`DonVi`.`parentId`, `main`.`DonVi`.`createdAt` FROM `main`.`DonVi` WHERE `main`.`DonVi`.`id` IN (?,?,?,?) LIMIT ? OFFSET ?
 GET /api/he-thong 200 in 20ms (next.js: 3ms, application-code: 17ms)
 GET /admin/khung 200 in 26ms (next.js: 11ms, application-code: 15ms)
prisma:query SELECT `main`.`KhungKTS`.`id`, `main`.`KhungKTS`.`tenKhung`, `main`.`KhungKTS`.`phienBan`, `main`.`KhungKTS`.`ngayBanHanh`, `main`.`KhungKTS`.`giaiDoanApDung`, `main`.`KhungKTS`.`mucTieu`, `main`.`KhungKTS`.`boiCanh`, `main`.`KhungKTS`.`nguyenTac`, `main`.`KhungKTS`.`daiDienPhuTrach`, `main`.`KhungKTS`.`trangThai`, `main`.`KhungKTS`.`updatedAt`, `main`.`KhungKTS`.`createdAt` FROM `main`.`KhungKTS` WHERE 1=1 ORDER BY `main`.`KhungKTS`.`createdAt` DESC LIMIT ? OFFSET ?
 GET /api/kts 200 in 33ms (next.js: 27ms, application-code: 6ms)
prisma:query SELECT `main`.`KhungKTS`.`id`, `main`.`KhungKTS`.`tenKhung`, `main`.`KhungKTS`.`phienBan`, `main`.`KhungKTS`.`ngayBanHanh`, `main`.`KhungKTS`.`giaiDoanApDung`, `main`.`KhungKTS`.`mucTieu`, `main`.`KhungKTS`.`boiCanh`, `main`.`KhungKTS`.`nguyenTac`, `main`.`KhungKTS`.`daiDienPhuTrach`, `main`.`KhungKTS`.`trangThai`, `main`.`KhungKTS`.`updatedAt`, `main`.`KhungKTS`.`createdAt` FROM `main`.`KhungKTS` WHERE 1=1 ORDER BY `main`.`KhungKTS`.`createdAt` DESC LIMIT ? OFFSET ?
 GET /api/kts 200 in 10ms (next.js: 3ms, application-code: 7ms)
[browser] Warning: Instance created by `useForm` is not connected to any Form element. Forget to pass `form` prop? 
 GET /admin/import 200 in 27ms (next.js: 10ms, application-code: 17ms)
 GET /admin/nhiem-vu 200 in 20ms (next.js: 5ms, application-code: 15ms)
prisma:query SELECT `main`.`DonVi`.`id`, `main`.`DonVi`.`ten`, `main`.`DonVi`.`loai`, `main`.`DonVi`.`parentId`, `main`.`DonVi`.`createdAt` FROM `main`.`DonVi` WHERE 1=1 ORDER BY `main`.`DonVi`.`loai` ASC, `main`.`DonVi`.`ten` ASC LIMIT ? OFFSET ?
 GET /api/don-vi 200 in 16ms (next.js: 3ms, application-code: 13ms)
prisma:query SELECT `main`.`NhiemVu`.`id`, `main`.`NhiemVu`.`ma`, `main`.`NhiemVu`.`ten`, `main`.`NhiemVu`.`moTa`, `main`.`NhiemVu`.`donViChuTriId`, `main`.`NhiemVu`.`uuTien`, `main`.`NhiemVu`.`thoiHan`, `main`.`NhiemVu`.`giaiDoan`, `main`.`NhiemVu`.`kpi`, `main`.`NhiemVu`.`nguonKiemChung`, `main`.`NhiemVu`.`trangThai`, `main`.`NhiemVu`.`tienDo`, `main`.`NhiemVu`.`lop`, `main`.`NhiemVu`.`phuongAnXuLy`, `main`.`NhiemVu`.`ghiChu`, `main`.`NhiemVu`.`createdAt`, `main`.`NhiemVu`.`updatedAt` FROM `main`.`NhiemVu` WHERE 1=1 ORDER BY `main`.`NhiemVu`.`uuTien` ASC, `main`.`NhiemVu`.`thoiHan` ASC LIMIT ? OFFSET ?
prisma:query SELECT `main`.`DonVi`.`id`, `main`.`DonVi`.`ten`, `main`.`DonVi`.`loai`, `main`.`DonVi`.`parentId`, `main`.`DonVi`.`createdAt` FROM `main`.`DonVi` WHERE `main`.`DonVi`.`id` IN (?,?) LIMIT ? OFFSET ?
 GET /api/nhiem-vu 200 in 18ms (next.js: 10ms, application-code: 8ms)
prisma:query SELECT `main`.`DonVi`.`id`, `main`.`DonVi`.`ten`, `main`.`DonVi`.`loai`, `main`.`DonVi`.`parentId`, `main`.`DonVi`.`createdAt` FROM `main`.`DonVi` WHERE 1=1 ORDER BY `main`.`DonVi`.`loai` ASC, `main`.`DonVi`.`ten` ASC LIMIT ? OFFSET ?
 GET /api/don-vi 200 in 15ms (next.js: 3ms, application-code: 12ms)
prisma:query SELECT `main`.`NhiemVu`.`id`, `main`.`NhiemVu`.`ma`, `main`.`NhiemVu`.`ten`, `main`.`NhiemVu`.`moTa`, `main`.`NhiemVu`.`donViChuTriId`, `main`.`NhiemVu`.`uuTien`, `main`.`NhiemVu`.`thoiHan`, `main`.`NhiemVu`.`giaiDoan`, `main`.`NhiemVu`.`kpi`, `main`.`NhiemVu`.`nguonKiemChung`, `main`.`NhiemVu`.`trangThai`, `main`.`NhiemVu`.`tienDo`, `main`.`NhiemVu`.`lop`, `main`.`NhiemVu`.`phuongAnXuLy`, `main`.`NhiemVu`.`ghiChu`, `main`.`NhiemVu`.`createdAt`, `main`.`NhiemVu`.`updatedAt` FROM `main`.`NhiemVu` WHERE 1=1 ORDER BY `main`.`NhiemVu`.`uuTien` ASC, `main`.`NhiemVu`.`thoiHan` ASC LIMIT ? OFFSET ?
prisma:query SELECT `main`.`DonVi`.`id`, `main`.`DonVi`.`ten`, `main`.`DonVi`.`loai`, `main`.`DonVi`.`parentId`, `main`.`DonVi`.`createdAt` FROM `main`.`DonVi` WHERE `main`.`DonVi`.`id` IN (?,?) LIMIT ? OFFSET ?
 GET /api/nhiem-vu 200 in 16ms (next.js: 8ms, application-code: 8ms)
 GET /kts/lo-trinh 200 in 16ms (next.js: 4ms, application-code: 12ms)
prisma:query SELECT 1
prisma:query SELECT `main`.`NhiemVu`.`id`, `main`.`NhiemVu`.`ma`, `main`.`NhiemVu`.`ten`, `main`.`NhiemVu`.`moTa`, `main`.`NhiemVu`.`donViChuTriId`, `main`.`NhiemVu`.`uuTien`, `main`.`NhiemVu`.`thoiHan`, `main`.`NhiemVu`.`giaiDoan`, `main`.`NhiemVu`.`kpi`, `main`.`NhiemVu`.`nguonKiemChung`, `main`.`NhiemVu`.`trangThai`, `main`.`NhiemVu`.`tienDo`, `main`.`NhiemVu`.`lop`, `main`.`NhiemVu`.`phuongAnXuLy`, `main`.`NhiemVu`.`ghiChu`, `main`.`NhiemVu`.`createdAt`, `main`.`NhiemVu`.`updatedAt` FROM `main`.`NhiemVu` WHERE 1=1 ORDER BY `main`.`NhiemVu`.`uuTien` ASC, `main`.`NhiemVu`.`thoiHan` ASC LIMIT ? OFFSET ?
prisma:query SELECT `main`.`DonVi`.`id`, `main`.`DonVi`.`ten`, `main`.`DonVi`.`loai`, `main`.`DonVi`.`parentId`, `main`.`DonVi`.`createdAt` FROM `main`.`DonVi` WHERE `main`.`DonVi`.`id` IN (?,?) LIMIT ? OFFSET ?
 GET /api/nhiem-vu 200 in 8ms (next.js: 2ms, application-code: 6ms)
prisma:query SELECT `main`.`NhiemVu`.`id`, `main`.`NhiemVu`.`ma`, `main`.`NhiemVu`.`ten`, `main`.`NhiemVu`.`moTa`, `main`.`NhiemVu`.`donViChuTriId`, `main`.`NhiemVu`.`uuTien`, `main`.`NhiemVu`.`thoiHan`, `main`.`NhiemVu`.`giaiDoan`, `main`.`NhiemVu`.`kpi`, `main`.`NhiemVu`.`nguonKiemChung`, `main`.`NhiemVu`.`trangThai`, `main`.`NhiemVu`.`tienDo`, `main`.`NhiemVu`.`lop`, `main`.`NhiemVu`.`phuongAnXuLy`, `main`.`NhiemVu`.`ghiChu`, `main`.`NhiemVu`.`createdAt`, `main`.`NhiemVu`.`updatedAt` FROM `main`.`NhiemVu` WHERE 1=1 ORDER BY `main`.`NhiemVu`.`uuTien` ASC, `main`.`NhiemVu`.`thoiHan` ASC LIMIT ? OFFSET ?
prisma:query SELECT `main`.`DonVi`.`id`, `main`.`DonVi`.`ten`, `main`.`DonVi`.`loai`, `main`.`DonVi`.`parentId`, `main`.`DonVi`.`createdAt` FROM `main`.`DonVi` WHERE `main`.`DonVi`.`id` IN (?,?) LIMIT ? OFFSET ?
 GET /api/nhiem-vu 200 in 17ms (next.js: 4ms, application-code: 13ms)
 GET /api/auth/session 200 in 22ms (next.js: 11ms, application-code: 11ms)
 GET /api/auth/session 200 in 10ms (next.js: 2ms, application-code: 7ms)
 GET /kts/hien-trang 200 in 19ms (next.js: 5ms, application-code: 14ms)
prisma:query SELECT 1
prisma:query SELECT `main`.`HeThongSo`.`id`, `main`.`HeThongSo`.`ma`, `main`.`HeThongSo`.`ten`, `main`.`HeThongSo`.`loai`, `main`.`HeThongSo`.`lop`, `main`.`HeThongSo`.`moTa`, `main`.`HeThongSo`.`chuQuan`, `main`.`HeThongSo`.`trangThai`, `main`.`HeThongSo`.`namTrienKhai`, `main`.`HeThongSo`.`donViId`, `main`.`HeThongSo`.`createdAt`, `main`.`HeThongSo`.`updatedAt` FROM `main`.`HeThongSo` WHERE 1=1 ORDER BY `main`.`HeThongSo`.`lop` ASC, `main`.`HeThongSo`.`ma` ASC LIMIT ? OFFSET ?
prisma:query SELECT `main`.`DonVi`.`id`, `main`.`DonVi`.`ten`, `main`.`DonVi`.`loai`, `main`.`DonVi`.`parentId`, `main`.`DonVi`.`createdAt` FROM `main`.`DonVi` WHERE `main`.`DonVi`.`id` IN (?,?,?,?) LIMIT ? OFFSET ?
 GET /api/he-thong 200 in 24ms (next.js: 3ms, application-code: 20ms)
prisma:query SELECT `main`.`HeThongSo`.`id`, `main`.`HeThongSo`.`ma`, `main`.`HeThongSo`.`ten`, `main`.`HeThongSo`.`loai`, `main`.`HeThongSo`.`lop`, `main`.`HeThongSo`.`moTa`, `main`.`HeThongSo`.`chuQuan`, `main`.`HeThongSo`.`trangThai`, `main`.`HeThongSo`.`namTrienKhai`, `main`.`HeThongSo`.`donViId`, `main`.`HeThongSo`.`createdAt`, `main`.`HeThongSo`.`updatedAt` FROM `main`.`HeThongSo` WHERE 1=1 ORDER BY `main`.`HeThongSo`.`lop` ASC, `main`.`HeThongSo`.`ma` ASC LIMIT ? OFFSET ?
prisma:query SELECT `main`.`DonVi`.`id`, `main`.`DonVi`.`ten`, `main`.`DonVi`.`loai`, `main`.`DonVi`.`parentId`, `main`.`DonVi`.`createdAt` FROM `main`.`DonVi` WHERE `main`.`DonVi`.`id` IN (?,?,?,?) LIMIT ? OFFSET ?
 GET /api/he-thong 200 in 24ms (next.js: 3ms, application-code: 21ms)
 GET /api/auth/session 200 in 23ms (next.js: 9ms, application-code: 14ms)
 GET /api/auth/session 200 in 13ms (next.js: 4ms, application-code: 9ms)
