
> kts-vinhlong@0.1.0 dev
> next dev

▲ Next.js 16.3.5 (Turbopack)
- Local:         http://localhost:3000
- Network:       http://100.88.71.12:3000
- Environments: .env
✓ Ready in 3.2s
✓ Running next.config.ts took 163ms

○ Compiling /kts/so-do ...
Warning: [antd: Spin] `tip` is deprecated. Please use `description` instead.
 GET /kts/so-do 200 in 10.4s (next.js: 9.2s, application-code: 1202ms)
 GET /admin/khung 200 in 10.4s (next.js: 9.2s, application-code: 1136ms)
[browser] Warning: [antd: Spin] `tip` is deprecated. Please use `description` instead. 
prisma:query SELECT `main`.`NhiemVu`.`id`, `main`.`NhiemVu`.`ma`, `main`.`NhiemVu`.`ten`, `main`.`NhiemVu`.`moTa`, `main`.`NhiemVu`.`donViChuTriId`, `main`.`NhiemVu`.`uuTien`, `main`.`NhiemVu`.`thoiHan`, `main`.`NhiemVu`.`giaiDoan`, `main`.`NhiemVu`.`kpi`, `main`.`NhiemVu`.`nguonKiemChung`, `main`.`NhiemVu`.`trangThai`, `main`.`NhiemVu`.`tienDo`, `main`.`NhiemVu`.`lop`, `main`.`NhiemVu`.`phuongAnXuLy`, `main`.`NhiemVu`.`ghiChu`, `main`.`NhiemVu`.`createdAt`, `main`.`NhiemVu`.`updatedAt` FROM `main`.`NhiemVu` WHERE 1=1 ORDER BY `main`.`NhiemVu`.`uuTien` ASC, `main`.`NhiemVu`.`thoiHan` ASC LIMIT ? OFFSET ?
prisma:query SELECT `main`.`HeThongSo`.`id`, `main`.`HeThongSo`.`ma`, `main`.`HeThongSo`.`ten`, `main`.`HeThongSo`.`loai`, `main`.`HeThongSo`.`lop`, `main`.`HeThongSo`.`moTa`, `main`.`HeThongSo`.`chuQuan`, `main`.`HeThongSo`.`trangThai`, `main`.`HeThongSo`.`namTrienKhai`, `main`.`HeThongSo`.`donViId`, `main`.`HeThongSo`.`createdAt`, `main`.`HeThongSo`.`updatedAt` FROM `main`.`HeThongSo` WHERE 1=1 ORDER BY `main`.`HeThongSo`.`lop` ASC, `main`.`HeThongSo`.`ma` ASC LIMIT ? OFFSET ?
prisma:query SELECT `main`.`DonVi`.`id`, `main`.`DonVi`.`ten`, `main`.`DonVi`.`loai`, `main`.`DonVi`.`parentId`, `main`.`DonVi`.`createdAt` FROM `main`.`DonVi` WHERE `main`.`DonVi`.`id` IN (?,?,?) LIMIT ? OFFSET ?
prisma:query SELECT `main`.`_HeThongNhiemVu`.`B`, `main`.`_HeThongNhiemVu`.`A` FROM `main`.`_HeThongNhiemVu` WHERE `main`.`_HeThongNhiemVu`.`B` IN (?,?,?,?,?,?,?,?,?)
prisma:query SELECT `main`.`HeThongSo`.`id`, `main`.`HeThongSo`.`ma`, `main`.`HeThongSo`.`ten`, `main`.`HeThongSo`.`loai`, `main`.`HeThongSo`.`lop`, `main`.`HeThongSo`.`moTa`, `main`.`HeThongSo`.`chuQuan`, `main`.`HeThongSo`.`trangThai`, `main`.`HeThongSo`.`namTrienKhai`, `main`.`HeThongSo`.`donViId`, `main`.`HeThongSo`.`createdAt`, `main`.`HeThongSo`.`updatedAt` FROM `main`.`HeThongSo` WHERE `main`.`HeThongSo`.`id` IN (?,?,?,?,?,?) LIMIT ? OFFSET ?
 GET /api/nhiem-vu 200 in 190ms (next.js: 166ms, application-code: 24ms)
prisma:query SELECT `main`.`DonVi`.`id`, `main`.`DonVi`.`ten`, `main`.`DonVi`.`loai`, `main`.`DonVi`.`parentId`, `main`.`DonVi`.`createdAt` FROM `main`.`DonVi` WHERE `main`.`DonVi`.`id` IN (?,?,?,?) LIMIT ? OFFSET ?
prisma:query SELECT `main`.`_HeThongNhiemVu`.`A`, `main`.`_HeThongNhiemVu`.`B` FROM `main`.`_HeThongNhiemVu` WHERE `main`.`_HeThongNhiemVu`.`A` IN (?,?,?,?,?,?,?,?,?,?,?,?,?,?,?,?,?,?,?,?,?,?,?,?,?,?,?,?,?,?,?,?,?,?,?,?,?,?,?,?,?,?,?,?,?,?,?,?,?,?,?,?,?,?,?,?,?,?,?,?,?,?,?,?,?,?,?,?,?,?,?,?,?,?,?,?,?,?,?,?,?,?,?,?,?,?,?,?,?,?,?,?,?,?,?,?,?,?,?,?,?,?,?,?,?,?,?,?,?,?,?,?,?,?,?,?,?,?,?,?,?,?,?,?,?,?,?,?,?,?,?,?,?,?,?,?,?,?,?,?,?,?,?,?,?,?,?,?,?,?,?,?,?,?,?,?,?,?,?,?,?,?,?,?,?,?,?,?,?,?,?,?,?,?,?,?,?,?,?,?,?,?,?,?,?,?,?,?,?,?,?,?,?,?,?,?,?,?,?,?,?,?,?,?,?,?,?,?,?,?,?,?,?,?,?,?,?,?,?,?,?,?,?,?,?,?,?,?,?,?,?,?,?,?,?,?,?,?,?,?,?,?,?,?,?,?,?,?,?,?,?,?,?,?,?,?,?,?,?,?,?,?,?,?,?,?,?,?,?,?,?,?,?,?,?,?,?,?,?,?,?,?,?,?,?,?,?,?,?,?,?,?,?,?,?,?,?,?,?,?,?,?,?,?,?,?,?,?,?,?,?,?,?,?,?,?,?,?,?,?,?,?,?,?,?,?,?,?,?,?,?,?,?,?,?,?,?,?,?,?,?,?,?,?,?,?,?,?,?,?,?,?,?,?,?,?,?,?,?,?,?,?,?,?,?,?,?,?,?,?,?,?,?,?,?,?,?,?,?,?,?,?,?,?,?,?,?,?,?)
prisma:query SELECT `main`.`NhiemVu`.`id`, `main`.`NhiemVu`.`ma`, `main`.`NhiemVu`.`ten`, `main`.`NhiemVu`.`moTa`, `main`.`NhiemVu`.`donViChuTriId`, `main`.`NhiemVu`.`uuTien`, `main`.`NhiemVu`.`thoiHan`, `main`.`NhiemVu`.`giaiDoan`, `main`.`NhiemVu`.`kpi`, `main`.`NhiemVu`.`nguonKiemChung`, `main`.`NhiemVu`.`trangThai`, `main`.`NhiemVu`.`tienDo`, `main`.`NhiemVu`.`lop`, `main`.`NhiemVu`.`phuongAnXuLy`, `main`.`NhiemVu`.`ghiChu`, `main`.`NhiemVu`.`createdAt`, `main`.`NhiemVu`.`updatedAt` FROM `main`.`NhiemVu` WHERE `main`.`NhiemVu`.`id` IN (?,?,?,?,?,?) LIMIT ? OFFSET ?
 GET /api/he-thong 200 in 208ms (next.js: 53ms, application-code: 155ms)
prisma:query SELECT `main`.`NhiemVu`.`id`, `main`.`NhiemVu`.`ma`, `main`.`NhiemVu`.`ten`, `main`.`NhiemVu`.`moTa`, `main`.`NhiemVu`.`donViChuTriId`, `main`.`NhiemVu`.`uuTien`, `main`.`NhiemVu`.`thoiHan`, `main`.`NhiemVu`.`giaiDoan`, `main`.`NhiemVu`.`kpi`, `main`.`NhiemVu`.`nguonKiemChung`, `main`.`NhiemVu`.`trangThai`, `main`.`NhiemVu`.`tienDo`, `main`.`NhiemVu`.`lop`, `main`.`NhiemVu`.`phuongAnXuLy`, `main`.`NhiemVu`.`ghiChu`, `main`.`NhiemVu`.`createdAt`, `main`.`NhiemVu`.`updatedAt` FROM `main`.`NhiemVu` WHERE 1=1 ORDER BY `main`.`NhiemVu`.`uuTien` ASC, `main`.`NhiemVu`.`thoiHan` ASC LIMIT ? OFFSET ?
prisma:query SELECT `main`.`DonVi`.`id`, `main`.`DonVi`.`ten`, `main`.`DonVi`.`loai`, `main`.`DonVi`.`parentId`, `main`.`DonVi`.`createdAt` FROM `main`.`DonVi` WHERE `main`.`DonVi`.`id` IN (?,?,?) LIMIT ? OFFSET ?
prisma:query SELECT `main`.`_HeThongNhiemVu`.`B`, `main`.`_HeThongNhiemVu`.`A` FROM `main`.`_HeThongNhiemVu` WHERE `main`.`_HeThongNhiemVu`.`B` IN (?,?,?,?,?,?,?,?,?)
prisma:query SELECT `main`.`HeThongSo`.`id`, `main`.`HeThongSo`.`ma`, `main`.`HeThongSo`.`ten`, `main`.`HeThongSo`.`loai`, `main`.`HeThongSo`.`lop`, `main`.`HeThongSo`.`moTa`, `main`.`HeThongSo`.`chuQuan`, `main`.`HeThongSo`.`trangThai`, `main`.`HeThongSo`.`namTrienKhai`, `main`.`HeThongSo`.`donViId`, `main`.`HeThongSo`.`createdAt`, `main`.`HeThongSo`.`updatedAt` FROM `main`.`HeThongSo` WHERE `main`.`HeThongSo`.`id` IN (?,?,?,?,?,?) LIMIT ? OFFSET ?
 GET /api/nhiem-vu 200 in 30ms (next.js: 5ms, application-code: 24ms)
prisma:query SELECT `main`.`HeThongSo`.`id`, `main`.`HeThongSo`.`ma`, `main`.`HeThongSo`.`ten`, `main`.`HeThongSo`.`loai`, `main`.`HeThongSo`.`lop`, `main`.`HeThongSo`.`moTa`, `main`.`HeThongSo`.`chuQuan`, `main`.`HeThongSo`.`trangThai`, `main`.`HeThongSo`.`namTrienKhai`, `main`.`HeThongSo`.`donViId`, `main`.`HeThongSo`.`createdAt`, `main`.`HeThongSo`.`updatedAt` FROM `main`.`HeThongSo` WHERE 1=1 ORDER BY `main`.`HeThongSo`.`lop` ASC, `main`.`HeThongSo`.`ma` ASC LIMIT ? OFFSET ?
prisma:query SELECT `main`.`DonVi`.`id`, `main`.`DonVi`.`ten`, `main`.`DonVi`.`loai`, `main`.`DonVi`.`parentId`, `main`.`DonVi`.`createdAt` FROM `main`.`DonVi` WHERE `main`.`DonVi`.`id` IN (?,?,?,?) LIMIT ? OFFSET ?
prisma:query SELECT `main`.`_HeThongNhiemVu`.`A`, `main`.`_HeThongNhiemVu`.`B` FROM `main`.`_HeThongNhiemVu` WHERE `main`.`_HeThongNhiemVu`.`A` IN (?,?,?,?,?,?,?,?,?,?,?,?,?,?,?,?,?,?,?,?,?,?,?,?,?,?,?,?,?,?,?,?,?,?,?,?,?,?,?,?,?,?,?,?,?,?,?,?,?,?,?,?,?,?,?,?,?,?,?,?,?,?,?,?,?,?,?,?,?,?,?,?,?,?,?,?,?,?,?,?,?,?,?,?,?,?,?,?,?,?,?,?,?,?,?,?,?,?,?,?,?,?,?,?,?,?,?,?,?,?,?,?,?,?,?,?,?,?,?,?,?,?,?,?,?,?,?,?,?,?,?,?,?,?,?,?,?,?,?,?,?,?,?,?,?,?,?,?,?,?,?,?,?,?,?,?,?,?,?,?,?,?,?,?,?,?,?,?,?,?,?,?,?,?,?,?,?,?,?,?,?,?,?,?,?,?,?,?,?,?,?,?,?,?,?,?,?,?,?,?,?,?,?,?,?,?,?,?,?,?,?,?,?,?,?,?,?,?,?,?,?,?,?,?,?,?,?,?,?,?,?,?,?,?,?,?,?,?,?,?,?,?,?,?,?,?,?,?,?,?,?,?,?,?,?,?,?,?,?,?,?,?,?,?,?,?,?,?,?,?,?,?,?,?,?,?,?,?,?,?,?,?,?,?,?,?,?,?,?,?,?,?,?,?,?,?,?,?,?,?,?,?,?,?,?,?,?,?,?,?,?,?,?,?,?,?,?,?,?,?,?,?,?,?,?,?,?,?,?,?,?,?,?,?,?,?,?,?,?,?,?,?,?,?,?,?,?,?,?,?,?,?,?,?,?,?,?,?,?,?,?,?,?,?,?,?,?,?,?,?,?,?,?,?,?,?,?,?,?,?,?,?,?,?,?,?,?,?,?)
prisma:query SELECT `main`.`NhiemVu`.`id`, `main`.`NhiemVu`.`ma`, `main`.`NhiemVu`.`ten`, `main`.`NhiemVu`.`moTa`, `main`.`NhiemVu`.`donViChuTriId`, `main`.`NhiemVu`.`uuTien`, `main`.`NhiemVu`.`thoiHan`, `main`.`NhiemVu`.`giaiDoan`, `main`.`NhiemVu`.`kpi`, `main`.`NhiemVu`.`nguonKiemChung`, `main`.`NhiemVu`.`trangThai`, `main`.`NhiemVu`.`tienDo`, `main`.`NhiemVu`.`lop`, `main`.`NhiemVu`.`phuongAnXuLy`, `main`.`NhiemVu`.`ghiChu`, `main`.`NhiemVu`.`createdAt`, `main`.`NhiemVu`.`updatedAt` FROM `main`.`NhiemVu` WHERE `main`.`NhiemVu`.`id` IN (?,?,?,?,?,?) LIMIT ? OFFSET ?
 GET /api/he-thong 200 in 43ms (next.js: 5ms, application-code: 37ms)
 GET /api/auth/session 200 in 1010ms (next.js: 970ms, application-code: 40ms)
 GET /api/auth/session 200 in 22ms (next.js: 10ms, application-code: 13ms)
prisma:query SELECT `main`.`KhungKTS`.`id`, `main`.`KhungKTS`.`tenKhung`, `main`.`KhungKTS`.`phienBan`, `main`.`KhungKTS`.`ngayBanHanh`, `main`.`KhungKTS`.`giaiDoanApDung`, `main`.`KhungKTS`.`mucTieu`, `main`.`KhungKTS`.`boiCanh`, `main`.`KhungKTS`.`nguyenTac`, `main`.`KhungKTS`.`daiDienPhuTrach`, `main`.`KhungKTS`.`trangThai`, `main`.`KhungKTS`.`updatedAt`, `main`.`KhungKTS`.`createdAt` FROM `main`.`KhungKTS` WHERE 1=1 ORDER BY `main`.`KhungKTS`.`createdAt` DESC LIMIT ? OFFSET ?
 GET /api/kts 200 in 59ms (next.js: 46ms, application-code: 13ms)
prisma:query SELECT `main`.`KhungKTS`.`id`, `main`.`KhungKTS`.`tenKhung`, `main`.`KhungKTS`.`phienBan`, `main`.`KhungKTS`.`ngayBanHanh`, `main`.`KhungKTS`.`giaiDoanApDung`, `main`.`KhungKTS`.`mucTieu`, `main`.`KhungKTS`.`boiCanh`, `main`.`KhungKTS`.`nguyenTac`, `main`.`KhungKTS`.`daiDienPhuTrach`, `main`.`KhungKTS`.`trangThai`, `main`.`KhungKTS`.`updatedAt`, `main`.`KhungKTS`.`createdAt` FROM `main`.`KhungKTS` WHERE 1=1 ORDER BY `main`.`KhungKTS`.`createdAt` DESC LIMIT ? OFFSET ?
 GET /api/kts 200 in 17ms (next.js: 7ms, application-code: 10ms)
 GET /api/auth/session 200 in 25ms (next.js: 8ms, application-code: 17ms)
 GET /api/auth/session 200 in 20ms (next.js: 4ms, application-code: 16ms)
[browser] Warning: Instance created by `useForm` is not connected to any Form element. Forget to pass `form` prop? 
 GET /api/auth/session 200 in 48ms (next.js: 27ms, application-code: 21ms)
 GET /api/auth/session 200 in 22ms (next.js: 5ms, application-code: 17ms)
 GET /api/auth/session 200 in 41ms (next.js: 18ms, application-code: 23ms)
 GET /api/auth/session 200 in 17ms (next.js: 5ms, application-code: 13ms)
 GET /api/auth/session 200 in 41ms (next.js: 18ms, application-code: 23ms)
 GET /api/auth/session 200 in 22ms (next.js: 5ms, application-code: 17ms)
 GET /api/auth/session 200 in 34ms (next.js: 18ms, application-code: 16ms)
 GET /api/auth/session 200 in 23ms (next.js: 6ms, application-code: 17ms)
 GET /api/auth/session 200 in 28ms (next.js: 12ms, application-code: 16ms)
 GET /api/auth/session 200 in 16ms (next.js: 4ms, application-code: 12ms)
 GET /kts/hien-trang 200 in 82ms (next.js: 40ms, application-code: 42ms)
 GET /kts/hien-trang 200 in 39ms (next.js: 9ms, application-code: 31ms)
 GET /kts/lo-trinh 200 in 67ms (next.js: 37ms, application-code: 30ms)
prisma:query SELECT 1
prisma:query SELECT `main`.`NhiemVu`.`id`, `main`.`NhiemVu`.`ma`, `main`.`NhiemVu`.`ten`, `main`.`NhiemVu`.`moTa`, `main`.`NhiemVu`.`donViChuTriId`, `main`.`NhiemVu`.`uuTien`, `main`.`NhiemVu`.`thoiHan`, `main`.`NhiemVu`.`giaiDoan`, `main`.`NhiemVu`.`kpi`, `main`.`NhiemVu`.`nguonKiemChung`, `main`.`NhiemVu`.`trangThai`, `main`.`NhiemVu`.`tienDo`, `main`.`NhiemVu`.`lop`, `main`.`NhiemVu`.`phuongAnXuLy`, `main`.`NhiemVu`.`ghiChu`, `main`.`NhiemVu`.`createdAt`, `main`.`NhiemVu`.`updatedAt` FROM `main`.`NhiemVu` WHERE 1=1 ORDER BY `main`.`NhiemVu`.`uuTien` ASC, `main`.`NhiemVu`.`thoiHan` ASC LIMIT ? OFFSET ?
prisma:query SELECT `main`.`DonVi`.`id`, `main`.`DonVi`.`ten`, `main`.`DonVi`.`loai`, `main`.`DonVi`.`parentId`, `main`.`DonVi`.`createdAt` FROM `main`.`DonVi` WHERE `main`.`DonVi`.`id` IN (?,?,?) LIMIT ? OFFSET ?
prisma:query SELECT `main`.`_HeThongNhiemVu`.`B`, `main`.`_HeThongNhiemVu`.`A` FROM `main`.`_HeThongNhiemVu` WHERE `main`.`_HeThongNhiemVu`.`B` IN (?,?,?,?,?,?,?,?,?)
prisma:query SELECT `main`.`HeThongSo`.`id`, `main`.`HeThongSo`.`ma`, `main`.`HeThongSo`.`ten`, `main`.`HeThongSo`.`loai`, `main`.`HeThongSo`.`lop`, `main`.`HeThongSo`.`moTa`, `main`.`HeThongSo`.`chuQuan`, `main`.`HeThongSo`.`trangThai`, `main`.`HeThongSo`.`namTrienKhai`, `main`.`HeThongSo`.`donViId`, `main`.`HeThongSo`.`createdAt`, `main`.`HeThongSo`.`updatedAt` FROM `main`.`HeThongSo` WHERE `main`.`HeThongSo`.`id` IN (?,?,?,?,?,?) LIMIT ? OFFSET ?
 GET /api/nhiem-vu 200 in 27ms (next.js: 10ms, application-code: 16ms)
prisma:query SELECT `main`.`NhiemVu`.`id`, `main`.`NhiemVu`.`ma`, `main`.`NhiemVu`.`ten`, `main`.`NhiemVu`.`moTa`, `main`.`NhiemVu`.`donViChuTriId`, `main`.`NhiemVu`.`uuTien`, `main`.`NhiemVu`.`thoiHan`, `main`.`NhiemVu`.`giaiDoan`, `main`.`NhiemVu`.`kpi`, `main`.`NhiemVu`.`nguonKiemChung`, `main`.`NhiemVu`.`trangThai`, `main`.`NhiemVu`.`tienDo`, `main`.`NhiemVu`.`lop`, `main`.`NhiemVu`.`phuongAnXuLy`, `main`.`NhiemVu`.`ghiChu`, `main`.`NhiemVu`.`createdAt`, `main`.`NhiemVu`.`updatedAt` FROM `main`.`NhiemVu` WHERE 1=1 ORDER BY `main`.`NhiemVu`.`uuTien` ASC, `main`.`NhiemVu`.`thoiHan` ASC LIMIT ? OFFSET ?
prisma:query SELECT `main`.`DonVi`.`id`, `main`.`DonVi`.`ten`, `main`.`DonVi`.`loai`, `main`.`DonVi`.`parentId`, `main`.`DonVi`.`createdAt` FROM `main`.`DonVi` WHERE `main`.`DonVi`.`id` IN (?,?,?) LIMIT ? OFFSET ?
prisma:query SELECT `main`.`_HeThongNhiemVu`.`B`, `main`.`_HeThongNhiemVu`.`A` FROM `main`.`_HeThongNhiemVu` WHERE `main`.`_HeThongNhiemVu`.`B` IN (?,?,?,?,?,?,?,?,?)
prisma:query SELECT `main`.`HeThongSo`.`id`, `main`.`HeThongSo`.`ma`, `main`.`HeThongSo`.`ten`, `main`.`HeThongSo`.`loai`, `main`.`HeThongSo`.`lop`, `main`.`HeThongSo`.`moTa`, `main`.`HeThongSo`.`chuQuan`, `main`.`HeThongSo`.`trangThai`, `main`.`HeThongSo`.`namTrienKhai`, `main`.`HeThongSo`.`donViId`, `main`.`HeThongSo`.`createdAt`, `main`.`HeThongSo`.`updatedAt` FROM `main`.`HeThongSo` WHERE `main`.`HeThongSo`.`id` IN (?,?,?,?,?,?) LIMIT ? OFFSET ?
 GET /api/nhiem-vu 200 in 25ms (next.js: 8ms, application-code: 17ms)
[browser] Warning: [antd: Modal] `destroyOnClose` is deprecated. Please use `destroyOnHidden` instead. 
    at Array.forEach (<anonymous>) (<anonymous>)
 GET /kts/hien-trang 200 in 39ms (next.js: 11ms, application-code: 28ms)
 GET /kts/hien-trang 200 in 35ms (next.js: 8ms, application-code: 27ms)
 GET /kts/hien-trang 200 in 33ms (next.js: 9ms, application-code: 24ms)
 GET /kts/so-do 200 in 35ms (next.js: 10ms, application-code: 25ms)
prisma:query SELECT `main`.`HeThongSo`.`id`, `main`.`HeThongSo`.`ma`, `main`.`HeThongSo`.`ten`, `main`.`HeThongSo`.`loai`, `main`.`HeThongSo`.`lop`, `main`.`HeThongSo`.`moTa`, `main`.`HeThongSo`.`chuQuan`, `main`.`HeThongSo`.`trangThai`, `main`.`HeThongSo`.`namTrienKhai`, `main`.`HeThongSo`.`donViId`, `main`.`HeThongSo`.`createdAt`, `main`.`HeThongSo`.`updatedAt` FROM `main`.`HeThongSo` WHERE 1=1 ORDER BY `main`.`HeThongSo`.`lop` ASC, `main`.`HeThongSo`.`ma` ASC LIMIT ? OFFSET ?
prisma:query SELECT `main`.`DonVi`.`id`, `main`.`DonVi`.`ten`, `main`.`DonVi`.`loai`, `main`.`DonVi`.`parentId`, `main`.`DonVi`.`createdAt` FROM `main`.`DonVi` WHERE `main`.`DonVi`.`id` IN (?,?,?,?) LIMIT ? OFFSET ?
prisma:query SELECT `main`.`_HeThongNhiemVu`.`A`, `main`.`_HeThongNhiemVu`.`B` FROM `main`.`_HeThongNhiemVu` WHERE `main`.`_HeThongNhiemVu`.`A` IN (?,?,?,?,?,?,?,?,?,?,?,?,?,?,?,?,?,?,?,?,?,?,?,?,?,?,?,?,?,?,?,?,?,?,?,?,?,?,?,?,?,?,?,?,?,?,?,?,?,?,?,?,?,?,?,?,?,?,?,?,?,?,?,?,?,?,?,?,?,?,?,?,?,?,?,?,?,?,?,?,?,?,?,?,?,?,?,?,?,?,?,?,?,?,?,?,?,?,?,?,?,?,?,?,?,?,?,?,?,?,?,?,?,?,?,?,?,?,?,?,?,?,?,?,?,?,?,?,?,?,?,?,?,?,?,?,?,?,?,?,?,?,?,?,?,?,?,?,?,?,?,?,?,?,?,?,?,?,?,?,?,?,?,?,?,?,?,?,?,?,?,?,?,?,?,?,?,?,?,?,?,?,?,?,?,?,?,?,?,?,?,?,?,?,?,?,?,?,?,?,?,?,?,?,?,?,?,?,?,?,?,?,?,?,?,?,?,?,?,?,?,?,?,?,?,?,?,?,?,?,?,?,?,?,?,?,?,?,?,?,?,?,?,?,?,?,?,?,?,?,?,?,?,?,?,?,?,?,?,?,?,?,?,?,?,?,?,?,?,?,?,?,?,?,?,?,?,?,?,?,?,?,?,?,?,?,?,?,?,?,?,?,?,?,?,?,?,?,?,?,?,?,?,?,?,?,?,?,?,?,?,?,?,?,?,?,?,?,?,?,?,?,?,?,?,?,?,?,?,?,?,?,?,?,?,?,?,?,?,?,?,?,?,?,?,?,?,?,?,?,?,?,?,?,?,?,?,?,?,?,?,?,?,?,?,?,?,?,?,?,?,?,?,?,?,?,?,?,?,?,?,?,?,?,?,?,?,?,?)
prisma:query SELECT `main`.`NhiemVu`.`id`, `main`.`NhiemVu`.`ma`, `main`.`NhiemVu`.`ten`, `main`.`NhiemVu`.`moTa`, `main`.`NhiemVu`.`donViChuTriId`, `main`.`NhiemVu`.`uuTien`, `main`.`NhiemVu`.`thoiHan`, `main`.`NhiemVu`.`giaiDoan`, `main`.`NhiemVu`.`kpi`, `main`.`NhiemVu`.`nguonKiemChung`, `main`.`NhiemVu`.`trangThai`, `main`.`NhiemVu`.`tienDo`, `main`.`NhiemVu`.`lop`, `main`.`NhiemVu`.`phuongAnXuLy`, `main`.`NhiemVu`.`ghiChu`, `main`.`NhiemVu`.`createdAt`, `main`.`NhiemVu`.`updatedAt` FROM `main`.`NhiemVu` WHERE `main`.`NhiemVu`.`id` IN (?,?,?,?,?,?) LIMIT ? OFFSET ?
prisma:query SELECT 1
prisma:query SELECT `main`.`NhiemVu`.`id`, `main`.`NhiemVu`.`ma`, `main`.`NhiemVu`.`ten`, `main`.`NhiemVu`.`moTa`, `main`.`NhiemVu`.`donViChuTriId`, `main`.`NhiemVu`.`uuTien`, `main`.`NhiemVu`.`thoiHan`, `main`.`NhiemVu`.`giaiDoan`, `main`.`NhiemVu`.`kpi`, `main`.`NhiemVu`.`nguonKiemChung`, `main`.`NhiemVu`.`trangThai`, `main`.`NhiemVu`.`tienDo`, `main`.`NhiemVu`.`lop`, `main`.`NhiemVu`.`phuongAnXuLy`, `main`.`NhiemVu`.`ghiChu`, `main`.`NhiemVu`.`createdAt`, `main`.`NhiemVu`.`updatedAt` FROM `main`.`NhiemVu` WHERE 1=1 ORDER BY `main`.`NhiemVu`.`uuTien` ASC, `main`.`NhiemVu`.`thoiHan` ASC LIMIT ? OFFSET ?
prisma:query SELECT `main`.`DonVi`.`id`, `main`.`DonVi`.`ten`, `main`.`DonVi`.`loai`, `main`.`DonVi`.`parentId`, `main`.`DonVi`.`createdAt` FROM `main`.`DonVi` WHERE `main`.`DonVi`.`id` IN (?,?,?) LIMIT ? OFFSET ?
prisma:query SELECT `main`.`_HeThongNhiemVu`.`B`, `main`.`_HeThongNhiemVu`.`A` FROM `main`.`_HeThongNhiemVu` WHERE `main`.`_HeThongNhiemVu`.`B` IN (?,?,?,?,?,?,?,?,?)
prisma:query SELECT `main`.`HeThongSo`.`id`, `main`.`HeThongSo`.`ma`, `main`.`HeThongSo`.`ten`, `main`.`HeThongSo`.`loai`, `main`.`HeThongSo`.`lop`, `main`.`HeThongSo`.`moTa`, `main`.`HeThongSo`.`chuQuan`, `main`.`HeThongSo`.`trangThai`, `main`.`HeThongSo`.`namTrienKhai`, `main`.`HeThongSo`.`donViId`, `main`.`HeThongSo`.`createdAt`, `main`.`HeThongSo`.`updatedAt` FROM `main`.`HeThongSo` WHERE `main`.`HeThongSo`.`id` IN (?,?,?,?,?,?) LIMIT ? OFFSET ?
 GET /api/nhiem-vu 200 in 29ms (next.js: 17ms, application-code: 12ms)
 GET /api/he-thong 200 in 39ms (next.js: 5ms, application-code: 33ms)
prisma:query SELECT `main`.`NhiemVu`.`id`, `main`.`NhiemVu`.`ma`, `main`.`NhiemVu`.`ten`, `main`.`NhiemVu`.`moTa`, `main`.`NhiemVu`.`donViChuTriId`, `main`.`NhiemVu`.`uuTien`, `main`.`NhiemVu`.`thoiHan`, `main`.`NhiemVu`.`giaiDoan`, `main`.`NhiemVu`.`kpi`, `main`.`NhiemVu`.`nguonKiemChung`, `main`.`NhiemVu`.`trangThai`, `main`.`NhiemVu`.`tienDo`, `main`.`NhiemVu`.`lop`, `main`.`NhiemVu`.`phuongAnXuLy`, `main`.`NhiemVu`.`ghiChu`, `main`.`NhiemVu`.`createdAt`, `main`.`NhiemVu`.`updatedAt` FROM `main`.`NhiemVu` WHERE 1=1 ORDER BY `main`.`NhiemVu`.`uuTien` ASC, `main`.`NhiemVu`.`thoiHan` ASC LIMIT ? OFFSET ?
prisma:query SELECT `main`.`DonVi`.`id`, `main`.`DonVi`.`ten`, `main`.`DonVi`.`loai`, `main`.`DonVi`.`parentId`, `main`.`DonVi`.`createdAt` FROM `main`.`DonVi` WHERE `main`.`DonVi`.`id` IN (?,?,?) LIMIT ? OFFSET ?
prisma:query SELECT `main`.`_HeThongNhiemVu`.`B`, `main`.`_HeThongNhiemVu`.`A` FROM `main`.`_HeThongNhiemVu` WHERE `main`.`_HeThongNhiemVu`.`B` IN (?,?,?,?,?,?,?,?,?)
prisma:query SELECT `main`.`HeThongSo`.`id`, `main`.`HeThongSo`.`ma`, `main`.`HeThongSo`.`ten`, `main`.`HeThongSo`.`loai`, `main`.`HeThongSo`.`lop`, `main`.`HeThongSo`.`moTa`, `main`.`HeThongSo`.`chuQuan`, `main`.`HeThongSo`.`trangThai`, `main`.`HeThongSo`.`namTrienKhai`, `main`.`HeThongSo`.`donViId`, `main`.`HeThongSo`.`createdAt`, `main`.`HeThongSo`.`updatedAt` FROM `main`.`HeThongSo` WHERE `main`.`HeThongSo`.`id` IN (?,?,?,?,?,?) LIMIT ? OFFSET ?
 GET /api/nhiem-vu 200 in 23ms (next.js: 4ms, application-code: 19ms)
prisma:query SELECT `main`.`HeThongSo`.`id`, `main`.`HeThongSo`.`ma`, `main`.`HeThongSo`.`ten`, `main`.`HeThongSo`.`loai`, `main`.`HeThongSo`.`lop`, `main`.`HeThongSo`.`moTa`, `main`.`HeThongSo`.`chuQuan`, `main`.`HeThongSo`.`trangThai`, `main`.`HeThongSo`.`namTrienKhai`, `main`.`HeThongSo`.`donViId`, `main`.`HeThongSo`.`createdAt`, `main`.`HeThongSo`.`updatedAt` FROM `main`.`HeThongSo` WHERE 1=1 ORDER BY `main`.`HeThongSo`.`lop` ASC, `main`.`HeThongSo`.`ma` ASC LIMIT ? OFFSET ?
prisma:query SELECT `main`.`DonVi`.`id`, `main`.`DonVi`.`ten`, `main`.`DonVi`.`loai`, `main`.`DonVi`.`parentId`, `main`.`DonVi`.`createdAt` FROM `main`.`DonVi` WHERE `main`.`DonVi`.`id` IN (?,?,?,?) LIMIT ? OFFSET ?
prisma:query SELECT `main`.`_HeThongNhiemVu`.`A`, `main`.`_HeThongNhiemVu`.`B` FROM `main`.`_HeThongNhiemVu` WHERE `main`.`_HeThongNhiemVu`.`A` IN (?,?,?,?,?,?,?,?,?,?,?,?,?,?,?,?,?,?,?,?,?,?,?,?,?,?,?,?,?,?,?,?,?,?,?,?,?,?,?,?,?,?,?,?,?,?,?,?,?,?,?,?,?,?,?,?,?,?,?,?,?,?,?,?,?,?,?,?,?,?,?,?,?,?,?,?,?,?,?,?,?,?,?,?,?,?,?,?,?,?,?,?,?,?,?,?,?,?,?,?,?,?,?,?,?,?,?,?,?,?,?,?,?,?,?,?,?,?,?,?,?,?,?,?,?,?,?,?,?,?,?,?,?,?,?,?,?,?,?,?,?,?,?,?,?,?,?,?,?,?,?,?,?,?,?,?,?,?,?,?,?,?,?,?,?,?,?,?,?,?,?,?,?,?,?,?,?,?,?,?,?,?,?,?,?,?,?,?,?,?,?,?,?,?,?,?,?,?,?,?,?,?,?,?,?,?,?,?,?,?,?,?,?,?,?,?,?,?,?,?,?,?,?,?,?,?,?,?,?,?,?,?,?,?,?,?,?,?,?,?,?,?,?,?,?,?,?,?,?,?,?,?,?,?,?,?,?,?,?,?,?,?,?,?,?,?,?,?,?,?,?,?,?,?,?,?,?,?,?,?,?,?,?,?,?,?,?,?,?,?,?,?,?,?,?,?,?,?,?,?,?,?,?,?,?,?,?,?,?,?,?,?,?,?,?,?,?,?,?,?,?,?,?,?,?,?,?,?,?,?,?,?,?,?,?,?,?,?,?,?,?,?,?,?,?,?,?,?,?,?,?,?,?,?,?,?,?,?,?,?,?,?,?,?,?,?,?,?,?,?,?,?,?,?,?,?,?,?,?,?,?,?,?,?,?,?,?,?,?)
prisma:query SELECT `main`.`NhiemVu`.`id`, `main`.`NhiemVu`.`ma`, `main`.`NhiemVu`.`ten`, `main`.`NhiemVu`.`moTa`, `main`.`NhiemVu`.`donViChuTriId`, `main`.`NhiemVu`.`uuTien`, `main`.`NhiemVu`.`thoiHan`, `main`.`NhiemVu`.`giaiDoan`, `main`.`NhiemVu`.`kpi`, `main`.`NhiemVu`.`nguonKiemChung`, `main`.`NhiemVu`.`trangThai`, `main`.`NhiemVu`.`tienDo`, `main`.`NhiemVu`.`lop`, `main`.`NhiemVu`.`phuongAnXuLy`, `main`.`NhiemVu`.`ghiChu`, `main`.`NhiemVu`.`createdAt`, `main`.`NhiemVu`.`updatedAt` FROM `main`.`NhiemVu` WHERE `main`.`NhiemVu`.`id` IN (?,?,?,?,?,?) LIMIT ? OFFSET ?
 GET /api/he-thong 200 in 47ms (next.js: 14ms, application-code: 33ms)
 GET /kts/lo-trinh 200 in 30ms (next.js: 7ms, application-code: 23ms)
prisma:query SELECT `main`.`NhiemVu`.`id`, `main`.`NhiemVu`.`ma`, `main`.`NhiemVu`.`ten`, `main`.`NhiemVu`.`moTa`, `main`.`NhiemVu`.`donViChuTriId`, `main`.`NhiemVu`.`uuTien`, `main`.`NhiemVu`.`thoiHan`, `main`.`NhiemVu`.`giaiDoan`, `main`.`NhiemVu`.`kpi`, `main`.`NhiemVu`.`nguonKiemChung`, `main`.`NhiemVu`.`trangThai`, `main`.`NhiemVu`.`tienDo`, `main`.`NhiemVu`.`lop`, `main`.`NhiemVu`.`phuongAnXuLy`, `main`.`NhiemVu`.`ghiChu`, `main`.`NhiemVu`.`createdAt`, `main`.`NhiemVu`.`updatedAt` FROM `main`.`NhiemVu` WHERE 1=1 ORDER BY `main`.`NhiemVu`.`uuTien` ASC, `main`.`NhiemVu`.`thoiHan` ASC LIMIT ? OFFSET ?
prisma:query SELECT `main`.`DonVi`.`id`, `main`.`DonVi`.`ten`, `main`.`DonVi`.`loai`, `main`.`DonVi`.`parentId`, `main`.`DonVi`.`createdAt` FROM `main`.`DonVi` WHERE `main`.`DonVi`.`id` IN (?,?,?) LIMIT ? OFFSET ?
prisma:query SELECT `main`.`_HeThongNhiemVu`.`B`, `main`.`_HeThongNhiemVu`.`A` FROM `main`.`_HeThongNhiemVu` WHERE `main`.`_HeThongNhiemVu`.`B` IN (?,?,?,?,?,?,?,?,?)
prisma:query SELECT `main`.`HeThongSo`.`id`, `main`.`HeThongSo`.`ma`, `main`.`HeThongSo`.`ten`, `main`.`HeThongSo`.`loai`, `main`.`HeThongSo`.`lop`, `main`.`HeThongSo`.`moTa`, `main`.`HeThongSo`.`chuQuan`, `main`.`HeThongSo`.`trangThai`, `main`.`HeThongSo`.`namTrienKhai`, `main`.`HeThongSo`.`donViId`, `main`.`HeThongSo`.`createdAt`, `main`.`HeThongSo`.`updatedAt` FROM `main`.`HeThongSo` WHERE `main`.`HeThongSo`.`id` IN (?,?,?,?,?,?) LIMIT ? OFFSET ?
 GET /api/nhiem-vu 200 in 15ms (next.js: 4ms, application-code: 12ms)
prisma:query SELECT `main`.`NhiemVu`.`id`, `main`.`NhiemVu`.`ma`, `main`.`NhiemVu`.`ten`, `main`.`NhiemVu`.`moTa`, `main`.`NhiemVu`.`donViChuTriId`, `main`.`NhiemVu`.`uuTien`, `main`.`NhiemVu`.`thoiHan`, `main`.`NhiemVu`.`giaiDoan`, `main`.`NhiemVu`.`kpi`, `main`.`NhiemVu`.`nguonKiemChung`, `main`.`NhiemVu`.`trangThai`, `main`.`NhiemVu`.`tienDo`, `main`.`NhiemVu`.`lop`, `main`.`NhiemVu`.`phuongAnXuLy`, `main`.`NhiemVu`.`ghiChu`, `main`.`NhiemVu`.`createdAt`, `main`.`NhiemVu`.`updatedAt` FROM `main`.`NhiemVu` WHERE 1=1 ORDER BY `main`.`NhiemVu`.`uuTien` ASC, `main`.`NhiemVu`.`thoiHan` ASC LIMIT ? OFFSET ?
prisma:query SELECT `main`.`DonVi`.`id`, `main`.`DonVi`.`ten`, `main`.`DonVi`.`loai`, `main`.`DonVi`.`parentId`, `main`.`DonVi`.`createdAt` FROM `main`.`DonVi` WHERE `main`.`DonVi`.`id` IN (?,?,?) LIMIT ? OFFSET ?
prisma:query SELECT `main`.`_HeThongNhiemVu`.`B`, `main`.`_HeThongNhiemVu`.`A` FROM `main`.`_HeThongNhiemVu` WHERE `main`.`_HeThongNhiemVu`.`B` IN (?,?,?,?,?,?,?,?,?)
prisma:query SELECT `main`.`HeThongSo`.`id`, `main`.`HeThongSo`.`ma`, `main`.`HeThongSo`.`ten`, `main`.`HeThongSo`.`loai`, `main`.`HeThongSo`.`lop`, `main`.`HeThongSo`.`moTa`, `main`.`HeThongSo`.`chuQuan`, `main`.`HeThongSo`.`trangThai`, `main`.`HeThongSo`.`namTrienKhai`, `main`.`HeThongSo`.`donViId`, `main`.`HeThongSo`.`createdAt`, `main`.`HeThongSo`.`updatedAt` FROM `main`.`HeThongSo` WHERE `main`.`HeThongSo`.`id` IN (?,?,?,?,?,?) LIMIT ? OFFSET ?
 GET /api/nhiem-vu 200 in 16ms (next.js: 4ms, application-code: 12ms)
 GET /kts/hien-trang 200 in 40ms (next.js: 12ms, application-code: 28ms)
prisma:query SELECT `main`.`HeThongSo`.`id`, `main`.`HeThongSo`.`ma`, `main`.`HeThongSo`.`ten`, `main`.`HeThongSo`.`loai`, `main`.`HeThongSo`.`lop`, `main`.`HeThongSo`.`moTa`, `main`.`HeThongSo`.`chuQuan`, `main`.`HeThongSo`.`trangThai`, `main`.`HeThongSo`.`namTrienKhai`, `main`.`HeThongSo`.`donViId`, `main`.`HeThongSo`.`createdAt`, `main`.`HeThongSo`.`updatedAt` FROM `main`.`HeThongSo` WHERE 1=1 ORDER BY `main`.`HeThongSo`.`lop` ASC, `main`.`HeThongSo`.`ma` ASC LIMIT ? OFFSET ?
prisma:query SELECT `main`.`DonVi`.`id`, `main`.`DonVi`.`ten`, `main`.`DonVi`.`loai`, `main`.`DonVi`.`parentId`, `main`.`DonVi`.`createdAt` FROM `main`.`DonVi` WHERE `main`.`DonVi`.`id` IN (?,?,?,?) LIMIT ? OFFSET ?
prisma:query SELECT `main`.`_HeThongNhiemVu`.`A`, `main`.`_HeThongNhiemVu`.`B` FROM `main`.`_HeThongNhiemVu` WHERE `main`.`_HeThongNhiemVu`.`A` IN (?,?,?,?,?,?,?,?,?,?,?,?,?,?,?,?,?,?,?,?,?,?,?,?,?,?,?,?,?,?,?,?,?,?,?,?,?,?,?,?,?,?,?,?,?,?,?,?,?,?,?,?,?,?,?,?,?,?,?,?,?,?,?,?,?,?,?,?,?,?,?,?,?,?,?,?,?,?,?,?,?,?,?,?,?,?,?,?,?,?,?,?,?,?,?,?,?,?,?,?,?,?,?,?,?,?,?,?,?,?,?,?,?,?,?,?,?,?,?,?,?,?,?,?,?,?,?,?,?,?,?,?,?,?,?,?,?,?,?,?,?,?,?,?,?,?,?,?,?,?,?,?,?,?,?,?,?,?,?,?,?,?,?,?,?,?,?,?,?,?,?,?,?,?,?,?,?,?,?,?,?,?,?,?,?,?,?,?,?,?,?,?,?,?,?,?,?,?,?,?,?,?,?,?,?,?,?,?,?,?,?,?,?,?,?,?,?,?,?,?,?,?,?,?,?,?,?,?,?,?,?,?,?,?,?,?,?,?,?,?,?,?,?,?,?,?,?,?,?,?,?,?,?,?,?,?,?,?,?,?,?,?,?,?,?,?,?,?,?,?,?,?,?,?,?,?,?,?,?,?,?,?,?,?,?,?,?,?,?,?,?,?,?,?,?,?,?,?,?,?,?,?,?,?,?,?,?,?,?,?,?,?,?,?,?,?,?,?,?,?,?,?,?,?,?,?,?,?,?,?,?,?,?,?,?,?,?,?,?,?,?,?,?,?,?,?,?,?,?,?,?,?,?,?,?,?,?,?,?,?,?,?,?,?,?,?,?,?,?,?,?,?,?,?,?,?,?,?,?,?,?,?,?,?,?,?,?,?,?)
prisma:query SELECT `main`.`NhiemVu`.`id`, `main`.`NhiemVu`.`ma`, `main`.`NhiemVu`.`ten`, `main`.`NhiemVu`.`moTa`, `main`.`NhiemVu`.`donViChuTriId`, `main`.`NhiemVu`.`uuTien`, `main`.`NhiemVu`.`thoiHan`, `main`.`NhiemVu`.`giaiDoan`, `main`.`NhiemVu`.`kpi`, `main`.`NhiemVu`.`nguonKiemChung`, `main`.`NhiemVu`.`trangThai`, `main`.`NhiemVu`.`tienDo`, `main`.`NhiemVu`.`lop`, `main`.`NhiemVu`.`phuongAnXuLy`, `main`.`NhiemVu`.`ghiChu`, `main`.`NhiemVu`.`createdAt`, `main`.`NhiemVu`.`updatedAt` FROM `main`.`NhiemVu` WHERE `main`.`NhiemVu`.`id` IN (?,?,?,?,?,?) LIMIT ? OFFSET ?
 GET /api/he-thong 200 in 58ms (next.js: 15ms, application-code: 43ms)
prisma:query SELECT `main`.`HeThongSo`.`id`, `main`.`HeThongSo`.`ma`, `main`.`HeThongSo`.`ten`, `main`.`HeThongSo`.`loai`, `main`.`HeThongSo`.`lop`, `main`.`HeThongSo`.`moTa`, `main`.`HeThongSo`.`chuQuan`, `main`.`HeThongSo`.`trangThai`, `main`.`HeThongSo`.`namTrienKhai`, `main`.`HeThongSo`.`donViId`, `main`.`HeThongSo`.`createdAt`, `main`.`HeThongSo`.`updatedAt` FROM `main`.`HeThongSo` WHERE 1=1 ORDER BY `main`.`HeThongSo`.`lop` ASC, `main`.`HeThongSo`.`ma` ASC LIMIT ? OFFSET ?
prisma:query SELECT `main`.`DonVi`.`id`, `main`.`DonVi`.`ten`, `main`.`DonVi`.`loai`, `main`.`DonVi`.`parentId`, `main`.`DonVi`.`createdAt` FROM `main`.`DonVi` WHERE `main`.`DonVi`.`id` IN (?,?,?,?) LIMIT ? OFFSET ?
prisma:query SELECT `main`.`_HeThongNhiemVu`.`A`, `main`.`_HeThongNhiemVu`.`B` FROM `main`.`_HeThongNhiemVu` WHERE `main`.`_HeThongNhiemVu`.`A` IN (?,?,?,?,?,?,?,?,?,?,?,?,?,?,?,?,?,?,?,?,?,?,?,?,?,?,?,?,?,?,?,?,?,?,?,?,?,?,?,?,?,?,?,?,?,?,?,?,?,?,?,?,?,?,?,?,?,?,?,?,?,?,?,?,?,?,?,?,?,?,?,?,?,?,?,?,?,?,?,?,?,?,?,?,?,?,?,?,?,?,?,?,?,?,?,?,?,?,?,?,?,?,?,?,?,?,?,?,?,?,?,?,?,?,?,?,?,?,?,?,?,?,?,?,?,?,?,?,?,?,?,?,?,?,?,?,?,?,?,?,?,?,?,?,?,?,?,?,?,?,?,?,?,?,?,?,?,?,?,?,?,?,?,?,?,?,?,?,?,?,?,?,?,?,?,?,?,?,?,?,?,?,?,?,?,?,?,?,?,?,?,?,?,?,?,?,?,?,?,?,?,?,?,?,?,?,?,?,?,?,?,?,?,?,?,?,?,?,?,?,?,?,?,?,?,?,?,?,?,?,?,?,?,?,?,?,?,?,?,?,?,?,?,?,?,?,?,?,?,?,?,?,?,?,?,?,?,?,?,?,?,?,?,?,?,?,?,?,?,?,?,?,?,?,?,?,?,?,?,?,?,?,?,?,?,?,?,?,?,?,?,?,?,?,?,?,?,?,?,?,?,?,?,?,?,?,?,?,?,?,?,?,?,?,?,?,?,?,?,?,?,?,?,?,?,?,?,?,?,?,?,?,?,?,?,?,?,?,?,?,?,?,?,?,?,?,?,?,?,?,?,?,?,?,?,?,?,?,?,?,?,?,?,?,?,?,?,?,?,?,?,?,?,?,?,?,?,?,?,?,?,?,?,?,?,?,?,?,?)
prisma:query SELECT `main`.`NhiemVu`.`id`, `main`.`NhiemVu`.`ma`, `main`.`NhiemVu`.`ten`, `main`.`NhiemVu`.`moTa`, `main`.`NhiemVu`.`donViChuTriId`, `main`.`NhiemVu`.`uuTien`, `main`.`NhiemVu`.`thoiHan`, `main`.`NhiemVu`.`giaiDoan`, `main`.`NhiemVu`.`kpi`, `main`.`NhiemVu`.`nguonKiemChung`, `main`.`NhiemVu`.`trangThai`, `main`.`NhiemVu`.`tienDo`, `main`.`NhiemVu`.`lop`, `main`.`NhiemVu`.`phuongAnXuLy`, `main`.`NhiemVu`.`ghiChu`, `main`.`NhiemVu`.`createdAt`, `main`.`NhiemVu`.`updatedAt` FROM `main`.`NhiemVu` WHERE `main`.`NhiemVu`.`id` IN (?,?,?,?,?,?) LIMIT ? OFFSET ?
 GET /api/he-thong 200 in 40ms (next.js: 6ms, application-code: 34ms)
[browser] Warning: [antd: Descriptions] `labelStyle` is deprecated. Please use `styles.label` instead. 
    at Array.forEach (<anonymous>) (<anonymous>)
 GET /api/auth/session 200 in 36ms (next.js: 16ms, application-code: 20ms)
 GET /api/auth/session 200 in 17ms (next.js: 4ms, application-code: 13ms)
 GET /kts/lo-trinh 200 in 37ms (next.js: 8ms, application-code: 29ms)
prisma:query SELECT 1
prisma:query SELECT `main`.`NhiemVu`.`id`, `main`.`NhiemVu`.`ma`, `main`.`NhiemVu`.`ten`, `main`.`NhiemVu`.`moTa`, `main`.`NhiemVu`.`donViChuTriId`, `main`.`NhiemVu`.`uuTien`, `main`.`NhiemVu`.`thoiHan`, `main`.`NhiemVu`.`giaiDoan`, `main`.`NhiemVu`.`kpi`, `main`.`NhiemVu`.`nguonKiemChung`, `main`.`NhiemVu`.`trangThai`, `main`.`NhiemVu`.`tienDo`, `main`.`NhiemVu`.`lop`, `main`.`NhiemVu`.`phuongAnXuLy`, `main`.`NhiemVu`.`ghiChu`, `main`.`NhiemVu`.`createdAt`, `main`.`NhiemVu`.`updatedAt` FROM `main`.`NhiemVu` WHERE 1=1 ORDER BY `main`.`NhiemVu`.`uuTien` ASC, `main`.`NhiemVu`.`thoiHan` ASC LIMIT ? OFFSET ?
prisma:query SELECT `main`.`DonVi`.`id`, `main`.`DonVi`.`ten`, `main`.`DonVi`.`loai`, `main`.`DonVi`.`parentId`, `main`.`DonVi`.`createdAt` FROM `main`.`DonVi` WHERE `main`.`DonVi`.`id` IN (?,?,?) LIMIT ? OFFSET ?
prisma:query SELECT `main`.`_HeThongNhiemVu`.`B`, `main`.`_HeThongNhiemVu`.`A` FROM `main`.`_HeThongNhiemVu` WHERE `main`.`_HeThongNhiemVu`.`B` IN (?,?,?,?,?,?,?,?,?)
prisma:query SELECT `main`.`HeThongSo`.`id`, `main`.`HeThongSo`.`ma`, `main`.`HeThongSo`.`ten`, `main`.`HeThongSo`.`loai`, `main`.`HeThongSo`.`lop`, `main`.`HeThongSo`.`moTa`, `main`.`HeThongSo`.`chuQuan`, `main`.`HeThongSo`.`trangThai`, `main`.`HeThongSo`.`namTrienKhai`, `main`.`HeThongSo`.`donViId`, `main`.`HeThongSo`.`createdAt`, `main`.`HeThongSo`.`updatedAt` FROM `main`.`HeThongSo` WHERE `main`.`HeThongSo`.`id` IN (?,?,?,?,?,?) LIMIT ? OFFSET ?
 GET /api/nhiem-vu 200 in 18ms (next.js: 5ms, application-code: 13ms)
prisma:query SELECT `main`.`NhiemVu`.`id`, `main`.`NhiemVu`.`ma`, `main`.`NhiemVu`.`ten`, `main`.`NhiemVu`.`moTa`, `main`.`NhiemVu`.`donViChuTriId`, `main`.`NhiemVu`.`uuTien`, `main`.`NhiemVu`.`thoiHan`, `main`.`NhiemVu`.`giaiDoan`, `main`.`NhiemVu`.`kpi`, `main`.`NhiemVu`.`nguonKiemChung`, `main`.`NhiemVu`.`trangThai`, `main`.`NhiemVu`.`tienDo`, `main`.`NhiemVu`.`lop`, `main`.`NhiemVu`.`phuongAnXuLy`, `main`.`NhiemVu`.`ghiChu`, `main`.`NhiemVu`.`createdAt`, `main`.`NhiemVu`.`updatedAt` FROM `main`.`NhiemVu` WHERE 1=1 ORDER BY `main`.`NhiemVu`.`uuTien` ASC, `main`.`NhiemVu`.`thoiHan` ASC LIMIT ? OFFSET ?
prisma:query SELECT `main`.`DonVi`.`id`, `main`.`DonVi`.`ten`, `main`.`DonVi`.`loai`, `main`.`DonVi`.`parentId`, `main`.`DonVi`.`createdAt` FROM `main`.`DonVi` WHERE `main`.`DonVi`.`id` IN (?,?,?) LIMIT ? OFFSET ?
prisma:query SELECT `main`.`_HeThongNhiemVu`.`B`, `main`.`_HeThongNhiemVu`.`A` FROM `main`.`_HeThongNhiemVu` WHERE `main`.`_HeThongNhiemVu`.`B` IN (?,?,?,?,?,?,?,?,?)
prisma:query SELECT `main`.`HeThongSo`.`id`, `main`.`HeThongSo`.`ma`, `main`.`HeThongSo`.`ten`, `main`.`HeThongSo`.`loai`, `main`.`HeThongSo`.`lop`, `main`.`HeThongSo`.`moTa`, `main`.`HeThongSo`.`chuQuan`, `main`.`HeThongSo`.`trangThai`, `main`.`HeThongSo`.`namTrienKhai`, `main`.`HeThongSo`.`donViId`, `main`.`HeThongSo`.`createdAt`, `main`.`HeThongSo`.`updatedAt` FROM `main`.`HeThongSo` WHERE `main`.`HeThongSo`.`id` IN (?,?,?,?,?,?) LIMIT ? OFFSET ?
 GET /api/nhiem-vu 200 in 17ms (next.js: 4ms, application-code: 13ms)
 GET /kts/hien-trang 200 in 37ms (next.js: 9ms, application-code: 28ms)
prisma:query SELECT 1
prisma:query SELECT `main`.`HeThongSo`.`id`, `main`.`HeThongSo`.`ma`, `main`.`HeThongSo`.`ten`, `main`.`HeThongSo`.`loai`, `main`.`HeThongSo`.`lop`, `main`.`HeThongSo`.`moTa`, `main`.`HeThongSo`.`chuQuan`, `main`.`HeThongSo`.`trangThai`, `main`.`HeThongSo`.`namTrienKhai`, `main`.`HeThongSo`.`donViId`, `main`.`HeThongSo`.`createdAt`, `main`.`HeThongSo`.`updatedAt` FROM `main`.`HeThongSo` WHERE 1=1 ORDER BY `main`.`HeThongSo`.`lop` ASC, `main`.`HeThongSo`.`ma` ASC LIMIT ? OFFSET ?
prisma:query SELECT `main`.`DonVi`.`id`, `main`.`DonVi`.`ten`, `main`.`DonVi`.`loai`, `main`.`DonVi`.`parentId`, `main`.`DonVi`.`createdAt` FROM `main`.`DonVi` WHERE `main`.`DonVi`.`id` IN (?,?,?,?) LIMIT ? OFFSET ?
prisma:query SELECT `main`.`_HeThongNhiemVu`.`A`, `main`.`_HeThongNhiemVu`.`B` FROM `main`.`_HeThongNhiemVu` WHERE `main`.`_HeThongNhiemVu`.`A` IN (?,?,?,?,?,?,?,?,?,?,?,?,?,?,?,?,?,?,?,?,?,?,?,?,?,?,?,?,?,?,?,?,?,?,?,?,?,?,?,?,?,?,?,?,?,?,?,?,?,?,?,?,?,?,?,?,?,?,?,?,?,?,?,?,?,?,?,?,?,?,?,?,?,?,?,?,?,?,?,?,?,?,?,?,?,?,?,?,?,?,?,?,?,?,?,?,?,?,?,?,?,?,?,?,?,?,?,?,?,?,?,?,?,?,?,?,?,?,?,?,?,?,?,?,?,?,?,?,?,?,?,?,?,?,?,?,?,?,?,?,?,?,?,?,?,?,?,?,?,?,?,?,?,?,?,?,?,?,?,?,?,?,?,?,?,?,?,?,?,?,?,?,?,?,?,?,?,?,?,?,?,?,?,?,?,?,?,?,?,?,?,?,?,?,?,?,?,?,?,?,?,?,?,?,?,?,?,?,?,?,?,?,?,?,?,?,?,?,?,?,?,?,?,?,?,?,?,?,?,?,?,?,?,?,?,?,?,?,?,?,?,?,?,?,?,?,?,?,?,?,?,?,?,?,?,?,?,?,?,?,?,?,?,?,?,?,?,?,?,?,?,?,?,?,?,?,?,?,?,?,?,?,?,?,?,?,?,?,?,?,?,?,?,?,?,?,?,?,?,?,?,?,?,?,?,?,?,?,?,?,?,?,?,?,?,?,?,?,?,?,?,?,?,?,?,?,?,?,?,?,?,?,?,?,?,?,?,?,?,?,?,?,?,?,?,?,?,?,?,?,?,?,?,?,?,?,?,?,?,?,?,?,?,?,?,?,?,?,?,?,?,?,?,?,?,?,?,?,?,?,?,?,?,?,?,?,?,?,?)
prisma:query SELECT `main`.`NhiemVu`.`id`, `main`.`NhiemVu`.`ma`, `main`.`NhiemVu`.`ten`, `main`.`NhiemVu`.`moTa`, `main`.`NhiemVu`.`donViChuTriId`, `main`.`NhiemVu`.`uuTien`, `main`.`NhiemVu`.`thoiHan`, `main`.`NhiemVu`.`giaiDoan`, `main`.`NhiemVu`.`kpi`, `main`.`NhiemVu`.`nguonKiemChung`, `main`.`NhiemVu`.`trangThai`, `main`.`NhiemVu`.`tienDo`, `main`.`NhiemVu`.`lop`, `main`.`NhiemVu`.`phuongAnXuLy`, `main`.`NhiemVu`.`ghiChu`, `main`.`NhiemVu`.`createdAt`, `main`.`NhiemVu`.`updatedAt` FROM `main`.`NhiemVu` WHERE `main`.`NhiemVu`.`id` IN (?,?,?,?,?,?) LIMIT ? OFFSET ?
 GET /api/he-thong 200 in 40ms (next.js: 5ms, application-code: 35ms)
prisma:query SELECT `main`.`HeThongSo`.`id`, `main`.`HeThongSo`.`ma`, `main`.`HeThongSo`.`ten`, `main`.`HeThongSo`.`loai`, `main`.`HeThongSo`.`lop`, `main`.`HeThongSo`.`moTa`, `main`.`HeThongSo`.`chuQuan`, `main`.`HeThongSo`.`trangThai`, `main`.`HeThongSo`.`namTrienKhai`, `main`.`HeThongSo`.`donViId`, `main`.`HeThongSo`.`createdAt`, `main`.`HeThongSo`.`updatedAt` FROM `main`.`HeThongSo` WHERE 1=1 ORDER BY `main`.`HeThongSo`.`lop` ASC, `main`.`HeThongSo`.`ma` ASC LIMIT ? OFFSET ?
prisma:query SELECT `main`.`DonVi`.`id`, `main`.`DonVi`.`ten`, `main`.`DonVi`.`loai`, `main`.`DonVi`.`parentId`, `main`.`DonVi`.`createdAt` FROM `main`.`DonVi` WHERE `main`.`DonVi`.`id` IN (?,?,?,?) LIMIT ? OFFSET ?
prisma:query SELECT `main`.`_HeThongNhiemVu`.`A`, `main`.`_HeThongNhiemVu`.`B` FROM `main`.`_HeThongNhiemVu` WHERE `main`.`_HeThongNhiemVu`.`A` IN (?,?,?,?,?,?,?,?,?,?,?,?,?,?,?,?,?,?,?,?,?,?,?,?,?,?,?,?,?,?,?,?,?,?,?,?,?,?,?,?,?,?,?,?,?,?,?,?,?,?,?,?,?,?,?,?,?,?,?,?,?,?,?,?,?,?,?,?,?,?,?,?,?,?,?,?,?,?,?,?,?,?,?,?,?,?,?,?,?,?,?,?,?,?,?,?,?,?,?,?,?,?,?,?,?,?,?,?,?,?,?,?,?,?,?,?,?,?,?,?,?,?,?,?,?,?,?,?,?,?,?,?,?,?,?,?,?,?,?,?,?,?,?,?,?,?,?,?,?,?,?,?,?,?,?,?,?,?,?,?,?,?,?,?,?,?,?,?,?,?,?,?,?,?,?,?,?,?,?,?,?,?,?,?,?,?,?,?,?,?,?,?,?,?,?,?,?,?,?,?,?,?,?,?,?,?,?,?,?,?,?,?,?,?,?,?,?,?,?,?,?,?,?,?,?,?,?,?,?,?,?,?,?,?,?,?,?,?,?,?,?,?,?,?,?,?,?,?,?,?,?,?,?,?,?,?,?,?,?,?,?,?,?,?,?,?,?,?,?,?,?,?,?,?,?,?,?,?,?,?,?,?,?,?,?,?,?,?,?,?,?,?,?,?,?,?,?,?,?,?,?,?,?,?,?,?,?,?,?,?,?,?,?,?,?,?,?,?,?,?,?,?,?,?,?,?,?,?,?,?,?,?,?,?,?,?,?,?,?,?,?,?,?,?,?,?,?,?,?,?,?,?,?,?,?,?,?,?,?,?,?,?,?,?,?,?,?,?,?,?,?,?,?,?,?,?,?,?,?,?,?,?,?,?,?,?,?,?,?)
prisma:query SELECT `main`.`NhiemVu`.`id`, `main`.`NhiemVu`.`ma`, `main`.`NhiemVu`.`ten`, `main`.`NhiemVu`.`moTa`, `main`.`NhiemVu`.`donViChuTriId`, `main`.`NhiemVu`.`uuTien`, `main`.`NhiemVu`.`thoiHan`, `main`.`NhiemVu`.`giaiDoan`, `main`.`NhiemVu`.`kpi`, `main`.`NhiemVu`.`nguonKiemChung`, `main`.`NhiemVu`.`trangThai`, `main`.`NhiemVu`.`tienDo`, `main`.`NhiemVu`.`lop`, `main`.`NhiemVu`.`phuongAnXuLy`, `main`.`NhiemVu`.`ghiChu`, `main`.`NhiemVu`.`createdAt`, `main`.`NhiemVu`.`updatedAt` FROM `main`.`NhiemVu` WHERE `main`.`NhiemVu`.`id` IN (?,?,?,?,?,?) LIMIT ? OFFSET ?
 GET /api/he-thong 200 in 34ms (next.js: 5ms, application-code: 29ms)
 GET /kts/lo-trinh 200 in 36ms (next.js: 9ms, application-code: 27ms)
 GET /kts/lo-trinh 200 in 28ms (next.js: 7ms, application-code: 21ms)
 GET /kts/lo-trinh 200 in 37ms (next.js: 8ms, application-code: 29ms)
 GET /kts/lo-trinh 200 in 29ms (next.js: 7ms, application-code: 22ms)
 GET /kts/lo-trinh 200 in 33ms (next.js: 8ms, application-code: 25ms)
 GET /kts/lo-trinh 200 in 28ms (next.js: 7ms, application-code: 22ms)
 GET /kts/so-do 200 in 38ms (next.js: 9ms, application-code: 30ms)
prisma:query SELECT 1
prisma:query SELECT `main`.`HeThongSo`.`id`, `main`.`HeThongSo`.`ma`, `main`.`HeThongSo`.`ten`, `main`.`HeThongSo`.`loai`, `main`.`HeThongSo`.`lop`, `main`.`HeThongSo`.`moTa`, `main`.`HeThongSo`.`chuQuan`, `main`.`HeThongSo`.`trangThai`, `main`.`HeThongSo`.`namTrienKhai`, `main`.`HeThongSo`.`donViId`, `main`.`HeThongSo`.`createdAt`, `main`.`HeThongSo`.`updatedAt` FROM `main`.`HeThongSo` WHERE 1=1 ORDER BY `main`.`HeThongSo`.`lop` ASC, `main`.`HeThongSo`.`ma` ASC LIMIT ? OFFSET ?
prisma:query SELECT `main`.`DonVi`.`id`, `main`.`DonVi`.`ten`, `main`.`DonVi`.`loai`, `main`.`DonVi`.`parentId`, `main`.`DonVi`.`createdAt` FROM `main`.`DonVi` WHERE `main`.`DonVi`.`id` IN (?,?,?,?) LIMIT ? OFFSET ?
prisma:query SELECT `main`.`_HeThongNhiemVu`.`A`, `main`.`_HeThongNhiemVu`.`B` FROM `main`.`_HeThongNhiemVu` WHERE `main`.`_HeThongNhiemVu`.`A` IN (?,?,?,?,?,?,?,?,?,?,?,?,?,?,?,?,?,?,?,?,?,?,?,?,?,?,?,?,?,?,?,?,?,?,?,?,?,?,?,?,?,?,?,?,?,?,?,?,?,?,?,?,?,?,?,?,?,?,?,?,?,?,?,?,?,?,?,?,?,?,?,?,?,?,?,?,?,?,?,?,?,?,?,?,?,?,?,?,?,?,?,?,?,?,?,?,?,?,?,?,?,?,?,?,?,?,?,?,?,?,?,?,?,?,?,?,?,?,?,?,?,?,?,?,?,?,?,?,?,?,?,?,?,?,?,?,?,?,?,?,?,?,?,?,?,?,?,?,?,?,?,?,?,?,?,?,?,?,?,?,?,?,?,?,?,?,?,?,?,?,?,?,?,?,?,?,?,?,?,?,?,?,?,?,?,?,?,?,?,?,?,?,?,?,?,?,?,?,?,?,?,?,?,?,?,?,?,?,?,?,?,?,?,?,?,?,?,?,?,?,?,?,?,?,?,?,?,?,?,?,?,?,?,?,?,?,?,?,?,?,?,?,?,?,?,?,?,?,?,?,?,?,?,?,?,?,?,?,?,?,?,?,?,?,?,?,?,?,?,?,?,?,?,?,?,?,?,?,?,?,?,?,?,?,?,?,?,?,?,?,?,?,?,?,?,?,?,?,?,?,?,?,?,?,?,?,?,?,?,?,?,?,?,?,?,?,?,?,?,?,?,?,?,?,?,?,?,?,?,?,?,?,?,?,?,?,?,?,?,?,?,?,?,?,?,?,?,?,?,?,?,?,?,?,?,?,?,?,?,?,?,?,?,?,?,?,?,?,?,?,?,?,?,?,?,?,?,?,?,?,?,?,?,?,?,?,?,?,?)
prisma:query SELECT `main`.`NhiemVu`.`id`, `main`.`NhiemVu`.`ma`, `main`.`NhiemVu`.`ten`, `main`.`NhiemVu`.`moTa`, `main`.`NhiemVu`.`donViChuTriId`, `main`.`NhiemVu`.`uuTien`, `main`.`NhiemVu`.`thoiHan`, `main`.`NhiemVu`.`giaiDoan`, `main`.`NhiemVu`.`kpi`, `main`.`NhiemVu`.`nguonKiemChung`, `main`.`NhiemVu`.`trangThai`, `main`.`NhiemVu`.`tienDo`, `main`.`NhiemVu`.`lop`, `main`.`NhiemVu`.`phuongAnXuLy`, `main`.`NhiemVu`.`ghiChu`, `main`.`NhiemVu`.`createdAt`, `main`.`NhiemVu`.`updatedAt` FROM `main`.`NhiemVu` WHERE `main`.`NhiemVu`.`id` IN (?,?,?,?,?,?) LIMIT ? OFFSET ?
 GET /api/he-thong 200 in 59ms (next.js: 4ms, application-code: 55ms)
prisma:query SELECT `main`.`NhiemVu`.`id`, `main`.`NhiemVu`.`ma`, `main`.`NhiemVu`.`ten`, `main`.`NhiemVu`.`moTa`, `main`.`NhiemVu`.`donViChuTriId`, `main`.`NhiemVu`.`uuTien`, `main`.`NhiemVu`.`thoiHan`, `main`.`NhiemVu`.`giaiDoan`, `main`.`NhiemVu`.`kpi`, `main`.`NhiemVu`.`nguonKiemChung`, `main`.`NhiemVu`.`trangThai`, `main`.`NhiemVu`.`tienDo`, `main`.`NhiemVu`.`lop`, `main`.`NhiemVu`.`phuongAnXuLy`, `main`.`NhiemVu`.`ghiChu`, `main`.`NhiemVu`.`createdAt`, `main`.`NhiemVu`.`updatedAt` FROM `main`.`NhiemVu` WHERE 1=1 ORDER BY `main`.`NhiemVu`.`uuTien` ASC, `main`.`NhiemVu`.`thoiHan` ASC LIMIT ? OFFSET ?
prisma:query SELECT `main`.`DonVi`.`id`, `main`.`DonVi`.`ten`, `main`.`DonVi`.`loai`, `main`.`DonVi`.`parentId`, `main`.`DonVi`.`createdAt` FROM `main`.`DonVi` WHERE `main`.`DonVi`.`id` IN (?,?,?) LIMIT ? OFFSET ?
prisma:query SELECT `main`.`_HeThongNhiemVu`.`B`, `main`.`_HeThongNhiemVu`.`A` FROM `main`.`_HeThongNhiemVu` WHERE `main`.`_HeThongNhiemVu`.`B` IN (?,?,?,?,?,?,?,?,?)
prisma:query SELECT `main`.`HeThongSo`.`id`, `main`.`HeThongSo`.`ma`, `main`.`HeThongSo`.`ten`, `main`.`HeThongSo`.`loai`, `main`.`HeThongSo`.`lop`, `main`.`HeThongSo`.`moTa`, `main`.`HeThongSo`.`chuQuan`, `main`.`HeThongSo`.`trangThai`, `main`.`HeThongSo`.`namTrienKhai`, `main`.`HeThongSo`.`donViId`, `main`.`HeThongSo`.`createdAt`, `main`.`HeThongSo`.`updatedAt` FROM `main`.`HeThongSo` WHERE `main`.`HeThongSo`.`id` IN (?,?,?,?,?,?) LIMIT ? OFFSET ?
 GET /api/nhiem-vu 200 in 32ms (next.js: 11ms, application-code: 21ms)
prisma:query SELECT `main`.`HeThongSo`.`id`, `main`.`HeThongSo`.`ma`, `main`.`HeThongSo`.`ten`, `main`.`HeThongSo`.`loai`, `main`.`HeThongSo`.`lop`, `main`.`HeThongSo`.`moTa`, `main`.`HeThongSo`.`chuQuan`, `main`.`HeThongSo`.`trangThai`, `main`.`HeThongSo`.`namTrienKhai`, `main`.`HeThongSo`.`donViId`, `main`.`HeThongSo`.`createdAt`, `main`.`HeThongSo`.`updatedAt` FROM `main`.`HeThongSo` WHERE 1=1 ORDER BY `main`.`HeThongSo`.`lop` ASC, `main`.`HeThongSo`.`ma` ASC LIMIT ? OFFSET ?
prisma:query SELECT `main`.`DonVi`.`id`, `main`.`DonVi`.`ten`, `main`.`DonVi`.`loai`, `main`.`DonVi`.`parentId`, `main`.`DonVi`.`createdAt` FROM `main`.`DonVi` WHERE `main`.`DonVi`.`id` IN (?,?,?,?) LIMIT ? OFFSET ?
prisma:query SELECT `main`.`_HeThongNhiemVu`.`A`, `main`.`_HeThongNhiemVu`.`B` FROM `main`.`_HeThongNhiemVu` WHERE `main`.`_HeThongNhiemVu`.`A` IN (?,?,?,?,?,?,?,?,?,?,?,?,?,?,?,?,?,?,?,?,?,?,?,?,?,?,?,?,?,?,?,?,?,?,?,?,?,?,?,?,?,?,?,?,?,?,?,?,?,?,?,?,?,?,?,?,?,?,?,?,?,?,?,?,?,?,?,?,?,?,?,?,?,?,?,?,?,?,?,?,?,?,?,?,?,?,?,?,?,?,?,?,?,?,?,?,?,?,?,?,?,?,?,?,?,?,?,?,?,?,?,?,?,?,?,?,?,?,?,?,?,?,?,?,?,?,?,?,?,?,?,?,?,?,?,?,?,?,?,?,?,?,?,?,?,?,?,?,?,?,?,?,?,?,?,?,?,?,?,?,?,?,?,?,?,?,?,?,?,?,?,?,?,?,?,?,?,?,?,?,?,?,?,?,?,?,?,?,?,?,?,?,?,?,?,?,?,?,?,?,?,?,?,?,?,?,?,?,?,?,?,?,?,?,?,?,?,?,?,?,?,?,?,?,?,?,?,?,?,?,?,?,?,?,?,?,?,?,?,?,?,?,?,?,?,?,?,?,?,?,?,?,?,?,?,?,?,?,?,?,?,?,?,?,?,?,?,?,?,?,?,?,?,?,?,?,?,?,?,?,?,?,?,?,?,?,?,?,?,?,?,?,?,?,?,?,?,?,?,?,?,?,?,?,?,?,?,?,?,?,?,?,?,?,?,?,?,?,?,?,?,?,?,?,?,?,?,?,?,?,?,?,?,?,?,?,?,?,?,?,?,?,?,?,?,?,?,?,?,?,?,?,?,?,?,?,?,?,?,?,?,?,?,?,?,?,?,?,?,?,?,?,?,?,?,?,?,?,?,?,?,?,?,?,?,?,?,?,?)
prisma:query SELECT `main`.`NhiemVu`.`id`, `main`.`NhiemVu`.`ma`, `main`.`NhiemVu`.`ten`, `main`.`NhiemVu`.`moTa`, `main`.`NhiemVu`.`donViChuTriId`, `main`.`NhiemVu`.`uuTien`, `main`.`NhiemVu`.`thoiHan`, `main`.`NhiemVu`.`giaiDoan`, `main`.`NhiemVu`.`kpi`, `main`.`NhiemVu`.`nguonKiemChung`, `main`.`NhiemVu`.`trangThai`, `main`.`NhiemVu`.`tienDo`, `main`.`NhiemVu`.`lop`, `main`.`NhiemVu`.`phuongAnXuLy`, `main`.`NhiemVu`.`ghiChu`, `main`.`NhiemVu`.`createdAt`, `main`.`NhiemVu`.`updatedAt` FROM `main`.`NhiemVu` WHERE `main`.`NhiemVu`.`id` IN (?,?,?,?,?,?) LIMIT ? OFFSET ?
prisma:query SELECT 1
prisma:query SELECT `main`.`NhiemVu`.`id`, `main`.`NhiemVu`.`ma`, `main`.`NhiemVu`.`ten`, `main`.`NhiemVu`.`moTa`, `main`.`NhiemVu`.`donViChuTriId`, `main`.`NhiemVu`.`uuTien`, `main`.`NhiemVu`.`thoiHan`, `main`.`NhiemVu`.`giaiDoan`, `main`.`NhiemVu`.`kpi`, `main`.`NhiemVu`.`nguonKiemChung`, `main`.`NhiemVu`.`trangThai`, `main`.`NhiemVu`.`tienDo`, `main`.`NhiemVu`.`lop`, `main`.`NhiemVu`.`phuongAnXuLy`, `main`.`NhiemVu`.`ghiChu`, `main`.`NhiemVu`.`createdAt`, `main`.`NhiemVu`.`updatedAt` FROM `main`.`NhiemVu` WHERE 1=1 ORDER BY `main`.`NhiemVu`.`uuTien` ASC, `main`.`NhiemVu`.`thoiHan` ASC LIMIT ? OFFSET ?
prisma:query SELECT `main`.`DonVi`.`id`, `main`.`DonVi`.`ten`, `main`.`DonVi`.`loai`, `main`.`DonVi`.`parentId`, `main`.`DonVi`.`createdAt` FROM `main`.`DonVi` WHERE `main`.`DonVi`.`id` IN (?,?,?) LIMIT ? OFFSET ?
prisma:query SELECT `main`.`_HeThongNhiemVu`.`B`, `main`.`_HeThongNhiemVu`.`A` FROM `main`.`_HeThongNhiemVu` WHERE `main`.`_HeThongNhiemVu`.`B` IN (?,?,?,?,?,?,?,?,?)
prisma:query SELECT `main`.`HeThongSo`.`id`, `main`.`HeThongSo`.`ma`, `main`.`HeThongSo`.`ten`, `main`.`HeThongSo`.`loai`, `main`.`HeThongSo`.`lop`, `main`.`HeThongSo`.`moTa`, `main`.`HeThongSo`.`chuQuan`, `main`.`HeThongSo`.`trangThai`, `main`.`HeThongSo`.`namTrienKhai`, `main`.`HeThongSo`.`donViId`, `main`.`HeThongSo`.`createdAt`, `main`.`HeThongSo`.`updatedAt` FROM `main`.`HeThongSo` WHERE `main`.`HeThongSo`.`id` IN (?,?,?,?,?,?) LIMIT ? OFFSET ?
 GET /api/nhiem-vu 200 in 22ms (next.js: 11ms, application-code: 11ms)
 GET /api/he-thong 200 in 36ms (next.js: 5ms, application-code: 32ms)
 GET /kts/lo-trinh 200 in 33ms (next.js: 9ms, application-code: 24ms)
 GET /kts/lo-trinh 200 in 34ms (next.js: 7ms, application-code: 27ms)
 GET /kts/so-do 200 in 101ms (next.js: 6ms, application-code: 95ms)
prisma:query SELECT `main`.`HeThongSo`.`id`, `main`.`HeThongSo`.`ma`, `main`.`HeThongSo`.`ten`, `main`.`HeThongSo`.`loai`, `main`.`HeThongSo`.`lop`, `main`.`HeThongSo`.`moTa`, `main`.`HeThongSo`.`chuQuan`, `main`.`HeThongSo`.`trangThai`, `main`.`HeThongSo`.`namTrienKhai`, `main`.`HeThongSo`.`donViId`, `main`.`HeThongSo`.`createdAt`, `main`.`HeThongSo`.`updatedAt` FROM `main`.`HeThongSo` WHERE 1=1 ORDER BY `main`.`HeThongSo`.`lop` ASC, `main`.`HeThongSo`.`ma` ASC LIMIT ? OFFSET ?
prisma:query SELECT `main`.`DonVi`.`id`, `main`.`DonVi`.`ten`, `main`.`DonVi`.`loai`, `main`.`DonVi`.`parentId`, `main`.`DonVi`.`createdAt` FROM `main`.`DonVi` WHERE `main`.`DonVi`.`id` IN (?,?,?,?) LIMIT ? OFFSET ?
prisma:query SELECT `main`.`_HeThongNhiemVu`.`A`, `main`.`_HeThongNhiemVu`.`B` FROM `main`.`_HeThongNhiemVu` WHERE `main`.`_HeThongNhiemVu`.`A` IN (?,?,?,?,?,?,?,?,?,?,?,?,?,?,?,?,?,?,?,?,?,?,?,?,?,?,?,?,?,?,?,?,?,?,?,?,?,?,?,?,?,?,?,?,?,?,?,?,?,?,?,?,?,?,?,?,?,?,?,?,?,?,?,?,?,?,?,?,?,?,?,?,?,?,?,?,?,?,?,?,?,?,?,?,?,?,?,?,?,?,?,?,?,?,?,?,?,?,?,?,?,?,?,?,?,?,?,?,?,?,?,?,?,?,?,?,?,?,?,?,?,?,?,?,?,?,?,?,?,?,?,?,?,?,?,?,?,?,?,?,?,?,?,?,?,?,?,?,?,?,?,?,?,?,?,?,?,?,?,?,?,?,?,?,?,?,?,?,?,?,?,?,?,?,?,?,?,?,?,?,?,?,?,?,?,?,?,?,?,?,?,?,?,?,?,?,?,?,?,?,?,?,?,?,?,?,?,?,?,?,?,?,?,?,?,?,?,?,?,?,?,?,?,?,?,?,?,?,?,?,?,?,?,?,?,?,?,?,?,?,?,?,?,?,?,?,?,?,?,?,?,?,?,?,?,?,?,?,?,?,?,?,?,?,?,?,?,?,?,?,?,?,?,?,?,?,?,?,?,?,?,?,?,?,?,?,?,?,?,?,?,?,?,?,?,?,?,?,?,?,?,?,?,?,?,?,?,?,?,?,?,?,?,?,?,?,?,?,?,?,?,?,?,?,?,?,?,?,?,?,?,?,?,?,?,?,?,?,?,?,?,?,?,?,?,?,?,?,?,?,?,?,?,?,?,?,?,?,?,?,?,?,?,?,?,?,?,?,?,?,?,?,?,?,?,?,?,?,?,?,?,?,?,?,?,?,?,?,?)
prisma:query SELECT `main`.`NhiemVu`.`id`, `main`.`NhiemVu`.`ma`, `main`.`NhiemVu`.`ten`, `main`.`NhiemVu`.`moTa`, `main`.`NhiemVu`.`donViChuTriId`, `main`.`NhiemVu`.`uuTien`, `main`.`NhiemVu`.`thoiHan`, `main`.`NhiemVu`.`giaiDoan`, `main`.`NhiemVu`.`kpi`, `main`.`NhiemVu`.`nguonKiemChung`, `main`.`NhiemVu`.`trangThai`, `main`.`NhiemVu`.`tienDo`, `main`.`NhiemVu`.`lop`, `main`.`NhiemVu`.`phuongAnXuLy`, `main`.`NhiemVu`.`ghiChu`, `main`.`NhiemVu`.`createdAt`, `main`.`NhiemVu`.`updatedAt` FROM `main`.`NhiemVu` WHERE `main`.`NhiemVu`.`id` IN (?,?,?,?,?,?) LIMIT ? OFFSET ?
prisma:query SELECT `main`.`NhiemVu`.`id`, `main`.`NhiemVu`.`ma`, `main`.`NhiemVu`.`ten`, `main`.`NhiemVu`.`moTa`, `main`.`NhiemVu`.`donViChuTriId`, `main`.`NhiemVu`.`uuTien`, `main`.`NhiemVu`.`thoiHan`, `main`.`NhiemVu`.`giaiDoan`, `main`.`NhiemVu`.`kpi`, `main`.`NhiemVu`.`nguonKiemChung`, `main`.`NhiemVu`.`trangThai`, `main`.`NhiemVu`.`tienDo`, `main`.`NhiemVu`.`lop`, `main`.`NhiemVu`.`phuongAnXuLy`, `main`.`NhiemVu`.`ghiChu`, `main`.`NhiemVu`.`createdAt`, `main`.`NhiemVu`.`updatedAt` FROM `main`.`NhiemVu` WHERE 1=1 ORDER BY `main`.`NhiemVu`.`uuTien` ASC, `main`.`NhiemVu`.`thoiHan` ASC LIMIT ? OFFSET ?
prisma:query SELECT `main`.`DonVi`.`id`, `main`.`DonVi`.`ten`, `main`.`DonVi`.`loai`, `main`.`DonVi`.`parentId`, `main`.`DonVi`.`createdAt` FROM `main`.`DonVi` WHERE `main`.`DonVi`.`id` IN (?,?,?) LIMIT ? OFFSET ?
prisma:query SELECT `main`.`_HeThongNhiemVu`.`B`, `main`.`_HeThongNhiemVu`.`A` FROM `main`.`_HeThongNhiemVu` WHERE `main`.`_HeThongNhiemVu`.`B` IN (?,?,?,?,?,?,?,?,?)
prisma:query SELECT `main`.`HeThongSo`.`id`, `main`.`HeThongSo`.`ma`, `main`.`HeThongSo`.`ten`, `main`.`HeThongSo`.`loai`, `main`.`HeThongSo`.`lop`, `main`.`HeThongSo`.`moTa`, `main`.`HeThongSo`.`chuQuan`, `main`.`HeThongSo`.`trangThai`, `main`.`HeThongSo`.`namTrienKhai`, `main`.`HeThongSo`.`donViId`, `main`.`HeThongSo`.`createdAt`, `main`.`HeThongSo`.`updatedAt` FROM `main`.`HeThongSo` WHERE `main`.`HeThongSo`.`id` IN (?,?,?,?,?,?) LIMIT ? OFFSET ?
 GET /api/nhiem-vu 200 in 25ms (next.js: 16ms, application-code: 9ms)
 GET /api/he-thong 200 in 36ms (next.js: 6ms, application-code: 30ms)
prisma:query SELECT `main`.`NhiemVu`.`id`, `main`.`NhiemVu`.`ma`, `main`.`NhiemVu`.`ten`, `main`.`NhiemVu`.`moTa`, `main`.`NhiemVu`.`donViChuTriId`, `main`.`NhiemVu`.`uuTien`, `main`.`NhiemVu`.`thoiHan`, `main`.`NhiemVu`.`giaiDoan`, `main`.`NhiemVu`.`kpi`, `main`.`NhiemVu`.`nguonKiemChung`, `main`.`NhiemVu`.`trangThai`, `main`.`NhiemVu`.`tienDo`, `main`.`NhiemVu`.`lop`, `main`.`NhiemVu`.`phuongAnXuLy`, `main`.`NhiemVu`.`ghiChu`, `main`.`NhiemVu`.`createdAt`, `main`.`NhiemVu`.`updatedAt` FROM `main`.`NhiemVu` WHERE 1=1 ORDER BY `main`.`NhiemVu`.`uuTien` ASC, `main`.`NhiemVu`.`thoiHan` ASC LIMIT ? OFFSET ?
prisma:query SELECT `main`.`DonVi`.`id`, `main`.`DonVi`.`ten`, `main`.`DonVi`.`loai`, `main`.`DonVi`.`parentId`, `main`.`DonVi`.`createdAt` FROM `main`.`DonVi` WHERE `main`.`DonVi`.`id` IN (?,?,?) LIMIT ? OFFSET ?
prisma:query SELECT `main`.`_HeThongNhiemVu`.`B`, `main`.`_HeThongNhiemVu`.`A` FROM `main`.`_HeThongNhiemVu` WHERE `main`.`_HeThongNhiemVu`.`B` IN (?,?,?,?,?,?,?,?,?)
prisma:query SELECT `main`.`HeThongSo`.`id`, `main`.`HeThongSo`.`ma`, `main`.`HeThongSo`.`ten`, `main`.`HeThongSo`.`loai`, `main`.`HeThongSo`.`lop`, `main`.`HeThongSo`.`moTa`, `main`.`HeThongSo`.`chuQuan`, `main`.`HeThongSo`.`trangThai`, `main`.`HeThongSo`.`namTrienKhai`, `main`.`HeThongSo`.`donViId`, `main`.`HeThongSo`.`createdAt`, `main`.`HeThongSo`.`updatedAt` FROM `main`.`HeThongSo` WHERE `main`.`HeThongSo`.`id` IN (?,?,?,?,?,?) LIMIT ? OFFSET ?
 GET /api/nhiem-vu 200 in 25ms (next.js: 5ms, application-code: 20ms)
prisma:query SELECT `main`.`HeThongSo`.`id`, `main`.`HeThongSo`.`ma`, `main`.`HeThongSo`.`ten`, `main`.`HeThongSo`.`loai`, `main`.`HeThongSo`.`lop`, `main`.`HeThongSo`.`moTa`, `main`.`HeThongSo`.`chuQuan`, `main`.`HeThongSo`.`trangThai`, `main`.`HeThongSo`.`namTrienKhai`, `main`.`HeThongSo`.`donViId`, `main`.`HeThongSo`.`createdAt`, `main`.`HeThongSo`.`updatedAt` FROM `main`.`HeThongSo` WHERE 1=1 ORDER BY `main`.`HeThongSo`.`lop` ASC, `main`.`HeThongSo`.`ma` ASC LIMIT ? OFFSET ?
prisma:query SELECT `main`.`DonVi`.`id`, `main`.`DonVi`.`ten`, `main`.`DonVi`.`loai`, `main`.`DonVi`.`parentId`, `main`.`DonVi`.`createdAt` FROM `main`.`DonVi` WHERE `main`.`DonVi`.`id` IN (?,?,?,?) LIMIT ? OFFSET ?
prisma:query SELECT `main`.`_HeThongNhiemVu`.`A`, `main`.`_HeThongNhiemVu`.`B` FROM `main`.`_HeThongNhiemVu` WHERE `main`.`_HeThongNhiemVu`.`A` IN (?,?,?,?,?,?,?,?,?,?,?,?,?,?,?,?,?,?,?,?,?,?,?,?,?,?,?,?,?,?,?,?,?,?,?,?,?,?,?,?,?,?,?,?,?,?,?,?,?,?,?,?,?,?,?,?,?,?,?,?,?,?,?,?,?,?,?,?,?,?,?,?,?,?,?,?,?,?,?,?,?,?,?,?,?,?,?,?,?,?,?,?,?,?,?,?,?,?,?,?,?,?,?,?,?,?,?,?,?,?,?,?,?,?,?,?,?,?,?,?,?,?,?,?,?,?,?,?,?,?,?,?,?,?,?,?,?,?,?,?,?,?,?,?,?,?,?,?,?,?,?,?,?,?,?,?,?,?,?,?,?,?,?,?,?,?,?,?,?,?,?,?,?,?,?,?,?,?,?,?,?,?,?,?,?,?,?,?,?,?,?,?,?,?,?,?,?,?,?,?,?,?,?,?,?,?,?,?,?,?,?,?,?,?,?,?,?,?,?,?,?,?,?,?,?,?,?,?,?,?,?,?,?,?,?,?,?,?,?,?,?,?,?,?,?,?,?,?,?,?,?,?,?,?,?,?,?,?,?,?,?,?,?,?,?,?,?,?,?,?,?,?,?,?,?,?,?,?,?,?,?,?,?,?,?,?,?,?,?,?,?,?,?,?,?,?,?,?,?,?,?,?,?,?,?,?,?,?,?,?,?,?,?,?,?,?,?,?,?,?,?,?,?,?,?,?,?,?,?,?,?,?,?,?,?,?,?,?,?,?,?,?,?,?,?,?,?,?,?,?,?,?,?,?,?,?,?,?,?,?,?,?,?,?,?,?,?,?,?,?,?,?,?,?,?,?,?,?,?,?,?,?,?,?,?,?,?,?,?)
prisma:query SELECT `main`.`NhiemVu`.`id`, `main`.`NhiemVu`.`ma`, `main`.`NhiemVu`.`ten`, `main`.`NhiemVu`.`moTa`, `main`.`NhiemVu`.`donViChuTriId`, `main`.`NhiemVu`.`uuTien`, `main`.`NhiemVu`.`thoiHan`, `main`.`NhiemVu`.`giaiDoan`, `main`.`NhiemVu`.`kpi`, `main`.`NhiemVu`.`nguonKiemChung`, `main`.`NhiemVu`.`trangThai`, `main`.`NhiemVu`.`tienDo`, `main`.`NhiemVu`.`lop`, `main`.`NhiemVu`.`phuongAnXuLy`, `main`.`NhiemVu`.`ghiChu`, `main`.`NhiemVu`.`createdAt`, `main`.`NhiemVu`.`updatedAt` FROM `main`.`NhiemVu` WHERE `main`.`NhiemVu`.`id` IN (?,?,?,?,?,?) LIMIT ? OFFSET ?
 GET /api/he-thong 200 in 49ms (next.js: 14ms, application-code: 36ms)
 GET /kts/lo-trinh 200 in 35ms (next.js: 9ms, application-code: 27ms)
prisma:query SELECT `main`.`NhiemVu`.`id`, `main`.`NhiemVu`.`ma`, `main`.`NhiemVu`.`ten`, `main`.`NhiemVu`.`moTa`, `main`.`NhiemVu`.`donViChuTriId`, `main`.`NhiemVu`.`uuTien`, `main`.`NhiemVu`.`thoiHan`, `main`.`NhiemVu`.`giaiDoan`, `main`.`NhiemVu`.`kpi`, `main`.`NhiemVu`.`nguonKiemChung`, `main`.`NhiemVu`.`trangThai`, `main`.`NhiemVu`.`tienDo`, `main`.`NhiemVu`.`lop`, `main`.`NhiemVu`.`phuongAnXuLy`, `main`.`NhiemVu`.`ghiChu`, `main`.`NhiemVu`.`createdAt`, `main`.`NhiemVu`.`updatedAt` FROM `main`.`NhiemVu` WHERE 1=1 ORDER BY `main`.`NhiemVu`.`uuTien` ASC, `main`.`NhiemVu`.`thoiHan` ASC LIMIT ? OFFSET ?
prisma:query SELECT `main`.`DonVi`.`id`, `main`.`DonVi`.`ten`, `main`.`DonVi`.`loai`, `main`.`DonVi`.`parentId`, `main`.`DonVi`.`createdAt` FROM `main`.`DonVi` WHERE `main`.`DonVi`.`id` IN (?,?,?) LIMIT ? OFFSET ?
prisma:query SELECT `main`.`_HeThongNhiemVu`.`B`, `main`.`_HeThongNhiemVu`.`A` FROM `main`.`_HeThongNhiemVu` WHERE `main`.`_HeThongNhiemVu`.`B` IN (?,?,?,?,?,?,?,?,?)
prisma:query SELECT `main`.`HeThongSo`.`id`, `main`.`HeThongSo`.`ma`, `main`.`HeThongSo`.`ten`, `main`.`HeThongSo`.`loai`, `main`.`HeThongSo`.`lop`, `main`.`HeThongSo`.`moTa`, `main`.`HeThongSo`.`chuQuan`, `main`.`HeThongSo`.`trangThai`, `main`.`HeThongSo`.`namTrienKhai`, `main`.`HeThongSo`.`donViId`, `main`.`HeThongSo`.`createdAt`, `main`.`HeThongSo`.`updatedAt` FROM `main`.`HeThongSo` WHERE `main`.`HeThongSo`.`id` IN (?,?,?,?,?,?) LIMIT ? OFFSET ?
 GET /api/nhiem-vu 200 in 26ms (next.js: 9ms, application-code: 17ms)
prisma:query SELECT `main`.`NhiemVu`.`id`, `main`.`NhiemVu`.`ma`, `main`.`NhiemVu`.`ten`, `main`.`NhiemVu`.`moTa`, `main`.`NhiemVu`.`donViChuTriId`, `main`.`NhiemVu`.`uuTien`, `main`.`NhiemVu`.`thoiHan`, `main`.`NhiemVu`.`giaiDoan`, `main`.`NhiemVu`.`kpi`, `main`.`NhiemVu`.`nguonKiemChung`, `main`.`NhiemVu`.`trangThai`, `main`.`NhiemVu`.`tienDo`, `main`.`NhiemVu`.`lop`, `main`.`NhiemVu`.`phuongAnXuLy`, `main`.`NhiemVu`.`ghiChu`, `main`.`NhiemVu`.`createdAt`, `main`.`NhiemVu`.`updatedAt` FROM `main`.`NhiemVu` WHERE 1=1 ORDER BY `main`.`NhiemVu`.`uuTien` ASC, `main`.`NhiemVu`.`thoiHan` ASC LIMIT ? OFFSET ?
prisma:query SELECT `main`.`DonVi`.`id`, `main`.`DonVi`.`ten`, `main`.`DonVi`.`loai`, `main`.`DonVi`.`parentId`, `main`.`DonVi`.`createdAt` FROM `main`.`DonVi` WHERE `main`.`DonVi`.`id` IN (?,?,?) LIMIT ? OFFSET ?
prisma:query SELECT `main`.`_HeThongNhiemVu`.`B`, `main`.`_HeThongNhiemVu`.`A` FROM `main`.`_HeThongNhiemVu` WHERE `main`.`_HeThongNhiemVu`.`B` IN (?,?,?,?,?,?,?,?,?)
prisma:query SELECT `main`.`HeThongSo`.`id`, `main`.`HeThongSo`.`ma`, `main`.`HeThongSo`.`ten`, `main`.`HeThongSo`.`loai`, `main`.`HeThongSo`.`lop`, `main`.`HeThongSo`.`moTa`, `main`.`HeThongSo`.`chuQuan`, `main`.`HeThongSo`.`trangThai`, `main`.`HeThongSo`.`namTrienKhai`, `main`.`HeThongSo`.`donViId`, `main`.`HeThongSo`.`createdAt`, `main`.`HeThongSo`.`updatedAt` FROM `main`.`HeThongSo` WHERE `main`.`HeThongSo`.`id` IN (?,?,?,?,?,?) LIMIT ? OFFSET ?
 GET /api/nhiem-vu 200 in 33ms (next.js: 22ms, application-code: 11ms)
[browser] Warning: [antd: Modal] `destroyOnClose` is deprecated. Please use `destroyOnHidden` instead. 
    at Array.forEach (<anonymous>) (<anonymous>)
[browser] Warning: [antd: Descriptions] `labelStyle` is deprecated. Please use `styles.label` instead. 
    at Array.forEach (<anonymous>) (<anonymous>)
 GET /kts/so-do 200 in 33ms (next.js: 7ms, application-code: 27ms)
prisma:query SELECT 1
prisma:query SELECT `main`.`NhiemVu`.`id`, `main`.`NhiemVu`.`ma`, `main`.`NhiemVu`.`ten`, `main`.`NhiemVu`.`moTa`, `main`.`NhiemVu`.`donViChuTriId`, `main`.`NhiemVu`.`uuTien`, `main`.`NhiemVu`.`thoiHan`, `main`.`NhiemVu`.`giaiDoan`, `main`.`NhiemVu`.`kpi`, `main`.`NhiemVu`.`nguonKiemChung`, `main`.`NhiemVu`.`trangThai`, `main`.`NhiemVu`.`tienDo`, `main`.`NhiemVu`.`lop`, `main`.`NhiemVu`.`phuongAnXuLy`, `main`.`NhiemVu`.`ghiChu`, `main`.`NhiemVu`.`createdAt`, `main`.`NhiemVu`.`updatedAt` FROM `main`.`NhiemVu` WHERE 1=1 ORDER BY `main`.`NhiemVu`.`uuTien` ASC, `main`.`NhiemVu`.`thoiHan` ASC LIMIT ? OFFSET ?
prisma:query SELECT `main`.`DonVi`.`id`, `main`.`DonVi`.`ten`, `main`.`DonVi`.`loai`, `main`.`DonVi`.`parentId`, `main`.`DonVi`.`createdAt` FROM `main`.`DonVi` WHERE `main`.`DonVi`.`id` IN (?,?,?) LIMIT ? OFFSET ?
prisma:query SELECT `main`.`_HeThongNhiemVu`.`B`, `main`.`_HeThongNhiemVu`.`A` FROM `main`.`_HeThongNhiemVu` WHERE `main`.`_HeThongNhiemVu`.`B` IN (?,?,?,?,?,?,?,?,?)
prisma:query SELECT `main`.`HeThongSo`.`id`, `main`.`HeThongSo`.`ma`, `main`.`HeThongSo`.`ten`, `main`.`HeThongSo`.`loai`, `main`.`HeThongSo`.`lop`, `main`.`HeThongSo`.`moTa`, `main`.`HeThongSo`.`chuQuan`, `main`.`HeThongSo`.`trangThai`, `main`.`HeThongSo`.`namTrienKhai`, `main`.`HeThongSo`.`donViId`, `main`.`HeThongSo`.`createdAt`, `main`.`HeThongSo`.`updatedAt` FROM `main`.`HeThongSo` WHERE `main`.`HeThongSo`.`id` IN (?,?,?,?,?,?) LIMIT ? OFFSET ?
 GET /api/nhiem-vu 200 in 24ms (next.js: 5ms, application-code: 19ms)
prisma:query SELECT `main`.`HeThongSo`.`id`, `main`.`HeThongSo`.`ma`, `main`.`HeThongSo`.`ten`, `main`.`HeThongSo`.`loai`, `main`.`HeThongSo`.`lop`, `main`.`HeThongSo`.`moTa`, `main`.`HeThongSo`.`chuQuan`, `main`.`HeThongSo`.`trangThai`, `main`.`HeThongSo`.`namTrienKhai`, `main`.`HeThongSo`.`donViId`, `main`.`HeThongSo`.`createdAt`, `main`.`HeThongSo`.`updatedAt` FROM `main`.`HeThongSo` WHERE 1=1 ORDER BY `main`.`HeThongSo`.`lop` ASC, `main`.`HeThongSo`.`ma` ASC LIMIT ? OFFSET ?
prisma:query SELECT `main`.`DonVi`.`id`, `main`.`DonVi`.`ten`, `main`.`DonVi`.`loai`, `main`.`DonVi`.`parentId`, `main`.`DonVi`.`createdAt` FROM `main`.`DonVi` WHERE `main`.`DonVi`.`id` IN (?,?,?,?) LIMIT ? OFFSET ?
prisma:query SELECT `main`.`_HeThongNhiemVu`.`A`, `main`.`_HeThongNhiemVu`.`B` FROM `main`.`_HeThongNhiemVu` WHERE `main`.`_HeThongNhiemVu`.`A` IN (?,?,?,?,?,?,?,?,?,?,?,?,?,?,?,?,?,?,?,?,?,?,?,?,?,?,?,?,?,?,?,?,?,?,?,?,?,?,?,?,?,?,?,?,?,?,?,?,?,?,?,?,?,?,?,?,?,?,?,?,?,?,?,?,?,?,?,?,?,?,?,?,?,?,?,?,?,?,?,?,?,?,?,?,?,?,?,?,?,?,?,?,?,?,?,?,?,?,?,?,?,?,?,?,?,?,?,?,?,?,?,?,?,?,?,?,?,?,?,?,?,?,?,?,?,?,?,?,?,?,?,?,?,?,?,?,?,?,?,?,?,?,?,?,?,?,?,?,?,?,?,?,?,?,?,?,?,?,?,?,?,?,?,?,?,?,?,?,?,?,?,?,?,?,?,?,?,?,?,?,?,?,?,?,?,?,?,?,?,?,?,?,?,?,?,?,?,?,?,?,?,?,?,?,?,?,?,?,?,?,?,?,?,?,?,?,?,?,?,?,?,?,?,?,?,?,?,?,?,?,?,?,?,?,?,?,?,?,?,?,?,?,?,?,?,?,?,?,?,?,?,?,?,?,?,?,?,?,?,?,?,?,?,?,?,?,?,?,?,?,?,?,?,?,?,?,?,?,?,?,?,?,?,?,?,?,?,?,?,?,?,?,?,?,?,?,?,?,?,?,?,?,?,?,?,?,?,?,?,?,?,?,?,?,?,?,?,?,?,?,?,?,?,?,?,?,?,?,?,?,?,?,?,?,?,?,?,?,?,?,?,?,?,?,?,?,?,?,?,?,?,?,?,?,?,?,?,?,?,?,?,?,?,?,?,?,?,?,?,?,?,?,?,?,?,?,?,?,?,?,?,?,?,?,?,?,?,?,?)
prisma:query SELECT `main`.`NhiemVu`.`id`, `main`.`NhiemVu`.`ma`, `main`.`NhiemVu`.`ten`, `main`.`NhiemVu`.`moTa`, `main`.`NhiemVu`.`donViChuTriId`, `main`.`NhiemVu`.`uuTien`, `main`.`NhiemVu`.`thoiHan`, `main`.`NhiemVu`.`giaiDoan`, `main`.`NhiemVu`.`kpi`, `main`.`NhiemVu`.`nguonKiemChung`, `main`.`NhiemVu`.`trangThai`, `main`.`NhiemVu`.`tienDo`, `main`.`NhiemVu`.`lop`, `main`.`NhiemVu`.`phuongAnXuLy`, `main`.`NhiemVu`.`ghiChu`, `main`.`NhiemVu`.`createdAt`, `main`.`NhiemVu`.`updatedAt` FROM `main`.`NhiemVu` WHERE `main`.`NhiemVu`.`id` IN (?,?,?,?,?,?) LIMIT ? OFFSET ?
 GET /api/he-thong 200 in 45ms (next.js: 14ms, application-code: 31ms)
prisma:query SELECT `main`.`NhiemVu`.`id`, `main`.`NhiemVu`.`ma`, `main`.`NhiemVu`.`ten`, `main`.`NhiemVu`.`moTa`, `main`.`NhiemVu`.`donViChuTriId`, `main`.`NhiemVu`.`uuTien`, `main`.`NhiemVu`.`thoiHan`, `main`.`NhiemVu`.`giaiDoan`, `main`.`NhiemVu`.`kpi`, `main`.`NhiemVu`.`nguonKiemChung`, `main`.`NhiemVu`.`trangThai`, `main`.`NhiemVu`.`tienDo`, `main`.`NhiemVu`.`lop`, `main`.`NhiemVu`.`phuongAnXuLy`, `main`.`NhiemVu`.`ghiChu`, `main`.`NhiemVu`.`createdAt`, `main`.`NhiemVu`.`updatedAt` FROM `main`.`NhiemVu` WHERE 1=1 ORDER BY `main`.`NhiemVu`.`uuTien` ASC, `main`.`NhiemVu`.`thoiHan` ASC LIMIT ? OFFSET ?
prisma:query SELECT `main`.`DonVi`.`id`, `main`.`DonVi`.`ten`, `main`.`DonVi`.`loai`, `main`.`DonVi`.`parentId`, `main`.`DonVi`.`createdAt` FROM `main`.`DonVi` WHERE `main`.`DonVi`.`id` IN (?,?,?) LIMIT ? OFFSET ?
prisma:query SELECT `main`.`_HeThongNhiemVu`.`B`, `main`.`_HeThongNhiemVu`.`A` FROM `main`.`_HeThongNhiemVu` WHERE `main`.`_HeThongNhiemVu`.`B` IN (?,?,?,?,?,?,?,?,?)
prisma:query SELECT `main`.`HeThongSo`.`id`, `main`.`HeThongSo`.`ma`, `main`.`HeThongSo`.`ten`, `main`.`HeThongSo`.`loai`, `main`.`HeThongSo`.`lop`, `main`.`HeThongSo`.`moTa`, `main`.`HeThongSo`.`chuQuan`, `main`.`HeThongSo`.`trangThai`, `main`.`HeThongSo`.`namTrienKhai`, `main`.`HeThongSo`.`donViId`, `main`.`HeThongSo`.`createdAt`, `main`.`HeThongSo`.`updatedAt` FROM `main`.`HeThongSo` WHERE `main`.`HeThongSo`.`id` IN (?,?,?,?,?,?) LIMIT ? OFFSET ?
 GET /api/nhiem-vu 200 in 23ms (next.js: 4ms, application-code: 19ms)
prisma:query SELECT `main`.`HeThongSo`.`id`, `main`.`HeThongSo`.`ma`, `main`.`HeThongSo`.`ten`, `main`.`HeThongSo`.`loai`, `main`.`HeThongSo`.`lop`, `main`.`HeThongSo`.`moTa`, `main`.`HeThongSo`.`chuQuan`, `main`.`HeThongSo`.`trangThai`, `main`.`HeThongSo`.`namTrienKhai`, `main`.`HeThongSo`.`donViId`, `main`.`HeThongSo`.`createdAt`, `main`.`HeThongSo`.`updatedAt` FROM `main`.`HeThongSo` WHERE 1=1 ORDER BY `main`.`HeThongSo`.`lop` ASC, `main`.`HeThongSo`.`ma` ASC LIMIT ? OFFSET ?
prisma:query SELECT `main`.`DonVi`.`id`, `main`.`DonVi`.`ten`, `main`.`DonVi`.`loai`, `main`.`DonVi`.`parentId`, `main`.`DonVi`.`createdAt` FROM `main`.`DonVi` WHERE `main`.`DonVi`.`id` IN (?,?,?,?) LIMIT ? OFFSET ?
prisma:query SELECT `main`.`_HeThongNhiemVu`.`A`, `main`.`_HeThongNhiemVu`.`B` FROM `main`.`_HeThongNhiemVu` WHERE `main`.`_HeThongNhiemVu`.`A` IN (?,?,?,?,?,?,?,?,?,?,?,?,?,?,?,?,?,?,?,?,?,?,?,?,?,?,?,?,?,?,?,?,?,?,?,?,?,?,?,?,?,?,?,?,?,?,?,?,?,?,?,?,?,?,?,?,?,?,?,?,?,?,?,?,?,?,?,?,?,?,?,?,?,?,?,?,?,?,?,?,?,?,?,?,?,?,?,?,?,?,?,?,?,?,?,?,?,?,?,?,?,?,?,?,?,?,?,?,?,?,?,?,?,?,?,?,?,?,?,?,?,?,?,?,?,?,?,?,?,?,?,?,?,?,?,?,?,?,?,?,?,?,?,?,?,?,?,?,?,?,?,?,?,?,?,?,?,?,?,?,?,?,?,?,?,?,?,?,?,?,?,?,?,?,?,?,?,?,?,?,?,?,?,?,?,?,?,?,?,?,?,?,?,?,?,?,?,?,?,?,?,?,?,?,?,?,?,?,?,?,?,?,?,?,?,?,?,?,?,?,?,?,?,?,?,?,?,?,?,?,?,?,?,?,?,?,?,?,?,?,?,?,?,?,?,?,?,?,?,?,?,?,?,?,?,?,?,?,?,?,?,?,?,?,?,?,?,?,?,?,?,?,?,?,?,?,?,?,?,?,?,?,?,?,?,?,?,?,?,?,?,?,?,?,?,?,?,?,?,?,?,?,?,?,?,?,?,?,?,?,?,?,?,?,?,?,?,?,?,?,?,?,?,?,?,?,?,?,?,?,?,?,?,?,?,?,?,?,?,?,?,?,?,?,?,?,?,?,?,?,?,?,?,?,?,?,?,?,?,?,?,?,?,?,?,?,?,?,?,?,?,?,?,?,?,?,?,?,?,?,?,?,?,?,?,?,?,?,?)
prisma:query SELECT `main`.`NhiemVu`.`id`, `main`.`NhiemVu`.`ma`, `main`.`NhiemVu`.`ten`, `main`.`NhiemVu`.`moTa`, `main`.`NhiemVu`.`donViChuTriId`, `main`.`NhiemVu`.`uuTien`, `main`.`NhiemVu`.`thoiHan`, `main`.`NhiemVu`.`giaiDoan`, `main`.`NhiemVu`.`kpi`, `main`.`NhiemVu`.`nguonKiemChung`, `main`.`NhiemVu`.`trangThai`, `main`.`NhiemVu`.`tienDo`, `main`.`NhiemVu`.`lop`, `main`.`NhiemVu`.`phuongAnXuLy`, `main`.`NhiemVu`.`ghiChu`, `main`.`NhiemVu`.`createdAt`, `main`.`NhiemVu`.`updatedAt` FROM `main`.`NhiemVu` WHERE `main`.`NhiemVu`.`id` IN (?,?,?,?,?,?) LIMIT ? OFFSET ?
 GET /api/he-thong 200 in 33ms (next.js: 5ms, application-code: 28ms)
 GET /kts/hien-trang 200 in 39ms (next.js: 10ms, application-code: 29ms)
prisma:query SELECT `main`.`HeThongSo`.`id`, `main`.`HeThongSo`.`ma`, `main`.`HeThongSo`.`ten`, `main`.`HeThongSo`.`loai`, `main`.`HeThongSo`.`lop`, `main`.`HeThongSo`.`moTa`, `main`.`HeThongSo`.`chuQuan`, `main`.`HeThongSo`.`trangThai`, `main`.`HeThongSo`.`namTrienKhai`, `main`.`HeThongSo`.`donViId`, `main`.`HeThongSo`.`createdAt`, `main`.`HeThongSo`.`updatedAt` FROM `main`.`HeThongSo` WHERE 1=1 ORDER BY `main`.`HeThongSo`.`lop` ASC, `main`.`HeThongSo`.`ma` ASC LIMIT ? OFFSET ?
prisma:query SELECT `main`.`DonVi`.`id`, `main`.`DonVi`.`ten`, `main`.`DonVi`.`loai`, `main`.`DonVi`.`parentId`, `main`.`DonVi`.`createdAt` FROM `main`.`DonVi` WHERE `main`.`DonVi`.`id` IN (?,?,?,?) LIMIT ? OFFSET ?
prisma:query SELECT `main`.`_HeThongNhiemVu`.`A`, `main`.`_HeThongNhiemVu`.`B` FROM `main`.`_HeThongNhiemVu` WHERE `main`.`_HeThongNhiemVu`.`A` IN (?,?,?,?,?,?,?,?,?,?,?,?,?,?,?,?,?,?,?,?,?,?,?,?,?,?,?,?,?,?,?,?,?,?,?,?,?,?,?,?,?,?,?,?,?,?,?,?,?,?,?,?,?,?,?,?,?,?,?,?,?,?,?,?,?,?,?,?,?,?,?,?,?,?,?,?,?,?,?,?,?,?,?,?,?,?,?,?,?,?,?,?,?,?,?,?,?,?,?,?,?,?,?,?,?,?,?,?,?,?,?,?,?,?,?,?,?,?,?,?,?,?,?,?,?,?,?,?,?,?,?,?,?,?,?,?,?,?,?,?,?,?,?,?,?,?,?,?,?,?,?,?,?,?,?,?,?,?,?,?,?,?,?,?,?,?,?,?,?,?,?,?,?,?,?,?,?,?,?,?,?,?,?,?,?,?,?,?,?,?,?,?,?,?,?,?,?,?,?,?,?,?,?,?,?,?,?,?,?,?,?,?,?,?,?,?,?,?,?,?,?,?,?,?,?,?,?,?,?,?,?,?,?,?,?,?,?,?,?,?,?,?,?,?,?,?,?,?,?,?,?,?,?,?,?,?,?,?,?,?,?,?,?,?,?,?,?,?,?,?,?,?,?,?,?,?,?,?,?,?,?,?,?,?,?,?,?,?,?,?,?,?,?,?,?,?,?,?,?,?,?,?,?,?,?,?,?,?,?,?,?,?,?,?,?,?,?,?,?,?,?,?,?,?,?,?,?,?,?,?,?,?,?,?,?,?,?,?,?,?,?,?,?,?,?,?,?,?,?,?,?,?,?,?,?,?,?,?,?,?,?,?,?,?,?,?,?,?,?,?,?,?,?,?,?,?,?,?,?,?,?,?,?,?,?,?,?,?,?)
prisma:query SELECT `main`.`NhiemVu`.`id`, `main`.`NhiemVu`.`ma`, `main`.`NhiemVu`.`ten`, `main`.`NhiemVu`.`moTa`, `main`.`NhiemVu`.`donViChuTriId`, `main`.`NhiemVu`.`uuTien`, `main`.`NhiemVu`.`thoiHan`, `main`.`NhiemVu`.`giaiDoan`, `main`.`NhiemVu`.`kpi`, `main`.`NhiemVu`.`nguonKiemChung`, `main`.`NhiemVu`.`trangThai`, `main`.`NhiemVu`.`tienDo`, `main`.`NhiemVu`.`lop`, `main`.`NhiemVu`.`phuongAnXuLy`, `main`.`NhiemVu`.`ghiChu`, `main`.`NhiemVu`.`createdAt`, `main`.`NhiemVu`.`updatedAt` FROM `main`.`NhiemVu` WHERE `main`.`NhiemVu`.`id` IN (?,?,?,?,?,?) LIMIT ? OFFSET ?
 GET /api/he-thong 200 in 40ms (next.js: 7ms, application-code: 32ms)
prisma:query SELECT `main`.`HeThongSo`.`id`, `main`.`HeThongSo`.`ma`, `main`.`HeThongSo`.`ten`, `main`.`HeThongSo`.`loai`, `main`.`HeThongSo`.`lop`, `main`.`HeThongSo`.`moTa`, `main`.`HeThongSo`.`chuQuan`, `main`.`HeThongSo`.`trangThai`, `main`.`HeThongSo`.`namTrienKhai`, `main`.`HeThongSo`.`donViId`, `main`.`HeThongSo`.`createdAt`, `main`.`HeThongSo`.`updatedAt` FROM `main`.`HeThongSo` WHERE 1=1 ORDER BY `main`.`HeThongSo`.`lop` ASC, `main`.`HeThongSo`.`ma` ASC LIMIT ? OFFSET ?
prisma:query SELECT `main`.`DonVi`.`id`, `main`.`DonVi`.`ten`, `main`.`DonVi`.`loai`, `main`.`DonVi`.`parentId`, `main`.`DonVi`.`createdAt` FROM `main`.`DonVi` WHERE `main`.`DonVi`.`id` IN (?,?,?,?) LIMIT ? OFFSET ?
prisma:query SELECT `main`.`_HeThongNhiemVu`.`A`, `main`.`_HeThongNhiemVu`.`B` FROM `main`.`_HeThongNhiemVu` WHERE `main`.`_HeThongNhiemVu`.`A` IN (?,?,?,?,?,?,?,?,?,?,?,?,?,?,?,?,?,?,?,?,?,?,?,?,?,?,?,?,?,?,?,?,?,?,?,?,?,?,?,?,?,?,?,?,?,?,?,?,?,?,?,?,?,?,?,?,?,?,?,?,?,?,?,?,?,?,?,?,?,?,?,?,?,?,?,?,?,?,?,?,?,?,?,?,?,?,?,?,?,?,?,?,?,?,?,?,?,?,?,?,?,?,?,?,?,?,?,?,?,?,?,?,?,?,?,?,?,?,?,?,?,?,?,?,?,?,?,?,?,?,?,?,?,?,?,?,?,?,?,?,?,?,?,?,?,?,?,?,?,?,?,?,?,?,?,?,?,?,?,?,?,?,?,?,?,?,?,?,?,?,?,?,?,?,?,?,?,?,?,?,?,?,?,?,?,?,?,?,?,?,?,?,?,?,?,?,?,?,?,?,?,?,?,?,?,?,?,?,?,?,?,?,?,?,?,?,?,?,?,?,?,?,?,?,?,?,?,?,?,?,?,?,?,?,?,?,?,?,?,?,?,?,?,?,?,?,?,?,?,?,?,?,?,?,?,?,?,?,?,?,?,?,?,?,?,?,?,?,?,?,?,?,?,?,?,?,?,?,?,?,?,?,?,?,?,?,?,?,?,?,?,?,?,?,?,?,?,?,?,?,?,?,?,?,?,?,?,?,?,?,?,?,?,?,?,?,?,?,?,?,?,?,?,?,?,?,?,?,?,?,?,?,?,?,?,?,?,?,?,?,?,?,?,?,?,?,?,?,?,?,?,?,?,?,?,?,?,?,?,?,?,?,?,?,?,?,?,?,?,?,?,?,?,?,?,?,?,?,?,?,?,?,?,?,?,?,?,?,?)
prisma:query SELECT `main`.`NhiemVu`.`id`, `main`.`NhiemVu`.`ma`, `main`.`NhiemVu`.`ten`, `main`.`NhiemVu`.`moTa`, `main`.`NhiemVu`.`donViChuTriId`, `main`.`NhiemVu`.`uuTien`, `main`.`NhiemVu`.`thoiHan`, `main`.`NhiemVu`.`giaiDoan`, `main`.`NhiemVu`.`kpi`, `main`.`NhiemVu`.`nguonKiemChung`, `main`.`NhiemVu`.`trangThai`, `main`.`NhiemVu`.`tienDo`, `main`.`NhiemVu`.`lop`, `main`.`NhiemVu`.`phuongAnXuLy`, `main`.`NhiemVu`.`ghiChu`, `main`.`NhiemVu`.`createdAt`, `main`.`NhiemVu`.`updatedAt` FROM `main`.`NhiemVu` WHERE `main`.`NhiemVu`.`id` IN (?,?,?,?,?,?) LIMIT ? OFFSET ?
 GET /api/he-thong 200 in 36ms (next.js: 5ms, application-code: 31ms)
 GET /kts/so-do 200 in 31ms (next.js: 8ms, application-code: 22ms)
prisma:query SELECT `main`.`HeThongSo`.`id`, `main`.`HeThongSo`.`ma`, `main`.`HeThongSo`.`ten`, `main`.`HeThongSo`.`loai`, `main`.`HeThongSo`.`lop`, `main`.`HeThongSo`.`moTa`, `main`.`HeThongSo`.`chuQuan`, `main`.`HeThongSo`.`trangThai`, `main`.`HeThongSo`.`namTrienKhai`, `main`.`HeThongSo`.`donViId`, `main`.`HeThongSo`.`createdAt`, `main`.`HeThongSo`.`updatedAt` FROM `main`.`HeThongSo` WHERE 1=1 ORDER BY `main`.`HeThongSo`.`lop` ASC, `main`.`HeThongSo`.`ma` ASC LIMIT ? OFFSET ?
prisma:query SELECT `main`.`DonVi`.`id`, `main`.`DonVi`.`ten`, `main`.`DonVi`.`loai`, `main`.`DonVi`.`parentId`, `main`.`DonVi`.`createdAt` FROM `main`.`DonVi` WHERE `main`.`DonVi`.`id` IN (?,?,?,?) LIMIT ? OFFSET ?
prisma:query SELECT `main`.`_HeThongNhiemVu`.`A`, `main`.`_HeThongNhiemVu`.`B` FROM `main`.`_HeThongNhiemVu` WHERE `main`.`_HeThongNhiemVu`.`A` IN (?,?,?,?,?,?,?,?,?,?,?,?,?,?,?,?,?,?,?,?,?,?,?,?,?,?,?,?,?,?,?,?,?,?,?,?,?,?,?,?,?,?,?,?,?,?,?,?,?,?,?,?,?,?,?,?,?,?,?,?,?,?,?,?,?,?,?,?,?,?,?,?,?,?,?,?,?,?,?,?,?,?,?,?,?,?,?,?,?,?,?,?,?,?,?,?,?,?,?,?,?,?,?,?,?,?,?,?,?,?,?,?,?,?,?,?,?,?,?,?,?,?,?,?,?,?,?,?,?,?,?,?,?,?,?,?,?,?,?,?,?,?,?,?,?,?,?,?,?,?,?,?,?,?,?,?,?,?,?,?,?,?,?,?,?,?,?,?,?,?,?,?,?,?,?,?,?,?,?,?,?,?,?,?,?,?,?,?,?,?,?,?,?,?,?,?,?,?,?,?,?,?,?,?,?,?,?,?,?,?,?,?,?,?,?,?,?,?,?,?,?,?,?,?,?,?,?,?,?,?,?,?,?,?,?,?,?,?,?,?,?,?,?,?,?,?,?,?,?,?,?,?,?,?,?,?,?,?,?,?,?,?,?,?,?,?,?,?,?,?,?,?,?,?,?,?,?,?,?,?,?,?,?,?,?,?,?,?,?,?,?,?,?,?,?,?,?,?,?,?,?,?,?,?,?,?,?,?,?,?,?,?,?,?,?,?,?,?,?,?,?,?,?,?,?,?,?,?,?,?,?,?,?,?,?,?,?,?,?,?,?,?,?,?,?,?,?,?,?,?,?,?,?,?,?,?,?,?,?,?,?,?,?,?,?,?,?,?,?,?,?,?,?,?,?,?,?,?,?,?,?,?,?,?,?,?,?,?,?)
prisma:query SELECT `main`.`NhiemVu`.`id`, `main`.`NhiemVu`.`ma`, `main`.`NhiemVu`.`ten`, `main`.`NhiemVu`.`moTa`, `main`.`NhiemVu`.`donViChuTriId`, `main`.`NhiemVu`.`uuTien`, `main`.`NhiemVu`.`thoiHan`, `main`.`NhiemVu`.`giaiDoan`, `main`.`NhiemVu`.`kpi`, `main`.`NhiemVu`.`nguonKiemChung`, `main`.`NhiemVu`.`trangThai`, `main`.`NhiemVu`.`tienDo`, `main`.`NhiemVu`.`lop`, `main`.`NhiemVu`.`phuongAnXuLy`, `main`.`NhiemVu`.`ghiChu`, `main`.`NhiemVu`.`createdAt`, `main`.`NhiemVu`.`updatedAt` FROM `main`.`NhiemVu` WHERE `main`.`NhiemVu`.`id` IN (?,?,?,?,?,?) LIMIT ? OFFSET ?
prisma:query SELECT 1
prisma:query SELECT `main`.`NhiemVu`.`id`, `main`.`NhiemVu`.`ma`, `main`.`NhiemVu`.`ten`, `main`.`NhiemVu`.`moTa`, `main`.`NhiemVu`.`donViChuTriId`, `main`.`NhiemVu`.`uuTien`, `main`.`NhiemVu`.`thoiHan`, `main`.`NhiemVu`.`giaiDoan`, `main`.`NhiemVu`.`kpi`, `main`.`NhiemVu`.`nguonKiemChung`, `main`.`NhiemVu`.`trangThai`, `main`.`NhiemVu`.`tienDo`, `main`.`NhiemVu`.`lop`, `main`.`NhiemVu`.`phuongAnXuLy`, `main`.`NhiemVu`.`ghiChu`, `main`.`NhiemVu`.`createdAt`, `main`.`NhiemVu`.`updatedAt` FROM `main`.`NhiemVu` WHERE 1=1 ORDER BY `main`.`NhiemVu`.`uuTien` ASC, `main`.`NhiemVu`.`thoiHan` ASC LIMIT ? OFFSET ?
prisma:query SELECT `main`.`DonVi`.`id`, `main`.`DonVi`.`ten`, `main`.`DonVi`.`loai`, `main`.`DonVi`.`parentId`, `main`.`DonVi`.`createdAt` FROM `main`.`DonVi` WHERE `main`.`DonVi`.`id` IN (?,?,?) LIMIT ? OFFSET ?
prisma:query SELECT `main`.`_HeThongNhiemVu`.`B`, `main`.`_HeThongNhiemVu`.`A` FROM `main`.`_HeThongNhiemVu` WHERE `main`.`_HeThongNhiemVu`.`B` IN (?,?,?,?,?,?,?,?,?)
prisma:query SELECT `main`.`HeThongSo`.`id`, `main`.`HeThongSo`.`ma`, `main`.`HeThongSo`.`ten`, `main`.`HeThongSo`.`loai`, `main`.`HeThongSo`.`lop`, `main`.`HeThongSo`.`moTa`, `main`.`HeThongSo`.`chuQuan`, `main`.`HeThongSo`.`trangThai`, `main`.`HeThongSo`.`namTrienKhai`, `main`.`HeThongSo`.`donViId`, `main`.`HeThongSo`.`createdAt`, `main`.`HeThongSo`.`updatedAt` FROM `main`.`HeThongSo` WHERE `main`.`HeThongSo`.`id` IN (?,?,?,?,?,?) LIMIT ? OFFSET ?
 GET /api/nhiem-vu 200 in 24ms (next.js: 13ms, application-code: 11ms)
 GET /api/he-thong 200 in 47ms (next.js: 5ms, application-code: 42ms)
prisma:query SELECT `main`.`NhiemVu`.`id`, `main`.`NhiemVu`.`ma`, `main`.`NhiemVu`.`ten`, `main`.`NhiemVu`.`moTa`, `main`.`NhiemVu`.`donViChuTriId`, `main`.`NhiemVu`.`uuTien`, `main`.`NhiemVu`.`thoiHan`, `main`.`NhiemVu`.`giaiDoan`, `main`.`NhiemVu`.`kpi`, `main`.`NhiemVu`.`nguonKiemChung`, `main`.`NhiemVu`.`trangThai`, `main`.`NhiemVu`.`tienDo`, `main`.`NhiemVu`.`lop`, `main`.`NhiemVu`.`phuongAnXuLy`, `main`.`NhiemVu`.`ghiChu`, `main`.`NhiemVu`.`createdAt`, `main`.`NhiemVu`.`updatedAt` FROM `main`.`NhiemVu` WHERE 1=1 ORDER BY `main`.`NhiemVu`.`uuTien` ASC, `main`.`NhiemVu`.`thoiHan` ASC LIMIT ? OFFSET ?
prisma:query SELECT `main`.`DonVi`.`id`, `main`.`DonVi`.`ten`, `main`.`DonVi`.`loai`, `main`.`DonVi`.`parentId`, `main`.`DonVi`.`createdAt` FROM `main`.`DonVi` WHERE `main`.`DonVi`.`id` IN (?,?,?) LIMIT ? OFFSET ?
prisma:query SELECT `main`.`_HeThongNhiemVu`.`B`, `main`.`_HeThongNhiemVu`.`A` FROM `main`.`_HeThongNhiemVu` WHERE `main`.`_HeThongNhiemVu`.`B` IN (?,?,?,?,?,?,?,?,?)
prisma:query SELECT `main`.`HeThongSo`.`id`, `main`.`HeThongSo`.`ma`, `main`.`HeThongSo`.`ten`, `main`.`HeThongSo`.`loai`, `main`.`HeThongSo`.`lop`, `main`.`HeThongSo`.`moTa`, `main`.`HeThongSo`.`chuQuan`, `main`.`HeThongSo`.`trangThai`, `main`.`HeThongSo`.`namTrienKhai`, `main`.`HeThongSo`.`donViId`, `main`.`HeThongSo`.`createdAt`, `main`.`HeThongSo`.`updatedAt` FROM `main`.`HeThongSo` WHERE `main`.`HeThongSo`.`id` IN (?,?,?,?,?,?) LIMIT ? OFFSET ?
 GET /api/nhiem-vu 200 in 23ms (next.js: 5ms, application-code: 18ms)
prisma:query SELECT `main`.`HeThongSo`.`id`, `main`.`HeThongSo`.`ma`, `main`.`HeThongSo`.`ten`, `main`.`HeThongSo`.`loai`, `main`.`HeThongSo`.`lop`, `main`.`HeThongSo`.`moTa`, `main`.`HeThongSo`.`chuQuan`, `main`.`HeThongSo`.`trangThai`, `main`.`HeThongSo`.`namTrienKhai`, `main`.`HeThongSo`.`donViId`, `main`.`HeThongSo`.`createdAt`, `main`.`HeThongSo`.`updatedAt` FROM `main`.`HeThongSo` WHERE 1=1 ORDER BY `main`.`HeThongSo`.`lop` ASC, `main`.`HeThongSo`.`ma` ASC LIMIT ? OFFSET ?
prisma:query SELECT `main`.`DonVi`.`id`, `main`.`DonVi`.`ten`, `main`.`DonVi`.`loai`, `main`.`DonVi`.`parentId`, `main`.`DonVi`.`createdAt` FROM `main`.`DonVi` WHERE `main`.`DonVi`.`id` IN (?,?,?,?) LIMIT ? OFFSET ?
prisma:query SELECT `main`.`_HeThongNhiemVu`.`A`, `main`.`_HeThongNhiemVu`.`B` FROM `main`.`_HeThongNhiemVu` WHERE `main`.`_HeThongNhiemVu`.`A` IN (?,?,?,?,?,?,?,?,?,?,?,?,?,?,?,?,?,?,?,?,?,?,?,?,?,?,?,?,?,?,?,?,?,?,?,?,?,?,?,?,?,?,?,?,?,?,?,?,?,?,?,?,?,?,?,?,?,?,?,?,?,?,?,?,?,?,?,?,?,?,?,?,?,?,?,?,?,?,?,?,?,?,?,?,?,?,?,?,?,?,?,?,?,?,?,?,?,?,?,?,?,?,?,?,?,?,?,?,?,?,?,?,?,?,?,?,?,?,?,?,?,?,?,?,?,?,?,?,?,?,?,?,?,?,?,?,?,?,?,?,?,?,?,?,?,?,?,?,?,?,?,?,?,?,?,?,?,?,?,?,?,?,?,?,?,?,?,?,?,?,?,?,?,?,?,?,?,?,?,?,?,?,?,?,?,?,?,?,?,?,?,?,?,?,?,?,?,?,?,?,?,?,?,?,?,?,?,?,?,?,?,?,?,?,?,?,?,?,?,?,?,?,?,?,?,?,?,?,?,?,?,?,?,?,?,?,?,?,?,?,?,?,?,?,?,?,?,?,?,?,?,?,?,?,?,?,?,?,?,?,?,?,?,?,?,?,?,?,?,?,?,?,?,?,?,?,?,?,?,?,?,?,?,?,?,?,?,?,?,?,?,?,?,?,?,?,?,?,?,?,?,?,?,?,?,?,?,?,?,?,?,?,?,?,?,?,?,?,?,?,?,?,?,?,?,?,?,?,?,?,?,?,?,?,?,?,?,?,?,?,?,?,?,?,?,?,?,?,?,?,?,?,?,?,?,?,?,?,?,?,?,?,?,?,?,?,?,?,?,?,?,?,?,?,?,?,?,?,?,?,?,?,?,?,?,?,?,?,?)
prisma:query SELECT `main`.`NhiemVu`.`id`, `main`.`NhiemVu`.`ma`, `main`.`NhiemVu`.`ten`, `main`.`NhiemVu`.`moTa`, `main`.`NhiemVu`.`donViChuTriId`, `main`.`NhiemVu`.`uuTien`, `main`.`NhiemVu`.`thoiHan`, `main`.`NhiemVu`.`giaiDoan`, `main`.`NhiemVu`.`kpi`, `main`.`NhiemVu`.`nguonKiemChung`, `main`.`NhiemVu`.`trangThai`, `main`.`NhiemVu`.`tienDo`, `main`.`NhiemVu`.`lop`, `main`.`NhiemVu`.`phuongAnXuLy`, `main`.`NhiemVu`.`ghiChu`, `main`.`NhiemVu`.`createdAt`, `main`.`NhiemVu`.`updatedAt` FROM `main`.`NhiemVu` WHERE `main`.`NhiemVu`.`id` IN (?,?,?,?,?,?) LIMIT ? OFFSET ?
 GET /api/he-thong 200 in 33ms (next.js: 4ms, application-code: 30ms)
 GET /api/auth/session 200 in 43ms (next.js: 19ms, application-code: 25ms)
 GET /api/auth/session 200 in 18ms (next.js: 7ms, application-code: 11ms)
 GET /kts/hien-trang 200 in 37ms (next.js: 10ms, application-code: 28ms)
prisma:query SELECT 1
prisma:query SELECT `main`.`HeThongSo`.`id`, `main`.`HeThongSo`.`ma`, `main`.`HeThongSo`.`ten`, `main`.`HeThongSo`.`loai`, `main`.`HeThongSo`.`lop`, `main`.`HeThongSo`.`moTa`, `main`.`HeThongSo`.`chuQuan`, `main`.`HeThongSo`.`trangThai`, `main`.`HeThongSo`.`namTrienKhai`, `main`.`HeThongSo`.`donViId`, `main`.`HeThongSo`.`createdAt`, `main`.`HeThongSo`.`updatedAt` FROM `main`.`HeThongSo` WHERE 1=1 ORDER BY `main`.`HeThongSo`.`lop` ASC, `main`.`HeThongSo`.`ma` ASC LIMIT ? OFFSET ?
prisma:query SELECT `main`.`DonVi`.`id`, `main`.`DonVi`.`ten`, `main`.`DonVi`.`loai`, `main`.`DonVi`.`parentId`, `main`.`DonVi`.`createdAt` FROM `main`.`DonVi` WHERE `main`.`DonVi`.`id` IN (?,?,?,?) LIMIT ? OFFSET ?
prisma:query SELECT `main`.`_HeThongNhiemVu`.`A`, `main`.`_HeThongNhiemVu`.`B` FROM `main`.`_HeThongNhiemVu` WHERE `main`.`_HeThongNhiemVu`.`A` IN (?,?,?,?,?,?,?,?,?,?,?,?,?,?,?,?,?,?,?,?,?,?,?,?,?,?,?,?,?,?,?,?,?,?,?,?,?,?,?,?,?,?,?,?,?,?,?,?,?,?,?,?,?,?,?,?,?,?,?,?,?,?,?,?,?,?,?,?,?,?,?,?,?,?,?,?,?,?,?,?,?,?,?,?,?,?,?,?,?,?,?,?,?,?,?,?,?,?,?,?,?,?,?,?,?,?,?,?,?,?,?,?,?,?,?,?,?,?,?,?,?,?,?,?,?,?,?,?,?,?,?,?,?,?,?,?,?,?,?,?,?,?,?,?,?,?,?,?,?,?,?,?,?,?,?,?,?,?,?,?,?,?,?,?,?,?,?,?,?,?,?,?,?,?,?,?,?,?,?,?,?,?,?,?,?,?,?,?,?,?,?,?,?,?,?,?,?,?,?,?,?,?,?,?,?,?,?,?,?,?,?,?,?,?,?,?,?,?,?,?,?,?,?,?,?,?,?,?,?,?,?,?,?,?,?,?,?,?,?,?,?,?,?,?,?,?,?,?,?,?,?,?,?,?,?,?,?,?,?,?,?,?,?,?,?,?,?,?,?,?,?,?,?,?,?,?,?,?,?,?,?,?,?,?,?,?,?,?,?,?,?,?,?,?,?,?,?,?,?,?,?,?,?,?,?,?,?,?,?,?,?,?,?,?,?,?,?,?,?,?,?,?,?,?,?,?,?,?,?,?,?,?,?,?,?,?,?,?,?,?,?,?,?,?,?,?,?,?,?,?,?,?,?,?,?,?,?,?,?,?,?,?,?,?,?,?,?,?,?,?,?,?,?,?,?,?,?,?,?,?,?,?,?,?,?,?,?,?,?)
prisma:query SELECT `main`.`NhiemVu`.`id`, `main`.`NhiemVu`.`ma`, `main`.`NhiemVu`.`ten`, `main`.`NhiemVu`.`moTa`, `main`.`NhiemVu`.`donViChuTriId`, `main`.`NhiemVu`.`uuTien`, `main`.`NhiemVu`.`thoiHan`, `main`.`NhiemVu`.`giaiDoan`, `main`.`NhiemVu`.`kpi`, `main`.`NhiemVu`.`nguonKiemChung`, `main`.`NhiemVu`.`trangThai`, `main`.`NhiemVu`.`tienDo`, `main`.`NhiemVu`.`lop`, `main`.`NhiemVu`.`phuongAnXuLy`, `main`.`NhiemVu`.`ghiChu`, `main`.`NhiemVu`.`createdAt`, `main`.`NhiemVu`.`updatedAt` FROM `main`.`NhiemVu` WHERE `main`.`NhiemVu`.`id` IN (?,?,?,?,?,?) LIMIT ? OFFSET ?
 GET /api/he-thong 200 in 41ms (next.js: 6ms, application-code: 36ms)
prisma:query SELECT `main`.`HeThongSo`.`id`, `main`.`HeThongSo`.`ma`, `main`.`HeThongSo`.`ten`, `main`.`HeThongSo`.`loai`, `main`.`HeThongSo`.`lop`, `main`.`HeThongSo`.`moTa`, `main`.`HeThongSo`.`chuQuan`, `main`.`HeThongSo`.`trangThai`, `main`.`HeThongSo`.`namTrienKhai`, `main`.`HeThongSo`.`donViId`, `main`.`HeThongSo`.`createdAt`, `main`.`HeThongSo`.`updatedAt` FROM `main`.`HeThongSo` WHERE 1=1 ORDER BY `main`.`HeThongSo`.`lop` ASC, `main`.`HeThongSo`.`ma` ASC LIMIT ? OFFSET ?
prisma:query SELECT `main`.`DonVi`.`id`, `main`.`DonVi`.`ten`, `main`.`DonVi`.`loai`, `main`.`DonVi`.`parentId`, `main`.`DonVi`.`createdAt` FROM `main`.`DonVi` WHERE `main`.`DonVi`.`id` IN (?,?,?,?) LIMIT ? OFFSET ?
prisma:query SELECT `main`.`_HeThongNhiemVu`.`A`, `main`.`_HeThongNhiemVu`.`B` FROM `main`.`_HeThongNhiemVu` WHERE `main`.`_HeThongNhiemVu`.`A` IN (?,?,?,?,?,?,?,?,?,?,?,?,?,?,?,?,?,?,?,?,?,?,?,?,?,?,?,?,?,?,?,?,?,?,?,?,?,?,?,?,?,?,?,?,?,?,?,?,?,?,?,?,?,?,?,?,?,?,?,?,?,?,?,?,?,?,?,?,?,?,?,?,?,?,?,?,?,?,?,?,?,?,?,?,?,?,?,?,?,?,?,?,?,?,?,?,?,?,?,?,?,?,?,?,?,?,?,?,?,?,?,?,?,?,?,?,?,?,?,?,?,?,?,?,?,?,?,?,?,?,?,?,?,?,?,?,?,?,?,?,?,?,?,?,?,?,?,?,?,?,?,?,?,?,?,?,?,?,?,?,?,?,?,?,?,?,?,?,?,?,?,?,?,?,?,?,?,?,?,?,?,?,?,?,?,?,?,?,?,?,?,?,?,?,?,?,?,?,?,?,?,?,?,?,?,?,?,?,?,?,?,?,?,?,?,?,?,?,?,?,?,?,?,?,?,?,?,?,?,?,?,?,?,?,?,?,?,?,?,?,?,?,?,?,?,?,?,?,?,?,?,?,?,?,?,?,?,?,?,?,?,?,?,?,?,?,?,?,?,?,?,?,?,?,?,?,?,?,?,?,?,?,?,?,?,?,?,?,?,?,?,?,?,?,?,?,?,?,?,?,?,?,?,?,?,?,?,?,?,?,?,?,?,?,?,?,?,?,?,?,?,?,?,?,?,?,?,?,?,?,?,?,?,?,?,?,?,?,?,?,?,?,?,?,?,?,?,?,?,?,?,?,?,?,?,?,?,?,?,?,?,?,?,?,?,?,?,?,?,?,?,?,?,?,?,?,?,?,?,?,?,?,?,?,?,?,?,?,?)
prisma:query SELECT `main`.`NhiemVu`.`id`, `main`.`NhiemVu`.`ma`, `main`.`NhiemVu`.`ten`, `main`.`NhiemVu`.`moTa`, `main`.`NhiemVu`.`donViChuTriId`, `main`.`NhiemVu`.`uuTien`, `main`.`NhiemVu`.`thoiHan`, `main`.`NhiemVu`.`giaiDoan`, `main`.`NhiemVu`.`kpi`, `main`.`NhiemVu`.`nguonKiemChung`, `main`.`NhiemVu`.`trangThai`, `main`.`NhiemVu`.`tienDo`, `main`.`NhiemVu`.`lop`, `main`.`NhiemVu`.`phuongAnXuLy`, `main`.`NhiemVu`.`ghiChu`, `main`.`NhiemVu`.`createdAt`, `main`.`NhiemVu`.`updatedAt` FROM `main`.`NhiemVu` WHERE `main`.`NhiemVu`.`id` IN (?,?,?,?,?,?) LIMIT ? OFFSET ?
 GET /api/he-thong 200 in 35ms (next.js: 3ms, application-code: 32ms)
 GET /kts/lo-trinh 200 in 33ms (next.js: 8ms, application-code: 24ms)
prisma:query SELECT 1
prisma:query SELECT `main`.`NhiemVu`.`id`, `main`.`NhiemVu`.`ma`, `main`.`NhiemVu`.`ten`, `main`.`NhiemVu`.`moTa`, `main`.`NhiemVu`.`donViChuTriId`, `main`.`NhiemVu`.`uuTien`, `main`.`NhiemVu`.`thoiHan`, `main`.`NhiemVu`.`giaiDoan`, `main`.`NhiemVu`.`kpi`, `main`.`NhiemVu`.`nguonKiemChung`, `main`.`NhiemVu`.`trangThai`, `main`.`NhiemVu`.`tienDo`, `main`.`NhiemVu`.`lop`, `main`.`NhiemVu`.`phuongAnXuLy`, `main`.`NhiemVu`.`ghiChu`, `main`.`NhiemVu`.`createdAt`, `main`.`NhiemVu`.`updatedAt` FROM `main`.`NhiemVu` WHERE 1=1 ORDER BY `main`.`NhiemVu`.`uuTien` ASC, `main`.`NhiemVu`.`thoiHan` ASC LIMIT ? OFFSET ?
prisma:query SELECT `main`.`DonVi`.`id`, `main`.`DonVi`.`ten`, `main`.`DonVi`.`loai`, `main`.`DonVi`.`parentId`, `main`.`DonVi`.`createdAt` FROM `main`.`DonVi` WHERE `main`.`DonVi`.`id` IN (?,?,?) LIMIT ? OFFSET ?
prisma:query SELECT `main`.`_HeThongNhiemVu`.`B`, `main`.`_HeThongNhiemVu`.`A` FROM `main`.`_HeThongNhiemVu` WHERE `main`.`_HeThongNhiemVu`.`B` IN (?,?,?,?,?,?,?,?,?)
prisma:query SELECT `main`.`HeThongSo`.`id`, `main`.`HeThongSo`.`ma`, `main`.`HeThongSo`.`ten`, `main`.`HeThongSo`.`loai`, `main`.`HeThongSo`.`lop`, `main`.`HeThongSo`.`moTa`, `main`.`HeThongSo`.`chuQuan`, `main`.`HeThongSo`.`trangThai`, `main`.`HeThongSo`.`namTrienKhai`, `main`.`HeThongSo`.`donViId`, `main`.`HeThongSo`.`createdAt`, `main`.`HeThongSo`.`updatedAt` FROM `main`.`HeThongSo` WHERE `main`.`HeThongSo`.`id` IN (?,?,?,?,?,?) LIMIT ? OFFSET ?
 GET /api/nhiem-vu 200 in 18ms (next.js: 5ms, application-code: 13ms)
prisma:query SELECT `main`.`NhiemVu`.`id`, `main`.`NhiemVu`.`ma`, `main`.`NhiemVu`.`ten`, `main`.`NhiemVu`.`moTa`, `main`.`NhiemVu`.`donViChuTriId`, `main`.`NhiemVu`.`uuTien`, `main`.`NhiemVu`.`thoiHan`, `main`.`NhiemVu`.`giaiDoan`, `main`.`NhiemVu`.`kpi`, `main`.`NhiemVu`.`nguonKiemChung`, `main`.`NhiemVu`.`trangThai`, `main`.`NhiemVu`.`tienDo`, `main`.`NhiemVu`.`lop`, `main`.`NhiemVu`.`phuongAnXuLy`, `main`.`NhiemVu`.`ghiChu`, `main`.`NhiemVu`.`createdAt`, `main`.`NhiemVu`.`updatedAt` FROM `main`.`NhiemVu` WHERE 1=1 ORDER BY `main`.`NhiemVu`.`uuTien` ASC, `main`.`NhiemVu`.`thoiHan` ASC LIMIT ? OFFSET ?
prisma:query SELECT `main`.`DonVi`.`id`, `main`.`DonVi`.`ten`, `main`.`DonVi`.`loai`, `main`.`DonVi`.`parentId`, `main`.`DonVi`.`createdAt` FROM `main`.`DonVi` WHERE `main`.`DonVi`.`id` IN (?,?,?) LIMIT ? OFFSET ?
prisma:query SELECT `main`.`_HeThongNhiemVu`.`B`, `main`.`_HeThongNhiemVu`.`A` FROM `main`.`_HeThongNhiemVu` WHERE `main`.`_HeThongNhiemVu`.`B` IN (?,?,?,?,?,?,?,?,?)
prisma:query SELECT `main`.`HeThongSo`.`id`, `main`.`HeThongSo`.`ma`, `main`.`HeThongSo`.`ten`, `main`.`HeThongSo`.`loai`, `main`.`HeThongSo`.`lop`, `main`.`HeThongSo`.`moTa`, `main`.`HeThongSo`.`chuQuan`, `main`.`HeThongSo`.`trangThai`, `main`.`HeThongSo`.`namTrienKhai`, `main`.`HeThongSo`.`donViId`, `main`.`HeThongSo`.`createdAt`, `main`.`HeThongSo`.`updatedAt` FROM `main`.`HeThongSo` WHERE `main`.`HeThongSo`.`id` IN (?,?,?,?,?,?) LIMIT ? OFFSET ?
 GET /api/nhiem-vu 200 in 13ms (next.js: 3ms, application-code: 10ms)
 GET /api/auth/session 200 in 44ms (next.js: 18ms, application-code: 26ms)
 GET /api/auth/session 200 in 15ms (next.js: 4ms, application-code: 11ms)
 GET /kts/so-do 200 in 32ms (next.js: 9ms, application-code: 23ms)
prisma:query SELECT 1
prisma:query SELECT `main`.`NhiemVu`.`id`, `main`.`NhiemVu`.`ma`, `main`.`NhiemVu`.`ten`, `main`.`NhiemVu`.`moTa`, `main`.`NhiemVu`.`donViChuTriId`, `main`.`NhiemVu`.`uuTien`, `main`.`NhiemVu`.`thoiHan`, `main`.`NhiemVu`.`giaiDoan`, `main`.`NhiemVu`.`kpi`, `main`.`NhiemVu`.`nguonKiemChung`, `main`.`NhiemVu`.`trangThai`, `main`.`NhiemVu`.`tienDo`, `main`.`NhiemVu`.`lop`, `main`.`NhiemVu`.`phuongAnXuLy`, `main`.`NhiemVu`.`ghiChu`, `main`.`NhiemVu`.`createdAt`, `main`.`NhiemVu`.`updatedAt` FROM `main`.`NhiemVu` WHERE 1=1 ORDER BY `main`.`NhiemVu`.`uuTien` ASC, `main`.`NhiemVu`.`thoiHan` ASC LIMIT ? OFFSET ?
prisma:query SELECT `main`.`DonVi`.`id`, `main`.`DonVi`.`ten`, `main`.`DonVi`.`loai`, `main`.`DonVi`.`parentId`, `main`.`DonVi`.`createdAt` FROM `main`.`DonVi` WHERE `main`.`DonVi`.`id` IN (?,?,?) LIMIT ? OFFSET ?
prisma:query SELECT `main`.`_HeThongNhiemVu`.`B`, `main`.`_HeThongNhiemVu`.`A` FROM `main`.`_HeThongNhiemVu` WHERE `main`.`_HeThongNhiemVu`.`B` IN (?,?,?,?,?,?,?,?,?)
prisma:query SELECT `main`.`HeThongSo`.`id`, `main`.`HeThongSo`.`ma`, `main`.`HeThongSo`.`ten`, `main`.`HeThongSo`.`loai`, `main`.`HeThongSo`.`lop`, `main`.`HeThongSo`.`moTa`, `main`.`HeThongSo`.`chuQuan`, `main`.`HeThongSo`.`trangThai`, `main`.`HeThongSo`.`namTrienKhai`, `main`.`HeThongSo`.`donViId`, `main`.`HeThongSo`.`createdAt`, `main`.`HeThongSo`.`updatedAt` FROM `main`.`HeThongSo` WHERE `main`.`HeThongSo`.`id` IN (?,?,?,?,?,?) LIMIT ? OFFSET ?
 GET /api/nhiem-vu 200 in 24ms (next.js: 5ms, application-code: 19ms)
prisma:query SELECT `main`.`HeThongSo`.`id`, `main`.`HeThongSo`.`ma`, `main`.`HeThongSo`.`ten`, `main`.`HeThongSo`.`loai`, `main`.`HeThongSo`.`lop`, `main`.`HeThongSo`.`moTa`, `main`.`HeThongSo`.`chuQuan`, `main`.`HeThongSo`.`trangThai`, `main`.`HeThongSo`.`namTrienKhai`, `main`.`HeThongSo`.`donViId`, `main`.`HeThongSo`.`createdAt`, `main`.`HeThongSo`.`updatedAt` FROM `main`.`HeThongSo` WHERE 1=1 ORDER BY `main`.`HeThongSo`.`lop` ASC, `main`.`HeThongSo`.`ma` ASC LIMIT ? OFFSET ?
prisma:query SELECT `main`.`DonVi`.`id`, `main`.`DonVi`.`ten`, `main`.`DonVi`.`loai`, `main`.`DonVi`.`parentId`, `main`.`DonVi`.`createdAt` FROM `main`.`DonVi` WHERE `main`.`DonVi`.`id` IN (?,?,?,?) LIMIT ? OFFSET ?
prisma:query SELECT `main`.`_HeThongNhiemVu`.`A`, `main`.`_HeThongNhiemVu`.`B` FROM `main`.`_HeThongNhiemVu` WHERE `main`.`_HeThongNhiemVu`.`A` IN (?,?,?,?,?,?,?,?,?,?,?,?,?,?,?,?,?,?,?,?,?,?,?,?,?,?,?,?,?,?,?,?,?,?,?,?,?,?,?,?,?,?,?,?,?,?,?,?,?,?,?,?,?,?,?,?,?,?,?,?,?,?,?,?,?,?,?,?,?,?,?,?,?,?,?,?,?,?,?,?,?,?,?,?,?,?,?,?,?,?,?,?,?,?,?,?,?,?,?,?,?,?,?,?,?,?,?,?,?,?,?,?,?,?,?,?,?,?,?,?,?,?,?,?,?,?,?,?,?,?,?,?,?,?,?,?,?,?,?,?,?,?,?,?,?,?,?,?,?,?,?,?,?,?,?,?,?,?,?,?,?,?,?,?,?,?,?,?,?,?,?,?,?,?,?,?,?,?,?,?,?,?,?,?,?,?,?,?,?,?,?,?,?,?,?,?,?,?,?,?,?,?,?,?,?,?,?,?,?,?,?,?,?,?,?,?,?,?,?,?,?,?,?,?,?,?,?,?,?,?,?,?,?,?,?,?,?,?,?,?,?,?,?,?,?,?,?,?,?,?,?,?,?,?,?,?,?,?,?,?,?,?,?,?,?,?,?,?,?,?,?,?,?,?,?,?,?,?,?,?,?,?,?,?,?,?,?,?,?,?,?,?,?,?,?,?,?,?,?,?,?,?,?,?,?,?,?,?,?,?,?,?,?,?,?,?,?,?,?,?,?,?,?,?,?,?,?,?,?,?,?,?,?,?,?,?,?,?,?,?,?,?,?,?,?,?,?,?,?,?,?,?,?,?,?,?,?,?,?,?,?,?,?,?,?,?,?,?,?,?,?,?,?,?,?,?,?,?,?,?,?,?,?,?,?,?,?,?,?)
prisma:query SELECT `main`.`NhiemVu`.`id`, `main`.`NhiemVu`.`ma`, `main`.`NhiemVu`.`ten`, `main`.`NhiemVu`.`moTa`, `main`.`NhiemVu`.`donViChuTriId`, `main`.`NhiemVu`.`uuTien`, `main`.`NhiemVu`.`thoiHan`, `main`.`NhiemVu`.`giaiDoan`, `main`.`NhiemVu`.`kpi`, `main`.`NhiemVu`.`nguonKiemChung`, `main`.`NhiemVu`.`trangThai`, `main`.`NhiemVu`.`tienDo`, `main`.`NhiemVu`.`lop`, `main`.`NhiemVu`.`phuongAnXuLy`, `main`.`NhiemVu`.`ghiChu`, `main`.`NhiemVu`.`createdAt`, `main`.`NhiemVu`.`updatedAt` FROM `main`.`NhiemVu` WHERE `main`.`NhiemVu`.`id` IN (?,?,?,?,?,?) LIMIT ? OFFSET ?
 GET /api/he-thong 200 in 48ms (next.js: 14ms, application-code: 34ms)
prisma:query SELECT `main`.`NhiemVu`.`id`, `main`.`NhiemVu`.`ma`, `main`.`NhiemVu`.`ten`, `main`.`NhiemVu`.`moTa`, `main`.`NhiemVu`.`donViChuTriId`, `main`.`NhiemVu`.`uuTien`, `main`.`NhiemVu`.`thoiHan`, `main`.`NhiemVu`.`giaiDoan`, `main`.`NhiemVu`.`kpi`, `main`.`NhiemVu`.`nguonKiemChung`, `main`.`NhiemVu`.`trangThai`, `main`.`NhiemVu`.`tienDo`, `main`.`NhiemVu`.`lop`, `main`.`NhiemVu`.`phuongAnXuLy`, `main`.`NhiemVu`.`ghiChu`, `main`.`NhiemVu`.`createdAt`, `main`.`NhiemVu`.`updatedAt` FROM `main`.`NhiemVu` WHERE 1=1 ORDER BY `main`.`NhiemVu`.`uuTien` ASC, `main`.`NhiemVu`.`thoiHan` ASC LIMIT ? OFFSET ?
prisma:query SELECT `main`.`DonVi`.`id`, `main`.`DonVi`.`ten`, `main`.`DonVi`.`loai`, `main`.`DonVi`.`parentId`, `main`.`DonVi`.`createdAt` FROM `main`.`DonVi` WHERE `main`.`DonVi`.`id` IN (?,?,?) LIMIT ? OFFSET ?
prisma:query SELECT `main`.`_HeThongNhiemVu`.`B`, `main`.`_HeThongNhiemVu`.`A` FROM `main`.`_HeThongNhiemVu` WHERE `main`.`_HeThongNhiemVu`.`B` IN (?,?,?,?,?,?,?,?,?)
prisma:query SELECT `main`.`HeThongSo`.`id`, `main`.`HeThongSo`.`ma`, `main`.`HeThongSo`.`ten`, `main`.`HeThongSo`.`loai`, `main`.`HeThongSo`.`lop`, `main`.`HeThongSo`.`moTa`, `main`.`HeThongSo`.`chuQuan`, `main`.`HeThongSo`.`trangThai`, `main`.`HeThongSo`.`namTrienKhai`, `main`.`HeThongSo`.`donViId`, `main`.`HeThongSo`.`createdAt`, `main`.`HeThongSo`.`updatedAt` FROM `main`.`HeThongSo` WHERE `main`.`HeThongSo`.`id` IN (?,?,?,?,?,?) LIMIT ? OFFSET ?
 GET /api/nhiem-vu 200 in 24ms (next.js: 6ms, application-code: 18ms)
prisma:query SELECT `main`.`HeThongSo`.`id`, `main`.`HeThongSo`.`ma`, `main`.`HeThongSo`.`ten`, `main`.`HeThongSo`.`loai`, `main`.`HeThongSo`.`lop`, `main`.`HeThongSo`.`moTa`, `main`.`HeThongSo`.`chuQuan`, `main`.`HeThongSo`.`trangThai`, `main`.`HeThongSo`.`namTrienKhai`, `main`.`HeThongSo`.`donViId`, `main`.`HeThongSo`.`createdAt`, `main`.`HeThongSo`.`updatedAt` FROM `main`.`HeThongSo` WHERE 1=1 ORDER BY `main`.`HeThongSo`.`lop` ASC, `main`.`HeThongSo`.`ma` ASC LIMIT ? OFFSET ?
prisma:query SELECT `main`.`DonVi`.`id`, `main`.`DonVi`.`ten`, `main`.`DonVi`.`loai`, `main`.`DonVi`.`parentId`, `main`.`DonVi`.`createdAt` FROM `main`.`DonVi` WHERE `main`.`DonVi`.`id` IN (?,?,?,?) LIMIT ? OFFSET ?
prisma:query SELECT `main`.`_HeThongNhiemVu`.`A`, `main`.`_HeThongNhiemVu`.`B` FROM `main`.`_HeThongNhiemVu` WHERE `main`.`_HeThongNhiemVu`.`A` IN (?,?,?,?,?,?,?,?,?,?,?,?,?,?,?,?,?,?,?,?,?,?,?,?,?,?,?,?,?,?,?,?,?,?,?,?,?,?,?,?,?,?,?,?,?,?,?,?,?,?,?,?,?,?,?,?,?,?,?,?,?,?,?,?,?,?,?,?,?,?,?,?,?,?,?,?,?,?,?,?,?,?,?,?,?,?,?,?,?,?,?,?,?,?,?,?,?,?,?,?,?,?,?,?,?,?,?,?,?,?,?,?,?,?,?,?,?,?,?,?,?,?,?,?,?,?,?,?,?,?,?,?,?,?,?,?,?,?,?,?,?,?,?,?,?,?,?,?,?,?,?,?,?,?,?,?,?,?,?,?,?,?,?,?,?,?,?,?,?,?,?,?,?,?,?,?,?,?,?,?,?,?,?,?,?,?,?,?,?,?,?,?,?,?,?,?,?,?,?,?,?,?,?,?,?,?,?,?,?,?,?,?,?,?,?,?,?,?,?,?,?,?,?,?,?,?,?,?,?,?,?,?,?,?,?,?,?,?,?,?,?,?,?,?,?,?,?,?,?,?,?,?,?,?,?,?,?,?,?,?,?,?,?,?,?,?,?,?,?,?,?,?,?,?,?,?,?,?,?,?,?,?,?,?,?,?,?,?,?,?,?,?,?,?,?,?,?,?,?,?,?,?,?,?,?,?,?,?,?,?,?,?,?,?,?,?,?,?,?,?,?,?,?,?,?,?,?,?,?,?,?,?,?,?,?,?,?,?,?,?,?,?,?,?,?,?,?,?,?,?,?,?,?,?,?,?,?,?,?,?,?,?,?,?,?,?,?,?,?,?,?,?,?,?,?,?,?,?,?,?,?,?,?,?,?,?,?,?,?)
prisma:query SELECT `main`.`NhiemVu`.`id`, `main`.`NhiemVu`.`ma`, `main`.`NhiemVu`.`ten`, `main`.`NhiemVu`.`moTa`, `main`.`NhiemVu`.`donViChuTriId`, `main`.`NhiemVu`.`uuTien`, `main`.`NhiemVu`.`thoiHan`, `main`.`NhiemVu`.`giaiDoan`, `main`.`NhiemVu`.`kpi`, `main`.`NhiemVu`.`nguonKiemChung`, `main`.`NhiemVu`.`trangThai`, `main`.`NhiemVu`.`tienDo`, `main`.`NhiemVu`.`lop`, `main`.`NhiemVu`.`phuongAnXuLy`, `main`.`NhiemVu`.`ghiChu`, `main`.`NhiemVu`.`createdAt`, `main`.`NhiemVu`.`updatedAt` FROM `main`.`NhiemVu` WHERE `main`.`NhiemVu`.`id` IN (?,?,?,?,?,?) LIMIT ? OFFSET ?
 GET /api/he-thong 200 in 31ms (next.js: 4ms, application-code: 27ms)
 GET /kts/hien-trang 200 in 37ms (next.js: 9ms, application-code: 28ms)
prisma:query SELECT 1
prisma:query SELECT `main`.`HeThongSo`.`id`, `main`.`HeThongSo`.`ma`, `main`.`HeThongSo`.`ten`, `main`.`HeThongSo`.`loai`, `main`.`HeThongSo`.`lop`, `main`.`HeThongSo`.`moTa`, `main`.`HeThongSo`.`chuQuan`, `main`.`HeThongSo`.`trangThai`, `main`.`HeThongSo`.`namTrienKhai`, `main`.`HeThongSo`.`donViId`, `main`.`HeThongSo`.`createdAt`, `main`.`HeThongSo`.`updatedAt` FROM `main`.`HeThongSo` WHERE 1=1 ORDER BY `main`.`HeThongSo`.`lop` ASC, `main`.`HeThongSo`.`ma` ASC LIMIT ? OFFSET ?
prisma:query SELECT `main`.`DonVi`.`id`, `main`.`DonVi`.`ten`, `main`.`DonVi`.`loai`, `main`.`DonVi`.`parentId`, `main`.`DonVi`.`createdAt` FROM `main`.`DonVi` WHERE `main`.`DonVi`.`id` IN (?,?,?,?) LIMIT ? OFFSET ?
prisma:query SELECT `main`.`_HeThongNhiemVu`.`A`, `main`.`_HeThongNhiemVu`.`B` FROM `main`.`_HeThongNhiemVu` WHERE `main`.`_HeThongNhiemVu`.`A` IN (?,?,?,?,?,?,?,?,?,?,?,?,?,?,?,?,?,?,?,?,?,?,?,?,?,?,?,?,?,?,?,?,?,?,?,?,?,?,?,?,?,?,?,?,?,?,?,?,?,?,?,?,?,?,?,?,?,?,?,?,?,?,?,?,?,?,?,?,?,?,?,?,?,?,?,?,?,?,?,?,?,?,?,?,?,?,?,?,?,?,?,?,?,?,?,?,?,?,?,?,?,?,?,?,?,?,?,?,?,?,?,?,?,?,?,?,?,?,?,?,?,?,?,?,?,?,?,?,?,?,?,?,?,?,?,?,?,?,?,?,?,?,?,?,?,?,?,?,?,?,?,?,?,?,?,?,?,?,?,?,?,?,?,?,?,?,?,?,?,?,?,?,?,?,?,?,?,?,?,?,?,?,?,?,?,?,?,?,?,?,?,?,?,?,?,?,?,?,?,?,?,?,?,?,?,?,?,?,?,?,?,?,?,?,?,?,?,?,?,?,?,?,?,?,?,?,?,?,?,?,?,?,?,?,?,?,?,?,?,?,?,?,?,?,?,?,?,?,?,?,?,?,?,?,?,?,?,?,?,?,?,?,?,?,?,?,?,?,?,?,?,?,?,?,?,?,?,?,?,?,?,?,?,?,?,?,?,?,?,?,?,?,?,?,?,?,?,?,?,?,?,?,?,?,?,?,?,?,?,?,?,?,?,?,?,?,?,?,?,?,?,?,?,?,?,?,?,?,?,?,?,?,?,?,?,?,?,?,?,?,?,?,?,?,?,?,?,?,?,?,?,?,?,?,?,?,?,?,?,?,?,?,?,?,?,?,?,?,?,?,?,?,?,?,?,?,?,?,?,?,?,?,?,?,?,?,?,?,?)
prisma:query SELECT `main`.`NhiemVu`.`id`, `main`.`NhiemVu`.`ma`, `main`.`NhiemVu`.`ten`, `main`.`NhiemVu`.`moTa`, `main`.`NhiemVu`.`donViChuTriId`, `main`.`NhiemVu`.`uuTien`, `main`.`NhiemVu`.`thoiHan`, `main`.`NhiemVu`.`giaiDoan`, `main`.`NhiemVu`.`kpi`, `main`.`NhiemVu`.`nguonKiemChung`, `main`.`NhiemVu`.`trangThai`, `main`.`NhiemVu`.`tienDo`, `main`.`NhiemVu`.`lop`, `main`.`NhiemVu`.`phuongAnXuLy`, `main`.`NhiemVu`.`ghiChu`, `main`.`NhiemVu`.`createdAt`, `main`.`NhiemVu`.`updatedAt` FROM `main`.`NhiemVu` WHERE `main`.`NhiemVu`.`id` IN (?,?,?,?,?,?) LIMIT ? OFFSET ?
 GET /api/he-thong 200 in 38ms (next.js: 4ms, application-code: 34ms)
prisma:query SELECT `main`.`HeThongSo`.`id`, `main`.`HeThongSo`.`ma`, `main`.`HeThongSo`.`ten`, `main`.`HeThongSo`.`loai`, `main`.`HeThongSo`.`lop`, `main`.`HeThongSo`.`moTa`, `main`.`HeThongSo`.`chuQuan`, `main`.`HeThongSo`.`trangThai`, `main`.`HeThongSo`.`namTrienKhai`, `main`.`HeThongSo`.`donViId`, `main`.`HeThongSo`.`createdAt`, `main`.`HeThongSo`.`updatedAt` FROM `main`.`HeThongSo` WHERE 1=1 ORDER BY `main`.`HeThongSo`.`lop` ASC, `main`.`HeThongSo`.`ma` ASC LIMIT ? OFFSET ?
prisma:query SELECT `main`.`DonVi`.`id`, `main`.`DonVi`.`ten`, `main`.`DonVi`.`loai`, `main`.`DonVi`.`parentId`, `main`.`DonVi`.`createdAt` FROM `main`.`DonVi` WHERE `main`.`DonVi`.`id` IN (?,?,?,?) LIMIT ? OFFSET ?
prisma:query SELECT `main`.`_HeThongNhiemVu`.`A`, `main`.`_HeThongNhiemVu`.`B` FROM `main`.`_HeThongNhiemVu` WHERE `main`.`_HeThongNhiemVu`.`A` IN (?,?,?,?,?,?,?,?,?,?,?,?,?,?,?,?,?,?,?,?,?,?,?,?,?,?,?,?,?,?,?,?,?,?,?,?,?,?,?,?,?,?,?,?,?,?,?,?,?,?,?,?,?,?,?,?,?,?,?,?,?,?,?,?,?,?,?,?,?,?,?,?,?,?,?,?,?,?,?,?,?,?,?,?,?,?,?,?,?,?,?,?,?,?,?,?,?,?,?,?,?,?,?,?,?,?,?,?,?,?,?,?,?,?,?,?,?,?,?,?,?,?,?,?,?,?,?,?,?,?,?,?,?,?,?,?,?,?,?,?,?,?,?,?,?,?,?,?,?,?,?,?,?,?,?,?,?,?,?,?,?,?,?,?,?,?,?,?,?,?,?,?,?,?,?,?,?,?,?,?,?,?,?,?,?,?,?,?,?,?,?,?,?,?,?,?,?,?,?,?,?,?,?,?,?,?,?,?,?,?,?,?,?,?,?,?,?,?,?,?,?,?,?,?,?,?,?,?,?,?,?,?,?,?,?,?,?,?,?,?,?,?,?,?,?,?,?,?,?,?,?,?,?,?,?,?,?,?,?,?,?,?,?,?,?,?,?,?,?,?,?,?,?,?,?,?,?,?,?,?,?,?,?,?,?,?,?,?,?,?,?,?,?,?,?,?,?,?,?,?,?,?,?,?,?,?,?,?,?,?,?,?,?,?,?,?,?,?,?,?,?,?,?,?,?,?,?,?,?,?,?,?,?,?,?,?,?,?,?,?,?,?,?,?,?,?,?,?,?,?,?,?,?,?,?,?,?,?,?,?,?,?,?,?,?,?,?,?,?,?,?,?,?,?,?,?,?,?,?,?,?,?,?,?,?,?,?,?,?)
prisma:query SELECT `main`.`NhiemVu`.`id`, `main`.`NhiemVu`.`ma`, `main`.`NhiemVu`.`ten`, `main`.`NhiemVu`.`moTa`, `main`.`NhiemVu`.`donViChuTriId`, `main`.`NhiemVu`.`uuTien`, `main`.`NhiemVu`.`thoiHan`, `main`.`NhiemVu`.`giaiDoan`, `main`.`NhiemVu`.`kpi`, `main`.`NhiemVu`.`nguonKiemChung`, `main`.`NhiemVu`.`trangThai`, `main`.`NhiemVu`.`tienDo`, `main`.`NhiemVu`.`lop`, `main`.`NhiemVu`.`phuongAnXuLy`, `main`.`NhiemVu`.`ghiChu`, `main`.`NhiemVu`.`createdAt`, `main`.`NhiemVu`.`updatedAt` FROM `main`.`NhiemVu` WHERE `main`.`NhiemVu`.`id` IN (?,?,?,?,?,?) LIMIT ? OFFSET ?
 GET /api/he-thong 200 in 37ms (next.js: 5ms, application-code: 32ms)
 GET /kts/lo-trinh 200 in 32ms (next.js: 7ms, application-code: 25ms)
prisma:query SELECT 1
prisma:query SELECT `main`.`NhiemVu`.`id`, `main`.`NhiemVu`.`ma`, `main`.`NhiemVu`.`ten`, `main`.`NhiemVu`.`moTa`, `main`.`NhiemVu`.`donViChuTriId`, `main`.`NhiemVu`.`uuTien`, `main`.`NhiemVu`.`thoiHan`, `main`.`NhiemVu`.`giaiDoan`, `main`.`NhiemVu`.`kpi`, `main`.`NhiemVu`.`nguonKiemChung`, `main`.`NhiemVu`.`trangThai`, `main`.`NhiemVu`.`tienDo`, `main`.`NhiemVu`.`lop`, `main`.`NhiemVu`.`phuongAnXuLy`, `main`.`NhiemVu`.`ghiChu`, `main`.`NhiemVu`.`createdAt`, `main`.`NhiemVu`.`updatedAt` FROM `main`.`NhiemVu` WHERE 1=1 ORDER BY `main`.`NhiemVu`.`uuTien` ASC, `main`.`NhiemVu`.`thoiHan` ASC LIMIT ? OFFSET ?
prisma:query SELECT `main`.`DonVi`.`id`, `main`.`DonVi`.`ten`, `main`.`DonVi`.`loai`, `main`.`DonVi`.`parentId`, `main`.`DonVi`.`createdAt` FROM `main`.`DonVi` WHERE `main`.`DonVi`.`id` IN (?,?,?) LIMIT ? OFFSET ?
prisma:query SELECT `main`.`_HeThongNhiemVu`.`B`, `main`.`_HeThongNhiemVu`.`A` FROM `main`.`_HeThongNhiemVu` WHERE `main`.`_HeThongNhiemVu`.`B` IN (?,?,?,?,?,?,?,?,?)
prisma:query SELECT `main`.`HeThongSo`.`id`, `main`.`HeThongSo`.`ma`, `main`.`HeThongSo`.`ten`, `main`.`HeThongSo`.`loai`, `main`.`HeThongSo`.`lop`, `main`.`HeThongSo`.`moTa`, `main`.`HeThongSo`.`chuQuan`, `main`.`HeThongSo`.`trangThai`, `main`.`HeThongSo`.`namTrienKhai`, `main`.`HeThongSo`.`donViId`, `main`.`HeThongSo`.`createdAt`, `main`.`HeThongSo`.`updatedAt` FROM `main`.`HeThongSo` WHERE `main`.`HeThongSo`.`id` IN (?,?,?,?,?,?) LIMIT ? OFFSET ?
 GET /api/nhiem-vu 200 in 36ms (next.js: 7ms, application-code: 29ms)
prisma:query SELECT `main`.`NhiemVu`.`id`, `main`.`NhiemVu`.`ma`, `main`.`NhiemVu`.`ten`, `main`.`NhiemVu`.`moTa`, `main`.`NhiemVu`.`donViChuTriId`, `main`.`NhiemVu`.`uuTien`, `main`.`NhiemVu`.`thoiHan`, `main`.`NhiemVu`.`giaiDoan`, `main`.`NhiemVu`.`kpi`, `main`.`NhiemVu`.`nguonKiemChung`, `main`.`NhiemVu`.`trangThai`, `main`.`NhiemVu`.`tienDo`, `main`.`NhiemVu`.`lop`, `main`.`NhiemVu`.`phuongAnXuLy`, `main`.`NhiemVu`.`ghiChu`, `main`.`NhiemVu`.`createdAt`, `main`.`NhiemVu`.`updatedAt` FROM `main`.`NhiemVu` WHERE 1=1 ORDER BY `main`.`NhiemVu`.`uuTien` ASC, `main`.`NhiemVu`.`thoiHan` ASC LIMIT ? OFFSET ?
prisma:query SELECT `main`.`DonVi`.`id`, `main`.`DonVi`.`ten`, `main`.`DonVi`.`loai`, `main`.`DonVi`.`parentId`, `main`.`DonVi`.`createdAt` FROM `main`.`DonVi` WHERE `main`.`DonVi`.`id` IN (?,?,?) LIMIT ? OFFSET ?
prisma:query SELECT `main`.`_HeThongNhiemVu`.`B`, `main`.`_HeThongNhiemVu`.`A` FROM `main`.`_HeThongNhiemVu` WHERE `main`.`_HeThongNhiemVu`.`B` IN (?,?,?,?,?,?,?,?,?)
prisma:query SELECT `main`.`HeThongSo`.`id`, `main`.`HeThongSo`.`ma`, `main`.`HeThongSo`.`ten`, `main`.`HeThongSo`.`loai`, `main`.`HeThongSo`.`lop`, `main`.`HeThongSo`.`moTa`, `main`.`HeThongSo`.`chuQuan`, `main`.`HeThongSo`.`trangThai`, `main`.`HeThongSo`.`namTrienKhai`, `main`.`HeThongSo`.`donViId`, `main`.`HeThongSo`.`createdAt`, `main`.`HeThongSo`.`updatedAt` FROM `main`.`HeThongSo` WHERE `main`.`HeThongSo`.`id` IN (?,?,?,?,?,?) LIMIT ? OFFSET ?
 GET /api/nhiem-vu 200 in 18ms (next.js: 6ms, application-code: 12ms)
 GET /api/auth/session 200 in 40ms (next.js: 18ms, application-code: 22ms)
 GET /api/auth/session 200 in 17ms (next.js: 4ms, application-code: 13ms)
 GET /api/auth/session 200 in 46ms (next.js: 17ms, application-code: 29ms)
 GET /api/auth/session 200 in 18ms (next.js: 4ms, application-code: 14ms)
 GET /kts/hien-trang 200 in 45ms (next.js: 17ms, application-code: 28ms)
prisma:query SELECT 1
prisma:query SELECT `main`.`HeThongSo`.`id`, `main`.`HeThongSo`.`ma`, `main`.`HeThongSo`.`ten`, `main`.`HeThongSo`.`loai`, `main`.`HeThongSo`.`lop`, `main`.`HeThongSo`.`moTa`, `main`.`HeThongSo`.`chuQuan`, `main`.`HeThongSo`.`trangThai`, `main`.`HeThongSo`.`namTrienKhai`, `main`.`HeThongSo`.`donViId`, `main`.`HeThongSo`.`createdAt`, `main`.`HeThongSo`.`updatedAt` FROM `main`.`HeThongSo` WHERE 1=1 ORDER BY `main`.`HeThongSo`.`lop` ASC, `main`.`HeThongSo`.`ma` ASC LIMIT ? OFFSET ?
prisma:query SELECT `main`.`DonVi`.`id`, `main`.`DonVi`.`ten`, `main`.`DonVi`.`loai`, `main`.`DonVi`.`parentId`, `main`.`DonVi`.`createdAt` FROM `main`.`DonVi` WHERE `main`.`DonVi`.`id` IN (?,?,?,?) LIMIT ? OFFSET ?
prisma:query SELECT `main`.`_HeThongNhiemVu`.`A`, `main`.`_HeThongNhiemVu`.`B` FROM `main`.`_HeThongNhiemVu` WHERE `main`.`_HeThongNhiemVu`.`A` IN (?,?,?,?,?,?,?,?,?,?,?,?,?,?,?,?,?,?,?,?,?,?,?,?,?,?,?,?,?,?,?,?,?,?,?,?,?,?,?,?,?,?,?,?,?,?,?,?,?,?,?,?,?,?,?,?,?,?,?,?,?,?,?,?,?,?,?,?,?,?,?,?,?,?,?,?,?,?,?,?,?,?,?,?,?,?,?,?,?,?,?,?,?,?,?,?,?,?,?,?,?,?,?,?,?,?,?,?,?,?,?,?,?,?,?,?,?,?,?,?,?,?,?,?,?,?,?,?,?,?,?,?,?,?,?,?,?,?,?,?,?,?,?,?,?,?,?,?,?,?,?,?,?,?,?,?,?,?,?,?,?,?,?,?,?,?,?,?,?,?,?,?,?,?,?,?,?,?,?,?,?,?,?,?,?,?,?,?,?,?,?,?,?,?,?,?,?,?,?,?,?,?,?,?,?,?,?,?,?,?,?,?,?,?,?,?,?,?,?,?,?,?,?,?,?,?,?,?,?,?,?,?,?,?,?,?,?,?,?,?,?,?,?,?,?,?,?,?,?,?,?,?,?,?,?,?,?,?,?,?,?,?,?,?,?,?,?,?,?,?,?,?,?,?,?,?,?,?,?,?,?,?,?,?,?,?,?,?,?,?,?,?,?,?,?,?,?,?,?,?,?,?,?,?,?,?,?,?,?,?,?,?,?,?,?,?,?,?,?,?,?,?,?,?,?,?,?,?,?,?,?,?,?,?,?,?,?,?,?,?,?,?,?,?,?,?,?,?,?,?,?,?,?,?,?,?,?,?,?,?,?,?,?,?,?,?,?,?,?,?,?,?,?,?,?,?,?,?,?,?,?,?,?,?,?,?,?,?,?)
prisma:query SELECT `main`.`NhiemVu`.`id`, `main`.`NhiemVu`.`ma`, `main`.`NhiemVu`.`ten`, `main`.`NhiemVu`.`moTa`, `main`.`NhiemVu`.`donViChuTriId`, `main`.`NhiemVu`.`uuTien`, `main`.`NhiemVu`.`thoiHan`, `main`.`NhiemVu`.`giaiDoan`, `main`.`NhiemVu`.`kpi`, `main`.`NhiemVu`.`nguonKiemChung`, `main`.`NhiemVu`.`trangThai`, `main`.`NhiemVu`.`tienDo`, `main`.`NhiemVu`.`lop`, `main`.`NhiemVu`.`phuongAnXuLy`, `main`.`NhiemVu`.`ghiChu`, `main`.`NhiemVu`.`createdAt`, `main`.`NhiemVu`.`updatedAt` FROM `main`.`NhiemVu` WHERE `main`.`NhiemVu`.`id` IN (?,?,?,?,?,?) LIMIT ? OFFSET ?
 GET /api/he-thong 200 in 46ms (next.js: 8ms, application-code: 37ms)
prisma:query SELECT `main`.`HeThongSo`.`id`, `main`.`HeThongSo`.`ma`, `main`.`HeThongSo`.`ten`, `main`.`HeThongSo`.`loai`, `main`.`HeThongSo`.`lop`, `main`.`HeThongSo`.`moTa`, `main`.`HeThongSo`.`chuQuan`, `main`.`HeThongSo`.`trangThai`, `main`.`HeThongSo`.`namTrienKhai`, `main`.`HeThongSo`.`donViId`, `main`.`HeThongSo`.`createdAt`, `main`.`HeThongSo`.`updatedAt` FROM `main`.`HeThongSo` WHERE 1=1 ORDER BY `main`.`HeThongSo`.`lop` ASC, `main`.`HeThongSo`.`ma` ASC LIMIT ? OFFSET ?
prisma:query SELECT `main`.`DonVi`.`id`, `main`.`DonVi`.`ten`, `main`.`DonVi`.`loai`, `main`.`DonVi`.`parentId`, `main`.`DonVi`.`createdAt` FROM `main`.`DonVi` WHERE `main`.`DonVi`.`id` IN (?,?,?,?) LIMIT ? OFFSET ?
prisma:query SELECT `main`.`_HeThongNhiemVu`.`A`, `main`.`_HeThongNhiemVu`.`B` FROM `main`.`_HeThongNhiemVu` WHERE `main`.`_HeThongNhiemVu`.`A` IN (?,?,?,?,?,?,?,?,?,?,?,?,?,?,?,?,?,?,?,?,?,?,?,?,?,?,?,?,?,?,?,?,?,?,?,?,?,?,?,?,?,?,?,?,?,?,?,?,?,?,?,?,?,?,?,?,?,?,?,?,?,?,?,?,?,?,?,?,?,?,?,?,?,?,?,?,?,?,?,?,?,?,?,?,?,?,?,?,?,?,?,?,?,?,?,?,?,?,?,?,?,?,?,?,?,?,?,?,?,?,?,?,?,?,?,?,?,?,?,?,?,?,?,?,?,?,?,?,?,?,?,?,?,?,?,?,?,?,?,?,?,?,?,?,?,?,?,?,?,?,?,?,?,?,?,?,?,?,?,?,?,?,?,?,?,?,?,?,?,?,?,?,?,?,?,?,?,?,?,?,?,?,?,?,?,?,?,?,?,?,?,?,?,?,?,?,?,?,?,?,?,?,?,?,?,?,?,?,?,?,?,?,?,?,?,?,?,?,?,?,?,?,?,?,?,?,?,?,?,?,?,?,?,?,?,?,?,?,?,?,?,?,?,?,?,?,?,?,?,?,?,?,?,?,?,?,?,?,?,?,?,?,?,?,?,?,?,?,?,?,?,?,?,?,?,?,?,?,?,?,?,?,?,?,?,?,?,?,?,?,?,?,?,?,?,?,?,?,?,?,?,?,?,?,?,?,?,?,?,?,?,?,?,?,?,?,?,?,?,?,?,?,?,?,?,?,?,?,?,?,?,?,?,?,?,?,?,?,?,?,?,?,?,?,?,?,?,?,?,?,?,?,?,?,?,?,?,?,?,?,?,?,?,?,?,?,?,?,?,?,?,?,?,?,?,?,?,?,?,?,?,?,?,?,?,?,?,?,?)
prisma:query SELECT `main`.`NhiemVu`.`id`, `main`.`NhiemVu`.`ma`, `main`.`NhiemVu`.`ten`, `main`.`NhiemVu`.`moTa`, `main`.`NhiemVu`.`donViChuTriId`, `main`.`NhiemVu`.`uuTien`, `main`.`NhiemVu`.`thoiHan`, `main`.`NhiemVu`.`giaiDoan`, `main`.`NhiemVu`.`kpi`, `main`.`NhiemVu`.`nguonKiemChung`, `main`.`NhiemVu`.`trangThai`, `main`.`NhiemVu`.`tienDo`, `main`.`NhiemVu`.`lop`, `main`.`NhiemVu`.`phuongAnXuLy`, `main`.`NhiemVu`.`ghiChu`, `main`.`NhiemVu`.`createdAt`, `main`.`NhiemVu`.`updatedAt` FROM `main`.`NhiemVu` WHERE `main`.`NhiemVu`.`id` IN (?,?,?,?,?,?) LIMIT ? OFFSET ?
 GET /api/he-thong 200 in 33ms (next.js: 5ms, application-code: 29ms)
 GET /kts/so-do 200 in 36ms (next.js: 12ms, application-code: 24ms)
prisma:query SELECT `main`.`HeThongSo`.`id`, `main`.`HeThongSo`.`ma`, `main`.`HeThongSo`.`ten`, `main`.`HeThongSo`.`loai`, `main`.`HeThongSo`.`lop`, `main`.`HeThongSo`.`moTa`, `main`.`HeThongSo`.`chuQuan`, `main`.`HeThongSo`.`trangThai`, `main`.`HeThongSo`.`namTrienKhai`, `main`.`HeThongSo`.`donViId`, `main`.`HeThongSo`.`createdAt`, `main`.`HeThongSo`.`updatedAt` FROM `main`.`HeThongSo` WHERE 1=1 ORDER BY `main`.`HeThongSo`.`lop` ASC, `main`.`HeThongSo`.`ma` ASC LIMIT ? OFFSET ?
prisma:query SELECT `main`.`DonVi`.`id`, `main`.`DonVi`.`ten`, `main`.`DonVi`.`loai`, `main`.`DonVi`.`parentId`, `main`.`DonVi`.`createdAt` FROM `main`.`DonVi` WHERE `main`.`DonVi`.`id` IN (?,?,?,?) LIMIT ? OFFSET ?
prisma:query SELECT `main`.`_HeThongNhiemVu`.`A`, `main`.`_HeThongNhiemVu`.`B` FROM `main`.`_HeThongNhiemVu` WHERE `main`.`_HeThongNhiemVu`.`A` IN (?,?,?,?,?,?,?,?,?,?,?,?,?,?,?,?,?,?,?,?,?,?,?,?,?,?,?,?,?,?,?,?,?,?,?,?,?,?,?,?,?,?,?,?,?,?,?,?,?,?,?,?,?,?,?,?,?,?,?,?,?,?,?,?,?,?,?,?,?,?,?,?,?,?,?,?,?,?,?,?,?,?,?,?,?,?,?,?,?,?,?,?,?,?,?,?,?,?,?,?,?,?,?,?,?,?,?,?,?,?,?,?,?,?,?,?,?,?,?,?,?,?,?,?,?,?,?,?,?,?,?,?,?,?,?,?,?,?,?,?,?,?,?,?,?,?,?,?,?,?,?,?,?,?,?,?,?,?,?,?,?,?,?,?,?,?,?,?,?,?,?,?,?,?,?,?,?,?,?,?,?,?,?,?,?,?,?,?,?,?,?,?,?,?,?,?,?,?,?,?,?,?,?,?,?,?,?,?,?,?,?,?,?,?,?,?,?,?,?,?,?,?,?,?,?,?,?,?,?,?,?,?,?,?,?,?,?,?,?,?,?,?,?,?,?,?,?,?,?,?,?,?,?,?,?,?,?,?,?,?,?,?,?,?,?,?,?,?,?,?,?,?,?,?,?,?,?,?,?,?,?,?,?,?,?,?,?,?,?,?,?,?,?,?,?,?,?,?,?,?,?,?,?,?,?,?,?,?,?,?,?,?,?,?,?,?,?,?,?,?,?,?,?,?,?,?,?,?,?,?,?,?,?,?,?,?,?,?,?,?,?,?,?,?,?,?,?,?,?,?,?,?,?,?,?,?,?,?,?,?,?,?,?,?,?,?,?,?,?,?,?,?,?,?,?,?,?,?,?,?,?,?,?,?,?,?,?,?,?)
prisma:query SELECT `main`.`NhiemVu`.`id`, `main`.`NhiemVu`.`ma`, `main`.`NhiemVu`.`ten`, `main`.`NhiemVu`.`moTa`, `main`.`NhiemVu`.`donViChuTriId`, `main`.`NhiemVu`.`uuTien`, `main`.`NhiemVu`.`thoiHan`, `main`.`NhiemVu`.`giaiDoan`, `main`.`NhiemVu`.`kpi`, `main`.`NhiemVu`.`nguonKiemChung`, `main`.`NhiemVu`.`trangThai`, `main`.`NhiemVu`.`tienDo`, `main`.`NhiemVu`.`lop`, `main`.`NhiemVu`.`phuongAnXuLy`, `main`.`NhiemVu`.`ghiChu`, `main`.`NhiemVu`.`createdAt`, `main`.`NhiemVu`.`updatedAt` FROM `main`.`NhiemVu` WHERE `main`.`NhiemVu`.`id` IN (?,?,?,?,?,?) LIMIT ? OFFSET ?
prisma:query SELECT 1
prisma:query SELECT `main`.`NhiemVu`.`id`, `main`.`NhiemVu`.`ma`, `main`.`NhiemVu`.`ten`, `main`.`NhiemVu`.`moTa`, `main`.`NhiemVu`.`donViChuTriId`, `main`.`NhiemVu`.`uuTien`, `main`.`NhiemVu`.`thoiHan`, `main`.`NhiemVu`.`giaiDoan`, `main`.`NhiemVu`.`kpi`, `main`.`NhiemVu`.`nguonKiemChung`, `main`.`NhiemVu`.`trangThai`, `main`.`NhiemVu`.`tienDo`, `main`.`NhiemVu`.`lop`, `main`.`NhiemVu`.`phuongAnXuLy`, `main`.`NhiemVu`.`ghiChu`, `main`.`NhiemVu`.`createdAt`, `main`.`NhiemVu`.`updatedAt` FROM `main`.`NhiemVu` WHERE 1=1 ORDER BY `main`.`NhiemVu`.`uuTien` ASC, `main`.`NhiemVu`.`thoiHan` ASC LIMIT ? OFFSET ?
prisma:query SELECT `main`.`DonVi`.`id`, `main`.`DonVi`.`ten`, `main`.`DonVi`.`loai`, `main`.`DonVi`.`parentId`, `main`.`DonVi`.`createdAt` FROM `main`.`DonVi` WHERE `main`.`DonVi`.`id` IN (?,?,?) LIMIT ? OFFSET ?
prisma:query SELECT `main`.`_HeThongNhiemVu`.`B`, `main`.`_HeThongNhiemVu`.`A` FROM `main`.`_HeThongNhiemVu` WHERE `main`.`_HeThongNhiemVu`.`B` IN (?,?,?,?,?,?,?,?,?)
prisma:query SELECT `main`.`HeThongSo`.`id`, `main`.`HeThongSo`.`ma`, `main`.`HeThongSo`.`ten`, `main`.`HeThongSo`.`loai`, `main`.`HeThongSo`.`lop`, `main`.`HeThongSo`.`moTa`, `main`.`HeThongSo`.`chuQuan`, `main`.`HeThongSo`.`trangThai`, `main`.`HeThongSo`.`namTrienKhai`, `main`.`HeThongSo`.`donViId`, `main`.`HeThongSo`.`createdAt`, `main`.`HeThongSo`.`updatedAt` FROM `main`.`HeThongSo` WHERE `main`.`HeThongSo`.`id` IN (?,?,?,?,?,?) LIMIT ? OFFSET ?
 GET /api/nhiem-vu 200 in 29ms (next.js: 16ms, application-code: 12ms)
 GET /api/he-thong 200 in 41ms (next.js: 6ms, application-code: 36ms)
prisma:query SELECT `main`.`NhiemVu`.`id`, `main`.`NhiemVu`.`ma`, `main`.`NhiemVu`.`ten`, `main`.`NhiemVu`.`moTa`, `main`.`NhiemVu`.`donViChuTriId`, `main`.`NhiemVu`.`uuTien`, `main`.`NhiemVu`.`thoiHan`, `main`.`NhiemVu`.`giaiDoan`, `main`.`NhiemVu`.`kpi`, `main`.`NhiemVu`.`nguonKiemChung`, `main`.`NhiemVu`.`trangThai`, `main`.`NhiemVu`.`tienDo`, `main`.`NhiemVu`.`lop`, `main`.`NhiemVu`.`phuongAnXuLy`, `main`.`NhiemVu`.`ghiChu`, `main`.`NhiemVu`.`createdAt`, `main`.`NhiemVu`.`updatedAt` FROM `main`.`NhiemVu` WHERE 1=1 ORDER BY `main`.`NhiemVu`.`uuTien` ASC, `main`.`NhiemVu`.`thoiHan` ASC LIMIT ? OFFSET ?
prisma:query SELECT `main`.`DonVi`.`id`, `main`.`DonVi`.`ten`, `main`.`DonVi`.`loai`, `main`.`DonVi`.`parentId`, `main`.`DonVi`.`createdAt` FROM `main`.`DonVi` WHERE `main`.`DonVi`.`id` IN (?,?,?) LIMIT ? OFFSET ?
prisma:query SELECT `main`.`_HeThongNhiemVu`.`B`, `main`.`_HeThongNhiemVu`.`A` FROM `main`.`_HeThongNhiemVu` WHERE `main`.`_HeThongNhiemVu`.`B` IN (?,?,?,?,?,?,?,?,?)
prisma:query SELECT `main`.`HeThongSo`.`id`, `main`.`HeThongSo`.`ma`, `main`.`HeThongSo`.`ten`, `main`.`HeThongSo`.`loai`, `main`.`HeThongSo`.`lop`, `main`.`HeThongSo`.`moTa`, `main`.`HeThongSo`.`chuQuan`, `main`.`HeThongSo`.`trangThai`, `main`.`HeThongSo`.`namTrienKhai`, `main`.`HeThongSo`.`donViId`, `main`.`HeThongSo`.`createdAt`, `main`.`HeThongSo`.`updatedAt` FROM `main`.`HeThongSo` WHERE `main`.`HeThongSo`.`id` IN (?,?,?,?,?,?) LIMIT ? OFFSET ?
 GET /api/nhiem-vu 200 in 30ms (next.js: 6ms, application-code: 24ms)
prisma:query SELECT `main`.`HeThongSo`.`id`, `main`.`HeThongSo`.`ma`, `main`.`HeThongSo`.`ten`, `main`.`HeThongSo`.`loai`, `main`.`HeThongSo`.`lop`, `main`.`HeThongSo`.`moTa`, `main`.`HeThongSo`.`chuQuan`, `main`.`HeThongSo`.`trangThai`, `main`.`HeThongSo`.`namTrienKhai`, `main`.`HeThongSo`.`donViId`, `main`.`HeThongSo`.`createdAt`, `main`.`HeThongSo`.`updatedAt` FROM `main`.`HeThongSo` WHERE 1=1 ORDER BY `main`.`HeThongSo`.`lop` ASC, `main`.`HeThongSo`.`ma` ASC LIMIT ? OFFSET ?
prisma:query SELECT `main`.`DonVi`.`id`, `main`.`DonVi`.`ten`, `main`.`DonVi`.`loai`, `main`.`DonVi`.`parentId`, `main`.`DonVi`.`createdAt` FROM `main`.`DonVi` WHERE `main`.`DonVi`.`id` IN (?,?,?,?) LIMIT ? OFFSET ?
prisma:query SELECT `main`.`_HeThongNhiemVu`.`A`, `main`.`_HeThongNhiemVu`.`B` FROM `main`.`_HeThongNhiemVu` WHERE `main`.`_HeThongNhiemVu`.`A` IN (?,?,?,?,?,?,?,?,?,?,?,?,?,?,?,?,?,?,?,?,?,?,?,?,?,?,?,?,?,?,?,?,?,?,?,?,?,?,?,?,?,?,?,?,?,?,?,?,?,?,?,?,?,?,?,?,?,?,?,?,?,?,?,?,?,?,?,?,?,?,?,?,?,?,?,?,?,?,?,?,?,?,?,?,?,?,?,?,?,?,?,?,?,?,?,?,?,?,?,?,?,?,?,?,?,?,?,?,?,?,?,?,?,?,?,?,?,?,?,?,?,?,?,?,?,?,?,?,?,?,?,?,?,?,?,?,?,?,?,?,?,?,?,?,?,?,?,?,?,?,?,?,?,?,?,?,?,?,?,?,?,?,?,?,?,?,?,?,?,?,?,?,?,?,?,?,?,?,?,?,?,?,?,?,?,?,?,?,?,?,?,?,?,?,?,?,?,?,?,?,?,?,?,?,?,?,?,?,?,?,?,?,?,?,?,?,?,?,?,?,?,?,?,?,?,?,?,?,?,?,?,?,?,?,?,?,?,?,?,?,?,?,?,?,?,?,?,?,?,?,?,?,?,?,?,?,?,?,?,?,?,?,?,?,?,?,?,?,?,?,?,?,?,?,?,?,?,?,?,?,?,?,?,?,?,?,?,?,?,?,?,?,?,?,?,?,?,?,?,?,?,?,?,?,?,?,?,?,?,?,?,?,?,?,?,?,?,?,?,?,?,?,?,?,?,?,?,?,?,?,?,?,?,?,?,?,?,?,?,?,?,?,?,?,?,?,?,?,?,?,?,?,?,?,?,?,?,?,?,?,?,?,?,?,?,?,?,?,?,?,?,?,?,?,?,?,?,?,?,?,?,?,?,?,?,?,?,?,?)
prisma:query SELECT `main`.`NhiemVu`.`id`, `main`.`NhiemVu`.`ma`, `main`.`NhiemVu`.`ten`, `main`.`NhiemVu`.`moTa`, `main`.`NhiemVu`.`donViChuTriId`, `main`.`NhiemVu`.`uuTien`, `main`.`NhiemVu`.`thoiHan`, `main`.`NhiemVu`.`giaiDoan`, `main`.`NhiemVu`.`kpi`, `main`.`NhiemVu`.`nguonKiemChung`, `main`.`NhiemVu`.`trangThai`, `main`.`NhiemVu`.`tienDo`, `main`.`NhiemVu`.`lop`, `main`.`NhiemVu`.`phuongAnXuLy`, `main`.`NhiemVu`.`ghiChu`, `main`.`NhiemVu`.`createdAt`, `main`.`NhiemVu`.`updatedAt` FROM `main`.`NhiemVu` WHERE `main`.`NhiemVu`.`id` IN (?,?,?,?,?,?) LIMIT ? OFFSET ?
 GET /api/he-thong 200 in 58ms (next.js: 19ms, application-code: 39ms)
