
> kts-vinhlong@0.1.0 dev
> next dev

▲ Next.js 16.3.5 (Turbopack)
- Local:         http://localhost:3000
- Network:       http://169.254.83.107:3000
- Environments: .env
✓ Ready in 8.1s
✓ Running next.config.ts took 306ms

 GET / 200 in 1682ms (next.js: 1022ms, application-code: 659ms)
 GET /kts/lo-trinh 200 in 368ms (next.js: 20ms, application-code: 348ms)
Warning: [antd: Spin] `tip` is deprecated. Please use `description` instead.
 GET /kts/so-do 200 in 127ms (next.js: 36ms, application-code: 91ms)
[browser] Warning: [antd: Spin] `tip` is deprecated. Please use `description` instead. 
prisma:query SELECT `main`.`NhiemVu`.`id`, `main`.`NhiemVu`.`ma`, `main`.`NhiemVu`.`ten`, `main`.`NhiemVu`.`moTa`, `main`.`NhiemVu`.`donViChuTriId`, `main`.`NhiemVu`.`uuTien`, `main`.`NhiemVu`.`thoiHan`, `main`.`NhiemVu`.`giaiDoan`, `main`.`NhiemVu`.`kpi`, `main`.`NhiemVu`.`nguonKiemChung`, `main`.`NhiemVu`.`trangThai`, `main`.`NhiemVu`.`tienDo`, `main`.`NhiemVu`.`lop`, `main`.`NhiemVu`.`phuongAnXuLy`, `main`.`NhiemVu`.`ghiChu`, `main`.`NhiemVu`.`createdAt`, `main`.`NhiemVu`.`updatedAt` FROM `main`.`NhiemVu` WHERE 1=1 ORDER BY `main`.`NhiemVu`.`uuTien` ASC, `main`.`NhiemVu`.`thoiHan` ASC LIMIT ? OFFSET ?
prisma:query SELECT `main`.`HeThongSo`.`id`, `main`.`HeThongSo`.`ma`, `main`.`HeThongSo`.`ten`, `main`.`HeThongSo`.`loai`, `main`.`HeThongSo`.`lop`, `main`.`HeThongSo`.`moTa`, `main`.`HeThongSo`.`chuQuan`, `main`.`HeThongSo`.`trangThai`, `main`.`HeThongSo`.`namTrienKhai`, `main`.`HeThongSo`.`donViId`, `main`.`HeThongSo`.`createdAt`, `main`.`HeThongSo`.`updatedAt` FROM `main`.`HeThongSo` WHERE 1=1 ORDER BY `main`.`HeThongSo`.`lop` ASC, `main`.`HeThongSo`.`ma` ASC LIMIT ? OFFSET ?
prisma:query SELECT `main`.`DonVi`.`id`, `main`.`DonVi`.`ten`, `main`.`DonVi`.`loai`, `main`.`DonVi`.`parentId`, `main`.`DonVi`.`createdAt` FROM `main`.`DonVi` WHERE `main`.`DonVi`.`id` IN (?,?,?) LIMIT ? OFFSET ?
prisma:query SELECT `main`.`_HeThongNhiemVu`.`B`, `main`.`_HeThongNhiemVu`.`A` FROM `main`.`_HeThongNhiemVu` WHERE `main`.`_HeThongNhiemVu`.`B` IN (?,?,?,?,?,?,?,?,?)
prisma:query SELECT `main`.`HeThongSo`.`id`, `main`.`HeThongSo`.`ma`, `main`.`HeThongSo`.`ten`, `main`.`HeThongSo`.`loai`, `main`.`HeThongSo`.`lop`, `main`.`HeThongSo`.`moTa`, `main`.`HeThongSo`.`chuQuan`, `main`.`HeThongSo`.`trangThai`, `main`.`HeThongSo`.`namTrienKhai`, `main`.`HeThongSo`.`donViId`, `main`.`HeThongSo`.`createdAt`, `main`.`HeThongSo`.`updatedAt` FROM `main`.`HeThongSo` WHERE `main`.`HeThongSo`.`id` IN (?,?,?,?,?,?) LIMIT ? OFFSET ?
prisma:query SELECT `main`.`DonVi`.`id`, `main`.`DonVi`.`ten`, `main`.`DonVi`.`loai`, `main`.`DonVi`.`parentId`, `main`.`DonVi`.`createdAt` FROM `main`.`DonVi` WHERE `main`.`DonVi`.`id` IN (?,?,?,?) LIMIT ? OFFSET ?
prisma:query SELECT `main`.`_HeThongNhiemVu`.`A`, `main`.`_HeThongNhiemVu`.`B` FROM `main`.`_HeThongNhiemVu` WHERE `main`.`_HeThongNhiemVu`.`A` IN (?,?,?,?,?,?,?,?,?,?,?,?,?,?,?,?,?,?,?,?,?,?,?,?,?,?,?,?,?,?,?,?,?,?,?,?,?,?,?,?,?,?,?,?,?,?,?,?,?,?,?,?,?,?,?,?,?,?,?,?,?,?,?,?,?,?,?,?,?,?,?,?,?,?,?,?,?,?,?,?,?,?,?,?,?,?,?,?,?,?,?,?,?,?,?,?,?,?,?,?,?,?,?,?,?,?,?,?,?,?,?,?,?,?,?,?,?,?,?,?,?,?,?,?,?,?,?,?,?,?,?,?,?,?,?,?,?,?,?,?,?,?,?,?,?,?,?,?,?,?,?,?,?,?,?,?,?,?,?,?,?,?,?,?,?,?,?,?,?,?,?,?,?,?,?,?,?,?,?,?,?,?,?,?,?,?,?,?,?,?,?,?,?,?,?,?,?,?,?,?,?,?,?,?,?,?,?,?,?,?,?,?,?,?,?,?,?,?,?,?,?,?,?,?,?,?,?,?,?,?,?,?,?,?,?,?,?,?,?,?,?,?,?,?,?,?,?,?,?,?,?,?,?,?,?,?,?,?,?,?,?,?,?,?,?,?,?,?,?,?,?,?,?,?,?,?,?,?,?,?,?,?,?,?,?,?,?,?,?,?,?,?,?,?,?,?,?,?,?,?,?,?,?,?,?,?,?,?,?,?,?,?,?,?,?,?,?,?,?,?,?,?,?,?,?,?,?,?,?,?,?,?,?,?,?,?,?,?,?,?,?,?,?,?,?,?,?,?,?,?,?,?,?,?,?,?,?,?,?,?,?,?,?,?,?,?,?,?,?,?,?,?,?,?,?,?,?,?,?,?,?,?,?,?,?,?,?,?,?)
prisma:query SELECT `main`.`NhiemVu`.`id`, `main`.`NhiemVu`.`ma`, `main`.`NhiemVu`.`ten`, `main`.`NhiemVu`.`moTa`, `main`.`NhiemVu`.`donViChuTriId`, `main`.`NhiemVu`.`uuTien`, `main`.`NhiemVu`.`thoiHan`, `main`.`NhiemVu`.`giaiDoan`, `main`.`NhiemVu`.`kpi`, `main`.`NhiemVu`.`nguonKiemChung`, `main`.`NhiemVu`.`trangThai`, `main`.`NhiemVu`.`tienDo`, `main`.`NhiemVu`.`lop`, `main`.`NhiemVu`.`phuongAnXuLy`, `main`.`NhiemVu`.`ghiChu`, `main`.`NhiemVu`.`createdAt`, `main`.`NhiemVu`.`updatedAt` FROM `main`.`NhiemVu` WHERE `main`.`NhiemVu`.`id` IN (?,?,?,?,?,?) LIMIT ? OFFSET ?
 GET /api/nhiem-vu 200 in 930ms (next.js: 878ms, application-code: 52ms)
 GET /api/he-thong 200 in 945ms (next.js: 237ms, application-code: 708ms)
prisma:query SELECT `main`.`NhiemVu`.`id`, `main`.`NhiemVu`.`ma`, `main`.`NhiemVu`.`ten`, `main`.`NhiemVu`.`moTa`, `main`.`NhiemVu`.`donViChuTriId`, `main`.`NhiemVu`.`uuTien`, `main`.`NhiemVu`.`thoiHan`, `main`.`NhiemVu`.`giaiDoan`, `main`.`NhiemVu`.`kpi`, `main`.`NhiemVu`.`nguonKiemChung`, `main`.`NhiemVu`.`trangThai`, `main`.`NhiemVu`.`tienDo`, `main`.`NhiemVu`.`lop`, `main`.`NhiemVu`.`phuongAnXuLy`, `main`.`NhiemVu`.`ghiChu`, `main`.`NhiemVu`.`createdAt`, `main`.`NhiemVu`.`updatedAt` FROM `main`.`NhiemVu` WHERE 1=1 ORDER BY `main`.`NhiemVu`.`uuTien` ASC, `main`.`NhiemVu`.`thoiHan` ASC LIMIT ? OFFSET ?
prisma:query SELECT `main`.`DonVi`.`id`, `main`.`DonVi`.`ten`, `main`.`DonVi`.`loai`, `main`.`DonVi`.`parentId`, `main`.`DonVi`.`createdAt` FROM `main`.`DonVi` WHERE `main`.`DonVi`.`id` IN (?,?,?) LIMIT ? OFFSET ?
prisma:query SELECT `main`.`_HeThongNhiemVu`.`B`, `main`.`_HeThongNhiemVu`.`A` FROM `main`.`_HeThongNhiemVu` WHERE `main`.`_HeThongNhiemVu`.`B` IN (?,?,?,?,?,?,?,?,?)
prisma:query SELECT `main`.`HeThongSo`.`id`, `main`.`HeThongSo`.`ma`, `main`.`HeThongSo`.`ten`, `main`.`HeThongSo`.`loai`, `main`.`HeThongSo`.`lop`, `main`.`HeThongSo`.`moTa`, `main`.`HeThongSo`.`chuQuan`, `main`.`HeThongSo`.`trangThai`, `main`.`HeThongSo`.`namTrienKhai`, `main`.`HeThongSo`.`donViId`, `main`.`HeThongSo`.`createdAt`, `main`.`HeThongSo`.`updatedAt` FROM `main`.`HeThongSo` WHERE `main`.`HeThongSo`.`id` IN (?,?,?,?,?,?) LIMIT ? OFFSET ?
 GET /api/nhiem-vu 200 in 32ms (next.js: 6ms, application-code: 26ms)
prisma:query SELECT `main`.`HeThongSo`.`id`, `main`.`HeThongSo`.`ma`, `main`.`HeThongSo`.`ten`, `main`.`HeThongSo`.`loai`, `main`.`HeThongSo`.`lop`, `main`.`HeThongSo`.`moTa`, `main`.`HeThongSo`.`chuQuan`, `main`.`HeThongSo`.`trangThai`, `main`.`HeThongSo`.`namTrienKhai`, `main`.`HeThongSo`.`donViId`, `main`.`HeThongSo`.`createdAt`, `main`.`HeThongSo`.`updatedAt` FROM `main`.`HeThongSo` WHERE 1=1 ORDER BY `main`.`HeThongSo`.`lop` ASC, `main`.`HeThongSo`.`ma` ASC LIMIT ? OFFSET ?
prisma:query SELECT `main`.`DonVi`.`id`, `main`.`DonVi`.`ten`, `main`.`DonVi`.`loai`, `main`.`DonVi`.`parentId`, `main`.`DonVi`.`createdAt` FROM `main`.`DonVi` WHERE `main`.`DonVi`.`id` IN (?,?,?,?) LIMIT ? OFFSET ?
prisma:query SELECT `main`.`_HeThongNhiemVu`.`A`, `main`.`_HeThongNhiemVu`.`B` FROM `main`.`_HeThongNhiemVu` WHERE `main`.`_HeThongNhiemVu`.`A` IN (?,?,?,?,?,?,?,?,?,?,?,?,?,?,?,?,?,?,?,?,?,?,?,?,?,?,?,?,?,?,?,?,?,?,?,?,?,?,?,?,?,?,?,?,?,?,?,?,?,?,?,?,?,?,?,?,?,?,?,?,?,?,?,?,?,?,?,?,?,?,?,?,?,?,?,?,?,?,?,?,?,?,?,?,?,?,?,?,?,?,?,?,?,?,?,?,?,?,?,?,?,?,?,?,?,?,?,?,?,?,?,?,?,?,?,?,?,?,?,?,?,?,?,?,?,?,?,?,?,?,?,?,?,?,?,?,?,?,?,?,?,?,?,?,?,?,?,?,?,?,?,?,?,?,?,?,?,?,?,?,?,?,?,?,?,?,?,?,?,?,?,?,?,?,?,?,?,?,?,?,?,?,?,?,?,?,?,?,?,?,?,?,?,?,?,?,?,?,?,?,?,?,?,?,?,?,?,?,?,?,?,?,?,?,?,?,?,?,?,?,?,?,?,?,?,?,?,?,?,?,?,?,?,?,?,?,?,?,?,?,?,?,?,?,?,?,?,?,?,?,?,?,?,?,?,?,?,?,?,?,?,?,?,?,?,?,?,?,?,?,?,?,?,?,?,?,?,?,?,?,?,?,?,?,?,?,?,?,?,?,?,?,?,?,?,?,?,?,?,?,?,?,?,?,?,?,?,?,?,?,?,?,?,?,?,?,?,?,?,?,?,?,?,?,?,?,?,?,?,?,?,?,?,?,?,?,?,?,?,?,?,?,?,?,?,?,?,?,?,?,?,?,?,?,?,?,?,?,?,?,?,?,?,?,?,?,?,?,?,?,?,?,?,?,?,?,?,?,?,?,?,?,?,?,?,?,?,?,?)
prisma:query SELECT `main`.`NhiemVu`.`id`, `main`.`NhiemVu`.`ma`, `main`.`NhiemVu`.`ten`, `main`.`NhiemVu`.`moTa`, `main`.`NhiemVu`.`donViChuTriId`, `main`.`NhiemVu`.`uuTien`, `main`.`NhiemVu`.`thoiHan`, `main`.`NhiemVu`.`giaiDoan`, `main`.`NhiemVu`.`kpi`, `main`.`NhiemVu`.`nguonKiemChung`, `main`.`NhiemVu`.`trangThai`, `main`.`NhiemVu`.`tienDo`, `main`.`NhiemVu`.`lop`, `main`.`NhiemVu`.`phuongAnXuLy`, `main`.`NhiemVu`.`ghiChu`, `main`.`NhiemVu`.`createdAt`, `main`.`NhiemVu`.`updatedAt` FROM `main`.`NhiemVu` WHERE `main`.`NhiemVu`.`id` IN (?,?,?,?,?,?) LIMIT ? OFFSET ?
 GET /api/he-thong 200 in 57ms (next.js: 17ms, application-code: 40ms)
 GET /kts/hien-trang 200 in 85ms (next.js: 41ms, application-code: 45ms)
prisma:query SELECT `main`.`HeThongSo`.`id`, `main`.`HeThongSo`.`ma`, `main`.`HeThongSo`.`ten`, `main`.`HeThongSo`.`loai`, `main`.`HeThongSo`.`lop`, `main`.`HeThongSo`.`moTa`, `main`.`HeThongSo`.`chuQuan`, `main`.`HeThongSo`.`trangThai`, `main`.`HeThongSo`.`namTrienKhai`, `main`.`HeThongSo`.`donViId`, `main`.`HeThongSo`.`createdAt`, `main`.`HeThongSo`.`updatedAt` FROM `main`.`HeThongSo` WHERE 1=1 ORDER BY `main`.`HeThongSo`.`lop` ASC, `main`.`HeThongSo`.`ma` ASC LIMIT ? OFFSET ?
prisma:query SELECT `main`.`DonVi`.`id`, `main`.`DonVi`.`ten`, `main`.`DonVi`.`loai`, `main`.`DonVi`.`parentId`, `main`.`DonVi`.`createdAt` FROM `main`.`DonVi` WHERE `main`.`DonVi`.`id` IN (?,?,?,?) LIMIT ? OFFSET ?
prisma:query SELECT `main`.`_HeThongNhiemVu`.`A`, `main`.`_HeThongNhiemVu`.`B` FROM `main`.`_HeThongNhiemVu` WHERE `main`.`_HeThongNhiemVu`.`A` IN (?,?,?,?,?,?,?,?,?,?,?,?,?,?,?,?,?,?,?,?,?,?,?,?,?,?,?,?,?,?,?,?,?,?,?,?,?,?,?,?,?,?,?,?,?,?,?,?,?,?,?,?,?,?,?,?,?,?,?,?,?,?,?,?,?,?,?,?,?,?,?,?,?,?,?,?,?,?,?,?,?,?,?,?,?,?,?,?,?,?,?,?,?,?,?,?,?,?,?,?,?,?,?,?,?,?,?,?,?,?,?,?,?,?,?,?,?,?,?,?,?,?,?,?,?,?,?,?,?,?,?,?,?,?,?,?,?,?,?,?,?,?,?,?,?,?,?,?,?,?,?,?,?,?,?,?,?,?,?,?,?,?,?,?,?,?,?,?,?,?,?,?,?,?,?,?,?,?,?,?,?,?,?,?,?,?,?,?,?,?,?,?,?,?,?,?,?,?,?,?,?,?,?,?,?,?,?,?,?,?,?,?,?,?,?,?,?,?,?,?,?,?,?,?,?,?,?,?,?,?,?,?,?,?,?,?,?,?,?,?,?,?,?,?,?,?,?,?,?,?,?,?,?,?,?,?,?,?,?,?,?,?,?,?,?,?,?,?,?,?,?,?,?,?,?,?,?,?,?,?,?,?,?,?,?,?,?,?,?,?,?,?,?,?,?,?,?,?,?,?,?,?,?,?,?,?,?,?,?,?,?,?,?,?,?,?,?,?,?,?,?,?,?,?,?,?,?,?,?,?,?,?,?,?,?,?,?,?,?,?,?,?,?,?,?,?,?,?,?,?,?,?,?,?,?,?,?,?,?,?,?,?,?,?,?,?,?,?,?,?,?,?,?,?,?,?,?,?,?,?,?,?,?,?,?,?,?,?,?)
prisma:query SELECT `main`.`NhiemVu`.`id`, `main`.`NhiemVu`.`ma`, `main`.`NhiemVu`.`ten`, `main`.`NhiemVu`.`moTa`, `main`.`NhiemVu`.`donViChuTriId`, `main`.`NhiemVu`.`uuTien`, `main`.`NhiemVu`.`thoiHan`, `main`.`NhiemVu`.`giaiDoan`, `main`.`NhiemVu`.`kpi`, `main`.`NhiemVu`.`nguonKiemChung`, `main`.`NhiemVu`.`trangThai`, `main`.`NhiemVu`.`tienDo`, `main`.`NhiemVu`.`lop`, `main`.`NhiemVu`.`phuongAnXuLy`, `main`.`NhiemVu`.`ghiChu`, `main`.`NhiemVu`.`createdAt`, `main`.`NhiemVu`.`updatedAt` FROM `main`.`NhiemVu` WHERE `main`.`NhiemVu`.`id` IN (?,?,?,?,?,?) LIMIT ? OFFSET ?
 GET /api/he-thong 200 in 66ms (next.js: 13ms, application-code: 53ms)
prisma:query SELECT `main`.`HeThongSo`.`id`, `main`.`HeThongSo`.`ma`, `main`.`HeThongSo`.`ten`, `main`.`HeThongSo`.`loai`, `main`.`HeThongSo`.`lop`, `main`.`HeThongSo`.`moTa`, `main`.`HeThongSo`.`chuQuan`, `main`.`HeThongSo`.`trangThai`, `main`.`HeThongSo`.`namTrienKhai`, `main`.`HeThongSo`.`donViId`, `main`.`HeThongSo`.`createdAt`, `main`.`HeThongSo`.`updatedAt` FROM `main`.`HeThongSo` WHERE 1=1 ORDER BY `main`.`HeThongSo`.`lop` ASC, `main`.`HeThongSo`.`ma` ASC LIMIT ? OFFSET ?
prisma:query SELECT `main`.`DonVi`.`id`, `main`.`DonVi`.`ten`, `main`.`DonVi`.`loai`, `main`.`DonVi`.`parentId`, `main`.`DonVi`.`createdAt` FROM `main`.`DonVi` WHERE `main`.`DonVi`.`id` IN (?,?,?,?) LIMIT ? OFFSET ?
prisma:query SELECT `main`.`_HeThongNhiemVu`.`A`, `main`.`_HeThongNhiemVu`.`B` FROM `main`.`_HeThongNhiemVu` WHERE `main`.`_HeThongNhiemVu`.`A` IN (?,?,?,?,?,?,?,?,?,?,?,?,?,?,?,?,?,?,?,?,?,?,?,?,?,?,?,?,?,?,?,?,?,?,?,?,?,?,?,?,?,?,?,?,?,?,?,?,?,?,?,?,?,?,?,?,?,?,?,?,?,?,?,?,?,?,?,?,?,?,?,?,?,?,?,?,?,?,?,?,?,?,?,?,?,?,?,?,?,?,?,?,?,?,?,?,?,?,?,?,?,?,?,?,?,?,?,?,?,?,?,?,?,?,?,?,?,?,?,?,?,?,?,?,?,?,?,?,?,?,?,?,?,?,?,?,?,?,?,?,?,?,?,?,?,?,?,?,?,?,?,?,?,?,?,?,?,?,?,?,?,?,?,?,?,?,?,?,?,?,?,?,?,?,?,?,?,?,?,?,?,?,?,?,?,?,?,?,?,?,?,?,?,?,?,?,?,?,?,?,?,?,?,?,?,?,?,?,?,?,?,?,?,?,?,?,?,?,?,?,?,?,?,?,?,?,?,?,?,?,?,?,?,?,?,?,?,?,?,?,?,?,?,?,?,?,?,?,?,?,?,?,?,?,?,?,?,?,?,?,?,?,?,?,?,?,?,?,?,?,?,?,?,?,?,?,?,?,?,?,?,?,?,?,?,?,?,?,?,?,?,?,?,?,?,?,?,?,?,?,?,?,?,?,?,?,?,?,?,?,?,?,?,?,?,?,?,?,?,?,?,?,?,?,?,?,?,?,?,?,?,?,?,?,?,?,?,?,?,?,?,?,?,?,?,?,?,?,?,?,?,?,?,?,?,?,?,?,?,?,?,?,?,?,?,?,?,?,?,?,?,?,?,?,?,?,?,?,?,?,?,?,?,?,?,?,?,?,?)
prisma:query SELECT `main`.`NhiemVu`.`id`, `main`.`NhiemVu`.`ma`, `main`.`NhiemVu`.`ten`, `main`.`NhiemVu`.`moTa`, `main`.`NhiemVu`.`donViChuTriId`, `main`.`NhiemVu`.`uuTien`, `main`.`NhiemVu`.`thoiHan`, `main`.`NhiemVu`.`giaiDoan`, `main`.`NhiemVu`.`kpi`, `main`.`NhiemVu`.`nguonKiemChung`, `main`.`NhiemVu`.`trangThai`, `main`.`NhiemVu`.`tienDo`, `main`.`NhiemVu`.`lop`, `main`.`NhiemVu`.`phuongAnXuLy`, `main`.`NhiemVu`.`ghiChu`, `main`.`NhiemVu`.`createdAt`, `main`.`NhiemVu`.`updatedAt` FROM `main`.`NhiemVu` WHERE `main`.`NhiemVu`.`id` IN (?,?,?,?,?,?) LIMIT ? OFFSET ?
 GET /api/he-thong 200 in 62ms (next.js: 7ms, application-code: 55ms)
[browser] Warning: [antd: Modal] `destroyOnClose` is deprecated. Please use `destroyOnHidden` instead. 
    at Array.forEach (<anonymous>) (<anonymous>)
 GET /kts/lo-trinh 200 in 41ms (next.js: 15ms, application-code: 26ms)
prisma:query SELECT `main`.`NhiemVu`.`id`, `main`.`NhiemVu`.`ma`, `main`.`NhiemVu`.`ten`, `main`.`NhiemVu`.`moTa`, `main`.`NhiemVu`.`donViChuTriId`, `main`.`NhiemVu`.`uuTien`, `main`.`NhiemVu`.`thoiHan`, `main`.`NhiemVu`.`giaiDoan`, `main`.`NhiemVu`.`kpi`, `main`.`NhiemVu`.`nguonKiemChung`, `main`.`NhiemVu`.`trangThai`, `main`.`NhiemVu`.`tienDo`, `main`.`NhiemVu`.`lop`, `main`.`NhiemVu`.`phuongAnXuLy`, `main`.`NhiemVu`.`ghiChu`, `main`.`NhiemVu`.`createdAt`, `main`.`NhiemVu`.`updatedAt` FROM `main`.`NhiemVu` WHERE 1=1 ORDER BY `main`.`NhiemVu`.`uuTien` ASC, `main`.`NhiemVu`.`thoiHan` ASC LIMIT ? OFFSET ?
prisma:query SELECT `main`.`DonVi`.`id`, `main`.`DonVi`.`ten`, `main`.`DonVi`.`loai`, `main`.`DonVi`.`parentId`, `main`.`DonVi`.`createdAt` FROM `main`.`DonVi` WHERE `main`.`DonVi`.`id` IN (?,?,?) LIMIT ? OFFSET ?
prisma:query SELECT `main`.`_HeThongNhiemVu`.`B`, `main`.`_HeThongNhiemVu`.`A` FROM `main`.`_HeThongNhiemVu` WHERE `main`.`_HeThongNhiemVu`.`B` IN (?,?,?,?,?,?,?,?,?)
prisma:query SELECT `main`.`HeThongSo`.`id`, `main`.`HeThongSo`.`ma`, `main`.`HeThongSo`.`ten`, `main`.`HeThongSo`.`loai`, `main`.`HeThongSo`.`lop`, `main`.`HeThongSo`.`moTa`, `main`.`HeThongSo`.`chuQuan`, `main`.`HeThongSo`.`trangThai`, `main`.`HeThongSo`.`namTrienKhai`, `main`.`HeThongSo`.`donViId`, `main`.`HeThongSo`.`createdAt`, `main`.`HeThongSo`.`updatedAt` FROM `main`.`HeThongSo` WHERE `main`.`HeThongSo`.`id` IN (?,?,?,?,?,?) LIMIT ? OFFSET ?
 GET /api/nhiem-vu 200 in 22ms (next.js: 7ms, application-code: 15ms)
prisma:query SELECT `main`.`NhiemVu`.`id`, `main`.`NhiemVu`.`ma`, `main`.`NhiemVu`.`ten`, `main`.`NhiemVu`.`moTa`, `main`.`NhiemVu`.`donViChuTriId`, `main`.`NhiemVu`.`uuTien`, `main`.`NhiemVu`.`thoiHan`, `main`.`NhiemVu`.`giaiDoan`, `main`.`NhiemVu`.`kpi`, `main`.`NhiemVu`.`nguonKiemChung`, `main`.`NhiemVu`.`trangThai`, `main`.`NhiemVu`.`tienDo`, `main`.`NhiemVu`.`lop`, `main`.`NhiemVu`.`phuongAnXuLy`, `main`.`NhiemVu`.`ghiChu`, `main`.`NhiemVu`.`createdAt`, `main`.`NhiemVu`.`updatedAt` FROM `main`.`NhiemVu` WHERE 1=1 ORDER BY `main`.`NhiemVu`.`uuTien` ASC, `main`.`NhiemVu`.`thoiHan` ASC LIMIT ? OFFSET ?
prisma:query SELECT `main`.`DonVi`.`id`, `main`.`DonVi`.`ten`, `main`.`DonVi`.`loai`, `main`.`DonVi`.`parentId`, `main`.`DonVi`.`createdAt` FROM `main`.`DonVi` WHERE `main`.`DonVi`.`id` IN (?,?,?) LIMIT ? OFFSET ?
prisma:query SELECT `main`.`_HeThongNhiemVu`.`B`, `main`.`_HeThongNhiemVu`.`A` FROM `main`.`_HeThongNhiemVu` WHERE `main`.`_HeThongNhiemVu`.`B` IN (?,?,?,?,?,?,?,?,?)
prisma:query SELECT `main`.`HeThongSo`.`id`, `main`.`HeThongSo`.`ma`, `main`.`HeThongSo`.`ten`, `main`.`HeThongSo`.`loai`, `main`.`HeThongSo`.`lop`, `main`.`HeThongSo`.`moTa`, `main`.`HeThongSo`.`chuQuan`, `main`.`HeThongSo`.`trangThai`, `main`.`HeThongSo`.`namTrienKhai`, `main`.`HeThongSo`.`donViId`, `main`.`HeThongSo`.`createdAt`, `main`.`HeThongSo`.`updatedAt` FROM `main`.`HeThongSo` WHERE `main`.`HeThongSo`.`id` IN (?,?,?,?,?,?) LIMIT ? OFFSET ?
 GET /api/nhiem-vu 200 in 19ms (next.js: 6ms, application-code: 13ms)
 GET /kts/so-do 200 in 41ms (next.js: 8ms, application-code: 34ms)
prisma:query SELECT `main`.`HeThongSo`.`id`, `main`.`HeThongSo`.`ma`, `main`.`HeThongSo`.`ten`, `main`.`HeThongSo`.`loai`, `main`.`HeThongSo`.`lop`, `main`.`HeThongSo`.`moTa`, `main`.`HeThongSo`.`chuQuan`, `main`.`HeThongSo`.`trangThai`, `main`.`HeThongSo`.`namTrienKhai`, `main`.`HeThongSo`.`donViId`, `main`.`HeThongSo`.`createdAt`, `main`.`HeThongSo`.`updatedAt` FROM `main`.`HeThongSo` WHERE 1=1 ORDER BY `main`.`HeThongSo`.`lop` ASC, `main`.`HeThongSo`.`ma` ASC LIMIT ? OFFSET ?
prisma:query SELECT `main`.`DonVi`.`id`, `main`.`DonVi`.`ten`, `main`.`DonVi`.`loai`, `main`.`DonVi`.`parentId`, `main`.`DonVi`.`createdAt` FROM `main`.`DonVi` WHERE `main`.`DonVi`.`id` IN (?,?,?,?) LIMIT ? OFFSET ?
prisma:query SELECT `main`.`_HeThongNhiemVu`.`A`, `main`.`_HeThongNhiemVu`.`B` FROM `main`.`_HeThongNhiemVu` WHERE `main`.`_HeThongNhiemVu`.`A` IN (?,?,?,?,?,?,?,?,?,?,?,?,?,?,?,?,?,?,?,?,?,?,?,?,?,?,?,?,?,?,?,?,?,?,?,?,?,?,?,?,?,?,?,?,?,?,?,?,?,?,?,?,?,?,?,?,?,?,?,?,?,?,?,?,?,?,?,?,?,?,?,?,?,?,?,?,?,?,?,?,?,?,?,?,?,?,?,?,?,?,?,?,?,?,?,?,?,?,?,?,?,?,?,?,?,?,?,?,?,?,?,?,?,?,?,?,?,?,?,?,?,?,?,?,?,?,?,?,?,?,?,?,?,?,?,?,?,?,?,?,?,?,?,?,?,?,?,?,?,?,?,?,?,?,?,?,?,?,?,?,?,?,?,?,?,?,?,?,?,?,?,?,?,?,?,?,?,?,?,?,?,?,?,?,?,?,?,?,?,?,?,?,?,?,?,?,?,?,?,?,?,?,?,?,?,?,?,?,?,?,?,?,?,?,?,?,?,?,?,?,?,?,?,?,?,?,?,?,?,?,?,?,?,?,?,?,?,?,?,?,?,?,?,?,?,?,?,?,?,?,?,?,?,?,?,?,?,?,?,?,?,?,?,?,?,?,?,?,?,?,?,?,?,?,?,?,?,?,?,?,?,?,?,?,?,?,?,?,?,?,?,?,?,?,?,?,?,?,?,?,?,?,?,?,?,?,?,?,?,?,?,?,?,?,?,?,?,?,?,?,?,?,?,?,?,?,?,?,?,?,?,?,?,?,?,?,?,?,?,?,?,?,?,?,?,?,?,?,?,?,?,?,?,?,?,?,?,?,?,?,?,?,?,?,?,?,?,?,?,?,?,?,?,?,?,?,?,?,?,?,?,?,?,?,?,?,?,?,?)
prisma:query SELECT `main`.`NhiemVu`.`id`, `main`.`NhiemVu`.`ma`, `main`.`NhiemVu`.`ten`, `main`.`NhiemVu`.`moTa`, `main`.`NhiemVu`.`donViChuTriId`, `main`.`NhiemVu`.`uuTien`, `main`.`NhiemVu`.`thoiHan`, `main`.`NhiemVu`.`giaiDoan`, `main`.`NhiemVu`.`kpi`, `main`.`NhiemVu`.`nguonKiemChung`, `main`.`NhiemVu`.`trangThai`, `main`.`NhiemVu`.`tienDo`, `main`.`NhiemVu`.`lop`, `main`.`NhiemVu`.`phuongAnXuLy`, `main`.`NhiemVu`.`ghiChu`, `main`.`NhiemVu`.`createdAt`, `main`.`NhiemVu`.`updatedAt` FROM `main`.`NhiemVu` WHERE `main`.`NhiemVu`.`id` IN (?,?,?,?,?,?) LIMIT ? OFFSET ?
prisma:query SELECT `main`.`NhiemVu`.`id`, `main`.`NhiemVu`.`ma`, `main`.`NhiemVu`.`ten`, `main`.`NhiemVu`.`moTa`, `main`.`NhiemVu`.`donViChuTriId`, `main`.`NhiemVu`.`uuTien`, `main`.`NhiemVu`.`thoiHan`, `main`.`NhiemVu`.`giaiDoan`, `main`.`NhiemVu`.`kpi`, `main`.`NhiemVu`.`nguonKiemChung`, `main`.`NhiemVu`.`trangThai`, `main`.`NhiemVu`.`tienDo`, `main`.`NhiemVu`.`lop`, `main`.`NhiemVu`.`phuongAnXuLy`, `main`.`NhiemVu`.`ghiChu`, `main`.`NhiemVu`.`createdAt`, `main`.`NhiemVu`.`updatedAt` FROM `main`.`NhiemVu` WHERE 1=1 ORDER BY `main`.`NhiemVu`.`uuTien` ASC, `main`.`NhiemVu`.`thoiHan` ASC LIMIT ? OFFSET ?
prisma:query SELECT `main`.`DonVi`.`id`, `main`.`DonVi`.`ten`, `main`.`DonVi`.`loai`, `main`.`DonVi`.`parentId`, `main`.`DonVi`.`createdAt` FROM `main`.`DonVi` WHERE `main`.`DonVi`.`id` IN (?,?,?) LIMIT ? OFFSET ?
prisma:query SELECT `main`.`_HeThongNhiemVu`.`B`, `main`.`_HeThongNhiemVu`.`A` FROM `main`.`_HeThongNhiemVu` WHERE `main`.`_HeThongNhiemVu`.`B` IN (?,?,?,?,?,?,?,?,?)
prisma:query SELECT `main`.`HeThongSo`.`id`, `main`.`HeThongSo`.`ma`, `main`.`HeThongSo`.`ten`, `main`.`HeThongSo`.`loai`, `main`.`HeThongSo`.`lop`, `main`.`HeThongSo`.`moTa`, `main`.`HeThongSo`.`chuQuan`, `main`.`HeThongSo`.`trangThai`, `main`.`HeThongSo`.`namTrienKhai`, `main`.`HeThongSo`.`donViId`, `main`.`HeThongSo`.`createdAt`, `main`.`HeThongSo`.`updatedAt` FROM `main`.`HeThongSo` WHERE `main`.`HeThongSo`.`id` IN (?,?,?,?,?,?) LIMIT ? OFFSET ?
 GET /api/nhiem-vu 200 in 32ms (next.js: 19ms, application-code: 13ms)
 GET /api/he-thong 200 in 44ms (next.js: 9ms, application-code: 35ms)
prisma:query SELECT `main`.`NhiemVu`.`id`, `main`.`NhiemVu`.`ma`, `main`.`NhiemVu`.`ten`, `main`.`NhiemVu`.`moTa`, `main`.`NhiemVu`.`donViChuTriId`, `main`.`NhiemVu`.`uuTien`, `main`.`NhiemVu`.`thoiHan`, `main`.`NhiemVu`.`giaiDoan`, `main`.`NhiemVu`.`kpi`, `main`.`NhiemVu`.`nguonKiemChung`, `main`.`NhiemVu`.`trangThai`, `main`.`NhiemVu`.`tienDo`, `main`.`NhiemVu`.`lop`, `main`.`NhiemVu`.`phuongAnXuLy`, `main`.`NhiemVu`.`ghiChu`, `main`.`NhiemVu`.`createdAt`, `main`.`NhiemVu`.`updatedAt` FROM `main`.`NhiemVu` WHERE 1=1 ORDER BY `main`.`NhiemVu`.`uuTien` ASC, `main`.`NhiemVu`.`thoiHan` ASC LIMIT ? OFFSET ?
prisma:query SELECT `main`.`DonVi`.`id`, `main`.`DonVi`.`ten`, `main`.`DonVi`.`loai`, `main`.`DonVi`.`parentId`, `main`.`DonVi`.`createdAt` FROM `main`.`DonVi` WHERE `main`.`DonVi`.`id` IN (?,?,?) LIMIT ? OFFSET ?
prisma:query SELECT `main`.`_HeThongNhiemVu`.`B`, `main`.`_HeThongNhiemVu`.`A` FROM `main`.`_HeThongNhiemVu` WHERE `main`.`_HeThongNhiemVu`.`B` IN (?,?,?,?,?,?,?,?,?)
prisma:query SELECT `main`.`HeThongSo`.`id`, `main`.`HeThongSo`.`ma`, `main`.`HeThongSo`.`ten`, `main`.`HeThongSo`.`loai`, `main`.`HeThongSo`.`lop`, `main`.`HeThongSo`.`moTa`, `main`.`HeThongSo`.`chuQuan`, `main`.`HeThongSo`.`trangThai`, `main`.`HeThongSo`.`namTrienKhai`, `main`.`HeThongSo`.`donViId`, `main`.`HeThongSo`.`createdAt`, `main`.`HeThongSo`.`updatedAt` FROM `main`.`HeThongSo` WHERE `main`.`HeThongSo`.`id` IN (?,?,?,?,?,?) LIMIT ? OFFSET ?
 GET /api/nhiem-vu 200 in 25ms (next.js: 6ms, application-code: 19ms)
prisma:query SELECT `main`.`HeThongSo`.`id`, `main`.`HeThongSo`.`ma`, `main`.`HeThongSo`.`ten`, `main`.`HeThongSo`.`loai`, `main`.`HeThongSo`.`lop`, `main`.`HeThongSo`.`moTa`, `main`.`HeThongSo`.`chuQuan`, `main`.`HeThongSo`.`trangThai`, `main`.`HeThongSo`.`namTrienKhai`, `main`.`HeThongSo`.`donViId`, `main`.`HeThongSo`.`createdAt`, `main`.`HeThongSo`.`updatedAt` FROM `main`.`HeThongSo` WHERE 1=1 ORDER BY `main`.`HeThongSo`.`lop` ASC, `main`.`HeThongSo`.`ma` ASC LIMIT ? OFFSET ?
prisma:query SELECT `main`.`DonVi`.`id`, `main`.`DonVi`.`ten`, `main`.`DonVi`.`loai`, `main`.`DonVi`.`parentId`, `main`.`DonVi`.`createdAt` FROM `main`.`DonVi` WHERE `main`.`DonVi`.`id` IN (?,?,?,?) LIMIT ? OFFSET ?
prisma:query SELECT `main`.`_HeThongNhiemVu`.`A`, `main`.`_HeThongNhiemVu`.`B` FROM `main`.`_HeThongNhiemVu` WHERE `main`.`_HeThongNhiemVu`.`A` IN (?,?,?,?,?,?,?,?,?,?,?,?,?,?,?,?,?,?,?,?,?,?,?,?,?,?,?,?,?,?,?,?,?,?,?,?,?,?,?,?,?,?,?,?,?,?,?,?,?,?,?,?,?,?,?,?,?,?,?,?,?,?,?,?,?,?,?,?,?,?,?,?,?,?,?,?,?,?,?,?,?,?,?,?,?,?,?,?,?,?,?,?,?,?,?,?,?,?,?,?,?,?,?,?,?,?,?,?,?,?,?,?,?,?,?,?,?,?,?,?,?,?,?,?,?,?,?,?,?,?,?,?,?,?,?,?,?,?,?,?,?,?,?,?,?,?,?,?,?,?,?,?,?,?,?,?,?,?,?,?,?,?,?,?,?,?,?,?,?,?,?,?,?,?,?,?,?,?,?,?,?,?,?,?,?,?,?,?,?,?,?,?,?,?,?,?,?,?,?,?,?,?,?,?,?,?,?,?,?,?,?,?,?,?,?,?,?,?,?,?,?,?,?,?,?,?,?,?,?,?,?,?,?,?,?,?,?,?,?,?,?,?,?,?,?,?,?,?,?,?,?,?,?,?,?,?,?,?,?,?,?,?,?,?,?,?,?,?,?,?,?,?,?,?,?,?,?,?,?,?,?,?,?,?,?,?,?,?,?,?,?,?,?,?,?,?,?,?,?,?,?,?,?,?,?,?,?,?,?,?,?,?,?,?,?,?,?,?,?,?,?,?,?,?,?,?,?,?,?,?,?,?,?,?,?,?,?,?,?,?,?,?,?,?,?,?,?,?,?,?,?,?,?,?,?,?,?,?,?,?,?,?,?,?,?,?,?,?,?,?,?,?,?,?,?,?,?,?,?,?,?,?,?,?,?,?,?,?,?)
prisma:query SELECT `main`.`NhiemVu`.`id`, `main`.`NhiemVu`.`ma`, `main`.`NhiemVu`.`ten`, `main`.`NhiemVu`.`moTa`, `main`.`NhiemVu`.`donViChuTriId`, `main`.`NhiemVu`.`uuTien`, `main`.`NhiemVu`.`thoiHan`, `main`.`NhiemVu`.`giaiDoan`, `main`.`NhiemVu`.`kpi`, `main`.`NhiemVu`.`nguonKiemChung`, `main`.`NhiemVu`.`trangThai`, `main`.`NhiemVu`.`tienDo`, `main`.`NhiemVu`.`lop`, `main`.`NhiemVu`.`phuongAnXuLy`, `main`.`NhiemVu`.`ghiChu`, `main`.`NhiemVu`.`createdAt`, `main`.`NhiemVu`.`updatedAt` FROM `main`.`NhiemVu` WHERE `main`.`NhiemVu`.`id` IN (?,?,?,?,?,?) LIMIT ? OFFSET ?
 GET /api/he-thong 200 in 56ms (next.js: 15ms, application-code: 41ms)
 GET /kts/lo-trinh 200 in 44ms (next.js: 11ms, application-code: 33ms)
prisma:query SELECT 1
prisma:query SELECT `main`.`NhiemVu`.`id`, `main`.`NhiemVu`.`ma`, `main`.`NhiemVu`.`ten`, `main`.`NhiemVu`.`moTa`, `main`.`NhiemVu`.`donViChuTriId`, `main`.`NhiemVu`.`uuTien`, `main`.`NhiemVu`.`thoiHan`, `main`.`NhiemVu`.`giaiDoan`, `main`.`NhiemVu`.`kpi`, `main`.`NhiemVu`.`nguonKiemChung`, `main`.`NhiemVu`.`trangThai`, `main`.`NhiemVu`.`tienDo`, `main`.`NhiemVu`.`lop`, `main`.`NhiemVu`.`phuongAnXuLy`, `main`.`NhiemVu`.`ghiChu`, `main`.`NhiemVu`.`createdAt`, `main`.`NhiemVu`.`updatedAt` FROM `main`.`NhiemVu` WHERE 1=1 ORDER BY `main`.`NhiemVu`.`uuTien` ASC, `main`.`NhiemVu`.`thoiHan` ASC LIMIT ? OFFSET ?
prisma:query SELECT `main`.`DonVi`.`id`, `main`.`DonVi`.`ten`, `main`.`DonVi`.`loai`, `main`.`DonVi`.`parentId`, `main`.`DonVi`.`createdAt` FROM `main`.`DonVi` WHERE `main`.`DonVi`.`id` IN (?,?,?) LIMIT ? OFFSET ?
prisma:query SELECT `main`.`_HeThongNhiemVu`.`B`, `main`.`_HeThongNhiemVu`.`A` FROM `main`.`_HeThongNhiemVu` WHERE `main`.`_HeThongNhiemVu`.`B` IN (?,?,?,?,?,?,?,?,?)
prisma:query SELECT `main`.`HeThongSo`.`id`, `main`.`HeThongSo`.`ma`, `main`.`HeThongSo`.`ten`, `main`.`HeThongSo`.`loai`, `main`.`HeThongSo`.`lop`, `main`.`HeThongSo`.`moTa`, `main`.`HeThongSo`.`chuQuan`, `main`.`HeThongSo`.`trangThai`, `main`.`HeThongSo`.`namTrienKhai`, `main`.`HeThongSo`.`donViId`, `main`.`HeThongSo`.`createdAt`, `main`.`HeThongSo`.`updatedAt` FROM `main`.`HeThongSo` WHERE `main`.`HeThongSo`.`id` IN (?,?,?,?,?,?) LIMIT ? OFFSET ?
 GET /api/nhiem-vu 200 in 22ms (next.js: 6ms, application-code: 16ms)
prisma:query SELECT `main`.`NhiemVu`.`id`, `main`.`NhiemVu`.`ma`, `main`.`NhiemVu`.`ten`, `main`.`NhiemVu`.`moTa`, `main`.`NhiemVu`.`donViChuTriId`, `main`.`NhiemVu`.`uuTien`, `main`.`NhiemVu`.`thoiHan`, `main`.`NhiemVu`.`giaiDoan`, `main`.`NhiemVu`.`kpi`, `main`.`NhiemVu`.`nguonKiemChung`, `main`.`NhiemVu`.`trangThai`, `main`.`NhiemVu`.`tienDo`, `main`.`NhiemVu`.`lop`, `main`.`NhiemVu`.`phuongAnXuLy`, `main`.`NhiemVu`.`ghiChu`, `main`.`NhiemVu`.`createdAt`, `main`.`NhiemVu`.`updatedAt` FROM `main`.`NhiemVu` WHERE 1=1 ORDER BY `main`.`NhiemVu`.`uuTien` ASC, `main`.`NhiemVu`.`thoiHan` ASC LIMIT ? OFFSET ?
prisma:query SELECT `main`.`DonVi`.`id`, `main`.`DonVi`.`ten`, `main`.`DonVi`.`loai`, `main`.`DonVi`.`parentId`, `main`.`DonVi`.`createdAt` FROM `main`.`DonVi` WHERE `main`.`DonVi`.`id` IN (?,?,?) LIMIT ? OFFSET ?
prisma:query SELECT `main`.`_HeThongNhiemVu`.`B`, `main`.`_HeThongNhiemVu`.`A` FROM `main`.`_HeThongNhiemVu` WHERE `main`.`_HeThongNhiemVu`.`B` IN (?,?,?,?,?,?,?,?,?)
prisma:query SELECT `main`.`HeThongSo`.`id`, `main`.`HeThongSo`.`ma`, `main`.`HeThongSo`.`ten`, `main`.`HeThongSo`.`loai`, `main`.`HeThongSo`.`lop`, `main`.`HeThongSo`.`moTa`, `main`.`HeThongSo`.`chuQuan`, `main`.`HeThongSo`.`trangThai`, `main`.`HeThongSo`.`namTrienKhai`, `main`.`HeThongSo`.`donViId`, `main`.`HeThongSo`.`createdAt`, `main`.`HeThongSo`.`updatedAt` FROM `main`.`HeThongSo` WHERE `main`.`HeThongSo`.`id` IN (?,?,?,?,?,?) LIMIT ? OFFSET ?
 GET /api/nhiem-vu 200 in 22ms (next.js: 6ms, application-code: 16ms)
 GET /kts/hien-trang 200 in 36ms (next.js: 9ms, application-code: 28ms)
 GET /kts/hien-trang 200 in 32ms (next.js: 8ms, application-code: 24ms)
 GET /kts/hien-trang 200 in 23ms (next.js: 7ms, application-code: 17ms)
 GET /kts/hien-trang 200 in 28ms (next.js: 6ms, application-code: 21ms)
 GET /kts/hien-trang 200 in 31ms (next.js: 9ms, application-code: 22ms)
 GET /kts/hien-trang 200 in 29ms (next.js: 7ms, application-code: 23ms)
 GET /kts/so-do 200 in 30ms (next.js: 8ms, application-code: 23ms)
prisma:query SELECT 1
prisma:query SELECT `main`.`NhiemVu`.`id`, `main`.`NhiemVu`.`ma`, `main`.`NhiemVu`.`ten`, `main`.`NhiemVu`.`moTa`, `main`.`NhiemVu`.`donViChuTriId`, `main`.`NhiemVu`.`uuTien`, `main`.`NhiemVu`.`thoiHan`, `main`.`NhiemVu`.`giaiDoan`, `main`.`NhiemVu`.`kpi`, `main`.`NhiemVu`.`nguonKiemChung`, `main`.`NhiemVu`.`trangThai`, `main`.`NhiemVu`.`tienDo`, `main`.`NhiemVu`.`lop`, `main`.`NhiemVu`.`phuongAnXuLy`, `main`.`NhiemVu`.`ghiChu`, `main`.`NhiemVu`.`createdAt`, `main`.`NhiemVu`.`updatedAt` FROM `main`.`NhiemVu` WHERE 1=1 ORDER BY `main`.`NhiemVu`.`uuTien` ASC, `main`.`NhiemVu`.`thoiHan` ASC LIMIT ? OFFSET ?
prisma:query SELECT `main`.`DonVi`.`id`, `main`.`DonVi`.`ten`, `main`.`DonVi`.`loai`, `main`.`DonVi`.`parentId`, `main`.`DonVi`.`createdAt` FROM `main`.`DonVi` WHERE `main`.`DonVi`.`id` IN (?,?,?) LIMIT ? OFFSET ?
prisma:query SELECT `main`.`_HeThongNhiemVu`.`B`, `main`.`_HeThongNhiemVu`.`A` FROM `main`.`_HeThongNhiemVu` WHERE `main`.`_HeThongNhiemVu`.`B` IN (?,?,?,?,?,?,?,?,?)
prisma:query SELECT `main`.`HeThongSo`.`id`, `main`.`HeThongSo`.`ma`, `main`.`HeThongSo`.`ten`, `main`.`HeThongSo`.`loai`, `main`.`HeThongSo`.`lop`, `main`.`HeThongSo`.`moTa`, `main`.`HeThongSo`.`chuQuan`, `main`.`HeThongSo`.`trangThai`, `main`.`HeThongSo`.`namTrienKhai`, `main`.`HeThongSo`.`donViId`, `main`.`HeThongSo`.`createdAt`, `main`.`HeThongSo`.`updatedAt` FROM `main`.`HeThongSo` WHERE `main`.`HeThongSo`.`id` IN (?,?,?,?,?,?) LIMIT ? OFFSET ?
 GET /api/nhiem-vu 200 in 63ms (next.js: 8ms, application-code: 55ms)
prisma:query SELECT `main`.`HeThongSo`.`id`, `main`.`HeThongSo`.`ma`, `main`.`HeThongSo`.`ten`, `main`.`HeThongSo`.`loai`, `main`.`HeThongSo`.`lop`, `main`.`HeThongSo`.`moTa`, `main`.`HeThongSo`.`chuQuan`, `main`.`HeThongSo`.`trangThai`, `main`.`HeThongSo`.`namTrienKhai`, `main`.`HeThongSo`.`donViId`, `main`.`HeThongSo`.`createdAt`, `main`.`HeThongSo`.`updatedAt` FROM `main`.`HeThongSo` WHERE 1=1 ORDER BY `main`.`HeThongSo`.`lop` ASC, `main`.`HeThongSo`.`ma` ASC LIMIT ? OFFSET ?
prisma:query SELECT `main`.`DonVi`.`id`, `main`.`DonVi`.`ten`, `main`.`DonVi`.`loai`, `main`.`DonVi`.`parentId`, `main`.`DonVi`.`createdAt` FROM `main`.`DonVi` WHERE `main`.`DonVi`.`id` IN (?,?,?,?) LIMIT ? OFFSET ?
prisma:query SELECT `main`.`_HeThongNhiemVu`.`A`, `main`.`_HeThongNhiemVu`.`B` FROM `main`.`_HeThongNhiemVu` WHERE `main`.`_HeThongNhiemVu`.`A` IN (?,?,?,?,?,?,?,?,?,?,?,?,?,?,?,?,?,?,?,?,?,?,?,?,?,?,?,?,?,?,?,?,?,?,?,?,?,?,?,?,?,?,?,?,?,?,?,?,?,?,?,?,?,?,?,?,?,?,?,?,?,?,?,?,?,?,?,?,?,?,?,?,?,?,?,?,?,?,?,?,?,?,?,?,?,?,?,?,?,?,?,?,?,?,?,?,?,?,?,?,?,?,?,?,?,?,?,?,?,?,?,?,?,?,?,?,?,?,?,?,?,?,?,?,?,?,?,?,?,?,?,?,?,?,?,?,?,?,?,?,?,?,?,?,?,?,?,?,?,?,?,?,?,?,?,?,?,?,?,?,?,?,?,?,?,?,?,?,?,?,?,?,?,?,?,?,?,?,?,?,?,?,?,?,?,?,?,?,?,?,?,?,?,?,?,?,?,?,?,?,?,?,?,?,?,?,?,?,?,?,?,?,?,?,?,?,?,?,?,?,?,?,?,?,?,?,?,?,?,?,?,?,?,?,?,?,?,?,?,?,?,?,?,?,?,?,?,?,?,?,?,?,?,?,?,?,?,?,?,?,?,?,?,?,?,?,?,?,?,?,?,?,?,?,?,?,?,?,?,?,?,?,?,?,?,?,?,?,?,?,?,?,?,?,?,?,?,?,?,?,?,?,?,?,?,?,?,?,?,?,?,?,?,?,?,?,?,?,?,?,?,?,?,?,?,?,?,?,?,?,?,?,?,?,?,?,?,?,?,?,?,?,?,?,?,?,?,?,?,?,?,?,?,?,?,?,?,?,?,?,?,?,?,?,?,?,?,?,?,?,?,?,?,?,?,?,?,?,?,?,?,?,?,?,?,?,?,?,?)
prisma:query SELECT `main`.`NhiemVu`.`id`, `main`.`NhiemVu`.`ma`, `main`.`NhiemVu`.`ten`, `main`.`NhiemVu`.`moTa`, `main`.`NhiemVu`.`donViChuTriId`, `main`.`NhiemVu`.`uuTien`, `main`.`NhiemVu`.`thoiHan`, `main`.`NhiemVu`.`giaiDoan`, `main`.`NhiemVu`.`kpi`, `main`.`NhiemVu`.`nguonKiemChung`, `main`.`NhiemVu`.`trangThai`, `main`.`NhiemVu`.`tienDo`, `main`.`NhiemVu`.`lop`, `main`.`NhiemVu`.`phuongAnXuLy`, `main`.`NhiemVu`.`ghiChu`, `main`.`NhiemVu`.`createdAt`, `main`.`NhiemVu`.`updatedAt` FROM `main`.`NhiemVu` WHERE `main`.`NhiemVu`.`id` IN (?,?,?,?,?,?) LIMIT ? OFFSET ?
 GET /api/he-thong 200 in 103ms (next.js: 21ms, application-code: 81ms)
prisma:query SELECT `main`.`NhiemVu`.`id`, `main`.`NhiemVu`.`ma`, `main`.`NhiemVu`.`ten`, `main`.`NhiemVu`.`moTa`, `main`.`NhiemVu`.`donViChuTriId`, `main`.`NhiemVu`.`uuTien`, `main`.`NhiemVu`.`thoiHan`, `main`.`NhiemVu`.`giaiDoan`, `main`.`NhiemVu`.`kpi`, `main`.`NhiemVu`.`nguonKiemChung`, `main`.`NhiemVu`.`trangThai`, `main`.`NhiemVu`.`tienDo`, `main`.`NhiemVu`.`lop`, `main`.`NhiemVu`.`phuongAnXuLy`, `main`.`NhiemVu`.`ghiChu`, `main`.`NhiemVu`.`createdAt`, `main`.`NhiemVu`.`updatedAt` FROM `main`.`NhiemVu` WHERE 1=1 ORDER BY `main`.`NhiemVu`.`uuTien` ASC, `main`.`NhiemVu`.`thoiHan` ASC LIMIT ? OFFSET ?
prisma:query SELECT `main`.`DonVi`.`id`, `main`.`DonVi`.`ten`, `main`.`DonVi`.`loai`, `main`.`DonVi`.`parentId`, `main`.`DonVi`.`createdAt` FROM `main`.`DonVi` WHERE `main`.`DonVi`.`id` IN (?,?,?) LIMIT ? OFFSET ?
prisma:query SELECT `main`.`_HeThongNhiemVu`.`B`, `main`.`_HeThongNhiemVu`.`A` FROM `main`.`_HeThongNhiemVu` WHERE `main`.`_HeThongNhiemVu`.`B` IN (?,?,?,?,?,?,?,?,?)
prisma:query SELECT `main`.`HeThongSo`.`id`, `main`.`HeThongSo`.`ma`, `main`.`HeThongSo`.`ten`, `main`.`HeThongSo`.`loai`, `main`.`HeThongSo`.`lop`, `main`.`HeThongSo`.`moTa`, `main`.`HeThongSo`.`chuQuan`, `main`.`HeThongSo`.`trangThai`, `main`.`HeThongSo`.`namTrienKhai`, `main`.`HeThongSo`.`donViId`, `main`.`HeThongSo`.`createdAt`, `main`.`HeThongSo`.`updatedAt` FROM `main`.`HeThongSo` WHERE `main`.`HeThongSo`.`id` IN (?,?,?,?,?,?) LIMIT ? OFFSET ?
 GET /api/nhiem-vu 200 in 41ms (next.js: 6ms, application-code: 35ms)
prisma:query SELECT `main`.`HeThongSo`.`id`, `main`.`HeThongSo`.`ma`, `main`.`HeThongSo`.`ten`, `main`.`HeThongSo`.`loai`, `main`.`HeThongSo`.`lop`, `main`.`HeThongSo`.`moTa`, `main`.`HeThongSo`.`chuQuan`, `main`.`HeThongSo`.`trangThai`, `main`.`HeThongSo`.`namTrienKhai`, `main`.`HeThongSo`.`donViId`, `main`.`HeThongSo`.`createdAt`, `main`.`HeThongSo`.`updatedAt` FROM `main`.`HeThongSo` WHERE 1=1 ORDER BY `main`.`HeThongSo`.`lop` ASC, `main`.`HeThongSo`.`ma` ASC LIMIT ? OFFSET ?
prisma:query SELECT `main`.`DonVi`.`id`, `main`.`DonVi`.`ten`, `main`.`DonVi`.`loai`, `main`.`DonVi`.`parentId`, `main`.`DonVi`.`createdAt` FROM `main`.`DonVi` WHERE `main`.`DonVi`.`id` IN (?,?,?,?) LIMIT ? OFFSET ?
prisma:query SELECT `main`.`_HeThongNhiemVu`.`A`, `main`.`_HeThongNhiemVu`.`B` FROM `main`.`_HeThongNhiemVu` WHERE `main`.`_HeThongNhiemVu`.`A` IN (?,?,?,?,?,?,?,?,?,?,?,?,?,?,?,?,?,?,?,?,?,?,?,?,?,?,?,?,?,?,?,?,?,?,?,?,?,?,?,?,?,?,?,?,?,?,?,?,?,?,?,?,?,?,?,?,?,?,?,?,?,?,?,?,?,?,?,?,?,?,?,?,?,?,?,?,?,?,?,?,?,?,?,?,?,?,?,?,?,?,?,?,?,?,?,?,?,?,?,?,?,?,?,?,?,?,?,?,?,?,?,?,?,?,?,?,?,?,?,?,?,?,?,?,?,?,?,?,?,?,?,?,?,?,?,?,?,?,?,?,?,?,?,?,?,?,?,?,?,?,?,?,?,?,?,?,?,?,?,?,?,?,?,?,?,?,?,?,?,?,?,?,?,?,?,?,?,?,?,?,?,?,?,?,?,?,?,?,?,?,?,?,?,?,?,?,?,?,?,?,?,?,?,?,?,?,?,?,?,?,?,?,?,?,?,?,?,?,?,?,?,?,?,?,?,?,?,?,?,?,?,?,?,?,?,?,?,?,?,?,?,?,?,?,?,?,?,?,?,?,?,?,?,?,?,?,?,?,?,?,?,?,?,?,?,?,?,?,?,?,?,?,?,?,?,?,?,?,?,?,?,?,?,?,?,?,?,?,?,?,?,?,?,?,?,?,?,?,?,?,?,?,?,?,?,?,?,?,?,?,?,?,?,?,?,?,?,?,?,?,?,?,?,?,?,?,?,?,?,?,?,?,?,?,?,?,?,?,?,?,?,?,?,?,?,?,?,?,?,?,?,?,?,?,?,?,?,?,?,?,?,?,?,?,?,?,?,?,?,?,?,?,?,?,?,?,?,?,?,?,?,?,?,?,?,?,?,?,?)
prisma:query SELECT `main`.`NhiemVu`.`id`, `main`.`NhiemVu`.`ma`, `main`.`NhiemVu`.`ten`, `main`.`NhiemVu`.`moTa`, `main`.`NhiemVu`.`donViChuTriId`, `main`.`NhiemVu`.`uuTien`, `main`.`NhiemVu`.`thoiHan`, `main`.`NhiemVu`.`giaiDoan`, `main`.`NhiemVu`.`kpi`, `main`.`NhiemVu`.`nguonKiemChung`, `main`.`NhiemVu`.`trangThai`, `main`.`NhiemVu`.`tienDo`, `main`.`NhiemVu`.`lop`, `main`.`NhiemVu`.`phuongAnXuLy`, `main`.`NhiemVu`.`ghiChu`, `main`.`NhiemVu`.`createdAt`, `main`.`NhiemVu`.`updatedAt` FROM `main`.`NhiemVu` WHERE `main`.`NhiemVu`.`id` IN (?,?,?,?,?,?) LIMIT ? OFFSET ?
 GET /api/he-thong 200 in 39ms (next.js: 5ms, application-code: 34ms)
 GET /kts/lo-trinh 200 in 64ms (next.js: 12ms, application-code: 52ms)
 GET /kts/hien-trang 200 in 64ms (next.js: 35ms, application-code: 29ms)
prisma:query SELECT `main`.`NhiemVu`.`id`, `main`.`NhiemVu`.`ma`, `main`.`NhiemVu`.`ten`, `main`.`NhiemVu`.`moTa`, `main`.`NhiemVu`.`donViChuTriId`, `main`.`NhiemVu`.`uuTien`, `main`.`NhiemVu`.`thoiHan`, `main`.`NhiemVu`.`giaiDoan`, `main`.`NhiemVu`.`kpi`, `main`.`NhiemVu`.`nguonKiemChung`, `main`.`NhiemVu`.`trangThai`, `main`.`NhiemVu`.`tienDo`, `main`.`NhiemVu`.`lop`, `main`.`NhiemVu`.`phuongAnXuLy`, `main`.`NhiemVu`.`ghiChu`, `main`.`NhiemVu`.`createdAt`, `main`.`NhiemVu`.`updatedAt` FROM `main`.`NhiemVu` WHERE 1=1 ORDER BY `main`.`NhiemVu`.`uuTien` ASC, `main`.`NhiemVu`.`thoiHan` ASC LIMIT ? OFFSET ?
prisma:query SELECT `main`.`DonVi`.`id`, `main`.`DonVi`.`ten`, `main`.`DonVi`.`loai`, `main`.`DonVi`.`parentId`, `main`.`DonVi`.`createdAt` FROM `main`.`DonVi` WHERE `main`.`DonVi`.`id` IN (?,?,?) LIMIT ? OFFSET ?
prisma:query SELECT `main`.`_HeThongNhiemVu`.`B`, `main`.`_HeThongNhiemVu`.`A` FROM `main`.`_HeThongNhiemVu` WHERE `main`.`_HeThongNhiemVu`.`B` IN (?,?,?,?,?,?,?,?,?)
prisma:query SELECT `main`.`HeThongSo`.`id`, `main`.`HeThongSo`.`ma`, `main`.`HeThongSo`.`ten`, `main`.`HeThongSo`.`loai`, `main`.`HeThongSo`.`lop`, `main`.`HeThongSo`.`moTa`, `main`.`HeThongSo`.`chuQuan`, `main`.`HeThongSo`.`trangThai`, `main`.`HeThongSo`.`namTrienKhai`, `main`.`HeThongSo`.`donViId`, `main`.`HeThongSo`.`createdAt`, `main`.`HeThongSo`.`updatedAt` FROM `main`.`HeThongSo` WHERE `main`.`HeThongSo`.`id` IN (?,?,?,?,?,?) LIMIT ? OFFSET ?
 GET /api/nhiem-vu 200 in 17ms (next.js: 5ms, application-code: 12ms)
prisma:query SELECT `main`.`NhiemVu`.`id`, `main`.`NhiemVu`.`ma`, `main`.`NhiemVu`.`ten`, `main`.`NhiemVu`.`moTa`, `main`.`NhiemVu`.`donViChuTriId`, `main`.`NhiemVu`.`uuTien`, `main`.`NhiemVu`.`thoiHan`, `main`.`NhiemVu`.`giaiDoan`, `main`.`NhiemVu`.`kpi`, `main`.`NhiemVu`.`nguonKiemChung`, `main`.`NhiemVu`.`trangThai`, `main`.`NhiemVu`.`tienDo`, `main`.`NhiemVu`.`lop`, `main`.`NhiemVu`.`phuongAnXuLy`, `main`.`NhiemVu`.`ghiChu`, `main`.`NhiemVu`.`createdAt`, `main`.`NhiemVu`.`updatedAt` FROM `main`.`NhiemVu` WHERE 1=1 ORDER BY `main`.`NhiemVu`.`uuTien` ASC, `main`.`NhiemVu`.`thoiHan` ASC LIMIT ? OFFSET ?
prisma:query SELECT `main`.`DonVi`.`id`, `main`.`DonVi`.`ten`, `main`.`DonVi`.`loai`, `main`.`DonVi`.`parentId`, `main`.`DonVi`.`createdAt` FROM `main`.`DonVi` WHERE `main`.`DonVi`.`id` IN (?,?,?) LIMIT ? OFFSET ?
prisma:query SELECT `main`.`_HeThongNhiemVu`.`B`, `main`.`_HeThongNhiemVu`.`A` FROM `main`.`_HeThongNhiemVu` WHERE `main`.`_HeThongNhiemVu`.`B` IN (?,?,?,?,?,?,?,?,?)
prisma:query SELECT `main`.`HeThongSo`.`id`, `main`.`HeThongSo`.`ma`, `main`.`HeThongSo`.`ten`, `main`.`HeThongSo`.`loai`, `main`.`HeThongSo`.`lop`, `main`.`HeThongSo`.`moTa`, `main`.`HeThongSo`.`chuQuan`, `main`.`HeThongSo`.`trangThai`, `main`.`HeThongSo`.`namTrienKhai`, `main`.`HeThongSo`.`donViId`, `main`.`HeThongSo`.`createdAt`, `main`.`HeThongSo`.`updatedAt` FROM `main`.`HeThongSo` WHERE `main`.`HeThongSo`.`id` IN (?,?,?,?,?,?) LIMIT ? OFFSET ?
 GET /api/nhiem-vu 200 in 19ms (next.js: 6ms, application-code: 13ms)
 GET /kts/hien-trang 200 in 34ms (next.js: 9ms, application-code: 25ms)
 GET / 200 in 92ms (next.js: 11ms, application-code: 82ms)
 GET /kts/hien-trang 200 in 211ms (next.js: 5ms, application-code: 206ms)
 GET /kts/lo-trinh 200 in 63ms (next.js: 7ms, application-code: 56ms)
 GET /admin/he-thong 200 in 306ms (next.js: 120ms, application-code: 186ms)
 GET /kts/so-do 200 in 32ms (next.js: 8ms, application-code: 23ms)
prisma:query SELECT `main`.`NhiemVu`.`id`, `main`.`NhiemVu`.`ma`, `main`.`NhiemVu`.`ten`, `main`.`NhiemVu`.`moTa`, `main`.`NhiemVu`.`donViChuTriId`, `main`.`NhiemVu`.`uuTien`, `main`.`NhiemVu`.`thoiHan`, `main`.`NhiemVu`.`giaiDoan`, `main`.`NhiemVu`.`kpi`, `main`.`NhiemVu`.`nguonKiemChung`, `main`.`NhiemVu`.`trangThai`, `main`.`NhiemVu`.`tienDo`, `main`.`NhiemVu`.`lop`, `main`.`NhiemVu`.`phuongAnXuLy`, `main`.`NhiemVu`.`ghiChu`, `main`.`NhiemVu`.`createdAt`, `main`.`NhiemVu`.`updatedAt` FROM `main`.`NhiemVu` WHERE 1=1 ORDER BY `main`.`NhiemVu`.`uuTien` ASC, `main`.`NhiemVu`.`thoiHan` ASC LIMIT ? OFFSET ?
prisma:query SELECT `main`.`DonVi`.`id`, `main`.`DonVi`.`ten`, `main`.`DonVi`.`loai`, `main`.`DonVi`.`parentId`, `main`.`DonVi`.`createdAt` FROM `main`.`DonVi` WHERE `main`.`DonVi`.`id` IN (?,?,?) LIMIT ? OFFSET ?
prisma:query SELECT `main`.`_HeThongNhiemVu`.`B`, `main`.`_HeThongNhiemVu`.`A` FROM `main`.`_HeThongNhiemVu` WHERE `main`.`_HeThongNhiemVu`.`B` IN (?,?,?,?,?,?,?,?,?)
prisma:query SELECT `main`.`HeThongSo`.`id`, `main`.`HeThongSo`.`ma`, `main`.`HeThongSo`.`ten`, `main`.`HeThongSo`.`loai`, `main`.`HeThongSo`.`lop`, `main`.`HeThongSo`.`moTa`, `main`.`HeThongSo`.`chuQuan`, `main`.`HeThongSo`.`trangThai`, `main`.`HeThongSo`.`namTrienKhai`, `main`.`HeThongSo`.`donViId`, `main`.`HeThongSo`.`createdAt`, `main`.`HeThongSo`.`updatedAt` FROM `main`.`HeThongSo` WHERE `main`.`HeThongSo`.`id` IN (?,?,?,?,?,?) LIMIT ? OFFSET ?
 GET /api/nhiem-vu 200 in 32ms (next.js: 8ms, application-code: 24ms)
prisma:query SELECT `main`.`HeThongSo`.`id`, `main`.`HeThongSo`.`ma`, `main`.`HeThongSo`.`ten`, `main`.`HeThongSo`.`loai`, `main`.`HeThongSo`.`lop`, `main`.`HeThongSo`.`moTa`, `main`.`HeThongSo`.`chuQuan`, `main`.`HeThongSo`.`trangThai`, `main`.`HeThongSo`.`namTrienKhai`, `main`.`HeThongSo`.`donViId`, `main`.`HeThongSo`.`createdAt`, `main`.`HeThongSo`.`updatedAt` FROM `main`.`HeThongSo` WHERE 1=1 ORDER BY `main`.`HeThongSo`.`lop` ASC, `main`.`HeThongSo`.`ma` ASC LIMIT ? OFFSET ?
prisma:query SELECT `main`.`DonVi`.`id`, `main`.`DonVi`.`ten`, `main`.`DonVi`.`loai`, `main`.`DonVi`.`parentId`, `main`.`DonVi`.`createdAt` FROM `main`.`DonVi` WHERE `main`.`DonVi`.`id` IN (?,?,?,?) LIMIT ? OFFSET ?
prisma:query SELECT `main`.`_HeThongNhiemVu`.`A`, `main`.`_HeThongNhiemVu`.`B` FROM `main`.`_HeThongNhiemVu` WHERE `main`.`_HeThongNhiemVu`.`A` IN (?,?,?,?,?,?,?,?,?,?,?,?,?,?,?,?,?,?,?,?,?,?,?,?,?,?,?,?,?,?,?,?,?,?,?,?,?,?,?,?,?,?,?,?,?,?,?,?,?,?,?,?,?,?,?,?,?,?,?,?,?,?,?,?,?,?,?,?,?,?,?,?,?,?,?,?,?,?,?,?,?,?,?,?,?,?,?,?,?,?,?,?,?,?,?,?,?,?,?,?,?,?,?,?,?,?,?,?,?,?,?,?,?,?,?,?,?,?,?,?,?,?,?,?,?,?,?,?,?,?,?,?,?,?,?,?,?,?,?,?,?,?,?,?,?,?,?,?,?,?,?,?,?,?,?,?,?,?,?,?,?,?,?,?,?,?,?,?,?,?,?,?,?,?,?,?,?,?,?,?,?,?,?,?,?,?,?,?,?,?,?,?,?,?,?,?,?,?,?,?,?,?,?,?,?,?,?,?,?,?,?,?,?,?,?,?,?,?,?,?,?,?,?,?,?,?,?,?,?,?,?,?,?,?,?,?,?,?,?,?,?,?,?,?,?,?,?,?,?,?,?,?,?,?,?,?,?,?,?,?,?,?,?,?,?,?,?,?,?,?,?,?,?,?,?,?,?,?,?,?,?,?,?,?,?,?,?,?,?,?,?,?,?,?,?,?,?,?,?,?,?,?,?,?,?,?,?,?,?,?,?,?,?,?,?,?,?,?,?,?,?,?,?,?,?,?,?,?,?,?,?,?,?,?,?,?,?,?,?,?,?,?,?,?,?,?,?,?,?,?,?,?,?,?,?,?,?,?,?,?,?,?,?,?,?,?,?,?,?,?,?,?,?,?,?,?,?,?,?,?,?,?,?,?,?,?,?,?,?)
prisma:query SELECT `main`.`NhiemVu`.`id`, `main`.`NhiemVu`.`ma`, `main`.`NhiemVu`.`ten`, `main`.`NhiemVu`.`moTa`, `main`.`NhiemVu`.`donViChuTriId`, `main`.`NhiemVu`.`uuTien`, `main`.`NhiemVu`.`thoiHan`, `main`.`NhiemVu`.`giaiDoan`, `main`.`NhiemVu`.`kpi`, `main`.`NhiemVu`.`nguonKiemChung`, `main`.`NhiemVu`.`trangThai`, `main`.`NhiemVu`.`tienDo`, `main`.`NhiemVu`.`lop`, `main`.`NhiemVu`.`phuongAnXuLy`, `main`.`NhiemVu`.`ghiChu`, `main`.`NhiemVu`.`createdAt`, `main`.`NhiemVu`.`updatedAt` FROM `main`.`NhiemVu` WHERE `main`.`NhiemVu`.`id` IN (?,?,?,?,?,?) LIMIT ? OFFSET ?
 GET /api/he-thong 200 in 55ms (next.js: 18ms, application-code: 37ms)
prisma:query SELECT `main`.`NhiemVu`.`id`, `main`.`NhiemVu`.`ma`, `main`.`NhiemVu`.`ten`, `main`.`NhiemVu`.`moTa`, `main`.`NhiemVu`.`donViChuTriId`, `main`.`NhiemVu`.`uuTien`, `main`.`NhiemVu`.`thoiHan`, `main`.`NhiemVu`.`giaiDoan`, `main`.`NhiemVu`.`kpi`, `main`.`NhiemVu`.`nguonKiemChung`, `main`.`NhiemVu`.`trangThai`, `main`.`NhiemVu`.`tienDo`, `main`.`NhiemVu`.`lop`, `main`.`NhiemVu`.`phuongAnXuLy`, `main`.`NhiemVu`.`ghiChu`, `main`.`NhiemVu`.`createdAt`, `main`.`NhiemVu`.`updatedAt` FROM `main`.`NhiemVu` WHERE 1=1 ORDER BY `main`.`NhiemVu`.`uuTien` ASC, `main`.`NhiemVu`.`thoiHan` ASC LIMIT ? OFFSET ?
prisma:query SELECT `main`.`DonVi`.`id`, `main`.`DonVi`.`ten`, `main`.`DonVi`.`loai`, `main`.`DonVi`.`parentId`, `main`.`DonVi`.`createdAt` FROM `main`.`DonVi` WHERE `main`.`DonVi`.`id` IN (?,?,?) LIMIT ? OFFSET ?
prisma:query SELECT `main`.`_HeThongNhiemVu`.`B`, `main`.`_HeThongNhiemVu`.`A` FROM `main`.`_HeThongNhiemVu` WHERE `main`.`_HeThongNhiemVu`.`B` IN (?,?,?,?,?,?,?,?,?)
prisma:query SELECT `main`.`HeThongSo`.`id`, `main`.`HeThongSo`.`ma`, `main`.`HeThongSo`.`ten`, `main`.`HeThongSo`.`loai`, `main`.`HeThongSo`.`lop`, `main`.`HeThongSo`.`moTa`, `main`.`HeThongSo`.`chuQuan`, `main`.`HeThongSo`.`trangThai`, `main`.`HeThongSo`.`namTrienKhai`, `main`.`HeThongSo`.`donViId`, `main`.`HeThongSo`.`createdAt`, `main`.`HeThongSo`.`updatedAt` FROM `main`.`HeThongSo` WHERE `main`.`HeThongSo`.`id` IN (?,?,?,?,?,?) LIMIT ? OFFSET ?
 GET /api/nhiem-vu 200 in 25ms (next.js: 4ms, application-code: 21ms)
prisma:query SELECT `main`.`HeThongSo`.`id`, `main`.`HeThongSo`.`ma`, `main`.`HeThongSo`.`ten`, `main`.`HeThongSo`.`loai`, `main`.`HeThongSo`.`lop`, `main`.`HeThongSo`.`moTa`, `main`.`HeThongSo`.`chuQuan`, `main`.`HeThongSo`.`trangThai`, `main`.`HeThongSo`.`namTrienKhai`, `main`.`HeThongSo`.`donViId`, `main`.`HeThongSo`.`createdAt`, `main`.`HeThongSo`.`updatedAt` FROM `main`.`HeThongSo` WHERE 1=1 ORDER BY `main`.`HeThongSo`.`lop` ASC, `main`.`HeThongSo`.`ma` ASC LIMIT ? OFFSET ?
prisma:query SELECT `main`.`DonVi`.`id`, `main`.`DonVi`.`ten`, `main`.`DonVi`.`loai`, `main`.`DonVi`.`parentId`, `main`.`DonVi`.`createdAt` FROM `main`.`DonVi` WHERE `main`.`DonVi`.`id` IN (?,?,?,?) LIMIT ? OFFSET ?
prisma:query SELECT `main`.`_HeThongNhiemVu`.`A`, `main`.`_HeThongNhiemVu`.`B` FROM `main`.`_HeThongNhiemVu` WHERE `main`.`_HeThongNhiemVu`.`A` IN (?,?,?,?,?,?,?,?,?,?,?,?,?,?,?,?,?,?,?,?,?,?,?,?,?,?,?,?,?,?,?,?,?,?,?,?,?,?,?,?,?,?,?,?,?,?,?,?,?,?,?,?,?,?,?,?,?,?,?,?,?,?,?,?,?,?,?,?,?,?,?,?,?,?,?,?,?,?,?,?,?,?,?,?,?,?,?,?,?,?,?,?,?,?,?,?,?,?,?,?,?,?,?,?,?,?,?,?,?,?,?,?,?,?,?,?,?,?,?,?,?,?,?,?,?,?,?,?,?,?,?,?,?,?,?,?,?,?,?,?,?,?,?,?,?,?,?,?,?,?,?,?,?,?,?,?,?,?,?,?,?,?,?,?,?,?,?,?,?,?,?,?,?,?,?,?,?,?,?,?,?,?,?,?,?,?,?,?,?,?,?,?,?,?,?,?,?,?,?,?,?,?,?,?,?,?,?,?,?,?,?,?,?,?,?,?,?,?,?,?,?,?,?,?,?,?,?,?,?,?,?,?,?,?,?,?,?,?,?,?,?,?,?,?,?,?,?,?,?,?,?,?,?,?,?,?,?,?,?,?,?,?,?,?,?,?,?,?,?,?,?,?,?,?,?,?,?,?,?,?,?,?,?,?,?,?,?,?,?,?,?,?,?,?,?,?,?,?,?,?,?,?,?,?,?,?,?,?,?,?,?,?,?,?,?,?,?,?,?,?,?,?,?,?,?,?,?,?,?,?,?,?,?,?,?,?,?,?,?,?,?,?,?,?,?,?,?,?,?,?,?,?,?,?,?,?,?,?,?,?,?,?,?,?,?,?,?,?,?,?,?,?,?,?,?,?,?,?,?,?,?,?,?,?,?,?,?,?,?)
prisma:query SELECT `main`.`NhiemVu`.`id`, `main`.`NhiemVu`.`ma`, `main`.`NhiemVu`.`ten`, `main`.`NhiemVu`.`moTa`, `main`.`NhiemVu`.`donViChuTriId`, `main`.`NhiemVu`.`uuTien`, `main`.`NhiemVu`.`thoiHan`, `main`.`NhiemVu`.`giaiDoan`, `main`.`NhiemVu`.`kpi`, `main`.`NhiemVu`.`nguonKiemChung`, `main`.`NhiemVu`.`trangThai`, `main`.`NhiemVu`.`tienDo`, `main`.`NhiemVu`.`lop`, `main`.`NhiemVu`.`phuongAnXuLy`, `main`.`NhiemVu`.`ghiChu`, `main`.`NhiemVu`.`createdAt`, `main`.`NhiemVu`.`updatedAt` FROM `main`.`NhiemVu` WHERE `main`.`NhiemVu`.`id` IN (?,?,?,?,?,?) LIMIT ? OFFSET ?
 GET /api/he-thong 200 in 33ms (next.js: 4ms, application-code: 29ms)
 GET /kts/lo-trinh 200 in 30ms (next.js: 8ms, application-code: 22ms)
 GET /kts/hien-trang 200 in 60ms (next.js: 10ms, application-code: 50ms)
 GET /kts/so-do 200 in 68ms (next.js: 7ms, application-code: 61ms)
[browser] Warning: [antd: Spin] `tip` is deprecated. Please use `description` instead. 
prisma:query SELECT 1
prisma:query SELECT `main`.`HeThongSo`.`id`, `main`.`HeThongSo`.`ma`, `main`.`HeThongSo`.`ten`, `main`.`HeThongSo`.`loai`, `main`.`HeThongSo`.`lop`, `main`.`HeThongSo`.`moTa`, `main`.`HeThongSo`.`chuQuan`, `main`.`HeThongSo`.`trangThai`, `main`.`HeThongSo`.`namTrienKhai`, `main`.`HeThongSo`.`donViId`, `main`.`HeThongSo`.`createdAt`, `main`.`HeThongSo`.`updatedAt` FROM `main`.`HeThongSo` WHERE 1=1 ORDER BY `main`.`HeThongSo`.`lop` ASC, `main`.`HeThongSo`.`ma` ASC LIMIT ? OFFSET ?
prisma:query SELECT `main`.`DonVi`.`id`, `main`.`DonVi`.`ten`, `main`.`DonVi`.`loai`, `main`.`DonVi`.`parentId`, `main`.`DonVi`.`createdAt` FROM `main`.`DonVi` WHERE `main`.`DonVi`.`id` IN (?,?,?,?) LIMIT ? OFFSET ?
prisma:query SELECT `main`.`_HeThongNhiemVu`.`A`, `main`.`_HeThongNhiemVu`.`B` FROM `main`.`_HeThongNhiemVu` WHERE `main`.`_HeThongNhiemVu`.`A` IN (?,?,?,?,?,?,?,?,?,?,?,?,?,?,?,?,?,?,?,?,?,?,?,?,?,?,?,?,?,?,?,?,?,?,?,?,?,?,?,?,?,?,?,?,?,?,?,?,?,?,?,?,?,?,?,?,?,?,?,?,?,?,?,?,?,?,?,?,?,?,?,?,?,?,?,?,?,?,?,?,?,?,?,?,?,?,?,?,?,?,?,?,?,?,?,?,?,?,?,?,?,?,?,?,?,?,?,?,?,?,?,?,?,?,?,?,?,?,?,?,?,?,?,?,?,?,?,?,?,?,?,?,?,?,?,?,?,?,?,?,?,?,?,?,?,?,?,?,?,?,?,?,?,?,?,?,?,?,?,?,?,?,?,?,?,?,?,?,?,?,?,?,?,?,?,?,?,?,?,?,?,?,?,?,?,?,?,?,?,?,?,?,?,?,?,?,?,?,?,?,?,?,?,?,?,?,?,?,?,?,?,?,?,?,?,?,?,?,?,?,?,?,?,?,?,?,?,?,?,?,?,?,?,?,?,?,?,?,?,?,?,?,?,?,?,?,?,?,?,?,?,?,?,?,?,?,?,?,?,?,?,?,?,?,?,?,?,?,?,?,?,?,?,?,?,?,?,?,?,?,?,?,?,?,?,?,?,?,?,?,?,?,?,?,?,?,?,?,?,?,?,?,?,?,?,?,?,?,?,?,?,?,?,?,?,?,?,?,?,?,?,?,?,?,?,?,?,?,?,?,?,?,?,?,?,?,?,?,?,?,?,?,?,?,?,?,?,?,?,?,?,?,?,?,?,?,?,?,?,?,?,?,?,?,?,?,?,?,?,?,?,?,?,?,?,?,?,?,?,?,?,?,?,?,?,?,?,?,?)
prisma:query SELECT `main`.`NhiemVu`.`id`, `main`.`NhiemVu`.`ma`, `main`.`NhiemVu`.`ten`, `main`.`NhiemVu`.`moTa`, `main`.`NhiemVu`.`donViChuTriId`, `main`.`NhiemVu`.`uuTien`, `main`.`NhiemVu`.`thoiHan`, `main`.`NhiemVu`.`giaiDoan`, `main`.`NhiemVu`.`kpi`, `main`.`NhiemVu`.`nguonKiemChung`, `main`.`NhiemVu`.`trangThai`, `main`.`NhiemVu`.`tienDo`, `main`.`NhiemVu`.`lop`, `main`.`NhiemVu`.`phuongAnXuLy`, `main`.`NhiemVu`.`ghiChu`, `main`.`NhiemVu`.`createdAt`, `main`.`NhiemVu`.`updatedAt` FROM `main`.`NhiemVu` WHERE `main`.`NhiemVu`.`id` IN (?,?,?,?,?,?) LIMIT ? OFFSET ?
prisma:query SELECT 1
prisma:query SELECT `main`.`NhiemVu`.`id`, `main`.`NhiemVu`.`ma`, `main`.`NhiemVu`.`ten`, `main`.`NhiemVu`.`moTa`, `main`.`NhiemVu`.`donViChuTriId`, `main`.`NhiemVu`.`uuTien`, `main`.`NhiemVu`.`thoiHan`, `main`.`NhiemVu`.`giaiDoan`, `main`.`NhiemVu`.`kpi`, `main`.`NhiemVu`.`nguonKiemChung`, `main`.`NhiemVu`.`trangThai`, `main`.`NhiemVu`.`tienDo`, `main`.`NhiemVu`.`lop`, `main`.`NhiemVu`.`phuongAnXuLy`, `main`.`NhiemVu`.`ghiChu`, `main`.`NhiemVu`.`createdAt`, `main`.`NhiemVu`.`updatedAt` FROM `main`.`NhiemVu` WHERE 1=1 ORDER BY `main`.`NhiemVu`.`uuTien` ASC, `main`.`NhiemVu`.`thoiHan` ASC LIMIT ? OFFSET ?
prisma:query SELECT `main`.`DonVi`.`id`, `main`.`DonVi`.`ten`, `main`.`DonVi`.`loai`, `main`.`DonVi`.`parentId`, `main`.`DonVi`.`createdAt` FROM `main`.`DonVi` WHERE `main`.`DonVi`.`id` IN (?,?,?) LIMIT ? OFFSET ?
prisma:query SELECT `main`.`_HeThongNhiemVu`.`B`, `main`.`_HeThongNhiemVu`.`A` FROM `main`.`_HeThongNhiemVu` WHERE `main`.`_HeThongNhiemVu`.`B` IN (?,?,?,?,?,?,?,?,?)
prisma:query SELECT `main`.`HeThongSo`.`id`, `main`.`HeThongSo`.`ma`, `main`.`HeThongSo`.`ten`, `main`.`HeThongSo`.`loai`, `main`.`HeThongSo`.`lop`, `main`.`HeThongSo`.`moTa`, `main`.`HeThongSo`.`chuQuan`, `main`.`HeThongSo`.`trangThai`, `main`.`HeThongSo`.`namTrienKhai`, `main`.`HeThongSo`.`donViId`, `main`.`HeThongSo`.`createdAt`, `main`.`HeThongSo`.`updatedAt` FROM `main`.`HeThongSo` WHERE `main`.`HeThongSo`.`id` IN (?,?,?,?,?,?) LIMIT ? OFFSET ?
 GET /api/nhiem-vu 200 in 30ms (next.js: 16ms, application-code: 13ms)
 GET /api/he-thong 200 in 42ms (next.js: 5ms, application-code: 37ms)
prisma:query SELECT `main`.`NhiemVu`.`id`, `main`.`NhiemVu`.`ma`, `main`.`NhiemVu`.`ten`, `main`.`NhiemVu`.`moTa`, `main`.`NhiemVu`.`donViChuTriId`, `main`.`NhiemVu`.`uuTien`, `main`.`NhiemVu`.`thoiHan`, `main`.`NhiemVu`.`giaiDoan`, `main`.`NhiemVu`.`kpi`, `main`.`NhiemVu`.`nguonKiemChung`, `main`.`NhiemVu`.`trangThai`, `main`.`NhiemVu`.`tienDo`, `main`.`NhiemVu`.`lop`, `main`.`NhiemVu`.`phuongAnXuLy`, `main`.`NhiemVu`.`ghiChu`, `main`.`NhiemVu`.`createdAt`, `main`.`NhiemVu`.`updatedAt` FROM `main`.`NhiemVu` WHERE 1=1 ORDER BY `main`.`NhiemVu`.`uuTien` ASC, `main`.`NhiemVu`.`thoiHan` ASC LIMIT ? OFFSET ?
prisma:query SELECT `main`.`DonVi`.`id`, `main`.`DonVi`.`ten`, `main`.`DonVi`.`loai`, `main`.`DonVi`.`parentId`, `main`.`DonVi`.`createdAt` FROM `main`.`DonVi` WHERE `main`.`DonVi`.`id` IN (?,?,?) LIMIT ? OFFSET ?
prisma:query SELECT `main`.`_HeThongNhiemVu`.`B`, `main`.`_HeThongNhiemVu`.`A` FROM `main`.`_HeThongNhiemVu` WHERE `main`.`_HeThongNhiemVu`.`B` IN (?,?,?,?,?,?,?,?,?)
prisma:query SELECT `main`.`HeThongSo`.`id`, `main`.`HeThongSo`.`ma`, `main`.`HeThongSo`.`ten`, `main`.`HeThongSo`.`loai`, `main`.`HeThongSo`.`lop`, `main`.`HeThongSo`.`moTa`, `main`.`HeThongSo`.`chuQuan`, `main`.`HeThongSo`.`trangThai`, `main`.`HeThongSo`.`namTrienKhai`, `main`.`HeThongSo`.`donViId`, `main`.`HeThongSo`.`createdAt`, `main`.`HeThongSo`.`updatedAt` FROM `main`.`HeThongSo` WHERE `main`.`HeThongSo`.`id` IN (?,?,?,?,?,?) LIMIT ? OFFSET ?
 GET /api/nhiem-vu 200 in 28ms (next.js: 6ms, application-code: 22ms)
prisma:query SELECT `main`.`HeThongSo`.`id`, `main`.`HeThongSo`.`ma`, `main`.`HeThongSo`.`ten`, `main`.`HeThongSo`.`loai`, `main`.`HeThongSo`.`lop`, `main`.`HeThongSo`.`moTa`, `main`.`HeThongSo`.`chuQuan`, `main`.`HeThongSo`.`trangThai`, `main`.`HeThongSo`.`namTrienKhai`, `main`.`HeThongSo`.`donViId`, `main`.`HeThongSo`.`createdAt`, `main`.`HeThongSo`.`updatedAt` FROM `main`.`HeThongSo` WHERE 1=1 ORDER BY `main`.`HeThongSo`.`lop` ASC, `main`.`HeThongSo`.`ma` ASC LIMIT ? OFFSET ?
prisma:query SELECT `main`.`DonVi`.`id`, `main`.`DonVi`.`ten`, `main`.`DonVi`.`loai`, `main`.`DonVi`.`parentId`, `main`.`DonVi`.`createdAt` FROM `main`.`DonVi` WHERE `main`.`DonVi`.`id` IN (?,?,?,?) LIMIT ? OFFSET ?
prisma:query SELECT `main`.`_HeThongNhiemVu`.`A`, `main`.`_HeThongNhiemVu`.`B` FROM `main`.`_HeThongNhiemVu` WHERE `main`.`_HeThongNhiemVu`.`A` IN (?,?,?,?,?,?,?,?,?,?,?,?,?,?,?,?,?,?,?,?,?,?,?,?,?,?,?,?,?,?,?,?,?,?,?,?,?,?,?,?,?,?,?,?,?,?,?,?,?,?,?,?,?,?,?,?,?,?,?,?,?,?,?,?,?,?,?,?,?,?,?,?,?,?,?,?,?,?,?,?,?,?,?,?,?,?,?,?,?,?,?,?,?,?,?,?,?,?,?,?,?,?,?,?,?,?,?,?,?,?,?,?,?,?,?,?,?,?,?,?,?,?,?,?,?,?,?,?,?,?,?,?,?,?,?,?,?,?,?,?,?,?,?,?,?,?,?,?,?,?,?,?,?,?,?,?,?,?,?,?,?,?,?,?,?,?,?,?,?,?,?,?,?,?,?,?,?,?,?,?,?,?,?,?,?,?,?,?,?,?,?,?,?,?,?,?,?,?,?,?,?,?,?,?,?,?,?,?,?,?,?,?,?,?,?,?,?,?,?,?,?,?,?,?,?,?,?,?,?,?,?,?,?,?,?,?,?,?,?,?,?,?,?,?,?,?,?,?,?,?,?,?,?,?,?,?,?,?,?,?,?,?,?,?,?,?,?,?,?,?,?,?,?,?,?,?,?,?,?,?,?,?,?,?,?,?,?,?,?,?,?,?,?,?,?,?,?,?,?,?,?,?,?,?,?,?,?,?,?,?,?,?,?,?,?,?,?,?,?,?,?,?,?,?,?,?,?,?,?,?,?,?,?,?,?,?,?,?,?,?,?,?,?,?,?,?,?,?,?,?,?,?,?,?,?,?,?,?,?,?,?,?,?,?,?,?,?,?,?,?,?,?,?,?,?,?,?,?,?,?,?,?,?,?,?,?,?,?,?)
prisma:query SELECT `main`.`NhiemVu`.`id`, `main`.`NhiemVu`.`ma`, `main`.`NhiemVu`.`ten`, `main`.`NhiemVu`.`moTa`, `main`.`NhiemVu`.`donViChuTriId`, `main`.`NhiemVu`.`uuTien`, `main`.`NhiemVu`.`thoiHan`, `main`.`NhiemVu`.`giaiDoan`, `main`.`NhiemVu`.`kpi`, `main`.`NhiemVu`.`nguonKiemChung`, `main`.`NhiemVu`.`trangThai`, `main`.`NhiemVu`.`tienDo`, `main`.`NhiemVu`.`lop`, `main`.`NhiemVu`.`phuongAnXuLy`, `main`.`NhiemVu`.`ghiChu`, `main`.`NhiemVu`.`createdAt`, `main`.`NhiemVu`.`updatedAt` FROM `main`.`NhiemVu` WHERE `main`.`NhiemVu`.`id` IN (?,?,?,?,?,?) LIMIT ? OFFSET ?
 GET /api/he-thong 200 in 52ms (next.js: 16ms, application-code: 36ms)
 GET /kts/hien-trang 200 in 54ms (next.js: 11ms, application-code: 43ms)
prisma:query SELECT 1
prisma:query SELECT `main`.`HeThongSo`.`id`, `main`.`HeThongSo`.`ma`, `main`.`HeThongSo`.`ten`, `main`.`HeThongSo`.`loai`, `main`.`HeThongSo`.`lop`, `main`.`HeThongSo`.`moTa`, `main`.`HeThongSo`.`chuQuan`, `main`.`HeThongSo`.`trangThai`, `main`.`HeThongSo`.`namTrienKhai`, `main`.`HeThongSo`.`donViId`, `main`.`HeThongSo`.`createdAt`, `main`.`HeThongSo`.`updatedAt` FROM `main`.`HeThongSo` WHERE 1=1 ORDER BY `main`.`HeThongSo`.`lop` ASC, `main`.`HeThongSo`.`ma` ASC LIMIT ? OFFSET ?
prisma:query SELECT `main`.`DonVi`.`id`, `main`.`DonVi`.`ten`, `main`.`DonVi`.`loai`, `main`.`DonVi`.`parentId`, `main`.`DonVi`.`createdAt` FROM `main`.`DonVi` WHERE `main`.`DonVi`.`id` IN (?,?,?,?) LIMIT ? OFFSET ?
prisma:query SELECT `main`.`_HeThongNhiemVu`.`A`, `main`.`_HeThongNhiemVu`.`B` FROM `main`.`_HeThongNhiemVu` WHERE `main`.`_HeThongNhiemVu`.`A` IN (?,?,?,?,?,?,?,?,?,?,?,?,?,?,?,?,?,?,?,?,?,?,?,?,?,?,?,?,?,?,?,?,?,?,?,?,?,?,?,?,?,?,?,?,?,?,?,?,?,?,?,?,?,?,?,?,?,?,?,?,?,?,?,?,?,?,?,?,?,?,?,?,?,?,?,?,?,?,?,?,?,?,?,?,?,?,?,?,?,?,?,?,?,?,?,?,?,?,?,?,?,?,?,?,?,?,?,?,?,?,?,?,?,?,?,?,?,?,?,?,?,?,?,?,?,?,?,?,?,?,?,?,?,?,?,?,?,?,?,?,?,?,?,?,?,?,?,?,?,?,?,?,?,?,?,?,?,?,?,?,?,?,?,?,?,?,?,?,?,?,?,?,?,?,?,?,?,?,?,?,?,?,?,?,?,?,?,?,?,?,?,?,?,?,?,?,?,?,?,?,?,?,?,?,?,?,?,?,?,?,?,?,?,?,?,?,?,?,?,?,?,?,?,?,?,?,?,?,?,?,?,?,?,?,?,?,?,?,?,?,?,?,?,?,?,?,?,?,?,?,?,?,?,?,?,?,?,?,?,?,?,?,?,?,?,?,?,?,?,?,?,?,?,?,?,?,?,?,?,?,?,?,?,?,?,?,?,?,?,?,?,?,?,?,?,?,?,?,?,?,?,?,?,?,?,?,?,?,?,?,?,?,?,?,?,?,?,?,?,?,?,?,?,?,?,?,?,?,?,?,?,?,?,?,?,?,?,?,?,?,?,?,?,?,?,?,?,?,?,?,?,?,?,?,?,?,?,?,?,?,?,?,?,?,?,?,?,?,?,?,?,?,?,?,?,?,?,?,?,?,?,?,?,?,?,?,?,?,?)
prisma:query SELECT `main`.`NhiemVu`.`id`, `main`.`NhiemVu`.`ma`, `main`.`NhiemVu`.`ten`, `main`.`NhiemVu`.`moTa`, `main`.`NhiemVu`.`donViChuTriId`, `main`.`NhiemVu`.`uuTien`, `main`.`NhiemVu`.`thoiHan`, `main`.`NhiemVu`.`giaiDoan`, `main`.`NhiemVu`.`kpi`, `main`.`NhiemVu`.`nguonKiemChung`, `main`.`NhiemVu`.`trangThai`, `main`.`NhiemVu`.`tienDo`, `main`.`NhiemVu`.`lop`, `main`.`NhiemVu`.`phuongAnXuLy`, `main`.`NhiemVu`.`ghiChu`, `main`.`NhiemVu`.`createdAt`, `main`.`NhiemVu`.`updatedAt` FROM `main`.`NhiemVu` WHERE `main`.`NhiemVu`.`id` IN (?,?,?,?,?,?) LIMIT ? OFFSET ?
 GET /api/he-thong 200 in 65ms (next.js: 10ms, application-code: 55ms)
prisma:query SELECT `main`.`HeThongSo`.`id`, `main`.`HeThongSo`.`ma`, `main`.`HeThongSo`.`ten`, `main`.`HeThongSo`.`loai`, `main`.`HeThongSo`.`lop`, `main`.`HeThongSo`.`moTa`, `main`.`HeThongSo`.`chuQuan`, `main`.`HeThongSo`.`trangThai`, `main`.`HeThongSo`.`namTrienKhai`, `main`.`HeThongSo`.`donViId`, `main`.`HeThongSo`.`createdAt`, `main`.`HeThongSo`.`updatedAt` FROM `main`.`HeThongSo` WHERE 1=1 ORDER BY `main`.`HeThongSo`.`lop` ASC, `main`.`HeThongSo`.`ma` ASC LIMIT ? OFFSET ?
prisma:query SELECT `main`.`DonVi`.`id`, `main`.`DonVi`.`ten`, `main`.`DonVi`.`loai`, `main`.`DonVi`.`parentId`, `main`.`DonVi`.`createdAt` FROM `main`.`DonVi` WHERE `main`.`DonVi`.`id` IN (?,?,?,?) LIMIT ? OFFSET ?
prisma:query SELECT `main`.`_HeThongNhiemVu`.`A`, `main`.`_HeThongNhiemVu`.`B` FROM `main`.`_HeThongNhiemVu` WHERE `main`.`_HeThongNhiemVu`.`A` IN (?,?,?,?,?,?,?,?,?,?,?,?,?,?,?,?,?,?,?,?,?,?,?,?,?,?,?,?,?,?,?,?,?,?,?,?,?,?,?,?,?,?,?,?,?,?,?,?,?,?,?,?,?,?,?,?,?,?,?,?,?,?,?,?,?,?,?,?,?,?,?,?,?,?,?,?,?,?,?,?,?,?,?,?,?,?,?,?,?,?,?,?,?,?,?,?,?,?,?,?,?,?,?,?,?,?,?,?,?,?,?,?,?,?,?,?,?,?,?,?,?,?,?,?,?,?,?,?,?,?,?,?,?,?,?,?,?,?,?,?,?,?,?,?,?,?,?,?,?,?,?,?,?,?,?,?,?,?,?,?,?,?,?,?,?,?,?,?,?,?,?,?,?,?,?,?,?,?,?,?,?,?,?,?,?,?,?,?,?,?,?,?,?,?,?,?,?,?,?,?,?,?,?,?,?,?,?,?,?,?,?,?,?,?,?,?,?,?,?,?,?,?,?,?,?,?,?,?,?,?,?,?,?,?,?,?,?,?,?,?,?,?,?,?,?,?,?,?,?,?,?,?,?,?,?,?,?,?,?,?,?,?,?,?,?,?,?,?,?,?,?,?,?,?,?,?,?,?,?,?,?,?,?,?,?,?,?,?,?,?,?,?,?,?,?,?,?,?,?,?,?,?,?,?,?,?,?,?,?,?,?,?,?,?,?,?,?,?,?,?,?,?,?,?,?,?,?,?,?,?,?,?,?,?,?,?,?,?,?,?,?,?,?,?,?,?,?,?,?,?,?,?,?,?,?,?,?,?,?,?,?,?,?,?,?,?,?,?,?,?,?,?,?,?,?,?,?,?,?,?,?,?,?,?,?,?,?,?,?)
prisma:query SELECT `main`.`NhiemVu`.`id`, `main`.`NhiemVu`.`ma`, `main`.`NhiemVu`.`ten`, `main`.`NhiemVu`.`moTa`, `main`.`NhiemVu`.`donViChuTriId`, `main`.`NhiemVu`.`uuTien`, `main`.`NhiemVu`.`thoiHan`, `main`.`NhiemVu`.`giaiDoan`, `main`.`NhiemVu`.`kpi`, `main`.`NhiemVu`.`nguonKiemChung`, `main`.`NhiemVu`.`trangThai`, `main`.`NhiemVu`.`tienDo`, `main`.`NhiemVu`.`lop`, `main`.`NhiemVu`.`phuongAnXuLy`, `main`.`NhiemVu`.`ghiChu`, `main`.`NhiemVu`.`createdAt`, `main`.`NhiemVu`.`updatedAt` FROM `main`.`NhiemVu` WHERE `main`.`NhiemVu`.`id` IN (?,?,?,?,?,?) LIMIT ? OFFSET ?
 GET /api/he-thong 200 in 37ms (next.js: 4ms, application-code: 33ms)
[browser] Warning: [antd: Modal] `destroyOnClose` is deprecated. Please use `destroyOnHidden` instead. 
    at Array.forEach (<anonymous>) (<anonymous>)
 GET /kts/so-do 200 in 32ms (next.js: 8ms, application-code: 24ms)
prisma:query SELECT `main`.`HeThongSo`.`id`, `main`.`HeThongSo`.`ma`, `main`.`HeThongSo`.`ten`, `main`.`HeThongSo`.`loai`, `main`.`HeThongSo`.`lop`, `main`.`HeThongSo`.`moTa`, `main`.`HeThongSo`.`chuQuan`, `main`.`HeThongSo`.`trangThai`, `main`.`HeThongSo`.`namTrienKhai`, `main`.`HeThongSo`.`donViId`, `main`.`HeThongSo`.`createdAt`, `main`.`HeThongSo`.`updatedAt` FROM `main`.`HeThongSo` WHERE 1=1 ORDER BY `main`.`HeThongSo`.`lop` ASC, `main`.`HeThongSo`.`ma` ASC LIMIT ? OFFSET ?
prisma:query SELECT `main`.`DonVi`.`id`, `main`.`DonVi`.`ten`, `main`.`DonVi`.`loai`, `main`.`DonVi`.`parentId`, `main`.`DonVi`.`createdAt` FROM `main`.`DonVi` WHERE `main`.`DonVi`.`id` IN (?,?,?,?) LIMIT ? OFFSET ?
prisma:query SELECT `main`.`_HeThongNhiemVu`.`A`, `main`.`_HeThongNhiemVu`.`B` FROM `main`.`_HeThongNhiemVu` WHERE `main`.`_HeThongNhiemVu`.`A` IN (?,?,?,?,?,?,?,?,?,?,?,?,?,?,?,?,?,?,?,?,?,?,?,?,?,?,?,?,?,?,?,?,?,?,?,?,?,?,?,?,?,?,?,?,?,?,?,?,?,?,?,?,?,?,?,?,?,?,?,?,?,?,?,?,?,?,?,?,?,?,?,?,?,?,?,?,?,?,?,?,?,?,?,?,?,?,?,?,?,?,?,?,?,?,?,?,?,?,?,?,?,?,?,?,?,?,?,?,?,?,?,?,?,?,?,?,?,?,?,?,?,?,?,?,?,?,?,?,?,?,?,?,?,?,?,?,?,?,?,?,?,?,?,?,?,?,?,?,?,?,?,?,?,?,?,?,?,?,?,?,?,?,?,?,?,?,?,?,?,?,?,?,?,?,?,?,?,?,?,?,?,?,?,?,?,?,?,?,?,?,?,?,?,?,?,?,?,?,?,?,?,?,?,?,?,?,?,?,?,?,?,?,?,?,?,?,?,?,?,?,?,?,?,?,?,?,?,?,?,?,?,?,?,?,?,?,?,?,?,?,?,?,?,?,?,?,?,?,?,?,?,?,?,?,?,?,?,?,?,?,?,?,?,?,?,?,?,?,?,?,?,?,?,?,?,?,?,?,?,?,?,?,?,?,?,?,?,?,?,?,?,?,?,?,?,?,?,?,?,?,?,?,?,?,?,?,?,?,?,?,?,?,?,?,?,?,?,?,?,?,?,?,?,?,?,?,?,?,?,?,?,?,?,?,?,?,?,?,?,?,?,?,?,?,?,?,?,?,?,?,?,?,?,?,?,?,?,?,?,?,?,?,?,?,?,?,?,?,?,?,?,?,?,?,?,?,?,?,?,?,?,?,?,?,?,?,?,?,?)
prisma:query SELECT `main`.`NhiemVu`.`id`, `main`.`NhiemVu`.`ma`, `main`.`NhiemVu`.`ten`, `main`.`NhiemVu`.`moTa`, `main`.`NhiemVu`.`donViChuTriId`, `main`.`NhiemVu`.`uuTien`, `main`.`NhiemVu`.`thoiHan`, `main`.`NhiemVu`.`giaiDoan`, `main`.`NhiemVu`.`kpi`, `main`.`NhiemVu`.`nguonKiemChung`, `main`.`NhiemVu`.`trangThai`, `main`.`NhiemVu`.`tienDo`, `main`.`NhiemVu`.`lop`, `main`.`NhiemVu`.`phuongAnXuLy`, `main`.`NhiemVu`.`ghiChu`, `main`.`NhiemVu`.`createdAt`, `main`.`NhiemVu`.`updatedAt` FROM `main`.`NhiemVu` WHERE `main`.`NhiemVu`.`id` IN (?,?,?,?,?,?) LIMIT ? OFFSET ?
prisma:query SELECT 1
prisma:query SELECT `main`.`NhiemVu`.`id`, `main`.`NhiemVu`.`ma`, `main`.`NhiemVu`.`ten`, `main`.`NhiemVu`.`moTa`, `main`.`NhiemVu`.`donViChuTriId`, `main`.`NhiemVu`.`uuTien`, `main`.`NhiemVu`.`thoiHan`, `main`.`NhiemVu`.`giaiDoan`, `main`.`NhiemVu`.`kpi`, `main`.`NhiemVu`.`nguonKiemChung`, `main`.`NhiemVu`.`trangThai`, `main`.`NhiemVu`.`tienDo`, `main`.`NhiemVu`.`lop`, `main`.`NhiemVu`.`phuongAnXuLy`, `main`.`NhiemVu`.`ghiChu`, `main`.`NhiemVu`.`createdAt`, `main`.`NhiemVu`.`updatedAt` FROM `main`.`NhiemVu` WHERE 1=1 ORDER BY `main`.`NhiemVu`.`uuTien` ASC, `main`.`NhiemVu`.`thoiHan` ASC LIMIT ? OFFSET ?
prisma:query SELECT `main`.`DonVi`.`id`, `main`.`DonVi`.`ten`, `main`.`DonVi`.`loai`, `main`.`DonVi`.`parentId`, `main`.`DonVi`.`createdAt` FROM `main`.`DonVi` WHERE `main`.`DonVi`.`id` IN (?,?,?) LIMIT ? OFFSET ?
prisma:query SELECT `main`.`_HeThongNhiemVu`.`B`, `main`.`_HeThongNhiemVu`.`A` FROM `main`.`_HeThongNhiemVu` WHERE `main`.`_HeThongNhiemVu`.`B` IN (?,?,?,?,?,?,?,?,?)
prisma:query SELECT `main`.`HeThongSo`.`id`, `main`.`HeThongSo`.`ma`, `main`.`HeThongSo`.`ten`, `main`.`HeThongSo`.`loai`, `main`.`HeThongSo`.`lop`, `main`.`HeThongSo`.`moTa`, `main`.`HeThongSo`.`chuQuan`, `main`.`HeThongSo`.`trangThai`, `main`.`HeThongSo`.`namTrienKhai`, `main`.`HeThongSo`.`donViId`, `main`.`HeThongSo`.`createdAt`, `main`.`HeThongSo`.`updatedAt` FROM `main`.`HeThongSo` WHERE `main`.`HeThongSo`.`id` IN (?,?,?,?,?,?) LIMIT ? OFFSET ?
 GET /api/nhiem-vu 200 in 29ms (next.js: 18ms, application-code: 11ms)
 GET /api/he-thong 200 in 42ms (next.js: 6ms, application-code: 35ms)
prisma:query SELECT `main`.`NhiemVu`.`id`, `main`.`NhiemVu`.`ma`, `main`.`NhiemVu`.`ten`, `main`.`NhiemVu`.`moTa`, `main`.`NhiemVu`.`donViChuTriId`, `main`.`NhiemVu`.`uuTien`, `main`.`NhiemVu`.`thoiHan`, `main`.`NhiemVu`.`giaiDoan`, `main`.`NhiemVu`.`kpi`, `main`.`NhiemVu`.`nguonKiemChung`, `main`.`NhiemVu`.`trangThai`, `main`.`NhiemVu`.`tienDo`, `main`.`NhiemVu`.`lop`, `main`.`NhiemVu`.`phuongAnXuLy`, `main`.`NhiemVu`.`ghiChu`, `main`.`NhiemVu`.`createdAt`, `main`.`NhiemVu`.`updatedAt` FROM `main`.`NhiemVu` WHERE 1=1 ORDER BY `main`.`NhiemVu`.`uuTien` ASC, `main`.`NhiemVu`.`thoiHan` ASC LIMIT ? OFFSET ?
prisma:query SELECT `main`.`DonVi`.`id`, `main`.`DonVi`.`ten`, `main`.`DonVi`.`loai`, `main`.`DonVi`.`parentId`, `main`.`DonVi`.`createdAt` FROM `main`.`DonVi` WHERE `main`.`DonVi`.`id` IN (?,?,?) LIMIT ? OFFSET ?
prisma:query SELECT `main`.`_HeThongNhiemVu`.`B`, `main`.`_HeThongNhiemVu`.`A` FROM `main`.`_HeThongNhiemVu` WHERE `main`.`_HeThongNhiemVu`.`B` IN (?,?,?,?,?,?,?,?,?)
prisma:query SELECT `main`.`HeThongSo`.`id`, `main`.`HeThongSo`.`ma`, `main`.`HeThongSo`.`ten`, `main`.`HeThongSo`.`loai`, `main`.`HeThongSo`.`lop`, `main`.`HeThongSo`.`moTa`, `main`.`HeThongSo`.`chuQuan`, `main`.`HeThongSo`.`trangThai`, `main`.`HeThongSo`.`namTrienKhai`, `main`.`HeThongSo`.`donViId`, `main`.`HeThongSo`.`createdAt`, `main`.`HeThongSo`.`updatedAt` FROM `main`.`HeThongSo` WHERE `main`.`HeThongSo`.`id` IN (?,?,?,?,?,?) LIMIT ? OFFSET ?
 GET /api/nhiem-vu 200 in 18ms (next.js: 7ms, application-code: 11ms)
prisma:query SELECT `main`.`HeThongSo`.`id`, `main`.`HeThongSo`.`ma`, `main`.`HeThongSo`.`ten`, `main`.`HeThongSo`.`loai`, `main`.`HeThongSo`.`lop`, `main`.`HeThongSo`.`moTa`, `main`.`HeThongSo`.`chuQuan`, `main`.`HeThongSo`.`trangThai`, `main`.`HeThongSo`.`namTrienKhai`, `main`.`HeThongSo`.`donViId`, `main`.`HeThongSo`.`createdAt`, `main`.`HeThongSo`.`updatedAt` FROM `main`.`HeThongSo` WHERE 1=1 ORDER BY `main`.`HeThongSo`.`lop` ASC, `main`.`HeThongSo`.`ma` ASC LIMIT ? OFFSET ?
prisma:query SELECT `main`.`DonVi`.`id`, `main`.`DonVi`.`ten`, `main`.`DonVi`.`loai`, `main`.`DonVi`.`parentId`, `main`.`DonVi`.`createdAt` FROM `main`.`DonVi` WHERE `main`.`DonVi`.`id` IN (?,?,?,?) LIMIT ? OFFSET ?
prisma:query SELECT `main`.`_HeThongNhiemVu`.`A`, `main`.`_HeThongNhiemVu`.`B` FROM `main`.`_HeThongNhiemVu` WHERE `main`.`_HeThongNhiemVu`.`A` IN (?,?,?,?,?,?,?,?,?,?,?,?,?,?,?,?,?,?,?,?,?,?,?,?,?,?,?,?,?,?,?,?,?,?,?,?,?,?,?,?,?,?,?,?,?,?,?,?,?,?,?,?,?,?,?,?,?,?,?,?,?,?,?,?,?,?,?,?,?,?,?,?,?,?,?,?,?,?,?,?,?,?,?,?,?,?,?,?,?,?,?,?,?,?,?,?,?,?,?,?,?,?,?,?,?,?,?,?,?,?,?,?,?,?,?,?,?,?,?,?,?,?,?,?,?,?,?,?,?,?,?,?,?,?,?,?,?,?,?,?,?,?,?,?,?,?,?,?,?,?,?,?,?,?,?,?,?,?,?,?,?,?,?,?,?,?,?,?,?,?,?,?,?,?,?,?,?,?,?,?,?,?,?,?,?,?,?,?,?,?,?,?,?,?,?,?,?,?,?,?,?,?,?,?,?,?,?,?,?,?,?,?,?,?,?,?,?,?,?,?,?,?,?,?,?,?,?,?,?,?,?,?,?,?,?,?,?,?,?,?,?,?,?,?,?,?,?,?,?,?,?,?,?,?,?,?,?,?,?,?,?,?,?,?,?,?,?,?,?,?,?,?,?,?,?,?,?,?,?,?,?,?,?,?,?,?,?,?,?,?,?,?,?,?,?,?,?,?,?,?,?,?,?,?,?,?,?,?,?,?,?,?,?,?,?,?,?,?,?,?,?,?,?,?,?,?,?,?,?,?,?,?,?,?,?,?,?,?,?,?,?,?,?,?,?,?,?,?,?,?,?,?,?,?,?,?,?,?,?,?,?,?,?,?,?,?,?,?,?,?,?,?,?,?,?,?,?,?,?,?,?,?,?,?,?,?,?,?,?)
prisma:query SELECT `main`.`NhiemVu`.`id`, `main`.`NhiemVu`.`ma`, `main`.`NhiemVu`.`ten`, `main`.`NhiemVu`.`moTa`, `main`.`NhiemVu`.`donViChuTriId`, `main`.`NhiemVu`.`uuTien`, `main`.`NhiemVu`.`thoiHan`, `main`.`NhiemVu`.`giaiDoan`, `main`.`NhiemVu`.`kpi`, `main`.`NhiemVu`.`nguonKiemChung`, `main`.`NhiemVu`.`trangThai`, `main`.`NhiemVu`.`tienDo`, `main`.`NhiemVu`.`lop`, `main`.`NhiemVu`.`phuongAnXuLy`, `main`.`NhiemVu`.`ghiChu`, `main`.`NhiemVu`.`createdAt`, `main`.`NhiemVu`.`updatedAt` FROM `main`.`NhiemVu` WHERE `main`.`NhiemVu`.`id` IN (?,?,?,?,?,?) LIMIT ? OFFSET ?
 GET /api/he-thong 200 in 37ms (next.js: 6ms, application-code: 30ms)
 GET / 200 in 33ms (next.js: 8ms, application-code: 24ms)
 GET /kts/so-do 200 in 61ms (next.js: 12ms, application-code: 49ms)
prisma:query SELECT 1
prisma:query SELECT `main`.`NhiemVu`.`id`, `main`.`NhiemVu`.`ma`, `main`.`NhiemVu`.`ten`, `main`.`NhiemVu`.`moTa`, `main`.`NhiemVu`.`donViChuTriId`, `main`.`NhiemVu`.`uuTien`, `main`.`NhiemVu`.`thoiHan`, `main`.`NhiemVu`.`giaiDoan`, `main`.`NhiemVu`.`kpi`, `main`.`NhiemVu`.`nguonKiemChung`, `main`.`NhiemVu`.`trangThai`, `main`.`NhiemVu`.`tienDo`, `main`.`NhiemVu`.`lop`, `main`.`NhiemVu`.`phuongAnXuLy`, `main`.`NhiemVu`.`ghiChu`, `main`.`NhiemVu`.`createdAt`, `main`.`NhiemVu`.`updatedAt` FROM `main`.`NhiemVu` WHERE 1=1 ORDER BY `main`.`NhiemVu`.`uuTien` ASC, `main`.`NhiemVu`.`thoiHan` ASC LIMIT ? OFFSET ?
prisma:query SELECT `main`.`DonVi`.`id`, `main`.`DonVi`.`ten`, `main`.`DonVi`.`loai`, `main`.`DonVi`.`parentId`, `main`.`DonVi`.`createdAt` FROM `main`.`DonVi` WHERE `main`.`DonVi`.`id` IN (?,?,?) LIMIT ? OFFSET ?
prisma:query SELECT `main`.`_HeThongNhiemVu`.`B`, `main`.`_HeThongNhiemVu`.`A` FROM `main`.`_HeThongNhiemVu` WHERE `main`.`_HeThongNhiemVu`.`B` IN (?,?,?,?,?,?,?,?,?)
prisma:query SELECT `main`.`HeThongSo`.`id`, `main`.`HeThongSo`.`ma`, `main`.`HeThongSo`.`ten`, `main`.`HeThongSo`.`loai`, `main`.`HeThongSo`.`lop`, `main`.`HeThongSo`.`moTa`, `main`.`HeThongSo`.`chuQuan`, `main`.`HeThongSo`.`trangThai`, `main`.`HeThongSo`.`namTrienKhai`, `main`.`HeThongSo`.`donViId`, `main`.`HeThongSo`.`createdAt`, `main`.`HeThongSo`.`updatedAt` FROM `main`.`HeThongSo` WHERE `main`.`HeThongSo`.`id` IN (?,?,?,?,?,?) LIMIT ? OFFSET ?
 GET /api/nhiem-vu 200 in 45ms (next.js: 21ms, application-code: 24ms)
prisma:query SELECT `main`.`HeThongSo`.`id`, `main`.`HeThongSo`.`ma`, `main`.`HeThongSo`.`ten`, `main`.`HeThongSo`.`loai`, `main`.`HeThongSo`.`lop`, `main`.`HeThongSo`.`moTa`, `main`.`HeThongSo`.`chuQuan`, `main`.`HeThongSo`.`trangThai`, `main`.`HeThongSo`.`namTrienKhai`, `main`.`HeThongSo`.`donViId`, `main`.`HeThongSo`.`createdAt`, `main`.`HeThongSo`.`updatedAt` FROM `main`.`HeThongSo` WHERE 1=1 ORDER BY `main`.`HeThongSo`.`lop` ASC, `main`.`HeThongSo`.`ma` ASC LIMIT ? OFFSET ?
prisma:query SELECT `main`.`DonVi`.`id`, `main`.`DonVi`.`ten`, `main`.`DonVi`.`loai`, `main`.`DonVi`.`parentId`, `main`.`DonVi`.`createdAt` FROM `main`.`DonVi` WHERE `main`.`DonVi`.`id` IN (?,?,?,?) LIMIT ? OFFSET ?
prisma:query SELECT `main`.`_HeThongNhiemVu`.`A`, `main`.`_HeThongNhiemVu`.`B` FROM `main`.`_HeThongNhiemVu` WHERE `main`.`_HeThongNhiemVu`.`A` IN (?,?,?,?,?,?,?,?,?,?,?,?,?,?,?,?,?,?,?,?,?,?,?,?,?,?,?,?,?,?,?,?,?,?,?,?,?,?,?,?,?,?,?,?,?,?,?,?,?,?,?,?,?,?,?,?,?,?,?,?,?,?,?,?,?,?,?,?,?,?,?,?,?,?,?,?,?,?,?,?,?,?,?,?,?,?,?,?,?,?,?,?,?,?,?,?,?,?,?,?,?,?,?,?,?,?,?,?,?,?,?,?,?,?,?,?,?,?,?,?,?,?,?,?,?,?,?,?,?,?,?,?,?,?,?,?,?,?,?,?,?,?,?,?,?,?,?,?,?,?,?,?,?,?,?,?,?,?,?,?,?,?,?,?,?,?,?,?,?,?,?,?,?,?,?,?,?,?,?,?,?,?,?,?,?,?,?,?,?,?,?,?,?,?,?,?,?,?,?,?,?,?,?,?,?,?,?,?,?,?,?,?,?,?,?,?,?,?,?,?,?,?,?,?,?,?,?,?,?,?,?,?,?,?,?,?,?,?,?,?,?,?,?,?,?,?,?,?,?,?,?,?,?,?,?,?,?,?,?,?,?,?,?,?,?,?,?,?,?,?,?,?,?,?,?,?,?,?,?,?,?,?,?,?,?,?,?,?,?,?,?,?,?,?,?,?,?,?,?,?,?,?,?,?,?,?,?,?,?,?,?,?,?,?,?,?,?,?,?,?,?,?,?,?,?,?,?,?,?,?,?,?,?,?,?,?,?,?,?,?,?,?,?,?,?,?,?,?,?,?,?,?,?,?,?,?,?,?,?,?,?,?,?,?,?,?,?,?,?,?,?,?,?,?,?,?,?,?,?,?,?,?,?,?,?,?,?,?,?)
prisma:query SELECT `main`.`NhiemVu`.`id`, `main`.`NhiemVu`.`ma`, `main`.`NhiemVu`.`ten`, `main`.`NhiemVu`.`moTa`, `main`.`NhiemVu`.`donViChuTriId`, `main`.`NhiemVu`.`uuTien`, `main`.`NhiemVu`.`thoiHan`, `main`.`NhiemVu`.`giaiDoan`, `main`.`NhiemVu`.`kpi`, `main`.`NhiemVu`.`nguonKiemChung`, `main`.`NhiemVu`.`trangThai`, `main`.`NhiemVu`.`tienDo`, `main`.`NhiemVu`.`lop`, `main`.`NhiemVu`.`phuongAnXuLy`, `main`.`NhiemVu`.`ghiChu`, `main`.`NhiemVu`.`createdAt`, `main`.`NhiemVu`.`updatedAt` FROM `main`.`NhiemVu` WHERE `main`.`NhiemVu`.`id` IN (?,?,?,?,?,?) LIMIT ? OFFSET ?
 GET /api/he-thong 200 in 67ms (next.js: 36ms, application-code: 31ms)
prisma:query SELECT `main`.`NhiemVu`.`id`, `main`.`NhiemVu`.`ma`, `main`.`NhiemVu`.`ten`, `main`.`NhiemVu`.`moTa`, `main`.`NhiemVu`.`donViChuTriId`, `main`.`NhiemVu`.`uuTien`, `main`.`NhiemVu`.`thoiHan`, `main`.`NhiemVu`.`giaiDoan`, `main`.`NhiemVu`.`kpi`, `main`.`NhiemVu`.`nguonKiemChung`, `main`.`NhiemVu`.`trangThai`, `main`.`NhiemVu`.`tienDo`, `main`.`NhiemVu`.`lop`, `main`.`NhiemVu`.`phuongAnXuLy`, `main`.`NhiemVu`.`ghiChu`, `main`.`NhiemVu`.`createdAt`, `main`.`NhiemVu`.`updatedAt` FROM `main`.`NhiemVu` WHERE 1=1 ORDER BY `main`.`NhiemVu`.`uuTien` ASC, `main`.`NhiemVu`.`thoiHan` ASC LIMIT ? OFFSET ?
prisma:query SELECT `main`.`DonVi`.`id`, `main`.`DonVi`.`ten`, `main`.`DonVi`.`loai`, `main`.`DonVi`.`parentId`, `main`.`DonVi`.`createdAt` FROM `main`.`DonVi` WHERE `main`.`DonVi`.`id` IN (?,?,?) LIMIT ? OFFSET ?
prisma:query SELECT `main`.`_HeThongNhiemVu`.`B`, `main`.`_HeThongNhiemVu`.`A` FROM `main`.`_HeThongNhiemVu` WHERE `main`.`_HeThongNhiemVu`.`B` IN (?,?,?,?,?,?,?,?,?)
prisma:query SELECT `main`.`HeThongSo`.`id`, `main`.`HeThongSo`.`ma`, `main`.`HeThongSo`.`ten`, `main`.`HeThongSo`.`loai`, `main`.`HeThongSo`.`lop`, `main`.`HeThongSo`.`moTa`, `main`.`HeThongSo`.`chuQuan`, `main`.`HeThongSo`.`trangThai`, `main`.`HeThongSo`.`namTrienKhai`, `main`.`HeThongSo`.`donViId`, `main`.`HeThongSo`.`createdAt`, `main`.`HeThongSo`.`updatedAt` FROM `main`.`HeThongSo` WHERE `main`.`HeThongSo`.`id` IN (?,?,?,?,?,?) LIMIT ? OFFSET ?
 GET /api/nhiem-vu 200 in 24ms (next.js: 5ms, application-code: 19ms)
prisma:query SELECT `main`.`HeThongSo`.`id`, `main`.`HeThongSo`.`ma`, `main`.`HeThongSo`.`ten`, `main`.`HeThongSo`.`loai`, `main`.`HeThongSo`.`lop`, `main`.`HeThongSo`.`moTa`, `main`.`HeThongSo`.`chuQuan`, `main`.`HeThongSo`.`trangThai`, `main`.`HeThongSo`.`namTrienKhai`, `main`.`HeThongSo`.`donViId`, `main`.`HeThongSo`.`createdAt`, `main`.`HeThongSo`.`updatedAt` FROM `main`.`HeThongSo` WHERE 1=1 ORDER BY `main`.`HeThongSo`.`lop` ASC, `main`.`HeThongSo`.`ma` ASC LIMIT ? OFFSET ?
prisma:query SELECT `main`.`DonVi`.`id`, `main`.`DonVi`.`ten`, `main`.`DonVi`.`loai`, `main`.`DonVi`.`parentId`, `main`.`DonVi`.`createdAt` FROM `main`.`DonVi` WHERE `main`.`DonVi`.`id` IN (?,?,?,?) LIMIT ? OFFSET ?
prisma:query SELECT `main`.`_HeThongNhiemVu`.`A`, `main`.`_HeThongNhiemVu`.`B` FROM `main`.`_HeThongNhiemVu` WHERE `main`.`_HeThongNhiemVu`.`A` IN (?,?,?,?,?,?,?,?,?,?,?,?,?,?,?,?,?,?,?,?,?,?,?,?,?,?,?,?,?,?,?,?,?,?,?,?,?,?,?,?,?,?,?,?,?,?,?,?,?,?,?,?,?,?,?,?,?,?,?,?,?,?,?,?,?,?,?,?,?,?,?,?,?,?,?,?,?,?,?,?,?,?,?,?,?,?,?,?,?,?,?,?,?,?,?,?,?,?,?,?,?,?,?,?,?,?,?,?,?,?,?,?,?,?,?,?,?,?,?,?,?,?,?,?,?,?,?,?,?,?,?,?,?,?,?,?,?,?,?,?,?,?,?,?,?,?,?,?,?,?,?,?,?,?,?,?,?,?,?,?,?,?,?,?,?,?,?,?,?,?,?,?,?,?,?,?,?,?,?,?,?,?,?,?,?,?,?,?,?,?,?,?,?,?,?,?,?,?,?,?,?,?,?,?,?,?,?,?,?,?,?,?,?,?,?,?,?,?,?,?,?,?,?,?,?,?,?,?,?,?,?,?,?,?,?,?,?,?,?,?,?,?,?,?,?,?,?,?,?,?,?,?,?,?,?,?,?,?,?,?,?,?,?,?,?,?,?,?,?,?,?,?,?,?,?,?,?,?,?,?,?,?,?,?,?,?,?,?,?,?,?,?,?,?,?,?,?,?,?,?,?,?,?,?,?,?,?,?,?,?,?,?,?,?,?,?,?,?,?,?,?,?,?,?,?,?,?,?,?,?,?,?,?,?,?,?,?,?,?,?,?,?,?,?,?,?,?,?,?,?,?,?,?,?,?,?,?,?,?,?,?,?,?,?,?,?,?,?,?,?,?,?,?,?,?,?,?,?,?,?,?,?,?,?,?,?,?,?,?)
prisma:query SELECT `main`.`NhiemVu`.`id`, `main`.`NhiemVu`.`ma`, `main`.`NhiemVu`.`ten`, `main`.`NhiemVu`.`moTa`, `main`.`NhiemVu`.`donViChuTriId`, `main`.`NhiemVu`.`uuTien`, `main`.`NhiemVu`.`thoiHan`, `main`.`NhiemVu`.`giaiDoan`, `main`.`NhiemVu`.`kpi`, `main`.`NhiemVu`.`nguonKiemChung`, `main`.`NhiemVu`.`trangThai`, `main`.`NhiemVu`.`tienDo`, `main`.`NhiemVu`.`lop`, `main`.`NhiemVu`.`phuongAnXuLy`, `main`.`NhiemVu`.`ghiChu`, `main`.`NhiemVu`.`createdAt`, `main`.`NhiemVu`.`updatedAt` FROM `main`.`NhiemVu` WHERE `main`.`NhiemVu`.`id` IN (?,?,?,?,?,?) LIMIT ? OFFSET ?
 GET /api/he-thong 200 in 45ms (next.js: 6ms, application-code: 39ms)
 GET / 200 in 33ms (next.js: 8ms, application-code: 25ms)
 GET /kts/so-do 200 in 43ms (next.js: 10ms, application-code: 33ms)
prisma:query SELECT 1
prisma:query SELECT `main`.`NhiemVu`.`id`, `main`.`NhiemVu`.`ma`, `main`.`NhiemVu`.`ten`, `main`.`NhiemVu`.`moTa`, `main`.`NhiemVu`.`donViChuTriId`, `main`.`NhiemVu`.`uuTien`, `main`.`NhiemVu`.`thoiHan`, `main`.`NhiemVu`.`giaiDoan`, `main`.`NhiemVu`.`kpi`, `main`.`NhiemVu`.`nguonKiemChung`, `main`.`NhiemVu`.`trangThai`, `main`.`NhiemVu`.`tienDo`, `main`.`NhiemVu`.`lop`, `main`.`NhiemVu`.`phuongAnXuLy`, `main`.`NhiemVu`.`ghiChu`, `main`.`NhiemVu`.`createdAt`, `main`.`NhiemVu`.`updatedAt` FROM `main`.`NhiemVu` WHERE 1=1 ORDER BY `main`.`NhiemVu`.`uuTien` ASC, `main`.`NhiemVu`.`thoiHan` ASC LIMIT ? OFFSET ?
prisma:query SELECT `main`.`DonVi`.`id`, `main`.`DonVi`.`ten`, `main`.`DonVi`.`loai`, `main`.`DonVi`.`parentId`, `main`.`DonVi`.`createdAt` FROM `main`.`DonVi` WHERE `main`.`DonVi`.`id` IN (?,?,?) LIMIT ? OFFSET ?
prisma:query SELECT `main`.`_HeThongNhiemVu`.`B`, `main`.`_HeThongNhiemVu`.`A` FROM `main`.`_HeThongNhiemVu` WHERE `main`.`_HeThongNhiemVu`.`B` IN (?,?,?,?,?,?,?,?,?)
prisma:query SELECT `main`.`HeThongSo`.`id`, `main`.`HeThongSo`.`ma`, `main`.`HeThongSo`.`ten`, `main`.`HeThongSo`.`loai`, `main`.`HeThongSo`.`lop`, `main`.`HeThongSo`.`moTa`, `main`.`HeThongSo`.`chuQuan`, `main`.`HeThongSo`.`trangThai`, `main`.`HeThongSo`.`namTrienKhai`, `main`.`HeThongSo`.`donViId`, `main`.`HeThongSo`.`createdAt`, `main`.`HeThongSo`.`updatedAt` FROM `main`.`HeThongSo` WHERE `main`.`HeThongSo`.`id` IN (?,?,?,?,?,?) LIMIT ? OFFSET ?
 GET /api/nhiem-vu 200 in 28ms (next.js: 4ms, application-code: 23ms)
prisma:query SELECT `main`.`HeThongSo`.`id`, `main`.`HeThongSo`.`ma`, `main`.`HeThongSo`.`ten`, `main`.`HeThongSo`.`loai`, `main`.`HeThongSo`.`lop`, `main`.`HeThongSo`.`moTa`, `main`.`HeThongSo`.`chuQuan`, `main`.`HeThongSo`.`trangThai`, `main`.`HeThongSo`.`namTrienKhai`, `main`.`HeThongSo`.`donViId`, `main`.`HeThongSo`.`createdAt`, `main`.`HeThongSo`.`updatedAt` FROM `main`.`HeThongSo` WHERE 1=1 ORDER BY `main`.`HeThongSo`.`lop` ASC, `main`.`HeThongSo`.`ma` ASC LIMIT ? OFFSET ?
prisma:query SELECT `main`.`DonVi`.`id`, `main`.`DonVi`.`ten`, `main`.`DonVi`.`loai`, `main`.`DonVi`.`parentId`, `main`.`DonVi`.`createdAt` FROM `main`.`DonVi` WHERE `main`.`DonVi`.`id` IN (?,?,?,?) LIMIT ? OFFSET ?
prisma:query SELECT `main`.`_HeThongNhiemVu`.`A`, `main`.`_HeThongNhiemVu`.`B` FROM `main`.`_HeThongNhiemVu` WHERE `main`.`_HeThongNhiemVu`.`A` IN (?,?,?,?,?,?,?,?,?,?,?,?,?,?,?,?,?,?,?,?,?,?,?,?,?,?,?,?,?,?,?,?,?,?,?,?,?,?,?,?,?,?,?,?,?,?,?,?,?,?,?,?,?,?,?,?,?,?,?,?,?,?,?,?,?,?,?,?,?,?,?,?,?,?,?,?,?,?,?,?,?,?,?,?,?,?,?,?,?,?,?,?,?,?,?,?,?,?,?,?,?,?,?,?,?,?,?,?,?,?,?,?,?,?,?,?,?,?,?,?,?,?,?,?,?,?,?,?,?,?,?,?,?,?,?,?,?,?,?,?,?,?,?,?,?,?,?,?,?,?,?,?,?,?,?,?,?,?,?,?,?,?,?,?,?,?,?,?,?,?,?,?,?,?,?,?,?,?,?,?,?,?,?,?,?,?,?,?,?,?,?,?,?,?,?,?,?,?,?,?,?,?,?,?,?,?,?,?,?,?,?,?,?,?,?,?,?,?,?,?,?,?,?,?,?,?,?,?,?,?,?,?,?,?,?,?,?,?,?,?,?,?,?,?,?,?,?,?,?,?,?,?,?,?,?,?,?,?,?,?,?,?,?,?,?,?,?,?,?,?,?,?,?,?,?,?,?,?,?,?,?,?,?,?,?,?,?,?,?,?,?,?,?,?,?,?,?,?,?,?,?,?,?,?,?,?,?,?,?,?,?,?,?,?,?,?,?,?,?,?,?,?,?,?,?,?,?,?,?,?,?,?,?,?,?,?,?,?,?,?,?,?,?,?,?,?,?,?,?,?,?,?,?,?,?,?,?,?,?,?,?,?,?,?,?,?,?,?,?,?,?,?,?,?,?,?,?,?,?,?,?,?,?,?,?,?,?,?,?)
prisma:query SELECT `main`.`NhiemVu`.`id`, `main`.`NhiemVu`.`ma`, `main`.`NhiemVu`.`ten`, `main`.`NhiemVu`.`moTa`, `main`.`NhiemVu`.`donViChuTriId`, `main`.`NhiemVu`.`uuTien`, `main`.`NhiemVu`.`thoiHan`, `main`.`NhiemVu`.`giaiDoan`, `main`.`NhiemVu`.`kpi`, `main`.`NhiemVu`.`nguonKiemChung`, `main`.`NhiemVu`.`trangThai`, `main`.`NhiemVu`.`tienDo`, `main`.`NhiemVu`.`lop`, `main`.`NhiemVu`.`phuongAnXuLy`, `main`.`NhiemVu`.`ghiChu`, `main`.`NhiemVu`.`createdAt`, `main`.`NhiemVu`.`updatedAt` FROM `main`.`NhiemVu` WHERE `main`.`NhiemVu`.`id` IN (?,?,?,?,?,?) LIMIT ? OFFSET ?
prisma:query SELECT 1
prisma:query SELECT `main`.`NhiemVu`.`id`, `main`.`NhiemVu`.`ma`, `main`.`NhiemVu`.`ten`, `main`.`NhiemVu`.`moTa`, `main`.`NhiemVu`.`donViChuTriId`, `main`.`NhiemVu`.`uuTien`, `main`.`NhiemVu`.`thoiHan`, `main`.`NhiemVu`.`giaiDoan`, `main`.`NhiemVu`.`kpi`, `main`.`NhiemVu`.`nguonKiemChung`, `main`.`NhiemVu`.`trangThai`, `main`.`NhiemVu`.`tienDo`, `main`.`NhiemVu`.`lop`, `main`.`NhiemVu`.`phuongAnXuLy`, `main`.`NhiemVu`.`ghiChu`, `main`.`NhiemVu`.`createdAt`, `main`.`NhiemVu`.`updatedAt` FROM `main`.`NhiemVu` WHERE 1=1 ORDER BY `main`.`NhiemVu`.`uuTien` ASC, `main`.`NhiemVu`.`thoiHan` ASC LIMIT ? OFFSET ?
 GET /api/he-thong 200 in 52ms (next.js: 17ms, application-code: 34ms)
prisma:query SELECT `main`.`DonVi`.`id`, `main`.`DonVi`.`ten`, `main`.`DonVi`.`loai`, `main`.`DonVi`.`parentId`, `main`.`DonVi`.`createdAt` FROM `main`.`DonVi` WHERE `main`.`DonVi`.`id` IN (?,?,?) LIMIT ? OFFSET ?
prisma:query SELECT `main`.`_HeThongNhiemVu`.`B`, `main`.`_HeThongNhiemVu`.`A` FROM `main`.`_HeThongNhiemVu` WHERE `main`.`_HeThongNhiemVu`.`B` IN (?,?,?,?,?,?,?,?,?)
prisma:query SELECT `main`.`HeThongSo`.`id`, `main`.`HeThongSo`.`ma`, `main`.`HeThongSo`.`ten`, `main`.`HeThongSo`.`loai`, `main`.`HeThongSo`.`lop`, `main`.`HeThongSo`.`moTa`, `main`.`HeThongSo`.`chuQuan`, `main`.`HeThongSo`.`trangThai`, `main`.`HeThongSo`.`namTrienKhai`, `main`.`HeThongSo`.`donViId`, `main`.`HeThongSo`.`createdAt`, `main`.`HeThongSo`.`updatedAt` FROM `main`.`HeThongSo` WHERE `main`.`HeThongSo`.`id` IN (?,?,?,?,?,?) LIMIT ? OFFSET ?
 GET /api/nhiem-vu 200 in 27ms (next.js: 7ms, application-code: 21ms)
prisma:query SELECT `main`.`HeThongSo`.`id`, `main`.`HeThongSo`.`ma`, `main`.`HeThongSo`.`ten`, `main`.`HeThongSo`.`loai`, `main`.`HeThongSo`.`lop`, `main`.`HeThongSo`.`moTa`, `main`.`HeThongSo`.`chuQuan`, `main`.`HeThongSo`.`trangThai`, `main`.`HeThongSo`.`namTrienKhai`, `main`.`HeThongSo`.`donViId`, `main`.`HeThongSo`.`createdAt`, `main`.`HeThongSo`.`updatedAt` FROM `main`.`HeThongSo` WHERE 1=1 ORDER BY `main`.`HeThongSo`.`lop` ASC, `main`.`HeThongSo`.`ma` ASC LIMIT ? OFFSET ?
prisma:query SELECT `main`.`DonVi`.`id`, `main`.`DonVi`.`ten`, `main`.`DonVi`.`loai`, `main`.`DonVi`.`parentId`, `main`.`DonVi`.`createdAt` FROM `main`.`DonVi` WHERE `main`.`DonVi`.`id` IN (?,?,?,?) LIMIT ? OFFSET ?
prisma:query SELECT `main`.`_HeThongNhiemVu`.`A`, `main`.`_HeThongNhiemVu`.`B` FROM `main`.`_HeThongNhiemVu` WHERE `main`.`_HeThongNhiemVu`.`A` IN (?,?,?,?,?,?,?,?,?,?,?,?,?,?,?,?,?,?,?,?,?,?,?,?,?,?,?,?,?,?,?,?,?,?,?,?,?,?,?,?,?,?,?,?,?,?,?,?,?,?,?,?,?,?,?,?,?,?,?,?,?,?,?,?,?,?,?,?,?,?,?,?,?,?,?,?,?,?,?,?,?,?,?,?,?,?,?,?,?,?,?,?,?,?,?,?,?,?,?,?,?,?,?,?,?,?,?,?,?,?,?,?,?,?,?,?,?,?,?,?,?,?,?,?,?,?,?,?,?,?,?,?,?,?,?,?,?,?,?,?,?,?,?,?,?,?,?,?,?,?,?,?,?,?,?,?,?,?,?,?,?,?,?,?,?,?,?,?,?,?,?,?,?,?,?,?,?,?,?,?,?,?,?,?,?,?,?,?,?,?,?,?,?,?,?,?,?,?,?,?,?,?,?,?,?,?,?,?,?,?,?,?,?,?,?,?,?,?,?,?,?,?,?,?,?,?,?,?,?,?,?,?,?,?,?,?,?,?,?,?,?,?,?,?,?,?,?,?,?,?,?,?,?,?,?,?,?,?,?,?,?,?,?,?,?,?,?,?,?,?,?,?,?,?,?,?,?,?,?,?,?,?,?,?,?,?,?,?,?,?,?,?,?,?,?,?,?,?,?,?,?,?,?,?,?,?,?,?,?,?,?,?,?,?,?,?,?,?,?,?,?,?,?,?,?,?,?,?,?,?,?,?,?,?,?,?,?,?,?,?,?,?,?,?,?,?,?,?,?,?,?,?,?,?,?,?,?,?,?,?,?,?,?,?,?,?,?,?,?,?,?,?,?,?,?,?,?,?,?,?,?,?,?,?,?,?,?,?,?)
prisma:query SELECT `main`.`NhiemVu`.`id`, `main`.`NhiemVu`.`ma`, `main`.`NhiemVu`.`ten`, `main`.`NhiemVu`.`moTa`, `main`.`NhiemVu`.`donViChuTriId`, `main`.`NhiemVu`.`uuTien`, `main`.`NhiemVu`.`thoiHan`, `main`.`NhiemVu`.`giaiDoan`, `main`.`NhiemVu`.`kpi`, `main`.`NhiemVu`.`nguonKiemChung`, `main`.`NhiemVu`.`trangThai`, `main`.`NhiemVu`.`tienDo`, `main`.`NhiemVu`.`lop`, `main`.`NhiemVu`.`phuongAnXuLy`, `main`.`NhiemVu`.`ghiChu`, `main`.`NhiemVu`.`createdAt`, `main`.`NhiemVu`.`updatedAt` FROM `main`.`NhiemVu` WHERE `main`.`NhiemVu`.`id` IN (?,?,?,?,?,?) LIMIT ? OFFSET ?
 GET /api/he-thong 200 in 39ms (next.js: 4ms, application-code: 35ms)
 GET /kts/hien-trang 200 in 53ms (next.js: 16ms, application-code: 38ms)
prisma:query SELECT 1
prisma:query SELECT `main`.`HeThongSo`.`id`, `main`.`HeThongSo`.`ma`, `main`.`HeThongSo`.`ten`, `main`.`HeThongSo`.`loai`, `main`.`HeThongSo`.`lop`, `main`.`HeThongSo`.`moTa`, `main`.`HeThongSo`.`chuQuan`, `main`.`HeThongSo`.`trangThai`, `main`.`HeThongSo`.`namTrienKhai`, `main`.`HeThongSo`.`donViId`, `main`.`HeThongSo`.`createdAt`, `main`.`HeThongSo`.`updatedAt` FROM `main`.`HeThongSo` WHERE 1=1 ORDER BY `main`.`HeThongSo`.`lop` ASC, `main`.`HeThongSo`.`ma` ASC LIMIT ? OFFSET ?
prisma:query SELECT `main`.`DonVi`.`id`, `main`.`DonVi`.`ten`, `main`.`DonVi`.`loai`, `main`.`DonVi`.`parentId`, `main`.`DonVi`.`createdAt` FROM `main`.`DonVi` WHERE `main`.`DonVi`.`id` IN (?,?,?,?) LIMIT ? OFFSET ?
prisma:query SELECT `main`.`_HeThongNhiemVu`.`A`, `main`.`_HeThongNhiemVu`.`B` FROM `main`.`_HeThongNhiemVu` WHERE `main`.`_HeThongNhiemVu`.`A` IN (?,?,?,?,?,?,?,?,?,?,?,?,?,?,?,?,?,?,?,?,?,?,?,?,?,?,?,?,?,?,?,?,?,?,?,?,?,?,?,?,?,?,?,?,?,?,?,?,?,?,?,?,?,?,?,?,?,?,?,?,?,?,?,?,?,?,?,?,?,?,?,?,?,?,?,?,?,?,?,?,?,?,?,?,?,?,?,?,?,?,?,?,?,?,?,?,?,?,?,?,?,?,?,?,?,?,?,?,?,?,?,?,?,?,?,?,?,?,?,?,?,?,?,?,?,?,?,?,?,?,?,?,?,?,?,?,?,?,?,?,?,?,?,?,?,?,?,?,?,?,?,?,?,?,?,?,?,?,?,?,?,?,?,?,?,?,?,?,?,?,?,?,?,?,?,?,?,?,?,?,?,?,?,?,?,?,?,?,?,?,?,?,?,?,?,?,?,?,?,?,?,?,?,?,?,?,?,?,?,?,?,?,?,?,?,?,?,?,?,?,?,?,?,?,?,?,?,?,?,?,?,?,?,?,?,?,?,?,?,?,?,?,?,?,?,?,?,?,?,?,?,?,?,?,?,?,?,?,?,?,?,?,?,?,?,?,?,?,?,?,?,?,?,?,?,?,?,?,?,?,?,?,?,?,?,?,?,?,?,?,?,?,?,?,?,?,?,?,?,?,?,?,?,?,?,?,?,?,?,?,?,?,?,?,?,?,?,?,?,?,?,?,?,?,?,?,?,?,?,?,?,?,?,?,?,?,?,?,?,?,?,?,?,?,?,?,?,?,?,?,?,?,?,?,?,?,?,?,?,?,?,?,?,?,?,?,?,?,?,?,?,?,?,?,?,?,?,?,?,?,?,?,?,?,?,?,?,?,?)
prisma:query SELECT `main`.`NhiemVu`.`id`, `main`.`NhiemVu`.`ma`, `main`.`NhiemVu`.`ten`, `main`.`NhiemVu`.`moTa`, `main`.`NhiemVu`.`donViChuTriId`, `main`.`NhiemVu`.`uuTien`, `main`.`NhiemVu`.`thoiHan`, `main`.`NhiemVu`.`giaiDoan`, `main`.`NhiemVu`.`kpi`, `main`.`NhiemVu`.`nguonKiemChung`, `main`.`NhiemVu`.`trangThai`, `main`.`NhiemVu`.`tienDo`, `main`.`NhiemVu`.`lop`, `main`.`NhiemVu`.`phuongAnXuLy`, `main`.`NhiemVu`.`ghiChu`, `main`.`NhiemVu`.`createdAt`, `main`.`NhiemVu`.`updatedAt` FROM `main`.`NhiemVu` WHERE `main`.`NhiemVu`.`id` IN (?,?,?,?,?,?) LIMIT ? OFFSET ?
 GET /api/he-thong 200 in 64ms (next.js: 9ms, application-code: 55ms)
prisma:query SELECT `main`.`HeThongSo`.`id`, `main`.`HeThongSo`.`ma`, `main`.`HeThongSo`.`ten`, `main`.`HeThongSo`.`loai`, `main`.`HeThongSo`.`lop`, `main`.`HeThongSo`.`moTa`, `main`.`HeThongSo`.`chuQuan`, `main`.`HeThongSo`.`trangThai`, `main`.`HeThongSo`.`namTrienKhai`, `main`.`HeThongSo`.`donViId`, `main`.`HeThongSo`.`createdAt`, `main`.`HeThongSo`.`updatedAt` FROM `main`.`HeThongSo` WHERE 1=1 ORDER BY `main`.`HeThongSo`.`lop` ASC, `main`.`HeThongSo`.`ma` ASC LIMIT ? OFFSET ?
prisma:query SELECT `main`.`DonVi`.`id`, `main`.`DonVi`.`ten`, `main`.`DonVi`.`loai`, `main`.`DonVi`.`parentId`, `main`.`DonVi`.`createdAt` FROM `main`.`DonVi` WHERE `main`.`DonVi`.`id` IN (?,?,?,?) LIMIT ? OFFSET ?
prisma:query SELECT `main`.`_HeThongNhiemVu`.`A`, `main`.`_HeThongNhiemVu`.`B` FROM `main`.`_HeThongNhiemVu` WHERE `main`.`_HeThongNhiemVu`.`A` IN (?,?,?,?,?,?,?,?,?,?,?,?,?,?,?,?,?,?,?,?,?,?,?,?,?,?,?,?,?,?,?,?,?,?,?,?,?,?,?,?,?,?,?,?,?,?,?,?,?,?,?,?,?,?,?,?,?,?,?,?,?,?,?,?,?,?,?,?,?,?,?,?,?,?,?,?,?,?,?,?,?,?,?,?,?,?,?,?,?,?,?,?,?,?,?,?,?,?,?,?,?,?,?,?,?,?,?,?,?,?,?,?,?,?,?,?,?,?,?,?,?,?,?,?,?,?,?,?,?,?,?,?,?,?,?,?,?,?,?,?,?,?,?,?,?,?,?,?,?,?,?,?,?,?,?,?,?,?,?,?,?,?,?,?,?,?,?,?,?,?,?,?,?,?,?,?,?,?,?,?,?,?,?,?,?,?,?,?,?,?,?,?,?,?,?,?,?,?,?,?,?,?,?,?,?,?,?,?,?,?,?,?,?,?,?,?,?,?,?,?,?,?,?,?,?,?,?,?,?,?,?,?,?,?,?,?,?,?,?,?,?,?,?,?,?,?,?,?,?,?,?,?,?,?,?,?,?,?,?,?,?,?,?,?,?,?,?,?,?,?,?,?,?,?,?,?,?,?,?,?,?,?,?,?,?,?,?,?,?,?,?,?,?,?,?,?,?,?,?,?,?,?,?,?,?,?,?,?,?,?,?,?,?,?,?,?,?,?,?,?,?,?,?,?,?,?,?,?,?,?,?,?,?,?,?,?,?,?,?,?,?,?,?,?,?,?,?,?,?,?,?,?,?,?,?,?,?,?,?,?,?,?,?,?,?,?,?,?,?,?,?,?,?,?,?,?,?,?,?,?,?,?,?,?,?,?,?,?,?)
prisma:query SELECT `main`.`NhiemVu`.`id`, `main`.`NhiemVu`.`ma`, `main`.`NhiemVu`.`ten`, `main`.`NhiemVu`.`moTa`, `main`.`NhiemVu`.`donViChuTriId`, `main`.`NhiemVu`.`uuTien`, `main`.`NhiemVu`.`thoiHan`, `main`.`NhiemVu`.`giaiDoan`, `main`.`NhiemVu`.`kpi`, `main`.`NhiemVu`.`nguonKiemChung`, `main`.`NhiemVu`.`trangThai`, `main`.`NhiemVu`.`tienDo`, `main`.`NhiemVu`.`lop`, `main`.`NhiemVu`.`phuongAnXuLy`, `main`.`NhiemVu`.`ghiChu`, `main`.`NhiemVu`.`createdAt`, `main`.`NhiemVu`.`updatedAt` FROM `main`.`NhiemVu` WHERE `main`.`NhiemVu`.`id` IN (?,?,?,?,?,?) LIMIT ? OFFSET ?
 GET /api/he-thong 200 in 53ms (next.js: 6ms, application-code: 47ms)
[browser] Warning: [antd: Descriptions] `labelStyle` is deprecated. Please use `styles.label` instead. 
    at Array.forEach (<anonymous>) (<anonymous>)
 GET /kts/lo-trinh 200 in 29ms (next.js: 6ms, application-code: 23ms)
prisma:query SELECT 1
prisma:query SELECT `main`.`NhiemVu`.`id`, `main`.`NhiemVu`.`ma`, `main`.`NhiemVu`.`ten`, `main`.`NhiemVu`.`moTa`, `main`.`NhiemVu`.`donViChuTriId`, `main`.`NhiemVu`.`uuTien`, `main`.`NhiemVu`.`thoiHan`, `main`.`NhiemVu`.`giaiDoan`, `main`.`NhiemVu`.`kpi`, `main`.`NhiemVu`.`nguonKiemChung`, `main`.`NhiemVu`.`trangThai`, `main`.`NhiemVu`.`tienDo`, `main`.`NhiemVu`.`lop`, `main`.`NhiemVu`.`phuongAnXuLy`, `main`.`NhiemVu`.`ghiChu`, `main`.`NhiemVu`.`createdAt`, `main`.`NhiemVu`.`updatedAt` FROM `main`.`NhiemVu` WHERE 1=1 ORDER BY `main`.`NhiemVu`.`uuTien` ASC, `main`.`NhiemVu`.`thoiHan` ASC LIMIT ? OFFSET ?
prisma:query SELECT `main`.`DonVi`.`id`, `main`.`DonVi`.`ten`, `main`.`DonVi`.`loai`, `main`.`DonVi`.`parentId`, `main`.`DonVi`.`createdAt` FROM `main`.`DonVi` WHERE `main`.`DonVi`.`id` IN (?,?,?) LIMIT ? OFFSET ?
prisma:query SELECT `main`.`_HeThongNhiemVu`.`B`, `main`.`_HeThongNhiemVu`.`A` FROM `main`.`_HeThongNhiemVu` WHERE `main`.`_HeThongNhiemVu`.`B` IN (?,?,?,?,?,?,?,?,?)
prisma:query SELECT `main`.`HeThongSo`.`id`, `main`.`HeThongSo`.`ma`, `main`.`HeThongSo`.`ten`, `main`.`HeThongSo`.`loai`, `main`.`HeThongSo`.`lop`, `main`.`HeThongSo`.`moTa`, `main`.`HeThongSo`.`chuQuan`, `main`.`HeThongSo`.`trangThai`, `main`.`HeThongSo`.`namTrienKhai`, `main`.`HeThongSo`.`donViId`, `main`.`HeThongSo`.`createdAt`, `main`.`HeThongSo`.`updatedAt` FROM `main`.`HeThongSo` WHERE `main`.`HeThongSo`.`id` IN (?,?,?,?,?,?) LIMIT ? OFFSET ?
 GET /api/nhiem-vu 200 in 24ms (next.js: 6ms, application-code: 19ms)
prisma:query SELECT `main`.`NhiemVu`.`id`, `main`.`NhiemVu`.`ma`, `main`.`NhiemVu`.`ten`, `main`.`NhiemVu`.`moTa`, `main`.`NhiemVu`.`donViChuTriId`, `main`.`NhiemVu`.`uuTien`, `main`.`NhiemVu`.`thoiHan`, `main`.`NhiemVu`.`giaiDoan`, `main`.`NhiemVu`.`kpi`, `main`.`NhiemVu`.`nguonKiemChung`, `main`.`NhiemVu`.`trangThai`, `main`.`NhiemVu`.`tienDo`, `main`.`NhiemVu`.`lop`, `main`.`NhiemVu`.`phuongAnXuLy`, `main`.`NhiemVu`.`ghiChu`, `main`.`NhiemVu`.`createdAt`, `main`.`NhiemVu`.`updatedAt` FROM `main`.`NhiemVu` WHERE 1=1 ORDER BY `main`.`NhiemVu`.`uuTien` ASC, `main`.`NhiemVu`.`thoiHan` ASC LIMIT ? OFFSET ?
prisma:query SELECT `main`.`DonVi`.`id`, `main`.`DonVi`.`ten`, `main`.`DonVi`.`loai`, `main`.`DonVi`.`parentId`, `main`.`DonVi`.`createdAt` FROM `main`.`DonVi` WHERE `main`.`DonVi`.`id` IN (?,?,?) LIMIT ? OFFSET ?
prisma:query SELECT `main`.`_HeThongNhiemVu`.`B`, `main`.`_HeThongNhiemVu`.`A` FROM `main`.`_HeThongNhiemVu` WHERE `main`.`_HeThongNhiemVu`.`B` IN (?,?,?,?,?,?,?,?,?)
prisma:query SELECT `main`.`HeThongSo`.`id`, `main`.`HeThongSo`.`ma`, `main`.`HeThongSo`.`ten`, `main`.`HeThongSo`.`loai`, `main`.`HeThongSo`.`lop`, `main`.`HeThongSo`.`moTa`, `main`.`HeThongSo`.`chuQuan`, `main`.`HeThongSo`.`trangThai`, `main`.`HeThongSo`.`namTrienKhai`, `main`.`HeThongSo`.`donViId`, `main`.`HeThongSo`.`createdAt`, `main`.`HeThongSo`.`updatedAt` FROM `main`.`HeThongSo` WHERE `main`.`HeThongSo`.`id` IN (?,?,?,?,?,?) LIMIT ? OFFSET ?
 GET /api/nhiem-vu 200 in 21ms (next.js: 5ms, application-code: 16ms)
 GET / 200 in 33ms (next.js: 8ms, application-code: 24ms)
 GET /kts/so-do 200 in 41ms (next.js: 9ms, application-code: 32ms)
prisma:query SELECT 1
prisma:query SELECT `main`.`NhiemVu`.`id`, `main`.`NhiemVu`.`ma`, `main`.`NhiemVu`.`ten`, `main`.`NhiemVu`.`moTa`, `main`.`NhiemVu`.`donViChuTriId`, `main`.`NhiemVu`.`uuTien`, `main`.`NhiemVu`.`thoiHan`, `main`.`NhiemVu`.`giaiDoan`, `main`.`NhiemVu`.`kpi`, `main`.`NhiemVu`.`nguonKiemChung`, `main`.`NhiemVu`.`trangThai`, `main`.`NhiemVu`.`tienDo`, `main`.`NhiemVu`.`lop`, `main`.`NhiemVu`.`phuongAnXuLy`, `main`.`NhiemVu`.`ghiChu`, `main`.`NhiemVu`.`createdAt`, `main`.`NhiemVu`.`updatedAt` FROM `main`.`NhiemVu` WHERE 1=1 ORDER BY `main`.`NhiemVu`.`uuTien` ASC, `main`.`NhiemVu`.`thoiHan` ASC LIMIT ? OFFSET ?
prisma:query SELECT `main`.`DonVi`.`id`, `main`.`DonVi`.`ten`, `main`.`DonVi`.`loai`, `main`.`DonVi`.`parentId`, `main`.`DonVi`.`createdAt` FROM `main`.`DonVi` WHERE `main`.`DonVi`.`id` IN (?,?,?) LIMIT ? OFFSET ?
prisma:query SELECT `main`.`_HeThongNhiemVu`.`B`, `main`.`_HeThongNhiemVu`.`A` FROM `main`.`_HeThongNhiemVu` WHERE `main`.`_HeThongNhiemVu`.`B` IN (?,?,?,?,?,?,?,?,?)
prisma:query SELECT `main`.`HeThongSo`.`id`, `main`.`HeThongSo`.`ma`, `main`.`HeThongSo`.`ten`, `main`.`HeThongSo`.`loai`, `main`.`HeThongSo`.`lop`, `main`.`HeThongSo`.`moTa`, `main`.`HeThongSo`.`chuQuan`, `main`.`HeThongSo`.`trangThai`, `main`.`HeThongSo`.`namTrienKhai`, `main`.`HeThongSo`.`donViId`, `main`.`HeThongSo`.`createdAt`, `main`.`HeThongSo`.`updatedAt` FROM `main`.`HeThongSo` WHERE `main`.`HeThongSo`.`id` IN (?,?,?,?,?,?) LIMIT ? OFFSET ?
 GET /api/nhiem-vu 200 in 32ms (next.js: 8ms, application-code: 24ms)
prisma:query SELECT `main`.`HeThongSo`.`id`, `main`.`HeThongSo`.`ma`, `main`.`HeThongSo`.`ten`, `main`.`HeThongSo`.`loai`, `main`.`HeThongSo`.`lop`, `main`.`HeThongSo`.`moTa`, `main`.`HeThongSo`.`chuQuan`, `main`.`HeThongSo`.`trangThai`, `main`.`HeThongSo`.`namTrienKhai`, `main`.`HeThongSo`.`donViId`, `main`.`HeThongSo`.`createdAt`, `main`.`HeThongSo`.`updatedAt` FROM `main`.`HeThongSo` WHERE 1=1 ORDER BY `main`.`HeThongSo`.`lop` ASC, `main`.`HeThongSo`.`ma` ASC LIMIT ? OFFSET ?
prisma:query SELECT `main`.`DonVi`.`id`, `main`.`DonVi`.`ten`, `main`.`DonVi`.`loai`, `main`.`DonVi`.`parentId`, `main`.`DonVi`.`createdAt` FROM `main`.`DonVi` WHERE `main`.`DonVi`.`id` IN (?,?,?,?) LIMIT ? OFFSET ?
prisma:query SELECT `main`.`_HeThongNhiemVu`.`A`, `main`.`_HeThongNhiemVu`.`B` FROM `main`.`_HeThongNhiemVu` WHERE `main`.`_HeThongNhiemVu`.`A` IN (?,?,?,?,?,?,?,?,?,?,?,?,?,?,?,?,?,?,?,?,?,?,?,?,?,?,?,?,?,?,?,?,?,?,?,?,?,?,?,?,?,?,?,?,?,?,?,?,?,?,?,?,?,?,?,?,?,?,?,?,?,?,?,?,?,?,?,?,?,?,?,?,?,?,?,?,?,?,?,?,?,?,?,?,?,?,?,?,?,?,?,?,?,?,?,?,?,?,?,?,?,?,?,?,?,?,?,?,?,?,?,?,?,?,?,?,?,?,?,?,?,?,?,?,?,?,?,?,?,?,?,?,?,?,?,?,?,?,?,?,?,?,?,?,?,?,?,?,?,?,?,?,?,?,?,?,?,?,?,?,?,?,?,?,?,?,?,?,?,?,?,?,?,?,?,?,?,?,?,?,?,?,?,?,?,?,?,?,?,?,?,?,?,?,?,?,?,?,?,?,?,?,?,?,?,?,?,?,?,?,?,?,?,?,?,?,?,?,?,?,?,?,?,?,?,?,?,?,?,?,?,?,?,?,?,?,?,?,?,?,?,?,?,?,?,?,?,?,?,?,?,?,?,?,?,?,?,?,?,?,?,?,?,?,?,?,?,?,?,?,?,?,?,?,?,?,?,?,?,?,?,?,?,?,?,?,?,?,?,?,?,?,?,?,?,?,?,?,?,?,?,?,?,?,?,?,?,?,?,?,?,?,?,?,?,?,?,?,?,?,?,?,?,?,?,?,?,?,?,?,?,?,?,?,?,?,?,?,?,?,?,?,?,?,?,?,?,?,?,?,?,?,?,?,?,?,?,?,?,?,?,?,?,?,?,?,?,?,?,?,?,?,?,?,?,?,?,?,?,?,?,?,?,?,?,?,?,?,?)
prisma:query SELECT `main`.`NhiemVu`.`id`, `main`.`NhiemVu`.`ma`, `main`.`NhiemVu`.`ten`, `main`.`NhiemVu`.`moTa`, `main`.`NhiemVu`.`donViChuTriId`, `main`.`NhiemVu`.`uuTien`, `main`.`NhiemVu`.`thoiHan`, `main`.`NhiemVu`.`giaiDoan`, `main`.`NhiemVu`.`kpi`, `main`.`NhiemVu`.`nguonKiemChung`, `main`.`NhiemVu`.`trangThai`, `main`.`NhiemVu`.`tienDo`, `main`.`NhiemVu`.`lop`, `main`.`NhiemVu`.`phuongAnXuLy`, `main`.`NhiemVu`.`ghiChu`, `main`.`NhiemVu`.`createdAt`, `main`.`NhiemVu`.`updatedAt` FROM `main`.`NhiemVu` WHERE `main`.`NhiemVu`.`id` IN (?,?,?,?,?,?) LIMIT ? OFFSET ?
 GET /api/he-thong 200 in 52ms (next.js: 22ms, application-code: 30ms)
prisma:query SELECT `main`.`NhiemVu`.`id`, `main`.`NhiemVu`.`ma`, `main`.`NhiemVu`.`ten`, `main`.`NhiemVu`.`moTa`, `main`.`NhiemVu`.`donViChuTriId`, `main`.`NhiemVu`.`uuTien`, `main`.`NhiemVu`.`thoiHan`, `main`.`NhiemVu`.`giaiDoan`, `main`.`NhiemVu`.`kpi`, `main`.`NhiemVu`.`nguonKiemChung`, `main`.`NhiemVu`.`trangThai`, `main`.`NhiemVu`.`tienDo`, `main`.`NhiemVu`.`lop`, `main`.`NhiemVu`.`phuongAnXuLy`, `main`.`NhiemVu`.`ghiChu`, `main`.`NhiemVu`.`createdAt`, `main`.`NhiemVu`.`updatedAt` FROM `main`.`NhiemVu` WHERE 1=1 ORDER BY `main`.`NhiemVu`.`uuTien` ASC, `main`.`NhiemVu`.`thoiHan` ASC LIMIT ? OFFSET ?
prisma:query SELECT `main`.`DonVi`.`id`, `main`.`DonVi`.`ten`, `main`.`DonVi`.`loai`, `main`.`DonVi`.`parentId`, `main`.`DonVi`.`createdAt` FROM `main`.`DonVi` WHERE `main`.`DonVi`.`id` IN (?,?,?) LIMIT ? OFFSET ?
prisma:query SELECT `main`.`_HeThongNhiemVu`.`B`, `main`.`_HeThongNhiemVu`.`A` FROM `main`.`_HeThongNhiemVu` WHERE `main`.`_HeThongNhiemVu`.`B` IN (?,?,?,?,?,?,?,?,?)
prisma:query SELECT `main`.`HeThongSo`.`id`, `main`.`HeThongSo`.`ma`, `main`.`HeThongSo`.`ten`, `main`.`HeThongSo`.`loai`, `main`.`HeThongSo`.`lop`, `main`.`HeThongSo`.`moTa`, `main`.`HeThongSo`.`chuQuan`, `main`.`HeThongSo`.`trangThai`, `main`.`HeThongSo`.`namTrienKhai`, `main`.`HeThongSo`.`donViId`, `main`.`HeThongSo`.`createdAt`, `main`.`HeThongSo`.`updatedAt` FROM `main`.`HeThongSo` WHERE `main`.`HeThongSo`.`id` IN (?,?,?,?,?,?) LIMIT ? OFFSET ?
 GET /api/nhiem-vu 200 in 22ms (next.js: 4ms, application-code: 18ms)
prisma:query SELECT `main`.`HeThongSo`.`id`, `main`.`HeThongSo`.`ma`, `main`.`HeThongSo`.`ten`, `main`.`HeThongSo`.`loai`, `main`.`HeThongSo`.`lop`, `main`.`HeThongSo`.`moTa`, `main`.`HeThongSo`.`chuQuan`, `main`.`HeThongSo`.`trangThai`, `main`.`HeThongSo`.`namTrienKhai`, `main`.`HeThongSo`.`donViId`, `main`.`HeThongSo`.`createdAt`, `main`.`HeThongSo`.`updatedAt` FROM `main`.`HeThongSo` WHERE 1=1 ORDER BY `main`.`HeThongSo`.`lop` ASC, `main`.`HeThongSo`.`ma` ASC LIMIT ? OFFSET ?
prisma:query SELECT `main`.`DonVi`.`id`, `main`.`DonVi`.`ten`, `main`.`DonVi`.`loai`, `main`.`DonVi`.`parentId`, `main`.`DonVi`.`createdAt` FROM `main`.`DonVi` WHERE `main`.`DonVi`.`id` IN (?,?,?,?) LIMIT ? OFFSET ?
prisma:query SELECT `main`.`_HeThongNhiemVu`.`A`, `main`.`_HeThongNhiemVu`.`B` FROM `main`.`_HeThongNhiemVu` WHERE `main`.`_HeThongNhiemVu`.`A` IN (?,?,?,?,?,?,?,?,?,?,?,?,?,?,?,?,?,?,?,?,?,?,?,?,?,?,?,?,?,?,?,?,?,?,?,?,?,?,?,?,?,?,?,?,?,?,?,?,?,?,?,?,?,?,?,?,?,?,?,?,?,?,?,?,?,?,?,?,?,?,?,?,?,?,?,?,?,?,?,?,?,?,?,?,?,?,?,?,?,?,?,?,?,?,?,?,?,?,?,?,?,?,?,?,?,?,?,?,?,?,?,?,?,?,?,?,?,?,?,?,?,?,?,?,?,?,?,?,?,?,?,?,?,?,?,?,?,?,?,?,?,?,?,?,?,?,?,?,?,?,?,?,?,?,?,?,?,?,?,?,?,?,?,?,?,?,?,?,?,?,?,?,?,?,?,?,?,?,?,?,?,?,?,?,?,?,?,?,?,?,?,?,?,?,?,?,?,?,?,?,?,?,?,?,?,?,?,?,?,?,?,?,?,?,?,?,?,?,?,?,?,?,?,?,?,?,?,?,?,?,?,?,?,?,?,?,?,?,?,?,?,?,?,?,?,?,?,?,?,?,?,?,?,?,?,?,?,?,?,?,?,?,?,?,?,?,?,?,?,?,?,?,?,?,?,?,?,?,?,?,?,?,?,?,?,?,?,?,?,?,?,?,?,?,?,?,?,?,?,?,?,?,?,?,?,?,?,?,?,?,?,?,?,?,?,?,?,?,?,?,?,?,?,?,?,?,?,?,?,?,?,?,?,?,?,?,?,?,?,?,?,?,?,?,?,?,?,?,?,?,?,?,?,?,?,?,?,?,?,?,?,?,?,?,?,?,?,?,?,?,?,?,?,?,?,?,?,?,?,?,?,?,?,?,?,?,?,?,?)
prisma:query SELECT `main`.`NhiemVu`.`id`, `main`.`NhiemVu`.`ma`, `main`.`NhiemVu`.`ten`, `main`.`NhiemVu`.`moTa`, `main`.`NhiemVu`.`donViChuTriId`, `main`.`NhiemVu`.`uuTien`, `main`.`NhiemVu`.`thoiHan`, `main`.`NhiemVu`.`giaiDoan`, `main`.`NhiemVu`.`kpi`, `main`.`NhiemVu`.`nguonKiemChung`, `main`.`NhiemVu`.`trangThai`, `main`.`NhiemVu`.`tienDo`, `main`.`NhiemVu`.`lop`, `main`.`NhiemVu`.`phuongAnXuLy`, `main`.`NhiemVu`.`ghiChu`, `main`.`NhiemVu`.`createdAt`, `main`.`NhiemVu`.`updatedAt` FROM `main`.`NhiemVu` WHERE `main`.`NhiemVu`.`id` IN (?,?,?,?,?,?) LIMIT ? OFFSET ?
 GET /api/he-thong 200 in 35ms (next.js: 4ms, application-code: 31ms)
 GET /kts/hien-trang 200 in 44ms (next.js: 11ms, application-code: 33ms)
 GET /kts/hien-trang 200 in 39ms (next.js: 11ms, application-code: 28ms)
 GET /kts/hien-trang 200 in 37ms (next.js: 10ms, application-code: 27ms)
 GET /kts/lo-trinh 200 in 40ms (next.js: 9ms, application-code: 31ms)
 GET /kts/so-do 200 in 86ms (next.js: 6ms, application-code: 80ms)
[browser] Warning: [antd: Spin] `tip` is deprecated. Please use `description` instead. 
prisma:query SELECT 1
prisma:query SELECT `main`.`HeThongSo`.`id`, `main`.`HeThongSo`.`ma`, `main`.`HeThongSo`.`ten`, `main`.`HeThongSo`.`loai`, `main`.`HeThongSo`.`lop`, `main`.`HeThongSo`.`moTa`, `main`.`HeThongSo`.`chuQuan`, `main`.`HeThongSo`.`trangThai`, `main`.`HeThongSo`.`namTrienKhai`, `main`.`HeThongSo`.`donViId`, `main`.`HeThongSo`.`createdAt`, `main`.`HeThongSo`.`updatedAt` FROM `main`.`HeThongSo` WHERE 1=1 ORDER BY `main`.`HeThongSo`.`lop` ASC, `main`.`HeThongSo`.`ma` ASC LIMIT ? OFFSET ?
prisma:query SELECT `main`.`DonVi`.`id`, `main`.`DonVi`.`ten`, `main`.`DonVi`.`loai`, `main`.`DonVi`.`parentId`, `main`.`DonVi`.`createdAt` FROM `main`.`DonVi` WHERE `main`.`DonVi`.`id` IN (?,?,?,?) LIMIT ? OFFSET ?
prisma:query SELECT `main`.`_HeThongNhiemVu`.`A`, `main`.`_HeThongNhiemVu`.`B` FROM `main`.`_HeThongNhiemVu` WHERE `main`.`_HeThongNhiemVu`.`A` IN (?,?,?,?,?,?,?,?,?,?,?,?,?,?,?,?,?,?,?,?,?,?,?,?,?,?,?,?,?,?,?,?,?,?,?,?,?,?,?,?,?,?,?,?,?,?,?,?,?,?,?,?,?,?,?,?,?,?,?,?,?,?,?,?,?,?,?,?,?,?,?,?,?,?,?,?,?,?,?,?,?,?,?,?,?,?,?,?,?,?,?,?,?,?,?,?,?,?,?,?,?,?,?,?,?,?,?,?,?,?,?,?,?,?,?,?,?,?,?,?,?,?,?,?,?,?,?,?,?,?,?,?,?,?,?,?,?,?,?,?,?,?,?,?,?,?,?,?,?,?,?,?,?,?,?,?,?,?,?,?,?,?,?,?,?,?,?,?,?,?,?,?,?,?,?,?,?,?,?,?,?,?,?,?,?,?,?,?,?,?,?,?,?,?,?,?,?,?,?,?,?,?,?,?,?,?,?,?,?,?,?,?,?,?,?,?,?,?,?,?,?,?,?,?,?,?,?,?,?,?,?,?,?,?,?,?,?,?,?,?,?,?,?,?,?,?,?,?,?,?,?,?,?,?,?,?,?,?,?,?,?,?,?,?,?,?,?,?,?,?,?,?,?,?,?,?,?,?,?,?,?,?,?,?,?,?,?,?,?,?,?,?,?,?,?,?,?,?,?,?,?,?,?,?,?,?,?,?,?,?,?,?,?,?,?,?,?,?,?,?,?,?,?,?,?,?,?,?,?,?,?,?,?,?,?,?,?,?,?,?,?,?,?,?,?,?,?,?,?,?,?,?,?,?,?,?,?,?,?,?,?,?,?,?,?,?,?,?,?,?,?,?,?,?,?,?,?,?,?,?,?,?,?,?,?,?,?,?,?)
prisma:query SELECT `main`.`NhiemVu`.`id`, `main`.`NhiemVu`.`ma`, `main`.`NhiemVu`.`ten`, `main`.`NhiemVu`.`moTa`, `main`.`NhiemVu`.`donViChuTriId`, `main`.`NhiemVu`.`uuTien`, `main`.`NhiemVu`.`thoiHan`, `main`.`NhiemVu`.`giaiDoan`, `main`.`NhiemVu`.`kpi`, `main`.`NhiemVu`.`nguonKiemChung`, `main`.`NhiemVu`.`trangThai`, `main`.`NhiemVu`.`tienDo`, `main`.`NhiemVu`.`lop`, `main`.`NhiemVu`.`phuongAnXuLy`, `main`.`NhiemVu`.`ghiChu`, `main`.`NhiemVu`.`createdAt`, `main`.`NhiemVu`.`updatedAt` FROM `main`.`NhiemVu` WHERE `main`.`NhiemVu`.`id` IN (?,?,?,?,?,?) LIMIT ? OFFSET ?
prisma:query SELECT 1
prisma:query SELECT `main`.`NhiemVu`.`id`, `main`.`NhiemVu`.`ma`, `main`.`NhiemVu`.`ten`, `main`.`NhiemVu`.`moTa`, `main`.`NhiemVu`.`donViChuTriId`, `main`.`NhiemVu`.`uuTien`, `main`.`NhiemVu`.`thoiHan`, `main`.`NhiemVu`.`giaiDoan`, `main`.`NhiemVu`.`kpi`, `main`.`NhiemVu`.`nguonKiemChung`, `main`.`NhiemVu`.`trangThai`, `main`.`NhiemVu`.`tienDo`, `main`.`NhiemVu`.`lop`, `main`.`NhiemVu`.`phuongAnXuLy`, `main`.`NhiemVu`.`ghiChu`, `main`.`NhiemVu`.`createdAt`, `main`.`NhiemVu`.`updatedAt` FROM `main`.`NhiemVu` WHERE 1=1 ORDER BY `main`.`NhiemVu`.`uuTien` ASC, `main`.`NhiemVu`.`thoiHan` ASC LIMIT ? OFFSET ?
prisma:query SELECT `main`.`DonVi`.`id`, `main`.`DonVi`.`ten`, `main`.`DonVi`.`loai`, `main`.`DonVi`.`parentId`, `main`.`DonVi`.`createdAt` FROM `main`.`DonVi` WHERE `main`.`DonVi`.`id` IN (?,?,?) LIMIT ? OFFSET ?
prisma:query SELECT `main`.`_HeThongNhiemVu`.`B`, `main`.`_HeThongNhiemVu`.`A` FROM `main`.`_HeThongNhiemVu` WHERE `main`.`_HeThongNhiemVu`.`B` IN (?,?,?,?,?,?,?,?,?)
prisma:query SELECT `main`.`HeThongSo`.`id`, `main`.`HeThongSo`.`ma`, `main`.`HeThongSo`.`ten`, `main`.`HeThongSo`.`loai`, `main`.`HeThongSo`.`lop`, `main`.`HeThongSo`.`moTa`, `main`.`HeThongSo`.`chuQuan`, `main`.`HeThongSo`.`trangThai`, `main`.`HeThongSo`.`namTrienKhai`, `main`.`HeThongSo`.`donViId`, `main`.`HeThongSo`.`createdAt`, `main`.`HeThongSo`.`updatedAt` FROM `main`.`HeThongSo` WHERE `main`.`HeThongSo`.`id` IN (?,?,?,?,?,?) LIMIT ? OFFSET ?
 GET /api/nhiem-vu 200 in 41ms (next.js: 19ms, application-code: 22ms)
 GET /api/he-thong 200 in 55ms (next.js: 6ms, application-code: 49ms)
prisma:query SELECT `main`.`NhiemVu`.`id`, `main`.`NhiemVu`.`ma`, `main`.`NhiemVu`.`ten`, `main`.`NhiemVu`.`moTa`, `main`.`NhiemVu`.`donViChuTriId`, `main`.`NhiemVu`.`uuTien`, `main`.`NhiemVu`.`thoiHan`, `main`.`NhiemVu`.`giaiDoan`, `main`.`NhiemVu`.`kpi`, `main`.`NhiemVu`.`nguonKiemChung`, `main`.`NhiemVu`.`trangThai`, `main`.`NhiemVu`.`tienDo`, `main`.`NhiemVu`.`lop`, `main`.`NhiemVu`.`phuongAnXuLy`, `main`.`NhiemVu`.`ghiChu`, `main`.`NhiemVu`.`createdAt`, `main`.`NhiemVu`.`updatedAt` FROM `main`.`NhiemVu` WHERE 1=1 ORDER BY `main`.`NhiemVu`.`uuTien` ASC, `main`.`NhiemVu`.`thoiHan` ASC LIMIT ? OFFSET ?
prisma:query SELECT `main`.`DonVi`.`id`, `main`.`DonVi`.`ten`, `main`.`DonVi`.`loai`, `main`.`DonVi`.`parentId`, `main`.`DonVi`.`createdAt` FROM `main`.`DonVi` WHERE `main`.`DonVi`.`id` IN (?,?,?) LIMIT ? OFFSET ?
prisma:query SELECT `main`.`_HeThongNhiemVu`.`B`, `main`.`_HeThongNhiemVu`.`A` FROM `main`.`_HeThongNhiemVu` WHERE `main`.`_HeThongNhiemVu`.`B` IN (?,?,?,?,?,?,?,?,?)
prisma:query SELECT `main`.`HeThongSo`.`id`, `main`.`HeThongSo`.`ma`, `main`.`HeThongSo`.`ten`, `main`.`HeThongSo`.`loai`, `main`.`HeThongSo`.`lop`, `main`.`HeThongSo`.`moTa`, `main`.`HeThongSo`.`chuQuan`, `main`.`HeThongSo`.`trangThai`, `main`.`HeThongSo`.`namTrienKhai`, `main`.`HeThongSo`.`donViId`, `main`.`HeThongSo`.`createdAt`, `main`.`HeThongSo`.`updatedAt` FROM `main`.`HeThongSo` WHERE `main`.`HeThongSo`.`id` IN (?,?,?,?,?,?) LIMIT ? OFFSET ?
 GET /api/nhiem-vu 200 in 29ms (next.js: 7ms, application-code: 23ms)
prisma:query SELECT `main`.`HeThongSo`.`id`, `main`.`HeThongSo`.`ma`, `main`.`HeThongSo`.`ten`, `main`.`HeThongSo`.`loai`, `main`.`HeThongSo`.`lop`, `main`.`HeThongSo`.`moTa`, `main`.`HeThongSo`.`chuQuan`, `main`.`HeThongSo`.`trangThai`, `main`.`HeThongSo`.`namTrienKhai`, `main`.`HeThongSo`.`donViId`, `main`.`HeThongSo`.`createdAt`, `main`.`HeThongSo`.`updatedAt` FROM `main`.`HeThongSo` WHERE 1=1 ORDER BY `main`.`HeThongSo`.`lop` ASC, `main`.`HeThongSo`.`ma` ASC LIMIT ? OFFSET ?
prisma:query SELECT `main`.`DonVi`.`id`, `main`.`DonVi`.`ten`, `main`.`DonVi`.`loai`, `main`.`DonVi`.`parentId`, `main`.`DonVi`.`createdAt` FROM `main`.`DonVi` WHERE `main`.`DonVi`.`id` IN (?,?,?,?) LIMIT ? OFFSET ?
prisma:query SELECT `main`.`_HeThongNhiemVu`.`A`, `main`.`_HeThongNhiemVu`.`B` FROM `main`.`_HeThongNhiemVu` WHERE `main`.`_HeThongNhiemVu`.`A` IN (?,?,?,?,?,?,?,?,?,?,?,?,?,?,?,?,?,?,?,?,?,?,?,?,?,?,?,?,?,?,?,?,?,?,?,?,?,?,?,?,?,?,?,?,?,?,?,?,?,?,?,?,?,?,?,?,?,?,?,?,?,?,?,?,?,?,?,?,?,?,?,?,?,?,?,?,?,?,?,?,?,?,?,?,?,?,?,?,?,?,?,?,?,?,?,?,?,?,?,?,?,?,?,?,?,?,?,?,?,?,?,?,?,?,?,?,?,?,?,?,?,?,?,?,?,?,?,?,?,?,?,?,?,?,?,?,?,?,?,?,?,?,?,?,?,?,?,?,?,?,?,?,?,?,?,?,?,?,?,?,?,?,?,?,?,?,?,?,?,?,?,?,?,?,?,?,?,?,?,?,?,?,?,?,?,?,?,?,?,?,?,?,?,?,?,?,?,?,?,?,?,?,?,?,?,?,?,?,?,?,?,?,?,?,?,?,?,?,?,?,?,?,?,?,?,?,?,?,?,?,?,?,?,?,?,?,?,?,?,?,?,?,?,?,?,?,?,?,?,?,?,?,?,?,?,?,?,?,?,?,?,?,?,?,?,?,?,?,?,?,?,?,?,?,?,?,?,?,?,?,?,?,?,?,?,?,?,?,?,?,?,?,?,?,?,?,?,?,?,?,?,?,?,?,?,?,?,?,?,?,?,?,?,?,?,?,?,?,?,?,?,?,?,?,?,?,?,?,?,?,?,?,?,?,?,?,?,?,?,?,?,?,?,?,?,?,?,?,?,?,?,?,?,?,?,?,?,?,?,?,?,?,?,?,?,?,?,?,?,?,?,?,?,?,?,?,?,?,?,?,?,?,?,?,?,?,?,?,?)
prisma:query SELECT `main`.`NhiemVu`.`id`, `main`.`NhiemVu`.`ma`, `main`.`NhiemVu`.`ten`, `main`.`NhiemVu`.`moTa`, `main`.`NhiemVu`.`donViChuTriId`, `main`.`NhiemVu`.`uuTien`, `main`.`NhiemVu`.`thoiHan`, `main`.`NhiemVu`.`giaiDoan`, `main`.`NhiemVu`.`kpi`, `main`.`NhiemVu`.`nguonKiemChung`, `main`.`NhiemVu`.`trangThai`, `main`.`NhiemVu`.`tienDo`, `main`.`NhiemVu`.`lop`, `main`.`NhiemVu`.`phuongAnXuLy`, `main`.`NhiemVu`.`ghiChu`, `main`.`NhiemVu`.`createdAt`, `main`.`NhiemVu`.`updatedAt` FROM `main`.`NhiemVu` WHERE `main`.`NhiemVu`.`id` IN (?,?,?,?,?,?) LIMIT ? OFFSET ?
 GET /api/he-thong 200 in 52ms (next.js: 16ms, application-code: 36ms)
 GET /kts/hien-trang 200 in 45ms (next.js: 7ms, application-code: 38ms)
prisma:query SELECT `main`.`HeThongSo`.`id`, `main`.`HeThongSo`.`ma`, `main`.`HeThongSo`.`ten`, `main`.`HeThongSo`.`loai`, `main`.`HeThongSo`.`lop`, `main`.`HeThongSo`.`moTa`, `main`.`HeThongSo`.`chuQuan`, `main`.`HeThongSo`.`trangThai`, `main`.`HeThongSo`.`namTrienKhai`, `main`.`HeThongSo`.`donViId`, `main`.`HeThongSo`.`createdAt`, `main`.`HeThongSo`.`updatedAt` FROM `main`.`HeThongSo` WHERE 1=1 ORDER BY `main`.`HeThongSo`.`lop` ASC, `main`.`HeThongSo`.`ma` ASC LIMIT ? OFFSET ?
prisma:query SELECT `main`.`DonVi`.`id`, `main`.`DonVi`.`ten`, `main`.`DonVi`.`loai`, `main`.`DonVi`.`parentId`, `main`.`DonVi`.`createdAt` FROM `main`.`DonVi` WHERE `main`.`DonVi`.`id` IN (?,?,?,?) LIMIT ? OFFSET ?
prisma:query SELECT `main`.`_HeThongNhiemVu`.`A`, `main`.`_HeThongNhiemVu`.`B` FROM `main`.`_HeThongNhiemVu` WHERE `main`.`_HeThongNhiemVu`.`A` IN (?,?,?,?,?,?,?,?,?,?,?,?,?,?,?,?,?,?,?,?,?,?,?,?,?,?,?,?,?,?,?,?,?,?,?,?,?,?,?,?,?,?,?,?,?,?,?,?,?,?,?,?,?,?,?,?,?,?,?,?,?,?,?,?,?,?,?,?,?,?,?,?,?,?,?,?,?,?,?,?,?,?,?,?,?,?,?,?,?,?,?,?,?,?,?,?,?,?,?,?,?,?,?,?,?,?,?,?,?,?,?,?,?,?,?,?,?,?,?,?,?,?,?,?,?,?,?,?,?,?,?,?,?,?,?,?,?,?,?,?,?,?,?,?,?,?,?,?,?,?,?,?,?,?,?,?,?,?,?,?,?,?,?,?,?,?,?,?,?,?,?,?,?,?,?,?,?,?,?,?,?,?,?,?,?,?,?,?,?,?,?,?,?,?,?,?,?,?,?,?,?,?,?,?,?,?,?,?,?,?,?,?,?,?,?,?,?,?,?,?,?,?,?,?,?,?,?,?,?,?,?,?,?,?,?,?,?,?,?,?,?,?,?,?,?,?,?,?,?,?,?,?,?,?,?,?,?,?,?,?,?,?,?,?,?,?,?,?,?,?,?,?,?,?,?,?,?,?,?,?,?,?,?,?,?,?,?,?,?,?,?,?,?,?,?,?,?,?,?,?,?,?,?,?,?,?,?,?,?,?,?,?,?,?,?,?,?,?,?,?,?,?,?,?,?,?,?,?,?,?,?,?,?,?,?,?,?,?,?,?,?,?,?,?,?,?,?,?,?,?,?,?,?,?,?,?,?,?,?,?,?,?,?,?,?,?,?,?,?,?,?,?,?,?,?,?,?,?,?,?,?,?,?,?,?,?,?,?,?)
prisma:query SELECT `main`.`NhiemVu`.`id`, `main`.`NhiemVu`.`ma`, `main`.`NhiemVu`.`ten`, `main`.`NhiemVu`.`moTa`, `main`.`NhiemVu`.`donViChuTriId`, `main`.`NhiemVu`.`uuTien`, `main`.`NhiemVu`.`thoiHan`, `main`.`NhiemVu`.`giaiDoan`, `main`.`NhiemVu`.`kpi`, `main`.`NhiemVu`.`nguonKiemChung`, `main`.`NhiemVu`.`trangThai`, `main`.`NhiemVu`.`tienDo`, `main`.`NhiemVu`.`lop`, `main`.`NhiemVu`.`phuongAnXuLy`, `main`.`NhiemVu`.`ghiChu`, `main`.`NhiemVu`.`createdAt`, `main`.`NhiemVu`.`updatedAt` FROM `main`.`NhiemVu` WHERE `main`.`NhiemVu`.`id` IN (?,?,?,?,?,?) LIMIT ? OFFSET ?
 GET /api/he-thong 200 in 54ms (next.js: 12ms, application-code: 42ms)
prisma:query SELECT `main`.`HeThongSo`.`id`, `main`.`HeThongSo`.`ma`, `main`.`HeThongSo`.`ten`, `main`.`HeThongSo`.`loai`, `main`.`HeThongSo`.`lop`, `main`.`HeThongSo`.`moTa`, `main`.`HeThongSo`.`chuQuan`, `main`.`HeThongSo`.`trangThai`, `main`.`HeThongSo`.`namTrienKhai`, `main`.`HeThongSo`.`donViId`, `main`.`HeThongSo`.`createdAt`, `main`.`HeThongSo`.`updatedAt` FROM `main`.`HeThongSo` WHERE 1=1 ORDER BY `main`.`HeThongSo`.`lop` ASC, `main`.`HeThongSo`.`ma` ASC LIMIT ? OFFSET ?
prisma:query SELECT `main`.`DonVi`.`id`, `main`.`DonVi`.`ten`, `main`.`DonVi`.`loai`, `main`.`DonVi`.`parentId`, `main`.`DonVi`.`createdAt` FROM `main`.`DonVi` WHERE `main`.`DonVi`.`id` IN (?,?,?,?) LIMIT ? OFFSET ?
prisma:query SELECT `main`.`_HeThongNhiemVu`.`A`, `main`.`_HeThongNhiemVu`.`B` FROM `main`.`_HeThongNhiemVu` WHERE `main`.`_HeThongNhiemVu`.`A` IN (?,?,?,?,?,?,?,?,?,?,?,?,?,?,?,?,?,?,?,?,?,?,?,?,?,?,?,?,?,?,?,?,?,?,?,?,?,?,?,?,?,?,?,?,?,?,?,?,?,?,?,?,?,?,?,?,?,?,?,?,?,?,?,?,?,?,?,?,?,?,?,?,?,?,?,?,?,?,?,?,?,?,?,?,?,?,?,?,?,?,?,?,?,?,?,?,?,?,?,?,?,?,?,?,?,?,?,?,?,?,?,?,?,?,?,?,?,?,?,?,?,?,?,?,?,?,?,?,?,?,?,?,?,?,?,?,?,?,?,?,?,?,?,?,?,?,?,?,?,?,?,?,?,?,?,?,?,?,?,?,?,?,?,?,?,?,?,?,?,?,?,?,?,?,?,?,?,?,?,?,?,?,?,?,?,?,?,?,?,?,?,?,?,?,?,?,?,?,?,?,?,?,?,?,?,?,?,?,?,?,?,?,?,?,?,?,?,?,?,?,?,?,?,?,?,?,?,?,?,?,?,?,?,?,?,?,?,?,?,?,?,?,?,?,?,?,?,?,?,?,?,?,?,?,?,?,?,?,?,?,?,?,?,?,?,?,?,?,?,?,?,?,?,?,?,?,?,?,?,?,?,?,?,?,?,?,?,?,?,?,?,?,?,?,?,?,?,?,?,?,?,?,?,?,?,?,?,?,?,?,?,?,?,?,?,?,?,?,?,?,?,?,?,?,?,?,?,?,?,?,?,?,?,?,?,?,?,?,?,?,?,?,?,?,?,?,?,?,?,?,?,?,?,?,?,?,?,?,?,?,?,?,?,?,?,?,?,?,?,?,?,?,?,?,?,?,?,?,?,?,?,?,?,?,?,?,?,?,?)
prisma:query SELECT `main`.`NhiemVu`.`id`, `main`.`NhiemVu`.`ma`, `main`.`NhiemVu`.`ten`, `main`.`NhiemVu`.`moTa`, `main`.`NhiemVu`.`donViChuTriId`, `main`.`NhiemVu`.`uuTien`, `main`.`NhiemVu`.`thoiHan`, `main`.`NhiemVu`.`giaiDoan`, `main`.`NhiemVu`.`kpi`, `main`.`NhiemVu`.`nguonKiemChung`, `main`.`NhiemVu`.`trangThai`, `main`.`NhiemVu`.`tienDo`, `main`.`NhiemVu`.`lop`, `main`.`NhiemVu`.`phuongAnXuLy`, `main`.`NhiemVu`.`ghiChu`, `main`.`NhiemVu`.`createdAt`, `main`.`NhiemVu`.`updatedAt` FROM `main`.`NhiemVu` WHERE `main`.`NhiemVu`.`id` IN (?,?,?,?,?,?) LIMIT ? OFFSET ?
 GET /api/he-thong 200 in 48ms (next.js: 6ms, application-code: 42ms)
[browser] Warning: [antd: Modal] `destroyOnClose` is deprecated. Please use `destroyOnHidden` instead. 
    at Array.forEach (<anonymous>) (<anonymous>)
[browser] Warning: [antd: Descriptions] `labelStyle` is deprecated. Please use `styles.label` instead. 
    at Array.forEach (<anonymous>) (<anonymous>)
 GET /kts/lo-trinh 200 in 29ms (next.js: 6ms, application-code: 22ms)
prisma:query SELECT 1
prisma:query SELECT `main`.`NhiemVu`.`id`, `main`.`NhiemVu`.`ma`, `main`.`NhiemVu`.`ten`, `main`.`NhiemVu`.`moTa`, `main`.`NhiemVu`.`donViChuTriId`, `main`.`NhiemVu`.`uuTien`, `main`.`NhiemVu`.`thoiHan`, `main`.`NhiemVu`.`giaiDoan`, `main`.`NhiemVu`.`kpi`, `main`.`NhiemVu`.`nguonKiemChung`, `main`.`NhiemVu`.`trangThai`, `main`.`NhiemVu`.`tienDo`, `main`.`NhiemVu`.`lop`, `main`.`NhiemVu`.`phuongAnXuLy`, `main`.`NhiemVu`.`ghiChu`, `main`.`NhiemVu`.`createdAt`, `main`.`NhiemVu`.`updatedAt` FROM `main`.`NhiemVu` WHERE 1=1 ORDER BY `main`.`NhiemVu`.`uuTien` ASC, `main`.`NhiemVu`.`thoiHan` ASC LIMIT ? OFFSET ?
prisma:query SELECT `main`.`DonVi`.`id`, `main`.`DonVi`.`ten`, `main`.`DonVi`.`loai`, `main`.`DonVi`.`parentId`, `main`.`DonVi`.`createdAt` FROM `main`.`DonVi` WHERE `main`.`DonVi`.`id` IN (?,?,?) LIMIT ? OFFSET ?
prisma:query SELECT `main`.`_HeThongNhiemVu`.`B`, `main`.`_HeThongNhiemVu`.`A` FROM `main`.`_HeThongNhiemVu` WHERE `main`.`_HeThongNhiemVu`.`B` IN (?,?,?,?,?,?,?,?,?)
prisma:query SELECT `main`.`HeThongSo`.`id`, `main`.`HeThongSo`.`ma`, `main`.`HeThongSo`.`ten`, `main`.`HeThongSo`.`loai`, `main`.`HeThongSo`.`lop`, `main`.`HeThongSo`.`moTa`, `main`.`HeThongSo`.`chuQuan`, `main`.`HeThongSo`.`trangThai`, `main`.`HeThongSo`.`namTrienKhai`, `main`.`HeThongSo`.`donViId`, `main`.`HeThongSo`.`createdAt`, `main`.`HeThongSo`.`updatedAt` FROM `main`.`HeThongSo` WHERE `main`.`HeThongSo`.`id` IN (?,?,?,?,?,?) LIMIT ? OFFSET ?
 GET /api/nhiem-vu 200 in 25ms (next.js: 5ms, application-code: 20ms)
prisma:query SELECT `main`.`NhiemVu`.`id`, `main`.`NhiemVu`.`ma`, `main`.`NhiemVu`.`ten`, `main`.`NhiemVu`.`moTa`, `main`.`NhiemVu`.`donViChuTriId`, `main`.`NhiemVu`.`uuTien`, `main`.`NhiemVu`.`thoiHan`, `main`.`NhiemVu`.`giaiDoan`, `main`.`NhiemVu`.`kpi`, `main`.`NhiemVu`.`nguonKiemChung`, `main`.`NhiemVu`.`trangThai`, `main`.`NhiemVu`.`tienDo`, `main`.`NhiemVu`.`lop`, `main`.`NhiemVu`.`phuongAnXuLy`, `main`.`NhiemVu`.`ghiChu`, `main`.`NhiemVu`.`createdAt`, `main`.`NhiemVu`.`updatedAt` FROM `main`.`NhiemVu` WHERE 1=1 ORDER BY `main`.`NhiemVu`.`uuTien` ASC, `main`.`NhiemVu`.`thoiHan` ASC LIMIT ? OFFSET ?
prisma:query SELECT `main`.`DonVi`.`id`, `main`.`DonVi`.`ten`, `main`.`DonVi`.`loai`, `main`.`DonVi`.`parentId`, `main`.`DonVi`.`createdAt` FROM `main`.`DonVi` WHERE `main`.`DonVi`.`id` IN (?,?,?) LIMIT ? OFFSET ?
prisma:query SELECT `main`.`_HeThongNhiemVu`.`B`, `main`.`_HeThongNhiemVu`.`A` FROM `main`.`_HeThongNhiemVu` WHERE `main`.`_HeThongNhiemVu`.`B` IN (?,?,?,?,?,?,?,?,?)
prisma:query SELECT `main`.`HeThongSo`.`id`, `main`.`HeThongSo`.`ma`, `main`.`HeThongSo`.`ten`, `main`.`HeThongSo`.`loai`, `main`.`HeThongSo`.`lop`, `main`.`HeThongSo`.`moTa`, `main`.`HeThongSo`.`chuQuan`, `main`.`HeThongSo`.`trangThai`, `main`.`HeThongSo`.`namTrienKhai`, `main`.`HeThongSo`.`donViId`, `main`.`HeThongSo`.`createdAt`, `main`.`HeThongSo`.`updatedAt` FROM `main`.`HeThongSo` WHERE `main`.`HeThongSo`.`id` IN (?,?,?,?,?,?) LIMIT ? OFFSET ?
 GET /api/nhiem-vu 200 in 20ms (next.js: 8ms, application-code: 12ms)
 GET /kts/so-do 200 in 31ms (next.js: 7ms, application-code: 24ms)
prisma:query SELECT 1
prisma:query SELECT `main`.`HeThongSo`.`id`, `main`.`HeThongSo`.`ma`, `main`.`HeThongSo`.`ten`, `main`.`HeThongSo`.`loai`, `main`.`HeThongSo`.`lop`, `main`.`HeThongSo`.`moTa`, `main`.`HeThongSo`.`chuQuan`, `main`.`HeThongSo`.`trangThai`, `main`.`HeThongSo`.`namTrienKhai`, `main`.`HeThongSo`.`donViId`, `main`.`HeThongSo`.`createdAt`, `main`.`HeThongSo`.`updatedAt` FROM `main`.`HeThongSo` WHERE 1=1 ORDER BY `main`.`HeThongSo`.`lop` ASC, `main`.`HeThongSo`.`ma` ASC LIMIT ? OFFSET ?
prisma:query SELECT `main`.`DonVi`.`id`, `main`.`DonVi`.`ten`, `main`.`DonVi`.`loai`, `main`.`DonVi`.`parentId`, `main`.`DonVi`.`createdAt` FROM `main`.`DonVi` WHERE `main`.`DonVi`.`id` IN (?,?,?,?) LIMIT ? OFFSET ?
prisma:query SELECT `main`.`_HeThongNhiemVu`.`A`, `main`.`_HeThongNhiemVu`.`B` FROM `main`.`_HeThongNhiemVu` WHERE `main`.`_HeThongNhiemVu`.`A` IN (?,?,?,?,?,?,?,?,?,?,?,?,?,?,?,?,?,?,?,?,?,?,?,?,?,?,?,?,?,?,?,?,?,?,?,?,?,?,?,?,?,?,?,?,?,?,?,?,?,?,?,?,?,?,?,?,?,?,?,?,?,?,?,?,?,?,?,?,?,?,?,?,?,?,?,?,?,?,?,?,?,?,?,?,?,?,?,?,?,?,?,?,?,?,?,?,?,?,?,?,?,?,?,?,?,?,?,?,?,?,?,?,?,?,?,?,?,?,?,?,?,?,?,?,?,?,?,?,?,?,?,?,?,?,?,?,?,?,?,?,?,?,?,?,?,?,?,?,?,?,?,?,?,?,?,?,?,?,?,?,?,?,?,?,?,?,?,?,?,?,?,?,?,?,?,?,?,?,?,?,?,?,?,?,?,?,?,?,?,?,?,?,?,?,?,?,?,?,?,?,?,?,?,?,?,?,?,?,?,?,?,?,?,?,?,?,?,?,?,?,?,?,?,?,?,?,?,?,?,?,?,?,?,?,?,?,?,?,?,?,?,?,?,?,?,?,?,?,?,?,?,?,?,?,?,?,?,?,?,?,?,?,?,?,?,?,?,?,?,?,?,?,?,?,?,?,?,?,?,?,?,?,?,?,?,?,?,?,?,?,?,?,?,?,?,?,?,?,?,?,?,?,?,?,?,?,?,?,?,?,?,?,?,?,?,?,?,?,?,?,?,?,?,?,?,?,?,?,?,?,?,?,?,?,?,?,?,?,?,?,?,?,?,?,?,?,?,?,?,?,?,?,?,?,?,?,?,?,?,?,?,?,?,?,?,?,?,?,?,?,?,?,?,?,?,?,?,?,?,?,?,?,?,?,?,?,?,?,?)
prisma:query SELECT `main`.`NhiemVu`.`id`, `main`.`NhiemVu`.`ma`, `main`.`NhiemVu`.`ten`, `main`.`NhiemVu`.`moTa`, `main`.`NhiemVu`.`donViChuTriId`, `main`.`NhiemVu`.`uuTien`, `main`.`NhiemVu`.`thoiHan`, `main`.`NhiemVu`.`giaiDoan`, `main`.`NhiemVu`.`kpi`, `main`.`NhiemVu`.`nguonKiemChung`, `main`.`NhiemVu`.`trangThai`, `main`.`NhiemVu`.`tienDo`, `main`.`NhiemVu`.`lop`, `main`.`NhiemVu`.`phuongAnXuLy`, `main`.`NhiemVu`.`ghiChu`, `main`.`NhiemVu`.`createdAt`, `main`.`NhiemVu`.`updatedAt` FROM `main`.`NhiemVu` WHERE `main`.`NhiemVu`.`id` IN (?,?,?,?,?,?) LIMIT ? OFFSET ?
prisma:query SELECT 1
prisma:query SELECT `main`.`NhiemVu`.`id`, `main`.`NhiemVu`.`ma`, `main`.`NhiemVu`.`ten`, `main`.`NhiemVu`.`moTa`, `main`.`NhiemVu`.`donViChuTriId`, `main`.`NhiemVu`.`uuTien`, `main`.`NhiemVu`.`thoiHan`, `main`.`NhiemVu`.`giaiDoan`, `main`.`NhiemVu`.`kpi`, `main`.`NhiemVu`.`nguonKiemChung`, `main`.`NhiemVu`.`trangThai`, `main`.`NhiemVu`.`tienDo`, `main`.`NhiemVu`.`lop`, `main`.`NhiemVu`.`phuongAnXuLy`, `main`.`NhiemVu`.`ghiChu`, `main`.`NhiemVu`.`createdAt`, `main`.`NhiemVu`.`updatedAt` FROM `main`.`NhiemVu` WHERE 1=1 ORDER BY `main`.`NhiemVu`.`uuTien` ASC, `main`.`NhiemVu`.`thoiHan` ASC LIMIT ? OFFSET ?
prisma:query SELECT `main`.`DonVi`.`id`, `main`.`DonVi`.`ten`, `main`.`DonVi`.`loai`, `main`.`DonVi`.`parentId`, `main`.`DonVi`.`createdAt` FROM `main`.`DonVi` WHERE `main`.`DonVi`.`id` IN (?,?,?) LIMIT ? OFFSET ?
prisma:query SELECT `main`.`_HeThongNhiemVu`.`B`, `main`.`_HeThongNhiemVu`.`A` FROM `main`.`_HeThongNhiemVu` WHERE `main`.`_HeThongNhiemVu`.`B` IN (?,?,?,?,?,?,?,?,?)
prisma:query SELECT `main`.`HeThongSo`.`id`, `main`.`HeThongSo`.`ma`, `main`.`HeThongSo`.`ten`, `main`.`HeThongSo`.`loai`, `main`.`HeThongSo`.`lop`, `main`.`HeThongSo`.`moTa`, `main`.`HeThongSo`.`chuQuan`, `main`.`HeThongSo`.`trangThai`, `main`.`HeThongSo`.`namTrienKhai`, `main`.`HeThongSo`.`donViId`, `main`.`HeThongSo`.`createdAt`, `main`.`HeThongSo`.`updatedAt` FROM `main`.`HeThongSo` WHERE `main`.`HeThongSo`.`id` IN (?,?,?,?,?,?) LIMIT ? OFFSET ?
 GET /api/nhiem-vu 200 in 33ms (next.js: 19ms, application-code: 14ms)
 GET /api/he-thong 200 in 45ms (next.js: 7ms, application-code: 38ms)
prisma:query SELECT `main`.`NhiemVu`.`id`, `main`.`NhiemVu`.`ma`, `main`.`NhiemVu`.`ten`, `main`.`NhiemVu`.`moTa`, `main`.`NhiemVu`.`donViChuTriId`, `main`.`NhiemVu`.`uuTien`, `main`.`NhiemVu`.`thoiHan`, `main`.`NhiemVu`.`giaiDoan`, `main`.`NhiemVu`.`kpi`, `main`.`NhiemVu`.`nguonKiemChung`, `main`.`NhiemVu`.`trangThai`, `main`.`NhiemVu`.`tienDo`, `main`.`NhiemVu`.`lop`, `main`.`NhiemVu`.`phuongAnXuLy`, `main`.`NhiemVu`.`ghiChu`, `main`.`NhiemVu`.`createdAt`, `main`.`NhiemVu`.`updatedAt` FROM `main`.`NhiemVu` WHERE 1=1 ORDER BY `main`.`NhiemVu`.`uuTien` ASC, `main`.`NhiemVu`.`thoiHan` ASC LIMIT ? OFFSET ?
prisma:query SELECT `main`.`DonVi`.`id`, `main`.`DonVi`.`ten`, `main`.`DonVi`.`loai`, `main`.`DonVi`.`parentId`, `main`.`DonVi`.`createdAt` FROM `main`.`DonVi` WHERE `main`.`DonVi`.`id` IN (?,?,?) LIMIT ? OFFSET ?
prisma:query SELECT `main`.`_HeThongNhiemVu`.`B`, `main`.`_HeThongNhiemVu`.`A` FROM `main`.`_HeThongNhiemVu` WHERE `main`.`_HeThongNhiemVu`.`B` IN (?,?,?,?,?,?,?,?,?)
prisma:query SELECT `main`.`HeThongSo`.`id`, `main`.`HeThongSo`.`ma`, `main`.`HeThongSo`.`ten`, `main`.`HeThongSo`.`loai`, `main`.`HeThongSo`.`lop`, `main`.`HeThongSo`.`moTa`, `main`.`HeThongSo`.`chuQuan`, `main`.`HeThongSo`.`trangThai`, `main`.`HeThongSo`.`namTrienKhai`, `main`.`HeThongSo`.`donViId`, `main`.`HeThongSo`.`createdAt`, `main`.`HeThongSo`.`updatedAt` FROM `main`.`HeThongSo` WHERE `main`.`HeThongSo`.`id` IN (?,?,?,?,?,?) LIMIT ? OFFSET ?
 GET /api/nhiem-vu 200 in 22ms (next.js: 4ms, application-code: 18ms)
prisma:query SELECT `main`.`HeThongSo`.`id`, `main`.`HeThongSo`.`ma`, `main`.`HeThongSo`.`ten`, `main`.`HeThongSo`.`loai`, `main`.`HeThongSo`.`lop`, `main`.`HeThongSo`.`moTa`, `main`.`HeThongSo`.`chuQuan`, `main`.`HeThongSo`.`trangThai`, `main`.`HeThongSo`.`namTrienKhai`, `main`.`HeThongSo`.`donViId`, `main`.`HeThongSo`.`createdAt`, `main`.`HeThongSo`.`updatedAt` FROM `main`.`HeThongSo` WHERE 1=1 ORDER BY `main`.`HeThongSo`.`lop` ASC, `main`.`HeThongSo`.`ma` ASC LIMIT ? OFFSET ?
prisma:query SELECT `main`.`DonVi`.`id`, `main`.`DonVi`.`ten`, `main`.`DonVi`.`loai`, `main`.`DonVi`.`parentId`, `main`.`DonVi`.`createdAt` FROM `main`.`DonVi` WHERE `main`.`DonVi`.`id` IN (?,?,?,?) LIMIT ? OFFSET ?
prisma:query SELECT `main`.`_HeThongNhiemVu`.`A`, `main`.`_HeThongNhiemVu`.`B` FROM `main`.`_HeThongNhiemVu` WHERE `main`.`_HeThongNhiemVu`.`A` IN (?,?,?,?,?,?,?,?,?,?,?,?,?,?,?,?,?,?,?,?,?,?,?,?,?,?,?,?,?,?,?,?,?,?,?,?,?,?,?,?,?,?,?,?,?,?,?,?,?,?,?,?,?,?,?,?,?,?,?,?,?,?,?,?,?,?,?,?,?,?,?,?,?,?,?,?,?,?,?,?,?,?,?,?,?,?,?,?,?,?,?,?,?,?,?,?,?,?,?,?,?,?,?,?,?,?,?,?,?,?,?,?,?,?,?,?,?,?,?,?,?,?,?,?,?,?,?,?,?,?,?,?,?,?,?,?,?,?,?,?,?,?,?,?,?,?,?,?,?,?,?,?,?,?,?,?,?,?,?,?,?,?,?,?,?,?,?,?,?,?,?,?,?,?,?,?,?,?,?,?,?,?,?,?,?,?,?,?,?,?,?,?,?,?,?,?,?,?,?,?,?,?,?,?,?,?,?,?,?,?,?,?,?,?,?,?,?,?,?,?,?,?,?,?,?,?,?,?,?,?,?,?,?,?,?,?,?,?,?,?,?,?,?,?,?,?,?,?,?,?,?,?,?,?,?,?,?,?,?,?,?,?,?,?,?,?,?,?,?,?,?,?,?,?,?,?,?,?,?,?,?,?,?,?,?,?,?,?,?,?,?,?,?,?,?,?,?,?,?,?,?,?,?,?,?,?,?,?,?,?,?,?,?,?,?,?,?,?,?,?,?,?,?,?,?,?,?,?,?,?,?,?,?,?,?,?,?,?,?,?,?,?,?,?,?,?,?,?,?,?,?,?,?,?,?,?,?,?,?,?,?,?,?,?,?,?,?,?,?,?,?,?,?,?,?,?,?,?,?,?,?,?,?,?,?,?,?,?,?)
prisma:query SELECT `main`.`NhiemVu`.`id`, `main`.`NhiemVu`.`ma`, `main`.`NhiemVu`.`ten`, `main`.`NhiemVu`.`moTa`, `main`.`NhiemVu`.`donViChuTriId`, `main`.`NhiemVu`.`uuTien`, `main`.`NhiemVu`.`thoiHan`, `main`.`NhiemVu`.`giaiDoan`, `main`.`NhiemVu`.`kpi`, `main`.`NhiemVu`.`nguonKiemChung`, `main`.`NhiemVu`.`trangThai`, `main`.`NhiemVu`.`tienDo`, `main`.`NhiemVu`.`lop`, `main`.`NhiemVu`.`phuongAnXuLy`, `main`.`NhiemVu`.`ghiChu`, `main`.`NhiemVu`.`createdAt`, `main`.`NhiemVu`.`updatedAt` FROM `main`.`NhiemVu` WHERE `main`.`NhiemVu`.`id` IN (?,?,?,?,?,?) LIMIT ? OFFSET ?
 GET /api/he-thong 200 in 43ms (next.js: 13ms, application-code: 31ms)
