
> kts-vinhlong@0.1.0 dev
> next dev

▲ Next.js 16.3.5 (Turbopack)
- Local:         http://localhost:3000
- Network:       http://169.254.83.107:3000
- Environments: .env
✓ Ready in 418ms
✓ Running next.config.ts took 51ms

Warning: [antd: Spin] `tip` is deprecated. Please use `description` instead.
 GET /kts/hien-trang 200 in 788ms (next.js: 168ms, application-code: 620ms)
[browser] Warning: [antd: Spin] `tip` is deprecated. Please use `description` instead. 
prisma:query SELECT `main`.`HeThongSo`.`id`, `main`.`HeThongSo`.`ma`, `main`.`HeThongSo`.`ten`, `main`.`HeThongSo`.`loai`, `main`.`HeThongSo`.`lop`, `main`.`HeThongSo`.`moTa`, `main`.`HeThongSo`.`chuQuan`, `main`.`HeThongSo`.`trangThai`, `main`.`HeThongSo`.`namTrienKhai`, `main`.`HeThongSo`.`donViId`, `main`.`HeThongSo`.`createdAt`, `main`.`HeThongSo`.`updatedAt` FROM `main`.`HeThongSo` WHERE 1=1 ORDER BY `main`.`HeThongSo`.`lop` ASC, `main`.`HeThongSo`.`ma` ASC LIMIT ? OFFSET ?
prisma:query SELECT `main`.`DonVi`.`id`, `main`.`DonVi`.`ten`, `main`.`DonVi`.`loai`, `main`.`DonVi`.`parentId`, `main`.`DonVi`.`createdAt` FROM `main`.`DonVi` WHERE `main`.`DonVi`.`id` IN (?,?,?,?) LIMIT ? OFFSET ?
prisma:query SELECT `main`.`_HeThongNhiemVu`.`A`, `main`.`_HeThongNhiemVu`.`B` FROM `main`.`_HeThongNhiemVu` WHERE `main`.`_HeThongNhiemVu`.`A` IN (?,?,?,?,?,?,?,?,?,?,?,?,?,?,?,?,?,?,?,?,?,?,?,?,?,?,?,?,?,?,?,?,?,?,?,?,?,?,?,?,?,?,?,?,?,?,?,?,?,?,?,?,?,?,?,?,?,?,?,?,?,?,?,?,?,?,?,?,?,?,?,?,?,?,?,?,?,?,?,?,?,?,?,?,?,?,?,?,?,?,?,?,?,?,?,?,?,?,?,?,?,?,?,?,?,?,?,?,?,?,?,?,?,?,?,?,?,?,?,?,?,?,?,?,?,?,?,?,?,?,?,?,?,?,?,?,?,?,?,?,?,?,?,?,?,?,?,?,?,?,?,?,?,?,?,?,?,?,?,?,?,?,?,?,?,?,?,?,?,?,?,?,?,?,?,?,?,?,?,?,?,?,?,?,?,?,?,?,?,?,?,?,?,?,?,?,?,?,?,?,?,?,?,?,?,?,?,?,?,?,?,?,?,?,?,?,?,?,?,?,?,?,?,?,?,?,?,?,?,?,?,?,?,?,?,?,?,?,?,?,?,?,?,?,?,?,?,?,?,?,?,?,?,?,?,?,?,?,?,?,?,?,?,?,?,?,?,?,?,?,?,?,?,?,?,?,?,?,?,?,?,?,?,?,?,?,?,?,?,?,?,?,?,?,?,?,?,?,?,?,?,?,?,?,?,?,?,?,?,?,?,?,?,?,?,?,?,?,?,?,?,?,?,?,?,?,?,?,?,?,?,?,?,?,?,?,?,?,?,?,?,?,?,?,?,?,?,?,?,?,?,?,?,?,?,?,?,?,?,?,?,?,?,?,?,?,?,?,?,?,?,?,?,?,?,?,?,?,?,?,?,?,?,?,?,?,?,?,?)
prisma:query SELECT `main`.`NhiemVu`.`id`, `main`.`NhiemVu`.`ma`, `main`.`NhiemVu`.`ten`, `main`.`NhiemVu`.`moTa`, `main`.`NhiemVu`.`donViChuTriId`, `main`.`NhiemVu`.`uuTien`, `main`.`NhiemVu`.`thoiHan`, `main`.`NhiemVu`.`giaiDoan`, `main`.`NhiemVu`.`kpi`, `main`.`NhiemVu`.`nguonKiemChung`, `main`.`NhiemVu`.`trangThai`, `main`.`NhiemVu`.`tienDo`, `main`.`NhiemVu`.`lop`, `main`.`NhiemVu`.`phuongAnXuLy`, `main`.`NhiemVu`.`ghiChu`, `main`.`NhiemVu`.`createdAt`, `main`.`NhiemVu`.`updatedAt` FROM `main`.`NhiemVu` WHERE `main`.`NhiemVu`.`id` IN (?) LIMIT ? OFFSET ?
 GET /api/he-thong 200 in 147ms (next.js: 69ms, application-code: 78ms)
prisma:query SELECT `main`.`HeThongSo`.`id`, `main`.`HeThongSo`.`ma`, `main`.`HeThongSo`.`ten`, `main`.`HeThongSo`.`loai`, `main`.`HeThongSo`.`lop`, `main`.`HeThongSo`.`moTa`, `main`.`HeThongSo`.`chuQuan`, `main`.`HeThongSo`.`trangThai`, `main`.`HeThongSo`.`namTrienKhai`, `main`.`HeThongSo`.`donViId`, `main`.`HeThongSo`.`createdAt`, `main`.`HeThongSo`.`updatedAt` FROM `main`.`HeThongSo` WHERE 1=1 ORDER BY `main`.`HeThongSo`.`lop` ASC, `main`.`HeThongSo`.`ma` ASC LIMIT ? OFFSET ?
prisma:query SELECT `main`.`DonVi`.`id`, `main`.`DonVi`.`ten`, `main`.`DonVi`.`loai`, `main`.`DonVi`.`parentId`, `main`.`DonVi`.`createdAt` FROM `main`.`DonVi` WHERE `main`.`DonVi`.`id` IN (?,?,?,?) LIMIT ? OFFSET ?
prisma:query SELECT `main`.`_HeThongNhiemVu`.`A`, `main`.`_HeThongNhiemVu`.`B` FROM `main`.`_HeThongNhiemVu` WHERE `main`.`_HeThongNhiemVu`.`A` IN (?,?,?,?,?,?,?,?,?,?,?,?,?,?,?,?,?,?,?,?,?,?,?,?,?,?,?,?,?,?,?,?,?,?,?,?,?,?,?,?,?,?,?,?,?,?,?,?,?,?,?,?,?,?,?,?,?,?,?,?,?,?,?,?,?,?,?,?,?,?,?,?,?,?,?,?,?,?,?,?,?,?,?,?,?,?,?,?,?,?,?,?,?,?,?,?,?,?,?,?,?,?,?,?,?,?,?,?,?,?,?,?,?,?,?,?,?,?,?,?,?,?,?,?,?,?,?,?,?,?,?,?,?,?,?,?,?,?,?,?,?,?,?,?,?,?,?,?,?,?,?,?,?,?,?,?,?,?,?,?,?,?,?,?,?,?,?,?,?,?,?,?,?,?,?,?,?,?,?,?,?,?,?,?,?,?,?,?,?,?,?,?,?,?,?,?,?,?,?,?,?,?,?,?,?,?,?,?,?,?,?,?,?,?,?,?,?,?,?,?,?,?,?,?,?,?,?,?,?,?,?,?,?,?,?,?,?,?,?,?,?,?,?,?,?,?,?,?,?,?,?,?,?,?,?,?,?,?,?,?,?,?,?,?,?,?,?,?,?,?,?,?,?,?,?,?,?,?,?,?,?,?,?,?,?,?,?,?,?,?,?,?,?,?,?,?,?,?,?,?,?,?,?,?,?,?,?,?,?,?,?,?,?,?,?,?,?,?,?,?,?,?,?,?,?,?,?,?,?,?,?,?,?,?,?,?,?,?,?,?,?,?,?,?,?,?,?,?,?,?,?,?,?,?,?,?,?,?,?,?,?,?,?,?,?,?,?,?,?,?,?,?,?,?,?,?,?,?,?,?,?,?,?,?,?,?,?,?,?)
prisma:query SELECT `main`.`NhiemVu`.`id`, `main`.`NhiemVu`.`ma`, `main`.`NhiemVu`.`ten`, `main`.`NhiemVu`.`moTa`, `main`.`NhiemVu`.`donViChuTriId`, `main`.`NhiemVu`.`uuTien`, `main`.`NhiemVu`.`thoiHan`, `main`.`NhiemVu`.`giaiDoan`, `main`.`NhiemVu`.`kpi`, `main`.`NhiemVu`.`nguonKiemChung`, `main`.`NhiemVu`.`trangThai`, `main`.`NhiemVu`.`tienDo`, `main`.`NhiemVu`.`lop`, `main`.`NhiemVu`.`phuongAnXuLy`, `main`.`NhiemVu`.`ghiChu`, `main`.`NhiemVu`.`createdAt`, `main`.`NhiemVu`.`updatedAt` FROM `main`.`NhiemVu` WHERE `main`.`NhiemVu`.`id` IN (?) LIMIT ? OFFSET ?
 GET /api/he-thong 200 in 43ms (next.js: 5ms, application-code: 39ms)
[browser] Warning: [antd: Modal] `destroyOnClose` is deprecated. Please use `destroyOnHidden` instead. 
    at Array.forEach (<anonymous>) (<anonymous>)
prisma:query SELECT `main`.`HeThongSo`.`id`, `main`.`HeThongSo`.`ma`, `main`.`HeThongSo`.`ten`, `main`.`HeThongSo`.`loai`, `main`.`HeThongSo`.`lop`, `main`.`HeThongSo`.`moTa`, `main`.`HeThongSo`.`chuQuan`, `main`.`HeThongSo`.`trangThai`, `main`.`HeThongSo`.`namTrienKhai`, `main`.`HeThongSo`.`donViId`, `main`.`HeThongSo`.`createdAt`, `main`.`HeThongSo`.`updatedAt` FROM `main`.`HeThongSo` WHERE 1=1 ORDER BY `main`.`HeThongSo`.`lop` ASC, `main`.`HeThongSo`.`ma` ASC LIMIT ? OFFSET ?
prisma:query SELECT `main`.`DonVi`.`id`, `main`.`DonVi`.`ten`, `main`.`DonVi`.`loai`, `main`.`DonVi`.`parentId`, `main`.`DonVi`.`createdAt` FROM `main`.`DonVi` WHERE `main`.`DonVi`.`id` IN (?,?,?,?) LIMIT ? OFFSET ?
prisma:query SELECT `main`.`_HeThongNhiemVu`.`A`, `main`.`_HeThongNhiemVu`.`B` FROM `main`.`_HeThongNhiemVu` WHERE `main`.`_HeThongNhiemVu`.`A` IN (?,?,?,?,?,?,?,?,?,?,?,?,?,?,?,?,?,?,?,?,?,?,?,?,?,?,?,?,?,?,?,?,?,?,?,?,?,?,?,?,?,?,?,?,?,?,?,?,?,?,?,?,?,?,?,?,?,?,?,?,?,?,?,?,?,?,?,?,?,?,?,?,?,?,?,?,?,?,?,?,?,?,?,?,?,?,?,?,?,?,?,?,?,?,?,?,?,?,?,?,?,?,?,?,?,?,?,?,?,?,?,?,?,?,?,?,?,?,?,?,?,?,?,?,?,?,?,?,?,?,?,?,?,?,?,?,?,?,?,?,?,?,?,?,?,?,?,?,?,?,?,?,?,?,?,?,?,?,?,?,?,?,?,?,?,?,?,?,?,?,?,?,?,?,?,?,?,?,?,?,?,?,?,?,?,?,?,?,?,?,?,?,?,?,?,?,?,?,?,?,?,?,?,?,?,?,?,?,?,?,?,?,?,?,?,?,?,?,?,?,?,?,?,?,?,?,?,?,?,?,?,?,?,?,?,?,?,?,?,?,?,?,?,?,?,?,?,?,?,?,?,?,?,?,?,?,?,?,?,?,?,?,?,?,?,?,?,?,?,?,?,?,?,?,?,?,?,?,?,?,?,?,?,?,?,?,?,?,?,?,?,?,?,?,?,?,?,?,?,?,?,?,?,?,?,?,?,?,?,?,?,?,?,?,?,?,?,?,?,?,?,?,?,?,?,?,?,?,?,?,?,?,?,?,?,?,?,?,?,?,?,?,?,?,?,?,?,?,?,?,?,?,?,?,?,?,?,?,?,?,?,?,?,?,?,?,?,?,?,?,?,?,?,?,?,?,?,?,?,?,?,?,?,?,?,?,?,?,?)
prisma:query SELECT `main`.`NhiemVu`.`id`, `main`.`NhiemVu`.`ma`, `main`.`NhiemVu`.`ten`, `main`.`NhiemVu`.`moTa`, `main`.`NhiemVu`.`donViChuTriId`, `main`.`NhiemVu`.`uuTien`, `main`.`NhiemVu`.`thoiHan`, `main`.`NhiemVu`.`giaiDoan`, `main`.`NhiemVu`.`kpi`, `main`.`NhiemVu`.`nguonKiemChung`, `main`.`NhiemVu`.`trangThai`, `main`.`NhiemVu`.`tienDo`, `main`.`NhiemVu`.`lop`, `main`.`NhiemVu`.`phuongAnXuLy`, `main`.`NhiemVu`.`ghiChu`, `main`.`NhiemVu`.`createdAt`, `main`.`NhiemVu`.`updatedAt` FROM `main`.`NhiemVu` WHERE `main`.`NhiemVu`.`id` IN (?) LIMIT ? OFFSET ?
 GET /api/he-thong 200 in 29ms (next.js: 5ms, application-code: 24ms)
prisma:query SELECT `main`.`NhiemVu`.`id`, `main`.`NhiemVu`.`ma`, `main`.`NhiemVu`.`ten`, `main`.`NhiemVu`.`moTa`, `main`.`NhiemVu`.`donViChuTriId`, `main`.`NhiemVu`.`uuTien`, `main`.`NhiemVu`.`thoiHan`, `main`.`NhiemVu`.`giaiDoan`, `main`.`NhiemVu`.`kpi`, `main`.`NhiemVu`.`nguonKiemChung`, `main`.`NhiemVu`.`trangThai`, `main`.`NhiemVu`.`tienDo`, `main`.`NhiemVu`.`lop`, `main`.`NhiemVu`.`phuongAnXuLy`, `main`.`NhiemVu`.`ghiChu`, `main`.`NhiemVu`.`createdAt`, `main`.`NhiemVu`.`updatedAt` FROM `main`.`NhiemVu` WHERE 1=1 ORDER BY `main`.`NhiemVu`.`uuTien` ASC, `main`.`NhiemVu`.`thoiHan` ASC LIMIT ? OFFSET ?
prisma:query SELECT `main`.`DonVi`.`id`, `main`.`DonVi`.`ten`, `main`.`DonVi`.`loai`, `main`.`DonVi`.`parentId`, `main`.`DonVi`.`createdAt` FROM `main`.`DonVi` WHERE `main`.`DonVi`.`id` IN (?,?) LIMIT ? OFFSET ?
prisma:query SELECT `main`.`_HeThongNhiemVu`.`B`, `main`.`_HeThongNhiemVu`.`A` FROM `main`.`_HeThongNhiemVu` WHERE `main`.`_HeThongNhiemVu`.`B` IN (?,?,?,?,?,?,?,?)
prisma:query SELECT `main`.`HeThongSo`.`id`, `main`.`HeThongSo`.`ma`, `main`.`HeThongSo`.`ten`, `main`.`HeThongSo`.`loai`, `main`.`HeThongSo`.`lop`, `main`.`HeThongSo`.`moTa`, `main`.`HeThongSo`.`chuQuan`, `main`.`HeThongSo`.`trangThai`, `main`.`HeThongSo`.`namTrienKhai`, `main`.`HeThongSo`.`donViId`, `main`.`HeThongSo`.`createdAt`, `main`.`HeThongSo`.`updatedAt` FROM `main`.`HeThongSo` WHERE `main`.`HeThongSo`.`id` IN (?) LIMIT ? OFFSET ?
 GET /api/nhiem-vu 200 in 267ms (next.js: 255ms, application-code: 11ms)
 GET /kts/hien-trang 200 in 57ms (next.js: 8ms, application-code: 49ms)
 GET /kts/hien-trang 200 in 99ms (next.js: 22ms, application-code: 77ms)
[browser] Warning: [antd: Spin] `tip` is deprecated. Please use `description` instead. 
prisma:query SELECT 1
prisma:query SELECT `main`.`HeThongSo`.`id`, `main`.`HeThongSo`.`ma`, `main`.`HeThongSo`.`ten`, `main`.`HeThongSo`.`loai`, `main`.`HeThongSo`.`lop`, `main`.`HeThongSo`.`moTa`, `main`.`HeThongSo`.`chuQuan`, `main`.`HeThongSo`.`trangThai`, `main`.`HeThongSo`.`namTrienKhai`, `main`.`HeThongSo`.`donViId`, `main`.`HeThongSo`.`createdAt`, `main`.`HeThongSo`.`updatedAt` FROM `main`.`HeThongSo` WHERE 1=1 ORDER BY `main`.`HeThongSo`.`lop` ASC, `main`.`HeThongSo`.`ma` ASC LIMIT ? OFFSET ?
prisma:query SELECT `main`.`DonVi`.`id`, `main`.`DonVi`.`ten`, `main`.`DonVi`.`loai`, `main`.`DonVi`.`parentId`, `main`.`DonVi`.`createdAt` FROM `main`.`DonVi` WHERE `main`.`DonVi`.`id` IN (?,?,?,?) LIMIT ? OFFSET ?
prisma:query SELECT `main`.`_HeThongNhiemVu`.`A`, `main`.`_HeThongNhiemVu`.`B` FROM `main`.`_HeThongNhiemVu` WHERE `main`.`_HeThongNhiemVu`.`A` IN (?,?,?,?,?,?,?,?,?,?,?,?,?,?,?,?,?,?,?,?,?,?,?,?,?,?,?,?,?,?,?,?,?,?,?,?,?,?,?,?,?,?,?,?,?,?,?,?,?,?,?,?,?,?,?,?,?,?,?,?,?,?,?,?,?,?,?,?,?,?,?,?,?,?,?,?,?,?,?,?,?,?,?,?,?,?,?,?,?,?,?,?,?,?,?,?,?,?,?,?,?,?,?,?,?,?,?,?,?,?,?,?,?,?,?,?,?,?,?,?,?,?,?,?,?,?,?,?,?,?,?,?,?,?,?,?,?,?,?,?,?,?,?,?,?,?,?,?,?,?,?,?,?,?,?,?,?,?,?,?,?,?,?,?,?,?,?,?,?,?,?,?,?,?,?,?,?,?,?,?,?,?,?,?,?,?,?,?,?,?,?,?,?,?,?,?,?,?,?,?,?,?,?,?,?,?,?,?,?,?,?,?,?,?,?,?,?,?,?,?,?,?,?,?,?,?,?,?,?,?,?,?,?,?,?,?,?,?,?,?,?,?,?,?,?,?,?,?,?,?,?,?,?,?,?,?,?,?,?,?,?,?,?,?,?,?,?,?,?,?,?,?,?,?,?,?,?,?,?,?,?,?,?,?,?,?,?,?,?,?,?,?,?,?,?,?,?,?,?,?,?,?,?,?,?,?,?,?,?,?,?,?,?,?,?,?,?,?,?,?,?,?,?,?,?,?,?,?,?,?,?,?,?,?,?,?,?,?,?,?,?,?,?,?,?,?,?,?,?,?,?,?,?,?,?,?,?,?,?,?,?,?,?,?,?,?,?,?,?,?,?,?,?,?,?,?,?,?,?,?,?,?,?,?,?,?,?,?,?)
prisma:query SELECT `main`.`NhiemVu`.`id`, `main`.`NhiemVu`.`ma`, `main`.`NhiemVu`.`ten`, `main`.`NhiemVu`.`moTa`, `main`.`NhiemVu`.`donViChuTriId`, `main`.`NhiemVu`.`uuTien`, `main`.`NhiemVu`.`thoiHan`, `main`.`NhiemVu`.`giaiDoan`, `main`.`NhiemVu`.`kpi`, `main`.`NhiemVu`.`nguonKiemChung`, `main`.`NhiemVu`.`trangThai`, `main`.`NhiemVu`.`tienDo`, `main`.`NhiemVu`.`lop`, `main`.`NhiemVu`.`phuongAnXuLy`, `main`.`NhiemVu`.`ghiChu`, `main`.`NhiemVu`.`createdAt`, `main`.`NhiemVu`.`updatedAt` FROM `main`.`NhiemVu` WHERE `main`.`NhiemVu`.`id` IN (?) LIMIT ? OFFSET ?
 GET /api/he-thong 200 in 47ms (next.js: 5ms, application-code: 42ms)
prisma:query SELECT `main`.`HeThongSo`.`id`, `main`.`HeThongSo`.`ma`, `main`.`HeThongSo`.`ten`, `main`.`HeThongSo`.`loai`, `main`.`HeThongSo`.`lop`, `main`.`HeThongSo`.`moTa`, `main`.`HeThongSo`.`chuQuan`, `main`.`HeThongSo`.`trangThai`, `main`.`HeThongSo`.`namTrienKhai`, `main`.`HeThongSo`.`donViId`, `main`.`HeThongSo`.`createdAt`, `main`.`HeThongSo`.`updatedAt` FROM `main`.`HeThongSo` WHERE 1=1 ORDER BY `main`.`HeThongSo`.`lop` ASC, `main`.`HeThongSo`.`ma` ASC LIMIT ? OFFSET ?
prisma:query SELECT `main`.`DonVi`.`id`, `main`.`DonVi`.`ten`, `main`.`DonVi`.`loai`, `main`.`DonVi`.`parentId`, `main`.`DonVi`.`createdAt` FROM `main`.`DonVi` WHERE `main`.`DonVi`.`id` IN (?,?,?,?) LIMIT ? OFFSET ?
prisma:query SELECT `main`.`_HeThongNhiemVu`.`A`, `main`.`_HeThongNhiemVu`.`B` FROM `main`.`_HeThongNhiemVu` WHERE `main`.`_HeThongNhiemVu`.`A` IN (?,?,?,?,?,?,?,?,?,?,?,?,?,?,?,?,?,?,?,?,?,?,?,?,?,?,?,?,?,?,?,?,?,?,?,?,?,?,?,?,?,?,?,?,?,?,?,?,?,?,?,?,?,?,?,?,?,?,?,?,?,?,?,?,?,?,?,?,?,?,?,?,?,?,?,?,?,?,?,?,?,?,?,?,?,?,?,?,?,?,?,?,?,?,?,?,?,?,?,?,?,?,?,?,?,?,?,?,?,?,?,?,?,?,?,?,?,?,?,?,?,?,?,?,?,?,?,?,?,?,?,?,?,?,?,?,?,?,?,?,?,?,?,?,?,?,?,?,?,?,?,?,?,?,?,?,?,?,?,?,?,?,?,?,?,?,?,?,?,?,?,?,?,?,?,?,?,?,?,?,?,?,?,?,?,?,?,?,?,?,?,?,?,?,?,?,?,?,?,?,?,?,?,?,?,?,?,?,?,?,?,?,?,?,?,?,?,?,?,?,?,?,?,?,?,?,?,?,?,?,?,?,?,?,?,?,?,?,?,?,?,?,?,?,?,?,?,?,?,?,?,?,?,?,?,?,?,?,?,?,?,?,?,?,?,?,?,?,?,?,?,?,?,?,?,?,?,?,?,?,?,?,?,?,?,?,?,?,?,?,?,?,?,?,?,?,?,?,?,?,?,?,?,?,?,?,?,?,?,?,?,?,?,?,?,?,?,?,?,?,?,?,?,?,?,?,?,?,?,?,?,?,?,?,?,?,?,?,?,?,?,?,?,?,?,?,?,?,?,?,?,?,?,?,?,?,?,?,?,?,?,?,?,?,?,?,?,?,?,?,?,?,?,?,?,?,?,?,?,?,?,?,?,?,?,?,?,?,?)
prisma:query SELECT `main`.`NhiemVu`.`id`, `main`.`NhiemVu`.`ma`, `main`.`NhiemVu`.`ten`, `main`.`NhiemVu`.`moTa`, `main`.`NhiemVu`.`donViChuTriId`, `main`.`NhiemVu`.`uuTien`, `main`.`NhiemVu`.`thoiHan`, `main`.`NhiemVu`.`giaiDoan`, `main`.`NhiemVu`.`kpi`, `main`.`NhiemVu`.`nguonKiemChung`, `main`.`NhiemVu`.`trangThai`, `main`.`NhiemVu`.`tienDo`, `main`.`NhiemVu`.`lop`, `main`.`NhiemVu`.`phuongAnXuLy`, `main`.`NhiemVu`.`ghiChu`, `main`.`NhiemVu`.`createdAt`, `main`.`NhiemVu`.`updatedAt` FROM `main`.`NhiemVu` WHERE `main`.`NhiemVu`.`id` IN (?) LIMIT ? OFFSET ?
 GET /api/he-thong 200 in 43ms (next.js: 6ms, application-code: 37ms)
[browser] Warning: [antd: Modal] `destroyOnClose` is deprecated. Please use `destroyOnHidden` instead. 
    at Array.forEach (<anonymous>) (<anonymous>)
[browser] Warning: [antd: Descriptions] `labelStyle` is deprecated. Please use `styles.label` instead. 
    at Array.forEach (<anonymous>) (<anonymous>)
 GET /admin 200 in 1362ms (next.js: 1329ms, application-code: 33ms)
 GET /api/auth/session 200 in 1684ms (next.js: 1659ms, application-code: 25ms)
 GET /api/auth/session 200 in 23ms (next.js: 11ms, application-code: 12ms)
 GET /api/auth/session 200 in 32ms (next.js: 10ms, application-code: 22ms)
 GET /api/auth/session 200 in 18ms (next.js: 5ms, application-code: 13ms)
 GET /login 200 in 1262ms (next.js: 1238ms, application-code: 24ms)
 GET /api/auth/session 200 in 14ms (next.js: 7ms, application-code: 7ms)
 GET /api/auth/session 200 in 8ms (next.js: 2ms, application-code: 6ms)
 GET /api/auth/session 200 in 9ms (next.js: 3ms, application-code: 6ms)
 GET /api/auth/session 200 in 19ms (next.js: 5ms, application-code: 14ms)
 GET /api/auth/providers 200 in 28ms (next.js: 21ms, application-code: 7ms)
 GET /api/auth/csrf 200 in 15ms (next.js: 5ms, application-code: 10ms)
prisma:query SELECT 1
prisma:query SELECT `main`.`User`.`id`, `main`.`User`.`email`, `main`.`User`.`password`, `main`.`User`.`name`, `main`.`User`.`role`, `main`.`User`.`donViId`, `main`.`User`.`createdAt`, `main`.`User`.`updatedAt` FROM `main`.`User` WHERE (`main`.`User`.`email` = ? AND 1=1) LIMIT ? OFFSET ?
prisma:query SELECT `main`.`DonVi`.`id`, `main`.`DonVi`.`ten`, `main`.`DonVi`.`loai`, `main`.`DonVi`.`parentId`, `main`.`DonVi`.`createdAt` FROM `main`.`DonVi` WHERE `main`.`DonVi`.`id` IN (?) LIMIT ? OFFSET ?
 POST /api/auth/callback/credentials? 200 in 123ms (next.js: 3ms, application-code: 120ms)
 GET /api/auth/session 200 in 19ms (next.js: 4ms, application-code: 15ms)
 GET /admin/khung 200 in 1594ms (next.js: 1564ms, application-code: 30ms)
 GET /api/auth/session 200 in 30ms (next.js: 14ms, application-code: 16ms)
 GET /api/auth/session 200 in 27ms (next.js: 4ms, application-code: 23ms)
 GET /api/auth/session 200 in 28ms (next.js: 7ms, application-code: 21ms)
 GET /api/auth/session 200 in 23ms (next.js: 5ms, application-code: 18ms)
prisma:query SELECT `main`.`KhungKTS`.`id`, `main`.`KhungKTS`.`tenKhung`, `main`.`KhungKTS`.`phienBan`, `main`.`KhungKTS`.`ngayBanHanh`, `main`.`KhungKTS`.`giaiDoanApDung`, `main`.`KhungKTS`.`mucTieu`, `main`.`KhungKTS`.`boiCanh`, `main`.`KhungKTS`.`nguyenTac`, `main`.`KhungKTS`.`daiDienPhuTrach`, `main`.`KhungKTS`.`trangThai`, `main`.`KhungKTS`.`updatedAt`, `main`.`KhungKTS`.`createdAt` FROM `main`.`KhungKTS` WHERE 1=1 ORDER BY `main`.`KhungKTS`.`createdAt` DESC LIMIT ? OFFSET ?
 GET /api/kts 200 in 427ms (next.js: 414ms, application-code: 14ms)
prisma:query SELECT `main`.`KhungKTS`.`id`, `main`.`KhungKTS`.`tenKhung`, `main`.`KhungKTS`.`phienBan`, `main`.`KhungKTS`.`ngayBanHanh`, `main`.`KhungKTS`.`giaiDoanApDung`, `main`.`KhungKTS`.`mucTieu`, `main`.`KhungKTS`.`boiCanh`, `main`.`KhungKTS`.`nguyenTac`, `main`.`KhungKTS`.`daiDienPhuTrach`, `main`.`KhungKTS`.`trangThai`, `main`.`KhungKTS`.`updatedAt`, `main`.`KhungKTS`.`createdAt` FROM `main`.`KhungKTS` WHERE 1=1 ORDER BY `main`.`KhungKTS`.`createdAt` DESC LIMIT ? OFFSET ?
 GET /api/kts 200 in 19ms (next.js: 3ms, application-code: 15ms)
[browser] Warning: Instance created by `useForm` is not connected to any Form element. Forget to pass `form` prop? 
 GET /api/auth/session 200 in 36ms (next.js: 18ms, application-code: 18ms)
 GET /api/auth/session 200 in 18ms (next.js: 4ms, application-code: 14ms)
 GET /admin/he-thong 200 in 1800ms (next.js: 1732ms, application-code: 68ms)
 GET /admin/he-thong 200 in 42ms (next.js: 9ms, application-code: 33ms)
prisma:query SELECT 1
prisma:query SELECT `main`.`HeThongSo`.`id`, `main`.`HeThongSo`.`ma`, `main`.`HeThongSo`.`ten`, `main`.`HeThongSo`.`loai`, `main`.`HeThongSo`.`lop`, `main`.`HeThongSo`.`moTa`, `main`.`HeThongSo`.`chuQuan`, `main`.`HeThongSo`.`trangThai`, `main`.`HeThongSo`.`namTrienKhai`, `main`.`HeThongSo`.`donViId`, `main`.`HeThongSo`.`createdAt`, `main`.`HeThongSo`.`updatedAt` FROM `main`.`HeThongSo` WHERE 1=1 ORDER BY `main`.`HeThongSo`.`lop` ASC, `main`.`HeThongSo`.`ma` ASC LIMIT ? OFFSET ?
prisma:query SELECT `main`.`DonVi`.`id`, `main`.`DonVi`.`ten`, `main`.`DonVi`.`loai`, `main`.`DonVi`.`parentId`, `main`.`DonVi`.`createdAt` FROM `main`.`DonVi` WHERE `main`.`DonVi`.`id` IN (?,?,?,?) LIMIT ? OFFSET ?
prisma:query SELECT `main`.`_HeThongNhiemVu`.`A`, `main`.`_HeThongNhiemVu`.`B` FROM `main`.`_HeThongNhiemVu` WHERE `main`.`_HeThongNhiemVu`.`A` IN (?,?,?,?,?,?,?,?,?,?,?,?,?,?,?,?,?,?,?,?,?,?,?,?,?,?,?,?,?,?,?,?,?,?,?,?,?,?,?,?,?,?,?,?,?,?,?,?,?,?,?,?,?,?,?,?,?,?,?,?,?,?,?,?,?,?,?,?,?,?,?,?,?,?,?,?,?,?,?,?,?,?,?,?,?,?,?,?,?,?,?,?,?,?,?,?,?,?,?,?,?,?,?,?,?,?,?,?,?,?,?,?,?,?,?,?,?,?,?,?,?,?,?,?,?,?,?,?,?,?,?,?,?,?,?,?,?,?,?,?,?,?,?,?,?,?,?,?,?,?,?,?,?,?,?,?,?,?,?,?,?,?,?,?,?,?,?,?,?,?,?,?,?,?,?,?,?,?,?,?,?,?,?,?,?,?,?,?,?,?,?,?,?,?,?,?,?,?,?,?,?,?,?,?,?,?,?,?,?,?,?,?,?,?,?,?,?,?,?,?,?,?,?,?,?,?,?,?,?,?,?,?,?,?,?,?,?,?,?,?,?,?,?,?,?,?,?,?,?,?,?,?,?,?,?,?,?,?,?,?,?,?,?,?,?,?,?,?,?,?,?,?,?,?,?,?,?,?,?,?,?,?,?,?,?,?,?,?,?,?,?,?,?,?,?,?,?,?,?,?,?,?,?,?,?,?,?,?,?,?,?,?,?,?,?,?,?,?,?,?,?,?,?,?,?,?,?,?,?,?,?,?,?,?,?,?,?,?,?,?,?,?,?,?,?,?,?,?,?,?,?,?,?,?,?,?,?,?,?,?,?,?,?,?,?,?,?,?,?,?,?,?,?,?,?,?,?,?,?,?,?,?,?,?,?,?,?,?,?)
prisma:query SELECT `main`.`NhiemVu`.`id`, `main`.`NhiemVu`.`ma`, `main`.`NhiemVu`.`ten`, `main`.`NhiemVu`.`moTa`, `main`.`NhiemVu`.`donViChuTriId`, `main`.`NhiemVu`.`uuTien`, `main`.`NhiemVu`.`thoiHan`, `main`.`NhiemVu`.`giaiDoan`, `main`.`NhiemVu`.`kpi`, `main`.`NhiemVu`.`nguonKiemChung`, `main`.`NhiemVu`.`trangThai`, `main`.`NhiemVu`.`tienDo`, `main`.`NhiemVu`.`lop`, `main`.`NhiemVu`.`phuongAnXuLy`, `main`.`NhiemVu`.`ghiChu`, `main`.`NhiemVu`.`createdAt`, `main`.`NhiemVu`.`updatedAt` FROM `main`.`NhiemVu` WHERE `main`.`NhiemVu`.`id` IN (?) LIMIT ? OFFSET ?
 GET /api/he-thong 200 in 58ms (next.js: 10ms, application-code: 48ms)
prisma:query SELECT `main`.`HeThongSo`.`id`, `main`.`HeThongSo`.`ma`, `main`.`HeThongSo`.`ten`, `main`.`HeThongSo`.`loai`, `main`.`HeThongSo`.`lop`, `main`.`HeThongSo`.`moTa`, `main`.`HeThongSo`.`chuQuan`, `main`.`HeThongSo`.`trangThai`, `main`.`HeThongSo`.`namTrienKhai`, `main`.`HeThongSo`.`donViId`, `main`.`HeThongSo`.`createdAt`, `main`.`HeThongSo`.`updatedAt` FROM `main`.`HeThongSo` WHERE 1=1 ORDER BY `main`.`HeThongSo`.`lop` ASC, `main`.`HeThongSo`.`ma` ASC LIMIT ? OFFSET ?
prisma:query SELECT `main`.`DonVi`.`id`, `main`.`DonVi`.`ten`, `main`.`DonVi`.`loai`, `main`.`DonVi`.`parentId`, `main`.`DonVi`.`createdAt` FROM `main`.`DonVi` WHERE `main`.`DonVi`.`id` IN (?,?,?,?) LIMIT ? OFFSET ?
prisma:query SELECT `main`.`_HeThongNhiemVu`.`A`, `main`.`_HeThongNhiemVu`.`B` FROM `main`.`_HeThongNhiemVu` WHERE `main`.`_HeThongNhiemVu`.`A` IN (?,?,?,?,?,?,?,?,?,?,?,?,?,?,?,?,?,?,?,?,?,?,?,?,?,?,?,?,?,?,?,?,?,?,?,?,?,?,?,?,?,?,?,?,?,?,?,?,?,?,?,?,?,?,?,?,?,?,?,?,?,?,?,?,?,?,?,?,?,?,?,?,?,?,?,?,?,?,?,?,?,?,?,?,?,?,?,?,?,?,?,?,?,?,?,?,?,?,?,?,?,?,?,?,?,?,?,?,?,?,?,?,?,?,?,?,?,?,?,?,?,?,?,?,?,?,?,?,?,?,?,?,?,?,?,?,?,?,?,?,?,?,?,?,?,?,?,?,?,?,?,?,?,?,?,?,?,?,?,?,?,?,?,?,?,?,?,?,?,?,?,?,?,?,?,?,?,?,?,?,?,?,?,?,?,?,?,?,?,?,?,?,?,?,?,?,?,?,?,?,?,?,?,?,?,?,?,?,?,?,?,?,?,?,?,?,?,?,?,?,?,?,?,?,?,?,?,?,?,?,?,?,?,?,?,?,?,?,?,?,?,?,?,?,?,?,?,?,?,?,?,?,?,?,?,?,?,?,?,?,?,?,?,?,?,?,?,?,?,?,?,?,?,?,?,?,?,?,?,?,?,?,?,?,?,?,?,?,?,?,?,?,?,?,?,?,?,?,?,?,?,?,?,?,?,?,?,?,?,?,?,?,?,?,?,?,?,?,?,?,?,?,?,?,?,?,?,?,?,?,?,?,?,?,?,?,?,?,?,?,?,?,?,?,?,?,?,?,?,?,?,?,?,?,?,?,?,?,?,?,?,?,?,?,?,?,?,?,?,?,?,?,?,?,?,?,?,?,?,?,?,?,?,?,?,?,?,?,?)
prisma:query SELECT `main`.`NhiemVu`.`id`, `main`.`NhiemVu`.`ma`, `main`.`NhiemVu`.`ten`, `main`.`NhiemVu`.`moTa`, `main`.`NhiemVu`.`donViChuTriId`, `main`.`NhiemVu`.`uuTien`, `main`.`NhiemVu`.`thoiHan`, `main`.`NhiemVu`.`giaiDoan`, `main`.`NhiemVu`.`kpi`, `main`.`NhiemVu`.`nguonKiemChung`, `main`.`NhiemVu`.`trangThai`, `main`.`NhiemVu`.`tienDo`, `main`.`NhiemVu`.`lop`, `main`.`NhiemVu`.`phuongAnXuLy`, `main`.`NhiemVu`.`ghiChu`, `main`.`NhiemVu`.`createdAt`, `main`.`NhiemVu`.`updatedAt` FROM `main`.`NhiemVu` WHERE `main`.`NhiemVu`.`id` IN (?) LIMIT ? OFFSET ?
 GET /api/he-thong 200 in 46ms (next.js: 7ms, application-code: 39ms)
prisma:query SELECT `main`.`DonVi`.`id`, `main`.`DonVi`.`ten`, `main`.`DonVi`.`loai`, `main`.`DonVi`.`parentId`, `main`.`DonVi`.`createdAt` FROM `main`.`DonVi` WHERE 1=1 ORDER BY `main`.`DonVi`.`loai` ASC, `main`.`DonVi`.`ten` ASC LIMIT ? OFFSET ?
 GET /api/don-vi 200 in 326ms (next.js: 285ms, application-code: 40ms)
prisma:query SELECT `main`.`DonVi`.`id`, `main`.`DonVi`.`ten`, `main`.`DonVi`.`loai`, `main`.`DonVi`.`parentId`, `main`.`DonVi`.`createdAt` FROM `main`.`DonVi` WHERE 1=1 ORDER BY `main`.`DonVi`.`loai` ASC, `main`.`DonVi`.`ten` ASC LIMIT ? OFFSET ?
 GET /admin/he-thong 200 in 238ms (next.js: 183ms, application-code: 56ms)
 GET /api/don-vi 200 in 25ms (next.js: 6ms, application-code: 19ms)
 GET /admin/nhiem-vu 200 in 1199ms (next.js: 1176ms, application-code: 22ms)
prisma:query SELECT `main`.`NhiemVu`.`id`, `main`.`NhiemVu`.`ma`, `main`.`NhiemVu`.`ten`, `main`.`NhiemVu`.`moTa`, `main`.`NhiemVu`.`donViChuTriId`, `main`.`NhiemVu`.`uuTien`, `main`.`NhiemVu`.`thoiHan`, `main`.`NhiemVu`.`giaiDoan`, `main`.`NhiemVu`.`kpi`, `main`.`NhiemVu`.`nguonKiemChung`, `main`.`NhiemVu`.`trangThai`, `main`.`NhiemVu`.`tienDo`, `main`.`NhiemVu`.`lop`, `main`.`NhiemVu`.`phuongAnXuLy`, `main`.`NhiemVu`.`ghiChu`, `main`.`NhiemVu`.`createdAt`, `main`.`NhiemVu`.`updatedAt` FROM `main`.`NhiemVu` WHERE 1=1 ORDER BY `main`.`NhiemVu`.`uuTien` ASC, `main`.`NhiemVu`.`thoiHan` ASC LIMIT ? OFFSET ?
prisma:query SELECT `main`.`DonVi`.`id`, `main`.`DonVi`.`ten`, `main`.`DonVi`.`loai`, `main`.`DonVi`.`parentId`, `main`.`DonVi`.`createdAt` FROM `main`.`DonVi` WHERE `main`.`DonVi`.`id` IN (?,?) LIMIT ? OFFSET ?
prisma:query SELECT `main`.`_HeThongNhiemVu`.`B`, `main`.`_HeThongNhiemVu`.`A` FROM `main`.`_HeThongNhiemVu` WHERE `main`.`_HeThongNhiemVu`.`B` IN (?,?,?,?,?,?,?,?)
prisma:query SELECT `main`.`HeThongSo`.`id`, `main`.`HeThongSo`.`ma`, `main`.`HeThongSo`.`ten`, `main`.`HeThongSo`.`loai`, `main`.`HeThongSo`.`lop`, `main`.`HeThongSo`.`moTa`, `main`.`HeThongSo`.`chuQuan`, `main`.`HeThongSo`.`trangThai`, `main`.`HeThongSo`.`namTrienKhai`, `main`.`HeThongSo`.`donViId`, `main`.`HeThongSo`.`createdAt`, `main`.`HeThongSo`.`updatedAt` FROM `main`.`HeThongSo` WHERE `main`.`HeThongSo`.`id` IN (?) LIMIT ? OFFSET ?
prisma:query SELECT `main`.`DonVi`.`id`, `main`.`DonVi`.`ten`, `main`.`DonVi`.`loai`, `main`.`DonVi`.`parentId`, `main`.`DonVi`.`createdAt` FROM `main`.`DonVi` WHERE 1=1 ORDER BY `main`.`DonVi`.`loai` ASC, `main`.`DonVi`.`ten` ASC LIMIT ? OFFSET ?
 GET /api/nhiem-vu 200 in 40ms (next.js: 6ms, application-code: 34ms)
 GET /api/don-vi 200 in 42ms (next.js: 17ms, application-code: 24ms)
prisma:query SELECT `main`.`HeThongSo`.`id`, `main`.`HeThongSo`.`ma`, `main`.`HeThongSo`.`ten`, `main`.`HeThongSo`.`loai`, `main`.`HeThongSo`.`lop`, `main`.`HeThongSo`.`moTa`, `main`.`HeThongSo`.`chuQuan`, `main`.`HeThongSo`.`trangThai`, `main`.`HeThongSo`.`namTrienKhai`, `main`.`HeThongSo`.`donViId`, `main`.`HeThongSo`.`createdAt`, `main`.`HeThongSo`.`updatedAt` FROM `main`.`HeThongSo` WHERE 1=1 ORDER BY `main`.`HeThongSo`.`lop` ASC, `main`.`HeThongSo`.`ma` ASC LIMIT ? OFFSET ?
prisma:query SELECT `main`.`DonVi`.`id`, `main`.`DonVi`.`ten`, `main`.`DonVi`.`loai`, `main`.`DonVi`.`parentId`, `main`.`DonVi`.`createdAt` FROM `main`.`DonVi` WHERE `main`.`DonVi`.`id` IN (?,?,?,?) LIMIT ? OFFSET ?
prisma:query SELECT `main`.`_HeThongNhiemVu`.`A`, `main`.`_HeThongNhiemVu`.`B` FROM `main`.`_HeThongNhiemVu` WHERE `main`.`_HeThongNhiemVu`.`A` IN (?,?,?,?,?,?,?,?,?,?,?,?,?,?,?,?,?,?,?,?,?,?,?,?,?,?,?,?,?,?,?,?,?,?,?,?,?,?,?,?,?,?,?,?,?,?,?,?,?,?,?,?,?,?,?,?,?,?,?,?,?,?,?,?,?,?,?,?,?,?,?,?,?,?,?,?,?,?,?,?,?,?,?,?,?,?,?,?,?,?,?,?,?,?,?,?,?,?,?,?,?,?,?,?,?,?,?,?,?,?,?,?,?,?,?,?,?,?,?,?,?,?,?,?,?,?,?,?,?,?,?,?,?,?,?,?,?,?,?,?,?,?,?,?,?,?,?,?,?,?,?,?,?,?,?,?,?,?,?,?,?,?,?,?,?,?,?,?,?,?,?,?,?,?,?,?,?,?,?,?,?,?,?,?,?,?,?,?,?,?,?,?,?,?,?,?,?,?,?,?,?,?,?,?,?,?,?,?,?,?,?,?,?,?,?,?,?,?,?,?,?,?,?,?,?,?,?,?,?,?,?,?,?,?,?,?,?,?,?,?,?,?,?,?,?,?,?,?,?,?,?,?,?,?,?,?,?,?,?,?,?,?,?,?,?,?,?,?,?,?,?,?,?,?,?,?,?,?,?,?,?,?,?,?,?,?,?,?,?,?,?,?,?,?,?,?,?,?,?,?,?,?,?,?,?,?,?,?,?,?,?,?,?,?,?,?,?,?,?,?,?,?,?,?,?,?,?,?,?,?,?,?,?,?,?,?,?,?,?,?,?,?,?,?,?,?,?,?,?,?,?,?,?,?,?,?,?,?,?,?,?,?,?,?,?,?,?,?,?,?,?,?,?,?,?,?,?,?,?,?,?,?,?,?,?,?,?,?,?)
prisma:query SELECT `main`.`NhiemVu`.`id`, `main`.`NhiemVu`.`ma`, `main`.`NhiemVu`.`ten`, `main`.`NhiemVu`.`moTa`, `main`.`NhiemVu`.`donViChuTriId`, `main`.`NhiemVu`.`uuTien`, `main`.`NhiemVu`.`thoiHan`, `main`.`NhiemVu`.`giaiDoan`, `main`.`NhiemVu`.`kpi`, `main`.`NhiemVu`.`nguonKiemChung`, `main`.`NhiemVu`.`trangThai`, `main`.`NhiemVu`.`tienDo`, `main`.`NhiemVu`.`lop`, `main`.`NhiemVu`.`phuongAnXuLy`, `main`.`NhiemVu`.`ghiChu`, `main`.`NhiemVu`.`createdAt`, `main`.`NhiemVu`.`updatedAt` FROM `main`.`NhiemVu` WHERE `main`.`NhiemVu`.`id` IN (?) LIMIT ? OFFSET ?
 GET /api/he-thong 200 in 82ms (next.js: 27ms, application-code: 55ms)
prisma:query SELECT `main`.`NhiemVu`.`id`, `main`.`NhiemVu`.`ma`, `main`.`NhiemVu`.`ten`, `main`.`NhiemVu`.`moTa`, `main`.`NhiemVu`.`donViChuTriId`, `main`.`NhiemVu`.`uuTien`, `main`.`NhiemVu`.`thoiHan`, `main`.`NhiemVu`.`giaiDoan`, `main`.`NhiemVu`.`kpi`, `main`.`NhiemVu`.`nguonKiemChung`, `main`.`NhiemVu`.`trangThai`, `main`.`NhiemVu`.`tienDo`, `main`.`NhiemVu`.`lop`, `main`.`NhiemVu`.`phuongAnXuLy`, `main`.`NhiemVu`.`ghiChu`, `main`.`NhiemVu`.`createdAt`, `main`.`NhiemVu`.`updatedAt` FROM `main`.`NhiemVu` WHERE 1=1 ORDER BY `main`.`NhiemVu`.`uuTien` ASC, `main`.`NhiemVu`.`thoiHan` ASC LIMIT ? OFFSET ?
prisma:query SELECT `main`.`DonVi`.`id`, `main`.`DonVi`.`ten`, `main`.`DonVi`.`loai`, `main`.`DonVi`.`parentId`, `main`.`DonVi`.`createdAt` FROM `main`.`DonVi` WHERE `main`.`DonVi`.`id` IN (?,?) LIMIT ? OFFSET ?
prisma:query SELECT `main`.`_HeThongNhiemVu`.`B`, `main`.`_HeThongNhiemVu`.`A` FROM `main`.`_HeThongNhiemVu` WHERE `main`.`_HeThongNhiemVu`.`B` IN (?,?,?,?,?,?,?,?)
prisma:query SELECT `main`.`HeThongSo`.`id`, `main`.`HeThongSo`.`ma`, `main`.`HeThongSo`.`ten`, `main`.`HeThongSo`.`loai`, `main`.`HeThongSo`.`lop`, `main`.`HeThongSo`.`moTa`, `main`.`HeThongSo`.`chuQuan`, `main`.`HeThongSo`.`trangThai`, `main`.`HeThongSo`.`namTrienKhai`, `main`.`HeThongSo`.`donViId`, `main`.`HeThongSo`.`createdAt`, `main`.`HeThongSo`.`updatedAt` FROM `main`.`HeThongSo` WHERE `main`.`HeThongSo`.`id` IN (?) LIMIT ? OFFSET ?
prisma:query SELECT `main`.`DonVi`.`id`, `main`.`DonVi`.`ten`, `main`.`DonVi`.`loai`, `main`.`DonVi`.`parentId`, `main`.`DonVi`.`createdAt` FROM `main`.`DonVi` WHERE 1=1 ORDER BY `main`.`DonVi`.`loai` ASC, `main`.`DonVi`.`ten` ASC LIMIT ? OFFSET ?
 GET /api/nhiem-vu 200 in 40ms (next.js: 8ms, application-code: 33ms)
 GET /api/don-vi 200 in 40ms (next.js: 16ms, application-code: 24ms)
prisma:query SELECT `main`.`HeThongSo`.`id`, `main`.`HeThongSo`.`ma`, `main`.`HeThongSo`.`ten`, `main`.`HeThongSo`.`loai`, `main`.`HeThongSo`.`lop`, `main`.`HeThongSo`.`moTa`, `main`.`HeThongSo`.`chuQuan`, `main`.`HeThongSo`.`trangThai`, `main`.`HeThongSo`.`namTrienKhai`, `main`.`HeThongSo`.`donViId`, `main`.`HeThongSo`.`createdAt`, `main`.`HeThongSo`.`updatedAt` FROM `main`.`HeThongSo` WHERE 1=1 ORDER BY `main`.`HeThongSo`.`lop` ASC, `main`.`HeThongSo`.`ma` ASC LIMIT ? OFFSET ?
prisma:query SELECT `main`.`DonVi`.`id`, `main`.`DonVi`.`ten`, `main`.`DonVi`.`loai`, `main`.`DonVi`.`parentId`, `main`.`DonVi`.`createdAt` FROM `main`.`DonVi` WHERE `main`.`DonVi`.`id` IN (?,?,?,?) LIMIT ? OFFSET ?
prisma:query SELECT `main`.`_HeThongNhiemVu`.`A`, `main`.`_HeThongNhiemVu`.`B` FROM `main`.`_HeThongNhiemVu` WHERE `main`.`_HeThongNhiemVu`.`A` IN (?,?,?,?,?,?,?,?,?,?,?,?,?,?,?,?,?,?,?,?,?,?,?,?,?,?,?,?,?,?,?,?,?,?,?,?,?,?,?,?,?,?,?,?,?,?,?,?,?,?,?,?,?,?,?,?,?,?,?,?,?,?,?,?,?,?,?,?,?,?,?,?,?,?,?,?,?,?,?,?,?,?,?,?,?,?,?,?,?,?,?,?,?,?,?,?,?,?,?,?,?,?,?,?,?,?,?,?,?,?,?,?,?,?,?,?,?,?,?,?,?,?,?,?,?,?,?,?,?,?,?,?,?,?,?,?,?,?,?,?,?,?,?,?,?,?,?,?,?,?,?,?,?,?,?,?,?,?,?,?,?,?,?,?,?,?,?,?,?,?,?,?,?,?,?,?,?,?,?,?,?,?,?,?,?,?,?,?,?,?,?,?,?,?,?,?,?,?,?,?,?,?,?,?,?,?,?,?,?,?,?,?,?,?,?,?,?,?,?,?,?,?,?,?,?,?,?,?,?,?,?,?,?,?,?,?,?,?,?,?,?,?,?,?,?,?,?,?,?,?,?,?,?,?,?,?,?,?,?,?,?,?,?,?,?,?,?,?,?,?,?,?,?,?,?,?,?,?,?,?,?,?,?,?,?,?,?,?,?,?,?,?,?,?,?,?,?,?,?,?,?,?,?,?,?,?,?,?,?,?,?,?,?,?,?,?,?,?,?,?,?,?,?,?,?,?,?,?,?,?,?,?,?,?,?,?,?,?,?,?,?,?,?,?,?,?,?,?,?,?,?,?,?,?,?,?,?,?,?,?,?,?,?,?,?,?,?,?,?,?,?,?,?,?,?,?,?,?,?,?,?,?,?,?,?,?,?,?,?)
prisma:query SELECT `main`.`NhiemVu`.`id`, `main`.`NhiemVu`.`ma`, `main`.`NhiemVu`.`ten`, `main`.`NhiemVu`.`moTa`, `main`.`NhiemVu`.`donViChuTriId`, `main`.`NhiemVu`.`uuTien`, `main`.`NhiemVu`.`thoiHan`, `main`.`NhiemVu`.`giaiDoan`, `main`.`NhiemVu`.`kpi`, `main`.`NhiemVu`.`nguonKiemChung`, `main`.`NhiemVu`.`trangThai`, `main`.`NhiemVu`.`tienDo`, `main`.`NhiemVu`.`lop`, `main`.`NhiemVu`.`phuongAnXuLy`, `main`.`NhiemVu`.`ghiChu`, `main`.`NhiemVu`.`createdAt`, `main`.`NhiemVu`.`updatedAt` FROM `main`.`NhiemVu` WHERE `main`.`NhiemVu`.`id` IN (?) LIMIT ? OFFSET ?
 GET /api/he-thong 200 in 32ms (next.js: 5ms, application-code: 27ms)
 GET /api/auth/session 200 in 30ms (next.js: 15ms, application-code: 15ms)
 GET /api/auth/session 200 in 15ms (next.js: 4ms, application-code: 11ms)
 GET /admin/import 200 in 1877ms (next.js: 1810ms, application-code: 67ms)
 GET /admin/import 200 in 37ms (next.js: 10ms, application-code: 27ms)
[browser] Warning: [antd: Steps] `items.description` is deprecated. Please use `items.content` instead. 
[browser] Warning: [antd: Alert] `message` is deprecated. Please use `title` instead. 
    at Array.forEach (<anonymous>) (<anonymous>)
 GET /admin/import 200 in 22ms (next.js: 5ms, application-code: 17ms)
 GET /api/auth/session 200 in 47ms (next.js: 30ms, application-code: 17ms)
 GET /api/auth/session 200 in 16ms (next.js: 3ms, application-code: 12ms)
 GET /kts/lo-trinh 200 in 1608ms (next.js: 1243ms, application-code: 365ms)
prisma:query SELECT 1
prisma:query SELECT `main`.`NhiemVu`.`id`, `main`.`NhiemVu`.`ma`, `main`.`NhiemVu`.`ten`, `main`.`NhiemVu`.`moTa`, `main`.`NhiemVu`.`donViChuTriId`, `main`.`NhiemVu`.`uuTien`, `main`.`NhiemVu`.`thoiHan`, `main`.`NhiemVu`.`giaiDoan`, `main`.`NhiemVu`.`kpi`, `main`.`NhiemVu`.`nguonKiemChung`, `main`.`NhiemVu`.`trangThai`, `main`.`NhiemVu`.`tienDo`, `main`.`NhiemVu`.`lop`, `main`.`NhiemVu`.`phuongAnXuLy`, `main`.`NhiemVu`.`ghiChu`, `main`.`NhiemVu`.`createdAt`, `main`.`NhiemVu`.`updatedAt` FROM `main`.`NhiemVu` WHERE 1=1 ORDER BY `main`.`NhiemVu`.`uuTien` ASC, `main`.`NhiemVu`.`thoiHan` ASC LIMIT ? OFFSET ?
prisma:query SELECT `main`.`DonVi`.`id`, `main`.`DonVi`.`ten`, `main`.`DonVi`.`loai`, `main`.`DonVi`.`parentId`, `main`.`DonVi`.`createdAt` FROM `main`.`DonVi` WHERE `main`.`DonVi`.`id` IN (?,?) LIMIT ? OFFSET ?
prisma:query SELECT `main`.`_HeThongNhiemVu`.`B`, `main`.`_HeThongNhiemVu`.`A` FROM `main`.`_HeThongNhiemVu` WHERE `main`.`_HeThongNhiemVu`.`B` IN (?,?,?,?,?,?,?,?)
prisma:query SELECT `main`.`HeThongSo`.`id`, `main`.`HeThongSo`.`ma`, `main`.`HeThongSo`.`ten`, `main`.`HeThongSo`.`loai`, `main`.`HeThongSo`.`lop`, `main`.`HeThongSo`.`moTa`, `main`.`HeThongSo`.`chuQuan`, `main`.`HeThongSo`.`trangThai`, `main`.`HeThongSo`.`namTrienKhai`, `main`.`HeThongSo`.`donViId`, `main`.`HeThongSo`.`createdAt`, `main`.`HeThongSo`.`updatedAt` FROM `main`.`HeThongSo` WHERE `main`.`HeThongSo`.`id` IN (?) LIMIT ? OFFSET ?
 GET /api/nhiem-vu 200 in 23ms (next.js: 5ms, application-code: 17ms)
prisma:query SELECT `main`.`NhiemVu`.`id`, `main`.`NhiemVu`.`ma`, `main`.`NhiemVu`.`ten`, `main`.`NhiemVu`.`moTa`, `main`.`NhiemVu`.`donViChuTriId`, `main`.`NhiemVu`.`uuTien`, `main`.`NhiemVu`.`thoiHan`, `main`.`NhiemVu`.`giaiDoan`, `main`.`NhiemVu`.`kpi`, `main`.`NhiemVu`.`nguonKiemChung`, `main`.`NhiemVu`.`trangThai`, `main`.`NhiemVu`.`tienDo`, `main`.`NhiemVu`.`lop`, `main`.`NhiemVu`.`phuongAnXuLy`, `main`.`NhiemVu`.`ghiChu`, `main`.`NhiemVu`.`createdAt`, `main`.`NhiemVu`.`updatedAt` FROM `main`.`NhiemVu` WHERE 1=1 ORDER BY `main`.`NhiemVu`.`uuTien` ASC, `main`.`NhiemVu`.`thoiHan` ASC LIMIT ? OFFSET ?
prisma:query SELECT `main`.`DonVi`.`id`, `main`.`DonVi`.`ten`, `main`.`DonVi`.`loai`, `main`.`DonVi`.`parentId`, `main`.`DonVi`.`createdAt` FROM `main`.`DonVi` WHERE `main`.`DonVi`.`id` IN (?,?) LIMIT ? OFFSET ?
prisma:query SELECT `main`.`_HeThongNhiemVu`.`B`, `main`.`_HeThongNhiemVu`.`A` FROM `main`.`_HeThongNhiemVu` WHERE `main`.`_HeThongNhiemVu`.`B` IN (?,?,?,?,?,?,?,?)
prisma:query SELECT `main`.`HeThongSo`.`id`, `main`.`HeThongSo`.`ma`, `main`.`HeThongSo`.`ten`, `main`.`HeThongSo`.`loai`, `main`.`HeThongSo`.`lop`, `main`.`HeThongSo`.`moTa`, `main`.`HeThongSo`.`chuQuan`, `main`.`HeThongSo`.`trangThai`, `main`.`HeThongSo`.`namTrienKhai`, `main`.`HeThongSo`.`donViId`, `main`.`HeThongSo`.`createdAt`, `main`.`HeThongSo`.`updatedAt` FROM `main`.`HeThongSo` WHERE `main`.`HeThongSo`.`id` IN (?) LIMIT ? OFFSET ?
 GET /api/nhiem-vu 200 in 24ms (next.js: 6ms, application-code: 18ms)
 GET /api/auth/session 200 in 35ms (next.js: 19ms, application-code: 16ms)
 GET /api/auth/session 200 in 14ms (next.js: 3ms, application-code: 11ms)
[browser] Warning: [antd: Descriptions] `labelStyle` is deprecated. Please use `styles.label` instead. 
    at Array.forEach (<anonymous>) (<anonymous>)
 GET /api/auth/session 200 in 27ms (next.js: 13ms, application-code: 14ms)
 GET /api/auth/session 200 in 14ms (next.js: 3ms, application-code: 11ms)
 GET /api/auth/session 200 in 26ms (next.js: 12ms, application-code: 15ms)
 GET /api/auth/session 200 in 17ms (next.js: 5ms, application-code: 12ms)
 GET /admin/nhiem-vu 200 in 38ms (next.js: 16ms, application-code: 22ms)
prisma:query SELECT 1
prisma:query SELECT `main`.`HeThongSo`.`id`, `main`.`HeThongSo`.`ma`, `main`.`HeThongSo`.`ten`, `main`.`HeThongSo`.`loai`, `main`.`HeThongSo`.`lop`, `main`.`HeThongSo`.`moTa`, `main`.`HeThongSo`.`chuQuan`, `main`.`HeThongSo`.`trangThai`, `main`.`HeThongSo`.`namTrienKhai`, `main`.`HeThongSo`.`donViId`, `main`.`HeThongSo`.`createdAt`, `main`.`HeThongSo`.`updatedAt` FROM `main`.`HeThongSo` WHERE 1=1 ORDER BY `main`.`HeThongSo`.`lop` ASC, `main`.`HeThongSo`.`ma` ASC LIMIT ? OFFSET ?
prisma:query SELECT `main`.`DonVi`.`id`, `main`.`DonVi`.`ten`, `main`.`DonVi`.`loai`, `main`.`DonVi`.`parentId`, `main`.`DonVi`.`createdAt` FROM `main`.`DonVi` WHERE `main`.`DonVi`.`id` IN (?,?,?,?) LIMIT ? OFFSET ?
prisma:query SELECT `main`.`_HeThongNhiemVu`.`A`, `main`.`_HeThongNhiemVu`.`B` FROM `main`.`_HeThongNhiemVu` WHERE `main`.`_HeThongNhiemVu`.`A` IN (?,?,?,?,?,?,?,?,?,?,?,?,?,?,?,?,?,?,?,?,?,?,?,?,?,?,?,?,?,?,?,?,?,?,?,?,?,?,?,?,?,?,?,?,?,?,?,?,?,?,?,?,?,?,?,?,?,?,?,?,?,?,?,?,?,?,?,?,?,?,?,?,?,?,?,?,?,?,?,?,?,?,?,?,?,?,?,?,?,?,?,?,?,?,?,?,?,?,?,?,?,?,?,?,?,?,?,?,?,?,?,?,?,?,?,?,?,?,?,?,?,?,?,?,?,?,?,?,?,?,?,?,?,?,?,?,?,?,?,?,?,?,?,?,?,?,?,?,?,?,?,?,?,?,?,?,?,?,?,?,?,?,?,?,?,?,?,?,?,?,?,?,?,?,?,?,?,?,?,?,?,?,?,?,?,?,?,?,?,?,?,?,?,?,?,?,?,?,?,?,?,?,?,?,?,?,?,?,?,?,?,?,?,?,?,?,?,?,?,?,?,?,?,?,?,?,?,?,?,?,?,?,?,?,?,?,?,?,?,?,?,?,?,?,?,?,?,?,?,?,?,?,?,?,?,?,?,?,?,?,?,?,?,?,?,?,?,?,?,?,?,?,?,?,?,?,?,?,?,?,?,?,?,?,?,?,?,?,?,?,?,?,?,?,?,?,?,?,?,?,?,?,?,?,?,?,?,?,?,?,?,?,?,?,?,?,?,?,?,?,?,?,?,?,?,?,?,?,?,?,?,?,?,?,?,?,?,?,?,?,?,?,?,?,?,?,?,?,?,?,?,?,?,?,?,?,?,?,?,?,?,?,?,?,?,?,?,?,?,?,?,?,?,?,?,?,?,?,?,?,?,?,?,?,?,?,?,?,?)
prisma:query SELECT `main`.`NhiemVu`.`id`, `main`.`NhiemVu`.`ma`, `main`.`NhiemVu`.`ten`, `main`.`NhiemVu`.`moTa`, `main`.`NhiemVu`.`donViChuTriId`, `main`.`NhiemVu`.`uuTien`, `main`.`NhiemVu`.`thoiHan`, `main`.`NhiemVu`.`giaiDoan`, `main`.`NhiemVu`.`kpi`, `main`.`NhiemVu`.`nguonKiemChung`, `main`.`NhiemVu`.`trangThai`, `main`.`NhiemVu`.`tienDo`, `main`.`NhiemVu`.`lop`, `main`.`NhiemVu`.`phuongAnXuLy`, `main`.`NhiemVu`.`ghiChu`, `main`.`NhiemVu`.`createdAt`, `main`.`NhiemVu`.`updatedAt` FROM `main`.`NhiemVu` WHERE `main`.`NhiemVu`.`id` IN (?) LIMIT ? OFFSET ?
prisma:query SELECT `main`.`NhiemVu`.`id`, `main`.`NhiemVu`.`ma`, `main`.`NhiemVu`.`ten`, `main`.`NhiemVu`.`moTa`, `main`.`NhiemVu`.`donViChuTriId`, `main`.`NhiemVu`.`uuTien`, `main`.`NhiemVu`.`thoiHan`, `main`.`NhiemVu`.`giaiDoan`, `main`.`NhiemVu`.`kpi`, `main`.`NhiemVu`.`nguonKiemChung`, `main`.`NhiemVu`.`trangThai`, `main`.`NhiemVu`.`tienDo`, `main`.`NhiemVu`.`lop`, `main`.`NhiemVu`.`phuongAnXuLy`, `main`.`NhiemVu`.`ghiChu`, `main`.`NhiemVu`.`createdAt`, `main`.`NhiemVu`.`updatedAt` FROM `main`.`NhiemVu` WHERE 1=1 ORDER BY `main`.`NhiemVu`.`uuTien` ASC, `main`.`NhiemVu`.`thoiHan` ASC LIMIT ? OFFSET ?
prisma:query SELECT `main`.`DonVi`.`id`, `main`.`DonVi`.`ten`, `main`.`DonVi`.`loai`, `main`.`DonVi`.`parentId`, `main`.`DonVi`.`createdAt` FROM `main`.`DonVi` WHERE `main`.`DonVi`.`id` IN (?,?) LIMIT ? OFFSET ?
prisma:query SELECT `main`.`_HeThongNhiemVu`.`B`, `main`.`_HeThongNhiemVu`.`A` FROM `main`.`_HeThongNhiemVu` WHERE `main`.`_HeThongNhiemVu`.`B` IN (?,?,?,?,?,?,?,?)
prisma:query SELECT `main`.`HeThongSo`.`id`, `main`.`HeThongSo`.`ma`, `main`.`HeThongSo`.`ten`, `main`.`HeThongSo`.`loai`, `main`.`HeThongSo`.`lop`, `main`.`HeThongSo`.`moTa`, `main`.`HeThongSo`.`chuQuan`, `main`.`HeThongSo`.`trangThai`, `main`.`HeThongSo`.`namTrienKhai`, `main`.`HeThongSo`.`donViId`, `main`.`HeThongSo`.`createdAt`, `main`.`HeThongSo`.`updatedAt` FROM `main`.`HeThongSo` WHERE `main`.`HeThongSo`.`id` IN (?) LIMIT ? OFFSET ?
prisma:query SELECT `main`.`DonVi`.`id`, `main`.`DonVi`.`ten`, `main`.`DonVi`.`loai`, `main`.`DonVi`.`parentId`, `main`.`DonVi`.`createdAt` FROM `main`.`DonVi` WHERE 1=1 ORDER BY `main`.`DonVi`.`loai` ASC, `main`.`DonVi`.`ten` ASC LIMIT ? OFFSET ?
 GET /api/nhiem-vu 200 in 36ms (next.js: 16ms, application-code: 20ms)
 GET /api/he-thong 200 in 48ms (next.js: 5ms, application-code: 43ms)
 GET /api/don-vi 200 in 49ms (next.js: 27ms, application-code: 22ms)
prisma:query SELECT `main`.`NhiemVu`.`id`, `main`.`NhiemVu`.`ma`, `main`.`NhiemVu`.`ten`, `main`.`NhiemVu`.`moTa`, `main`.`NhiemVu`.`donViChuTriId`, `main`.`NhiemVu`.`uuTien`, `main`.`NhiemVu`.`thoiHan`, `main`.`NhiemVu`.`giaiDoan`, `main`.`NhiemVu`.`kpi`, `main`.`NhiemVu`.`nguonKiemChung`, `main`.`NhiemVu`.`trangThai`, `main`.`NhiemVu`.`tienDo`, `main`.`NhiemVu`.`lop`, `main`.`NhiemVu`.`phuongAnXuLy`, `main`.`NhiemVu`.`ghiChu`, `main`.`NhiemVu`.`createdAt`, `main`.`NhiemVu`.`updatedAt` FROM `main`.`NhiemVu` WHERE 1=1 ORDER BY `main`.`NhiemVu`.`uuTien` ASC, `main`.`NhiemVu`.`thoiHan` ASC LIMIT ? OFFSET ?
prisma:query SELECT `main`.`DonVi`.`id`, `main`.`DonVi`.`ten`, `main`.`DonVi`.`loai`, `main`.`DonVi`.`parentId`, `main`.`DonVi`.`createdAt` FROM `main`.`DonVi` WHERE `main`.`DonVi`.`id` IN (?,?) LIMIT ? OFFSET ?
prisma:query SELECT `main`.`_HeThongNhiemVu`.`B`, `main`.`_HeThongNhiemVu`.`A` FROM `main`.`_HeThongNhiemVu` WHERE `main`.`_HeThongNhiemVu`.`B` IN (?,?,?,?,?,?,?,?)
prisma:query SELECT `main`.`HeThongSo`.`id`, `main`.`HeThongSo`.`ma`, `main`.`HeThongSo`.`ten`, `main`.`HeThongSo`.`loai`, `main`.`HeThongSo`.`lop`, `main`.`HeThongSo`.`moTa`, `main`.`HeThongSo`.`chuQuan`, `main`.`HeThongSo`.`trangThai`, `main`.`HeThongSo`.`namTrienKhai`, `main`.`HeThongSo`.`donViId`, `main`.`HeThongSo`.`createdAt`, `main`.`HeThongSo`.`updatedAt` FROM `main`.`HeThongSo` WHERE `main`.`HeThongSo`.`id` IN (?) LIMIT ? OFFSET ?
prisma:query SELECT `main`.`HeThongSo`.`id`, `main`.`HeThongSo`.`ma`, `main`.`HeThongSo`.`ten`, `main`.`HeThongSo`.`loai`, `main`.`HeThongSo`.`lop`, `main`.`HeThongSo`.`moTa`, `main`.`HeThongSo`.`chuQuan`, `main`.`HeThongSo`.`trangThai`, `main`.`HeThongSo`.`namTrienKhai`, `main`.`HeThongSo`.`donViId`, `main`.`HeThongSo`.`createdAt`, `main`.`HeThongSo`.`updatedAt` FROM `main`.`HeThongSo` WHERE 1=1 ORDER BY `main`.`HeThongSo`.`lop` ASC, `main`.`HeThongSo`.`ma` ASC LIMIT ? OFFSET ?
prisma:query SELECT `main`.`DonVi`.`id`, `main`.`DonVi`.`ten`, `main`.`DonVi`.`loai`, `main`.`DonVi`.`parentId`, `main`.`DonVi`.`createdAt` FROM `main`.`DonVi` WHERE `main`.`DonVi`.`id` IN (?,?,?,?) LIMIT ? OFFSET ?
prisma:query SELECT `main`.`_HeThongNhiemVu`.`A`, `main`.`_HeThongNhiemVu`.`B` FROM `main`.`_HeThongNhiemVu` WHERE `main`.`_HeThongNhiemVu`.`A` IN (?,?,?,?,?,?,?,?,?,?,?,?,?,?,?,?,?,?,?,?,?,?,?,?,?,?,?,?,?,?,?,?,?,?,?,?,?,?,?,?,?,?,?,?,?,?,?,?,?,?,?,?,?,?,?,?,?,?,?,?,?,?,?,?,?,?,?,?,?,?,?,?,?,?,?,?,?,?,?,?,?,?,?,?,?,?,?,?,?,?,?,?,?,?,?,?,?,?,?,?,?,?,?,?,?,?,?,?,?,?,?,?,?,?,?,?,?,?,?,?,?,?,?,?,?,?,?,?,?,?,?,?,?,?,?,?,?,?,?,?,?,?,?,?,?,?,?,?,?,?,?,?,?,?,?,?,?,?,?,?,?,?,?,?,?,?,?,?,?,?,?,?,?,?,?,?,?,?,?,?,?,?,?,?,?,?,?,?,?,?,?,?,?,?,?,?,?,?,?,?,?,?,?,?,?,?,?,?,?,?,?,?,?,?,?,?,?,?,?,?,?,?,?,?,?,?,?,?,?,?,?,?,?,?,?,?,?,?,?,?,?,?,?,?,?,?,?,?,?,?,?,?,?,?,?,?,?,?,?,?,?,?,?,?,?,?,?,?,?,?,?,?,?,?,?,?,?,?,?,?,?,?,?,?,?,?,?,?,?,?,?,?,?,?,?,?,?,?,?,?,?,?,?,?,?,?,?,?,?,?,?,?,?,?,?,?,?,?,?,?,?,?,?,?,?,?,?,?,?,?,?,?,?,?,?,?,?,?,?,?,?,?,?,?,?,?,?,?,?,?,?,?,?,?,?,?,?,?,?,?,?,?,?,?,?,?,?,?,?,?,?,?,?,?,?,?,?,?,?,?,?,?,?,?,?,?,?,?,?)
prisma:query SELECT `main`.`NhiemVu`.`id`, `main`.`NhiemVu`.`ma`, `main`.`NhiemVu`.`ten`, `main`.`NhiemVu`.`moTa`, `main`.`NhiemVu`.`donViChuTriId`, `main`.`NhiemVu`.`uuTien`, `main`.`NhiemVu`.`thoiHan`, `main`.`NhiemVu`.`giaiDoan`, `main`.`NhiemVu`.`kpi`, `main`.`NhiemVu`.`nguonKiemChung`, `main`.`NhiemVu`.`trangThai`, `main`.`NhiemVu`.`tienDo`, `main`.`NhiemVu`.`lop`, `main`.`NhiemVu`.`phuongAnXuLy`, `main`.`NhiemVu`.`ghiChu`, `main`.`NhiemVu`.`createdAt`, `main`.`NhiemVu`.`updatedAt` FROM `main`.`NhiemVu` WHERE `main`.`NhiemVu`.`id` IN (?) LIMIT ? OFFSET ?
prisma:query SELECT `main`.`DonVi`.`id`, `main`.`DonVi`.`ten`, `main`.`DonVi`.`loai`, `main`.`DonVi`.`parentId`, `main`.`DonVi`.`createdAt` FROM `main`.`DonVi` WHERE 1=1 ORDER BY `main`.`DonVi`.`loai` ASC, `main`.`DonVi`.`ten` ASC LIMIT ? OFFSET ?
 GET /api/nhiem-vu 200 in 36ms (next.js: 7ms, application-code: 29ms)
 GET /api/don-vi 200 in 35ms (next.js: 23ms, application-code: 12ms)
 GET /api/he-thong 200 in 48ms (next.js: 16ms, application-code: 32ms)
 GET /api/auth/session 200 in 26ms (next.js: 11ms, application-code: 15ms)
 GET /api/auth/session 200 in 17ms (next.js: 5ms, application-code: 11ms)
 GET /admin/he-thong 200 in 34ms (next.js: 12ms, application-code: 21ms)
prisma:query SELECT 1
prisma:query SELECT `main`.`DonVi`.`id`, `main`.`DonVi`.`ten`, `main`.`DonVi`.`loai`, `main`.`DonVi`.`parentId`, `main`.`DonVi`.`createdAt` FROM `main`.`DonVi` WHERE 1=1 ORDER BY `main`.`DonVi`.`loai` ASC, `main`.`DonVi`.`ten` ASC LIMIT ? OFFSET ?
 GET /api/don-vi 200 in 31ms (next.js: 7ms, application-code: 24ms)
prisma:query SELECT `main`.`HeThongSo`.`id`, `main`.`HeThongSo`.`ma`, `main`.`HeThongSo`.`ten`, `main`.`HeThongSo`.`loai`, `main`.`HeThongSo`.`lop`, `main`.`HeThongSo`.`moTa`, `main`.`HeThongSo`.`chuQuan`, `main`.`HeThongSo`.`trangThai`, `main`.`HeThongSo`.`namTrienKhai`, `main`.`HeThongSo`.`donViId`, `main`.`HeThongSo`.`createdAt`, `main`.`HeThongSo`.`updatedAt` FROM `main`.`HeThongSo` WHERE 1=1 ORDER BY `main`.`HeThongSo`.`lop` ASC, `main`.`HeThongSo`.`ma` ASC LIMIT ? OFFSET ?
prisma:query SELECT `main`.`DonVi`.`id`, `main`.`DonVi`.`ten`, `main`.`DonVi`.`loai`, `main`.`DonVi`.`parentId`, `main`.`DonVi`.`createdAt` FROM `main`.`DonVi` WHERE `main`.`DonVi`.`id` IN (?,?,?,?) LIMIT ? OFFSET ?
prisma:query SELECT `main`.`_HeThongNhiemVu`.`A`, `main`.`_HeThongNhiemVu`.`B` FROM `main`.`_HeThongNhiemVu` WHERE `main`.`_HeThongNhiemVu`.`A` IN (?,?,?,?,?,?,?,?,?,?,?,?,?,?,?,?,?,?,?,?,?,?,?,?,?,?,?,?,?,?,?,?,?,?,?,?,?,?,?,?,?,?,?,?,?,?,?,?,?,?,?,?,?,?,?,?,?,?,?,?,?,?,?,?,?,?,?,?,?,?,?,?,?,?,?,?,?,?,?,?,?,?,?,?,?,?,?,?,?,?,?,?,?,?,?,?,?,?,?,?,?,?,?,?,?,?,?,?,?,?,?,?,?,?,?,?,?,?,?,?,?,?,?,?,?,?,?,?,?,?,?,?,?,?,?,?,?,?,?,?,?,?,?,?,?,?,?,?,?,?,?,?,?,?,?,?,?,?,?,?,?,?,?,?,?,?,?,?,?,?,?,?,?,?,?,?,?,?,?,?,?,?,?,?,?,?,?,?,?,?,?,?,?,?,?,?,?,?,?,?,?,?,?,?,?,?,?,?,?,?,?,?,?,?,?,?,?,?,?,?,?,?,?,?,?,?,?,?,?,?,?,?,?,?,?,?,?,?,?,?,?,?,?,?,?,?,?,?,?,?,?,?,?,?,?,?,?,?,?,?,?,?,?,?,?,?,?,?,?,?,?,?,?,?,?,?,?,?,?,?,?,?,?,?,?,?,?,?,?,?,?,?,?,?,?,?,?,?,?,?,?,?,?,?,?,?,?,?,?,?,?,?,?,?,?,?,?,?,?,?,?,?,?,?,?,?,?,?,?,?,?,?,?,?,?,?,?,?,?,?,?,?,?,?,?,?,?,?,?,?,?,?,?,?,?,?,?,?,?,?,?,?,?,?,?,?,?,?,?,?,?,?,?,?,?,?,?,?,?,?,?,?,?,?,?,?,?,?,?)
prisma:query SELECT `main`.`NhiemVu`.`id`, `main`.`NhiemVu`.`ma`, `main`.`NhiemVu`.`ten`, `main`.`NhiemVu`.`moTa`, `main`.`NhiemVu`.`donViChuTriId`, `main`.`NhiemVu`.`uuTien`, `main`.`NhiemVu`.`thoiHan`, `main`.`NhiemVu`.`giaiDoan`, `main`.`NhiemVu`.`kpi`, `main`.`NhiemVu`.`nguonKiemChung`, `main`.`NhiemVu`.`trangThai`, `main`.`NhiemVu`.`tienDo`, `main`.`NhiemVu`.`lop`, `main`.`NhiemVu`.`phuongAnXuLy`, `main`.`NhiemVu`.`ghiChu`, `main`.`NhiemVu`.`createdAt`, `main`.`NhiemVu`.`updatedAt` FROM `main`.`NhiemVu` WHERE `main`.`NhiemVu`.`id` IN (?) LIMIT ? OFFSET ?
prisma:query SELECT `main`.`DonVi`.`id`, `main`.`DonVi`.`ten`, `main`.`DonVi`.`loai`, `main`.`DonVi`.`parentId`, `main`.`DonVi`.`createdAt` FROM `main`.`DonVi` WHERE 1=1 ORDER BY `main`.`DonVi`.`loai` ASC, `main`.`DonVi`.`ten` ASC LIMIT ? OFFSET ?
 GET /api/he-thong 200 in 56ms (next.js: 21ms, application-code: 35ms)
 GET /api/don-vi 200 in 25ms (next.js: 6ms, application-code: 19ms)
prisma:query SELECT `main`.`HeThongSo`.`id`, `main`.`HeThongSo`.`ma`, `main`.`HeThongSo`.`ten`, `main`.`HeThongSo`.`loai`, `main`.`HeThongSo`.`lop`, `main`.`HeThongSo`.`moTa`, `main`.`HeThongSo`.`chuQuan`, `main`.`HeThongSo`.`trangThai`, `main`.`HeThongSo`.`namTrienKhai`, `main`.`HeThongSo`.`donViId`, `main`.`HeThongSo`.`createdAt`, `main`.`HeThongSo`.`updatedAt` FROM `main`.`HeThongSo` WHERE 1=1 ORDER BY `main`.`HeThongSo`.`lop` ASC, `main`.`HeThongSo`.`ma` ASC LIMIT ? OFFSET ?
prisma:query SELECT `main`.`DonVi`.`id`, `main`.`DonVi`.`ten`, `main`.`DonVi`.`loai`, `main`.`DonVi`.`parentId`, `main`.`DonVi`.`createdAt` FROM `main`.`DonVi` WHERE `main`.`DonVi`.`id` IN (?,?,?,?) LIMIT ? OFFSET ?
prisma:query SELECT `main`.`_HeThongNhiemVu`.`A`, `main`.`_HeThongNhiemVu`.`B` FROM `main`.`_HeThongNhiemVu` WHERE `main`.`_HeThongNhiemVu`.`A` IN (?,?,?,?,?,?,?,?,?,?,?,?,?,?,?,?,?,?,?,?,?,?,?,?,?,?,?,?,?,?,?,?,?,?,?,?,?,?,?,?,?,?,?,?,?,?,?,?,?,?,?,?,?,?,?,?,?,?,?,?,?,?,?,?,?,?,?,?,?,?,?,?,?,?,?,?,?,?,?,?,?,?,?,?,?,?,?,?,?,?,?,?,?,?,?,?,?,?,?,?,?,?,?,?,?,?,?,?,?,?,?,?,?,?,?,?,?,?,?,?,?,?,?,?,?,?,?,?,?,?,?,?,?,?,?,?,?,?,?,?,?,?,?,?,?,?,?,?,?,?,?,?,?,?,?,?,?,?,?,?,?,?,?,?,?,?,?,?,?,?,?,?,?,?,?,?,?,?,?,?,?,?,?,?,?,?,?,?,?,?,?,?,?,?,?,?,?,?,?,?,?,?,?,?,?,?,?,?,?,?,?,?,?,?,?,?,?,?,?,?,?,?,?,?,?,?,?,?,?,?,?,?,?,?,?,?,?,?,?,?,?,?,?,?,?,?,?,?,?,?,?,?,?,?,?,?,?,?,?,?,?,?,?,?,?,?,?,?,?,?,?,?,?,?,?,?,?,?,?,?,?,?,?,?,?,?,?,?,?,?,?,?,?,?,?,?,?,?,?,?,?,?,?,?,?,?,?,?,?,?,?,?,?,?,?,?,?,?,?,?,?,?,?,?,?,?,?,?,?,?,?,?,?,?,?,?,?,?,?,?,?,?,?,?,?,?,?,?,?,?,?,?,?,?,?,?,?,?,?,?,?,?,?,?,?,?,?,?,?,?,?,?,?,?,?,?,?,?,?,?,?,?,?,?,?,?,?,?,?)
prisma:query SELECT `main`.`NhiemVu`.`id`, `main`.`NhiemVu`.`ma`, `main`.`NhiemVu`.`ten`, `main`.`NhiemVu`.`moTa`, `main`.`NhiemVu`.`donViChuTriId`, `main`.`NhiemVu`.`uuTien`, `main`.`NhiemVu`.`thoiHan`, `main`.`NhiemVu`.`giaiDoan`, `main`.`NhiemVu`.`kpi`, `main`.`NhiemVu`.`nguonKiemChung`, `main`.`NhiemVu`.`trangThai`, `main`.`NhiemVu`.`tienDo`, `main`.`NhiemVu`.`lop`, `main`.`NhiemVu`.`phuongAnXuLy`, `main`.`NhiemVu`.`ghiChu`, `main`.`NhiemVu`.`createdAt`, `main`.`NhiemVu`.`updatedAt` FROM `main`.`NhiemVu` WHERE `main`.`NhiemVu`.`id` IN (?) LIMIT ? OFFSET ?
 GET /api/he-thong 200 in 52ms (next.js: 5ms, application-code: 48ms)
 GET /api/auth/session 200 in 34ms (next.js: 16ms, application-code: 18ms)
 GET /api/auth/session 200 in 17ms (next.js: 4ms, application-code: 13ms)
 GET /api/auth/session 200 in 25ms (next.js: 11ms, application-code: 15ms)
 GET /api/auth/session 200 in 16ms (next.js: 4ms, application-code: 12ms)
 GET /kts/lo-trinh 200 in 39ms (next.js: 14ms, application-code: 25ms)
prisma:query SELECT 1
prisma:query SELECT `main`.`NhiemVu`.`id`, `main`.`NhiemVu`.`ma`, `main`.`NhiemVu`.`ten`, `main`.`NhiemVu`.`moTa`, `main`.`NhiemVu`.`donViChuTriId`, `main`.`NhiemVu`.`uuTien`, `main`.`NhiemVu`.`thoiHan`, `main`.`NhiemVu`.`giaiDoan`, `main`.`NhiemVu`.`kpi`, `main`.`NhiemVu`.`nguonKiemChung`, `main`.`NhiemVu`.`trangThai`, `main`.`NhiemVu`.`tienDo`, `main`.`NhiemVu`.`lop`, `main`.`NhiemVu`.`phuongAnXuLy`, `main`.`NhiemVu`.`ghiChu`, `main`.`NhiemVu`.`createdAt`, `main`.`NhiemVu`.`updatedAt` FROM `main`.`NhiemVu` WHERE 1=1 ORDER BY `main`.`NhiemVu`.`uuTien` ASC, `main`.`NhiemVu`.`thoiHan` ASC LIMIT ? OFFSET ?
prisma:query SELECT `main`.`DonVi`.`id`, `main`.`DonVi`.`ten`, `main`.`DonVi`.`loai`, `main`.`DonVi`.`parentId`, `main`.`DonVi`.`createdAt` FROM `main`.`DonVi` WHERE `main`.`DonVi`.`id` IN (?,?) LIMIT ? OFFSET ?
prisma:query SELECT `main`.`_HeThongNhiemVu`.`B`, `main`.`_HeThongNhiemVu`.`A` FROM `main`.`_HeThongNhiemVu` WHERE `main`.`_HeThongNhiemVu`.`B` IN (?,?,?,?,?,?,?,?)
prisma:query SELECT `main`.`HeThongSo`.`id`, `main`.`HeThongSo`.`ma`, `main`.`HeThongSo`.`ten`, `main`.`HeThongSo`.`loai`, `main`.`HeThongSo`.`lop`, `main`.`HeThongSo`.`moTa`, `main`.`HeThongSo`.`chuQuan`, `main`.`HeThongSo`.`trangThai`, `main`.`HeThongSo`.`namTrienKhai`, `main`.`HeThongSo`.`donViId`, `main`.`HeThongSo`.`createdAt`, `main`.`HeThongSo`.`updatedAt` FROM `main`.`HeThongSo` WHERE `main`.`HeThongSo`.`id` IN (?) LIMIT ? OFFSET ?
 GET /api/nhiem-vu 200 in 20ms (next.js: 5ms, application-code: 15ms)
prisma:query SELECT `main`.`NhiemVu`.`id`, `main`.`NhiemVu`.`ma`, `main`.`NhiemVu`.`ten`, `main`.`NhiemVu`.`moTa`, `main`.`NhiemVu`.`donViChuTriId`, `main`.`NhiemVu`.`uuTien`, `main`.`NhiemVu`.`thoiHan`, `main`.`NhiemVu`.`giaiDoan`, `main`.`NhiemVu`.`kpi`, `main`.`NhiemVu`.`nguonKiemChung`, `main`.`NhiemVu`.`trangThai`, `main`.`NhiemVu`.`tienDo`, `main`.`NhiemVu`.`lop`, `main`.`NhiemVu`.`phuongAnXuLy`, `main`.`NhiemVu`.`ghiChu`, `main`.`NhiemVu`.`createdAt`, `main`.`NhiemVu`.`updatedAt` FROM `main`.`NhiemVu` WHERE 1=1 ORDER BY `main`.`NhiemVu`.`uuTien` ASC, `main`.`NhiemVu`.`thoiHan` ASC LIMIT ? OFFSET ?
prisma:query SELECT `main`.`DonVi`.`id`, `main`.`DonVi`.`ten`, `main`.`DonVi`.`loai`, `main`.`DonVi`.`parentId`, `main`.`DonVi`.`createdAt` FROM `main`.`DonVi` WHERE `main`.`DonVi`.`id` IN (?,?) LIMIT ? OFFSET ?
prisma:query SELECT `main`.`_HeThongNhiemVu`.`B`, `main`.`_HeThongNhiemVu`.`A` FROM `main`.`_HeThongNhiemVu` WHERE `main`.`_HeThongNhiemVu`.`B` IN (?,?,?,?,?,?,?,?)
prisma:query SELECT `main`.`HeThongSo`.`id`, `main`.`HeThongSo`.`ma`, `main`.`HeThongSo`.`ten`, `main`.`HeThongSo`.`loai`, `main`.`HeThongSo`.`lop`, `main`.`HeThongSo`.`moTa`, `main`.`HeThongSo`.`chuQuan`, `main`.`HeThongSo`.`trangThai`, `main`.`HeThongSo`.`namTrienKhai`, `main`.`HeThongSo`.`donViId`, `main`.`HeThongSo`.`createdAt`, `main`.`HeThongSo`.`updatedAt` FROM `main`.`HeThongSo` WHERE `main`.`HeThongSo`.`id` IN (?) LIMIT ? OFFSET ?
 GET /api/nhiem-vu 200 in 16ms (next.js: 5ms, application-code: 11ms)
 GET /kts/hien-trang 200 in 41ms (next.js: 16ms, application-code: 25ms)
prisma:query SELECT `main`.`HeThongSo`.`id`, `main`.`HeThongSo`.`ma`, `main`.`HeThongSo`.`ten`, `main`.`HeThongSo`.`loai`, `main`.`HeThongSo`.`lop`, `main`.`HeThongSo`.`moTa`, `main`.`HeThongSo`.`chuQuan`, `main`.`HeThongSo`.`trangThai`, `main`.`HeThongSo`.`namTrienKhai`, `main`.`HeThongSo`.`donViId`, `main`.`HeThongSo`.`createdAt`, `main`.`HeThongSo`.`updatedAt` FROM `main`.`HeThongSo` WHERE 1=1 ORDER BY `main`.`HeThongSo`.`lop` ASC, `main`.`HeThongSo`.`ma` ASC LIMIT ? OFFSET ?
prisma:query SELECT `main`.`DonVi`.`id`, `main`.`DonVi`.`ten`, `main`.`DonVi`.`loai`, `main`.`DonVi`.`parentId`, `main`.`DonVi`.`createdAt` FROM `main`.`DonVi` WHERE `main`.`DonVi`.`id` IN (?,?,?,?) LIMIT ? OFFSET ?
prisma:query SELECT `main`.`_HeThongNhiemVu`.`A`, `main`.`_HeThongNhiemVu`.`B` FROM `main`.`_HeThongNhiemVu` WHERE `main`.`_HeThongNhiemVu`.`A` IN (?,?,?,?,?,?,?,?,?,?,?,?,?,?,?,?,?,?,?,?,?,?,?,?,?,?,?,?,?,?,?,?,?,?,?,?,?,?,?,?,?,?,?,?,?,?,?,?,?,?,?,?,?,?,?,?,?,?,?,?,?,?,?,?,?,?,?,?,?,?,?,?,?,?,?,?,?,?,?,?,?,?,?,?,?,?,?,?,?,?,?,?,?,?,?,?,?,?,?,?,?,?,?,?,?,?,?,?,?,?,?,?,?,?,?,?,?,?,?,?,?,?,?,?,?,?,?,?,?,?,?,?,?,?,?,?,?,?,?,?,?,?,?,?,?,?,?,?,?,?,?,?,?,?,?,?,?,?,?,?,?,?,?,?,?,?,?,?,?,?,?,?,?,?,?,?,?,?,?,?,?,?,?,?,?,?,?,?,?,?,?,?,?,?,?,?,?,?,?,?,?,?,?,?,?,?,?,?,?,?,?,?,?,?,?,?,?,?,?,?,?,?,?,?,?,?,?,?,?,?,?,?,?,?,?,?,?,?,?,?,?,?,?,?,?,?,?,?,?,?,?,?,?,?,?,?,?,?,?,?,?,?,?,?,?,?,?,?,?,?,?,?,?,?,?,?,?,?,?,?,?,?,?,?,?,?,?,?,?,?,?,?,?,?,?,?,?,?,?,?,?,?,?,?,?,?,?,?,?,?,?,?,?,?,?,?,?,?,?,?,?,?,?,?,?,?,?,?,?,?,?,?,?,?,?,?,?,?,?,?,?,?,?,?,?,?,?,?,?,?,?,?,?,?,?,?,?,?,?,?,?,?,?,?,?,?,?,?,?,?,?,?,?,?,?,?,?,?,?,?,?,?,?,?,?,?,?,?,?)
prisma:query SELECT `main`.`NhiemVu`.`id`, `main`.`NhiemVu`.`ma`, `main`.`NhiemVu`.`ten`, `main`.`NhiemVu`.`moTa`, `main`.`NhiemVu`.`donViChuTriId`, `main`.`NhiemVu`.`uuTien`, `main`.`NhiemVu`.`thoiHan`, `main`.`NhiemVu`.`giaiDoan`, `main`.`NhiemVu`.`kpi`, `main`.`NhiemVu`.`nguonKiemChung`, `main`.`NhiemVu`.`trangThai`, `main`.`NhiemVu`.`tienDo`, `main`.`NhiemVu`.`lop`, `main`.`NhiemVu`.`phuongAnXuLy`, `main`.`NhiemVu`.`ghiChu`, `main`.`NhiemVu`.`createdAt`, `main`.`NhiemVu`.`updatedAt` FROM `main`.`NhiemVu` WHERE `main`.`NhiemVu`.`id` IN (?) LIMIT ? OFFSET ?
 GET /api/he-thong 200 in 38ms (next.js: 6ms, application-code: 32ms)
prisma:query SELECT `main`.`HeThongSo`.`id`, `main`.`HeThongSo`.`ma`, `main`.`HeThongSo`.`ten`, `main`.`HeThongSo`.`loai`, `main`.`HeThongSo`.`lop`, `main`.`HeThongSo`.`moTa`, `main`.`HeThongSo`.`chuQuan`, `main`.`HeThongSo`.`trangThai`, `main`.`HeThongSo`.`namTrienKhai`, `main`.`HeThongSo`.`donViId`, `main`.`HeThongSo`.`createdAt`, `main`.`HeThongSo`.`updatedAt` FROM `main`.`HeThongSo` WHERE 1=1 ORDER BY `main`.`HeThongSo`.`lop` ASC, `main`.`HeThongSo`.`ma` ASC LIMIT ? OFFSET ?
prisma:query SELECT `main`.`DonVi`.`id`, `main`.`DonVi`.`ten`, `main`.`DonVi`.`loai`, `main`.`DonVi`.`parentId`, `main`.`DonVi`.`createdAt` FROM `main`.`DonVi` WHERE `main`.`DonVi`.`id` IN (?,?,?,?) LIMIT ? OFFSET ?
prisma:query SELECT `main`.`_HeThongNhiemVu`.`A`, `main`.`_HeThongNhiemVu`.`B` FROM `main`.`_HeThongNhiemVu` WHERE `main`.`_HeThongNhiemVu`.`A` IN (?,?,?,?,?,?,?,?,?,?,?,?,?,?,?,?,?,?,?,?,?,?,?,?,?,?,?,?,?,?,?,?,?,?,?,?,?,?,?,?,?,?,?,?,?,?,?,?,?,?,?,?,?,?,?,?,?,?,?,?,?,?,?,?,?,?,?,?,?,?,?,?,?,?,?,?,?,?,?,?,?,?,?,?,?,?,?,?,?,?,?,?,?,?,?,?,?,?,?,?,?,?,?,?,?,?,?,?,?,?,?,?,?,?,?,?,?,?,?,?,?,?,?,?,?,?,?,?,?,?,?,?,?,?,?,?,?,?,?,?,?,?,?,?,?,?,?,?,?,?,?,?,?,?,?,?,?,?,?,?,?,?,?,?,?,?,?,?,?,?,?,?,?,?,?,?,?,?,?,?,?,?,?,?,?,?,?,?,?,?,?,?,?,?,?,?,?,?,?,?,?,?,?,?,?,?,?,?,?,?,?,?,?,?,?,?,?,?,?,?,?,?,?,?,?,?,?,?,?,?,?,?,?,?,?,?,?,?,?,?,?,?,?,?,?,?,?,?,?,?,?,?,?,?,?,?,?,?,?,?,?,?,?,?,?,?,?,?,?,?,?,?,?,?,?,?,?,?,?,?,?,?,?,?,?,?,?,?,?,?,?,?,?,?,?,?,?,?,?,?,?,?,?,?,?,?,?,?,?,?,?,?,?,?,?,?,?,?,?,?,?,?,?,?,?,?,?,?,?,?,?,?,?,?,?,?,?,?,?,?,?,?,?,?,?,?,?,?,?,?,?,?,?,?,?,?,?,?,?,?,?,?,?,?,?,?,?,?,?,?,?,?,?,?,?,?,?,?,?,?,?,?,?,?,?,?,?,?,?)
prisma:query SELECT `main`.`NhiemVu`.`id`, `main`.`NhiemVu`.`ma`, `main`.`NhiemVu`.`ten`, `main`.`NhiemVu`.`moTa`, `main`.`NhiemVu`.`donViChuTriId`, `main`.`NhiemVu`.`uuTien`, `main`.`NhiemVu`.`thoiHan`, `main`.`NhiemVu`.`giaiDoan`, `main`.`NhiemVu`.`kpi`, `main`.`NhiemVu`.`nguonKiemChung`, `main`.`NhiemVu`.`trangThai`, `main`.`NhiemVu`.`tienDo`, `main`.`NhiemVu`.`lop`, `main`.`NhiemVu`.`phuongAnXuLy`, `main`.`NhiemVu`.`ghiChu`, `main`.`NhiemVu`.`createdAt`, `main`.`NhiemVu`.`updatedAt` FROM `main`.`NhiemVu` WHERE `main`.`NhiemVu`.`id` IN (?) LIMIT ? OFFSET ?
 GET /api/he-thong 200 in 34ms (next.js: 3ms, application-code: 31ms)
 GET /kts/lo-trinh 200 in 41ms (next.js: 12ms, application-code: 29ms)
prisma:query SELECT `main`.`NhiemVu`.`id`, `main`.`NhiemVu`.`ma`, `main`.`NhiemVu`.`ten`, `main`.`NhiemVu`.`moTa`, `main`.`NhiemVu`.`donViChuTriId`, `main`.`NhiemVu`.`uuTien`, `main`.`NhiemVu`.`thoiHan`, `main`.`NhiemVu`.`giaiDoan`, `main`.`NhiemVu`.`kpi`, `main`.`NhiemVu`.`nguonKiemChung`, `main`.`NhiemVu`.`trangThai`, `main`.`NhiemVu`.`tienDo`, `main`.`NhiemVu`.`lop`, `main`.`NhiemVu`.`phuongAnXuLy`, `main`.`NhiemVu`.`ghiChu`, `main`.`NhiemVu`.`createdAt`, `main`.`NhiemVu`.`updatedAt` FROM `main`.`NhiemVu` WHERE 1=1 ORDER BY `main`.`NhiemVu`.`uuTien` ASC, `main`.`NhiemVu`.`thoiHan` ASC LIMIT ? OFFSET ?
prisma:query SELECT `main`.`DonVi`.`id`, `main`.`DonVi`.`ten`, `main`.`DonVi`.`loai`, `main`.`DonVi`.`parentId`, `main`.`DonVi`.`createdAt` FROM `main`.`DonVi` WHERE `main`.`DonVi`.`id` IN (?,?) LIMIT ? OFFSET ?
prisma:query SELECT `main`.`_HeThongNhiemVu`.`B`, `main`.`_HeThongNhiemVu`.`A` FROM `main`.`_HeThongNhiemVu` WHERE `main`.`_HeThongNhiemVu`.`B` IN (?,?,?,?,?,?,?,?)
prisma:query SELECT `main`.`HeThongSo`.`id`, `main`.`HeThongSo`.`ma`, `main`.`HeThongSo`.`ten`, `main`.`HeThongSo`.`loai`, `main`.`HeThongSo`.`lop`, `main`.`HeThongSo`.`moTa`, `main`.`HeThongSo`.`chuQuan`, `main`.`HeThongSo`.`trangThai`, `main`.`HeThongSo`.`namTrienKhai`, `main`.`HeThongSo`.`donViId`, `main`.`HeThongSo`.`createdAt`, `main`.`HeThongSo`.`updatedAt` FROM `main`.`HeThongSo` WHERE `main`.`HeThongSo`.`id` IN (?) LIMIT ? OFFSET ?
 GET /api/nhiem-vu 200 in 16ms (next.js: 4ms, application-code: 11ms)
prisma:query SELECT `main`.`NhiemVu`.`id`, `main`.`NhiemVu`.`ma`, `main`.`NhiemVu`.`ten`, `main`.`NhiemVu`.`moTa`, `main`.`NhiemVu`.`donViChuTriId`, `main`.`NhiemVu`.`uuTien`, `main`.`NhiemVu`.`thoiHan`, `main`.`NhiemVu`.`giaiDoan`, `main`.`NhiemVu`.`kpi`, `main`.`NhiemVu`.`nguonKiemChung`, `main`.`NhiemVu`.`trangThai`, `main`.`NhiemVu`.`tienDo`, `main`.`NhiemVu`.`lop`, `main`.`NhiemVu`.`phuongAnXuLy`, `main`.`NhiemVu`.`ghiChu`, `main`.`NhiemVu`.`createdAt`, `main`.`NhiemVu`.`updatedAt` FROM `main`.`NhiemVu` WHERE 1=1 ORDER BY `main`.`NhiemVu`.`uuTien` ASC, `main`.`NhiemVu`.`thoiHan` ASC LIMIT ? OFFSET ?
prisma:query SELECT `main`.`DonVi`.`id`, `main`.`DonVi`.`ten`, `main`.`DonVi`.`loai`, `main`.`DonVi`.`parentId`, `main`.`DonVi`.`createdAt` FROM `main`.`DonVi` WHERE `main`.`DonVi`.`id` IN (?,?) LIMIT ? OFFSET ?
prisma:query SELECT `main`.`_HeThongNhiemVu`.`B`, `main`.`_HeThongNhiemVu`.`A` FROM `main`.`_HeThongNhiemVu` WHERE `main`.`_HeThongNhiemVu`.`B` IN (?,?,?,?,?,?,?,?)
prisma:query SELECT `main`.`HeThongSo`.`id`, `main`.`HeThongSo`.`ma`, `main`.`HeThongSo`.`ten`, `main`.`HeThongSo`.`loai`, `main`.`HeThongSo`.`lop`, `main`.`HeThongSo`.`moTa`, `main`.`HeThongSo`.`chuQuan`, `main`.`HeThongSo`.`trangThai`, `main`.`HeThongSo`.`namTrienKhai`, `main`.`HeThongSo`.`donViId`, `main`.`HeThongSo`.`createdAt`, `main`.`HeThongSo`.`updatedAt` FROM `main`.`HeThongSo` WHERE `main`.`HeThongSo`.`id` IN (?) LIMIT ? OFFSET ?
 GET /api/nhiem-vu 200 in 15ms (next.js: 3ms, application-code: 12ms)
 GET /kts/hien-trang 200 in 34ms (next.js: 9ms, application-code: 25ms)
prisma:query SELECT 1
prisma:query SELECT `main`.`HeThongSo`.`id`, `main`.`HeThongSo`.`ma`, `main`.`HeThongSo`.`ten`, `main`.`HeThongSo`.`loai`, `main`.`HeThongSo`.`lop`, `main`.`HeThongSo`.`moTa`, `main`.`HeThongSo`.`chuQuan`, `main`.`HeThongSo`.`trangThai`, `main`.`HeThongSo`.`namTrienKhai`, `main`.`HeThongSo`.`donViId`, `main`.`HeThongSo`.`createdAt`, `main`.`HeThongSo`.`updatedAt` FROM `main`.`HeThongSo` WHERE 1=1 ORDER BY `main`.`HeThongSo`.`lop` ASC, `main`.`HeThongSo`.`ma` ASC LIMIT ? OFFSET ?
prisma:query SELECT `main`.`DonVi`.`id`, `main`.`DonVi`.`ten`, `main`.`DonVi`.`loai`, `main`.`DonVi`.`parentId`, `main`.`DonVi`.`createdAt` FROM `main`.`DonVi` WHERE `main`.`DonVi`.`id` IN (?,?,?,?) LIMIT ? OFFSET ?
prisma:query SELECT `main`.`_HeThongNhiemVu`.`A`, `main`.`_HeThongNhiemVu`.`B` FROM `main`.`_HeThongNhiemVu` WHERE `main`.`_HeThongNhiemVu`.`A` IN (?,?,?,?,?,?,?,?,?,?,?,?,?,?,?,?,?,?,?,?,?,?,?,?,?,?,?,?,?,?,?,?,?,?,?,?,?,?,?,?,?,?,?,?,?,?,?,?,?,?,?,?,?,?,?,?,?,?,?,?,?,?,?,?,?,?,?,?,?,?,?,?,?,?,?,?,?,?,?,?,?,?,?,?,?,?,?,?,?,?,?,?,?,?,?,?,?,?,?,?,?,?,?,?,?,?,?,?,?,?,?,?,?,?,?,?,?,?,?,?,?,?,?,?,?,?,?,?,?,?,?,?,?,?,?,?,?,?,?,?,?,?,?,?,?,?,?,?,?,?,?,?,?,?,?,?,?,?,?,?,?,?,?,?,?,?,?,?,?,?,?,?,?,?,?,?,?,?,?,?,?,?,?,?,?,?,?,?,?,?,?,?,?,?,?,?,?,?,?,?,?,?,?,?,?,?,?,?,?,?,?,?,?,?,?,?,?,?,?,?,?,?,?,?,?,?,?,?,?,?,?,?,?,?,?,?,?,?,?,?,?,?,?,?,?,?,?,?,?,?,?,?,?,?,?,?,?,?,?,?,?,?,?,?,?,?,?,?,?,?,?,?,?,?,?,?,?,?,?,?,?,?,?,?,?,?,?,?,?,?,?,?,?,?,?,?,?,?,?,?,?,?,?,?,?,?,?,?,?,?,?,?,?,?,?,?,?,?,?,?,?,?,?,?,?,?,?,?,?,?,?,?,?,?,?,?,?,?,?,?,?,?,?,?,?,?,?,?,?,?,?,?,?,?,?,?,?,?,?,?,?,?,?,?,?,?,?,?,?,?,?,?,?,?,?,?,?,?,?,?,?,?,?,?,?,?,?,?,?)
prisma:query SELECT `main`.`NhiemVu`.`id`, `main`.`NhiemVu`.`ma`, `main`.`NhiemVu`.`ten`, `main`.`NhiemVu`.`moTa`, `main`.`NhiemVu`.`donViChuTriId`, `main`.`NhiemVu`.`uuTien`, `main`.`NhiemVu`.`thoiHan`, `main`.`NhiemVu`.`giaiDoan`, `main`.`NhiemVu`.`kpi`, `main`.`NhiemVu`.`nguonKiemChung`, `main`.`NhiemVu`.`trangThai`, `main`.`NhiemVu`.`tienDo`, `main`.`NhiemVu`.`lop`, `main`.`NhiemVu`.`phuongAnXuLy`, `main`.`NhiemVu`.`ghiChu`, `main`.`NhiemVu`.`createdAt`, `main`.`NhiemVu`.`updatedAt` FROM `main`.`NhiemVu` WHERE `main`.`NhiemVu`.`id` IN (?) LIMIT ? OFFSET ?
 GET /api/he-thong 200 in 36ms (next.js: 4ms, application-code: 33ms)
prisma:query SELECT `main`.`HeThongSo`.`id`, `main`.`HeThongSo`.`ma`, `main`.`HeThongSo`.`ten`, `main`.`HeThongSo`.`loai`, `main`.`HeThongSo`.`lop`, `main`.`HeThongSo`.`moTa`, `main`.`HeThongSo`.`chuQuan`, `main`.`HeThongSo`.`trangThai`, `main`.`HeThongSo`.`namTrienKhai`, `main`.`HeThongSo`.`donViId`, `main`.`HeThongSo`.`createdAt`, `main`.`HeThongSo`.`updatedAt` FROM `main`.`HeThongSo` WHERE 1=1 ORDER BY `main`.`HeThongSo`.`lop` ASC, `main`.`HeThongSo`.`ma` ASC LIMIT ? OFFSET ?
prisma:query SELECT `main`.`DonVi`.`id`, `main`.`DonVi`.`ten`, `main`.`DonVi`.`loai`, `main`.`DonVi`.`parentId`, `main`.`DonVi`.`createdAt` FROM `main`.`DonVi` WHERE `main`.`DonVi`.`id` IN (?,?,?,?) LIMIT ? OFFSET ?
prisma:query SELECT `main`.`_HeThongNhiemVu`.`A`, `main`.`_HeThongNhiemVu`.`B` FROM `main`.`_HeThongNhiemVu` WHERE `main`.`_HeThongNhiemVu`.`A` IN (?,?,?,?,?,?,?,?,?,?,?,?,?,?,?,?,?,?,?,?,?,?,?,?,?,?,?,?,?,?,?,?,?,?,?,?,?,?,?,?,?,?,?,?,?,?,?,?,?,?,?,?,?,?,?,?,?,?,?,?,?,?,?,?,?,?,?,?,?,?,?,?,?,?,?,?,?,?,?,?,?,?,?,?,?,?,?,?,?,?,?,?,?,?,?,?,?,?,?,?,?,?,?,?,?,?,?,?,?,?,?,?,?,?,?,?,?,?,?,?,?,?,?,?,?,?,?,?,?,?,?,?,?,?,?,?,?,?,?,?,?,?,?,?,?,?,?,?,?,?,?,?,?,?,?,?,?,?,?,?,?,?,?,?,?,?,?,?,?,?,?,?,?,?,?,?,?,?,?,?,?,?,?,?,?,?,?,?,?,?,?,?,?,?,?,?,?,?,?,?,?,?,?,?,?,?,?,?,?,?,?,?,?,?,?,?,?,?,?,?,?,?,?,?,?,?,?,?,?,?,?,?,?,?,?,?,?,?,?,?,?,?,?,?,?,?,?,?,?,?,?,?,?,?,?,?,?,?,?,?,?,?,?,?,?,?,?,?,?,?,?,?,?,?,?,?,?,?,?,?,?,?,?,?,?,?,?,?,?,?,?,?,?,?,?,?,?,?,?,?,?,?,?,?,?,?,?,?,?,?,?,?,?,?,?,?,?,?,?,?,?,?,?,?,?,?,?,?,?,?,?,?,?,?,?,?,?,?,?,?,?,?,?,?,?,?,?,?,?,?,?,?,?,?,?,?,?,?,?,?,?,?,?,?,?,?,?,?,?,?,?,?,?,?,?,?,?,?,?,?,?,?,?,?,?,?,?,?,?)
prisma:query SELECT `main`.`NhiemVu`.`id`, `main`.`NhiemVu`.`ma`, `main`.`NhiemVu`.`ten`, `main`.`NhiemVu`.`moTa`, `main`.`NhiemVu`.`donViChuTriId`, `main`.`NhiemVu`.`uuTien`, `main`.`NhiemVu`.`thoiHan`, `main`.`NhiemVu`.`giaiDoan`, `main`.`NhiemVu`.`kpi`, `main`.`NhiemVu`.`nguonKiemChung`, `main`.`NhiemVu`.`trangThai`, `main`.`NhiemVu`.`tienDo`, `main`.`NhiemVu`.`lop`, `main`.`NhiemVu`.`phuongAnXuLy`, `main`.`NhiemVu`.`ghiChu`, `main`.`NhiemVu`.`createdAt`, `main`.`NhiemVu`.`updatedAt` FROM `main`.`NhiemVu` WHERE `main`.`NhiemVu`.`id` IN (?) LIMIT ? OFFSET ?
 GET /api/he-thong 200 in 38ms (next.js: 5ms, application-code: 33ms)
 GET /kts/lo-trinh 200 in 35ms (next.js: 7ms, application-code: 27ms)
prisma:query SELECT 1
prisma:query SELECT `main`.`NhiemVu`.`id`, `main`.`NhiemVu`.`ma`, `main`.`NhiemVu`.`ten`, `main`.`NhiemVu`.`moTa`, `main`.`NhiemVu`.`donViChuTriId`, `main`.`NhiemVu`.`uuTien`, `main`.`NhiemVu`.`thoiHan`, `main`.`NhiemVu`.`giaiDoan`, `main`.`NhiemVu`.`kpi`, `main`.`NhiemVu`.`nguonKiemChung`, `main`.`NhiemVu`.`trangThai`, `main`.`NhiemVu`.`tienDo`, `main`.`NhiemVu`.`lop`, `main`.`NhiemVu`.`phuongAnXuLy`, `main`.`NhiemVu`.`ghiChu`, `main`.`NhiemVu`.`createdAt`, `main`.`NhiemVu`.`updatedAt` FROM `main`.`NhiemVu` WHERE 1=1 ORDER BY `main`.`NhiemVu`.`uuTien` ASC, `main`.`NhiemVu`.`thoiHan` ASC LIMIT ? OFFSET ?
prisma:query SELECT `main`.`DonVi`.`id`, `main`.`DonVi`.`ten`, `main`.`DonVi`.`loai`, `main`.`DonVi`.`parentId`, `main`.`DonVi`.`createdAt` FROM `main`.`DonVi` WHERE `main`.`DonVi`.`id` IN (?,?) LIMIT ? OFFSET ?
prisma:query SELECT `main`.`_HeThongNhiemVu`.`B`, `main`.`_HeThongNhiemVu`.`A` FROM `main`.`_HeThongNhiemVu` WHERE `main`.`_HeThongNhiemVu`.`B` IN (?,?,?,?,?,?,?,?)
prisma:query SELECT `main`.`HeThongSo`.`id`, `main`.`HeThongSo`.`ma`, `main`.`HeThongSo`.`ten`, `main`.`HeThongSo`.`loai`, `main`.`HeThongSo`.`lop`, `main`.`HeThongSo`.`moTa`, `main`.`HeThongSo`.`chuQuan`, `main`.`HeThongSo`.`trangThai`, `main`.`HeThongSo`.`namTrienKhai`, `main`.`HeThongSo`.`donViId`, `main`.`HeThongSo`.`createdAt`, `main`.`HeThongSo`.`updatedAt` FROM `main`.`HeThongSo` WHERE `main`.`HeThongSo`.`id` IN (?) LIMIT ? OFFSET ?
 GET /api/nhiem-vu 200 in 25ms (next.js: 5ms, application-code: 20ms)
prisma:query SELECT `main`.`NhiemVu`.`id`, `main`.`NhiemVu`.`ma`, `main`.`NhiemVu`.`ten`, `main`.`NhiemVu`.`moTa`, `main`.`NhiemVu`.`donViChuTriId`, `main`.`NhiemVu`.`uuTien`, `main`.`NhiemVu`.`thoiHan`, `main`.`NhiemVu`.`giaiDoan`, `main`.`NhiemVu`.`kpi`, `main`.`NhiemVu`.`nguonKiemChung`, `main`.`NhiemVu`.`trangThai`, `main`.`NhiemVu`.`tienDo`, `main`.`NhiemVu`.`lop`, `main`.`NhiemVu`.`phuongAnXuLy`, `main`.`NhiemVu`.`ghiChu`, `main`.`NhiemVu`.`createdAt`, `main`.`NhiemVu`.`updatedAt` FROM `main`.`NhiemVu` WHERE 1=1 ORDER BY `main`.`NhiemVu`.`uuTien` ASC, `main`.`NhiemVu`.`thoiHan` ASC LIMIT ? OFFSET ?
prisma:query SELECT `main`.`DonVi`.`id`, `main`.`DonVi`.`ten`, `main`.`DonVi`.`loai`, `main`.`DonVi`.`parentId`, `main`.`DonVi`.`createdAt` FROM `main`.`DonVi` WHERE `main`.`DonVi`.`id` IN (?,?) LIMIT ? OFFSET ?
prisma:query SELECT `main`.`_HeThongNhiemVu`.`B`, `main`.`_HeThongNhiemVu`.`A` FROM `main`.`_HeThongNhiemVu` WHERE `main`.`_HeThongNhiemVu`.`B` IN (?,?,?,?,?,?,?,?)
prisma:query SELECT `main`.`HeThongSo`.`id`, `main`.`HeThongSo`.`ma`, `main`.`HeThongSo`.`ten`, `main`.`HeThongSo`.`loai`, `main`.`HeThongSo`.`lop`, `main`.`HeThongSo`.`moTa`, `main`.`HeThongSo`.`chuQuan`, `main`.`HeThongSo`.`trangThai`, `main`.`HeThongSo`.`namTrienKhai`, `main`.`HeThongSo`.`donViId`, `main`.`HeThongSo`.`createdAt`, `main`.`HeThongSo`.`updatedAt` FROM `main`.`HeThongSo` WHERE `main`.`HeThongSo`.`id` IN (?) LIMIT ? OFFSET ?
 GET /api/nhiem-vu 200 in 16ms (next.js: 4ms, application-code: 12ms)
✓ Compiled in 425ms
 GET /admin/he-thong 200 in 138ms (next.js: 57ms, application-code: 81ms)
 GET /kts/lo-trinh 200 in 140ms (next.js: 22ms, application-code: 118ms)
 GET /kts/lo-trinh 200 in 49ms (next.js: 9ms, application-code: 40ms)
prisma:query SELECT 1
prisma:query SELECT `main`.`NhiemVu`.`id`, `main`.`NhiemVu`.`ma`, `main`.`NhiemVu`.`ten`, `main`.`NhiemVu`.`moTa`, `main`.`NhiemVu`.`donViChuTriId`, `main`.`NhiemVu`.`uuTien`, `main`.`NhiemVu`.`thoiHan`, `main`.`NhiemVu`.`giaiDoan`, `main`.`NhiemVu`.`kpi`, `main`.`NhiemVu`.`nguonKiemChung`, `main`.`NhiemVu`.`trangThai`, `main`.`NhiemVu`.`tienDo`, `main`.`NhiemVu`.`lop`, `main`.`NhiemVu`.`phuongAnXuLy`, `main`.`NhiemVu`.`ghiChu`, `main`.`NhiemVu`.`createdAt`, `main`.`NhiemVu`.`updatedAt` FROM `main`.`NhiemVu` WHERE 1=1 ORDER BY `main`.`NhiemVu`.`uuTien` ASC, `main`.`NhiemVu`.`thoiHan` ASC LIMIT ? OFFSET ?
prisma:query SELECT `main`.`DonVi`.`id`, `main`.`DonVi`.`ten`, `main`.`DonVi`.`loai`, `main`.`DonVi`.`parentId`, `main`.`DonVi`.`createdAt` FROM `main`.`DonVi` WHERE `main`.`DonVi`.`id` IN (?,?) LIMIT ? OFFSET ?
prisma:query SELECT `main`.`_HeThongNhiemVu`.`B`, `main`.`_HeThongNhiemVu`.`A` FROM `main`.`_HeThongNhiemVu` WHERE `main`.`_HeThongNhiemVu`.`B` IN (?,?,?,?,?,?,?,?)
prisma:query SELECT `main`.`HeThongSo`.`id`, `main`.`HeThongSo`.`ma`, `main`.`HeThongSo`.`ten`, `main`.`HeThongSo`.`loai`, `main`.`HeThongSo`.`lop`, `main`.`HeThongSo`.`moTa`, `main`.`HeThongSo`.`chuQuan`, `main`.`HeThongSo`.`trangThai`, `main`.`HeThongSo`.`namTrienKhai`, `main`.`HeThongSo`.`donViId`, `main`.`HeThongSo`.`createdAt`, `main`.`HeThongSo`.`updatedAt` FROM `main`.`HeThongSo` WHERE `main`.`HeThongSo`.`id` IN (?) LIMIT ? OFFSET ?
 GET /api/nhiem-vu 200 in 16ms (next.js: 5ms, application-code: 10ms)
prisma:query SELECT `main`.`NhiemVu`.`id`, `main`.`NhiemVu`.`ma`, `main`.`NhiemVu`.`ten`, `main`.`NhiemVu`.`moTa`, `main`.`NhiemVu`.`donViChuTriId`, `main`.`NhiemVu`.`uuTien`, `main`.`NhiemVu`.`thoiHan`, `main`.`NhiemVu`.`giaiDoan`, `main`.`NhiemVu`.`kpi`, `main`.`NhiemVu`.`nguonKiemChung`, `main`.`NhiemVu`.`trangThai`, `main`.`NhiemVu`.`tienDo`, `main`.`NhiemVu`.`lop`, `main`.`NhiemVu`.`phuongAnXuLy`, `main`.`NhiemVu`.`ghiChu`, `main`.`NhiemVu`.`createdAt`, `main`.`NhiemVu`.`updatedAt` FROM `main`.`NhiemVu` WHERE 1=1 ORDER BY `main`.`NhiemVu`.`uuTien` ASC, `main`.`NhiemVu`.`thoiHan` ASC LIMIT ? OFFSET ?
prisma:query SELECT `main`.`DonVi`.`id`, `main`.`DonVi`.`ten`, `main`.`DonVi`.`loai`, `main`.`DonVi`.`parentId`, `main`.`DonVi`.`createdAt` FROM `main`.`DonVi` WHERE `main`.`DonVi`.`id` IN (?,?) LIMIT ? OFFSET ?
prisma:query SELECT `main`.`_HeThongNhiemVu`.`B`, `main`.`_HeThongNhiemVu`.`A` FROM `main`.`_HeThongNhiemVu` WHERE `main`.`_HeThongNhiemVu`.`B` IN (?,?,?,?,?,?,?,?)
prisma:query SELECT `main`.`HeThongSo`.`id`, `main`.`HeThongSo`.`ma`, `main`.`HeThongSo`.`ten`, `main`.`HeThongSo`.`loai`, `main`.`HeThongSo`.`lop`, `main`.`HeThongSo`.`moTa`, `main`.`HeThongSo`.`chuQuan`, `main`.`HeThongSo`.`trangThai`, `main`.`HeThongSo`.`namTrienKhai`, `main`.`HeThongSo`.`donViId`, `main`.`HeThongSo`.`createdAt`, `main`.`HeThongSo`.`updatedAt` FROM `main`.`HeThongSo` WHERE `main`.`HeThongSo`.`id` IN (?) LIMIT ? OFFSET ?
 GET /api/nhiem-vu 200 in 16ms (next.js: 4ms, application-code: 12ms)
Warning: [antd: Modal] `destroyOnClose` is deprecated. Please use `destroyOnHidden` instead.
 GET /kts/lo-trinh 200 in 121ms (next.js: 4ms, application-code: 117ms)
[browser] Warning: [antd: Modal] `destroyOnClose` is deprecated. Please use `destroyOnHidden` instead. 
    at Array.forEach (<anonymous>)
    at Set.forEach (<anonymous>) (<anonymous>)
 GET /api/auth/session 200 in 35ms (next.js: 19ms, application-code: 16ms)
 GET /api/auth/session 200 in 19ms (next.js: 6ms, application-code: 13ms)
 GET /kts/lo-trinh 200 in 107ms (next.js: 7ms, application-code: 100ms)
prisma:query SELECT 1
prisma:query SELECT `main`.`NhiemVu`.`id`, `main`.`NhiemVu`.`ma`, `main`.`NhiemVu`.`ten`, `main`.`NhiemVu`.`moTa`, `main`.`NhiemVu`.`donViChuTriId`, `main`.`NhiemVu`.`uuTien`, `main`.`NhiemVu`.`thoiHan`, `main`.`NhiemVu`.`giaiDoan`, `main`.`NhiemVu`.`kpi`, `main`.`NhiemVu`.`nguonKiemChung`, `main`.`NhiemVu`.`trangThai`, `main`.`NhiemVu`.`tienDo`, `main`.`NhiemVu`.`lop`, `main`.`NhiemVu`.`phuongAnXuLy`, `main`.`NhiemVu`.`ghiChu`, `main`.`NhiemVu`.`createdAt`, `main`.`NhiemVu`.`updatedAt` FROM `main`.`NhiemVu` WHERE 1=1 ORDER BY `main`.`NhiemVu`.`uuTien` ASC, `main`.`NhiemVu`.`thoiHan` ASC LIMIT ? OFFSET ?
prisma:query SELECT `main`.`DonVi`.`id`, `main`.`DonVi`.`ten`, `main`.`DonVi`.`loai`, `main`.`DonVi`.`parentId`, `main`.`DonVi`.`createdAt` FROM `main`.`DonVi` WHERE `main`.`DonVi`.`id` IN (?,?) LIMIT ? OFFSET ?
prisma:query SELECT `main`.`_HeThongNhiemVu`.`B`, `main`.`_HeThongNhiemVu`.`A` FROM `main`.`_HeThongNhiemVu` WHERE `main`.`_HeThongNhiemVu`.`B` IN (?,?,?,?,?,?,?,?)
prisma:query SELECT `main`.`HeThongSo`.`id`, `main`.`HeThongSo`.`ma`, `main`.`HeThongSo`.`ten`, `main`.`HeThongSo`.`loai`, `main`.`HeThongSo`.`lop`, `main`.`HeThongSo`.`moTa`, `main`.`HeThongSo`.`chuQuan`, `main`.`HeThongSo`.`trangThai`, `main`.`HeThongSo`.`namTrienKhai`, `main`.`HeThongSo`.`donViId`, `main`.`HeThongSo`.`createdAt`, `main`.`HeThongSo`.`updatedAt` FROM `main`.`HeThongSo` WHERE `main`.`HeThongSo`.`id` IN (?) LIMIT ? OFFSET ?
 GET /api/nhiem-vu 200 in 15ms (next.js: 4ms, application-code: 11ms)
[browser] Warning: [antd: Modal] `destroyOnClose` is deprecated. Please use `destroyOnHidden` instead. 
    at Array.forEach (<anonymous>) (<anonymous>)
prisma:query SELECT `main`.`NhiemVu`.`id`, `main`.`NhiemVu`.`ma`, `main`.`NhiemVu`.`ten`, `main`.`NhiemVu`.`moTa`, `main`.`NhiemVu`.`donViChuTriId`, `main`.`NhiemVu`.`uuTien`, `main`.`NhiemVu`.`thoiHan`, `main`.`NhiemVu`.`giaiDoan`, `main`.`NhiemVu`.`kpi`, `main`.`NhiemVu`.`nguonKiemChung`, `main`.`NhiemVu`.`trangThai`, `main`.`NhiemVu`.`tienDo`, `main`.`NhiemVu`.`lop`, `main`.`NhiemVu`.`phuongAnXuLy`, `main`.`NhiemVu`.`ghiChu`, `main`.`NhiemVu`.`createdAt`, `main`.`NhiemVu`.`updatedAt` FROM `main`.`NhiemVu` WHERE 1=1 ORDER BY `main`.`NhiemVu`.`uuTien` ASC, `main`.`NhiemVu`.`thoiHan` ASC LIMIT ? OFFSET ?
prisma:query SELECT `main`.`DonVi`.`id`, `main`.`DonVi`.`ten`, `main`.`DonVi`.`loai`, `main`.`DonVi`.`parentId`, `main`.`DonVi`.`createdAt` FROM `main`.`DonVi` WHERE `main`.`DonVi`.`id` IN (?,?) LIMIT ? OFFSET ?
prisma:query SELECT `main`.`_HeThongNhiemVu`.`B`, `main`.`_HeThongNhiemVu`.`A` FROM `main`.`_HeThongNhiemVu` WHERE `main`.`_HeThongNhiemVu`.`B` IN (?,?,?,?,?,?,?,?)
prisma:query SELECT `main`.`HeThongSo`.`id`, `main`.`HeThongSo`.`ma`, `main`.`HeThongSo`.`ten`, `main`.`HeThongSo`.`loai`, `main`.`HeThongSo`.`lop`, `main`.`HeThongSo`.`moTa`, `main`.`HeThongSo`.`chuQuan`, `main`.`HeThongSo`.`trangThai`, `main`.`HeThongSo`.`namTrienKhai`, `main`.`HeThongSo`.`donViId`, `main`.`HeThongSo`.`createdAt`, `main`.`HeThongSo`.`updatedAt` FROM `main`.`HeThongSo` WHERE `main`.`HeThongSo`.`id` IN (?) LIMIT ? OFFSET ?
 GET /api/nhiem-vu 200 in 23ms (next.js: 6ms, application-code: 17ms)
[browser] Warning: [antd: Descriptions] `labelStyle` is deprecated. Please use `styles.label` instead. 
    at Array.forEach (<anonymous>) (<anonymous>)
 GET /kts/hien-trang 200 in 42ms (next.js: 18ms, application-code: 24ms)
prisma:query SELECT 1
prisma:query SELECT `main`.`HeThongSo`.`id`, `main`.`HeThongSo`.`ma`, `main`.`HeThongSo`.`ten`, `main`.`HeThongSo`.`loai`, `main`.`HeThongSo`.`lop`, `main`.`HeThongSo`.`moTa`, `main`.`HeThongSo`.`chuQuan`, `main`.`HeThongSo`.`trangThai`, `main`.`HeThongSo`.`namTrienKhai`, `main`.`HeThongSo`.`donViId`, `main`.`HeThongSo`.`createdAt`, `main`.`HeThongSo`.`updatedAt` FROM `main`.`HeThongSo` WHERE 1=1 ORDER BY `main`.`HeThongSo`.`lop` ASC, `main`.`HeThongSo`.`ma` ASC LIMIT ? OFFSET ?
prisma:query SELECT `main`.`DonVi`.`id`, `main`.`DonVi`.`ten`, `main`.`DonVi`.`loai`, `main`.`DonVi`.`parentId`, `main`.`DonVi`.`createdAt` FROM `main`.`DonVi` WHERE `main`.`DonVi`.`id` IN (?,?,?,?) LIMIT ? OFFSET ?
prisma:query SELECT `main`.`_HeThongNhiemVu`.`A`, `main`.`_HeThongNhiemVu`.`B` FROM `main`.`_HeThongNhiemVu` WHERE `main`.`_HeThongNhiemVu`.`A` IN (?,?,?,?,?,?,?,?,?,?,?,?,?,?,?,?,?,?,?,?,?,?,?,?,?,?,?,?,?,?,?,?,?,?,?,?,?,?,?,?,?,?,?,?,?,?,?,?,?,?,?,?,?,?,?,?,?,?,?,?,?,?,?,?,?,?,?,?,?,?,?,?,?,?,?,?,?,?,?,?,?,?,?,?,?,?,?,?,?,?,?,?,?,?,?,?,?,?,?,?,?,?,?,?,?,?,?,?,?,?,?,?,?,?,?,?,?,?,?,?,?,?,?,?,?,?,?,?,?,?,?,?,?,?,?,?,?,?,?,?,?,?,?,?,?,?,?,?,?,?,?,?,?,?,?,?,?,?,?,?,?,?,?,?,?,?,?,?,?,?,?,?,?,?,?,?,?,?,?,?,?,?,?,?,?,?,?,?,?,?,?,?,?,?,?,?,?,?,?,?,?,?,?,?,?,?,?,?,?,?,?,?,?,?,?,?,?,?,?,?,?,?,?,?,?,?,?,?,?,?,?,?,?,?,?,?,?,?,?,?,?,?,?,?,?,?,?,?,?,?,?,?,?,?,?,?,?,?,?,?,?,?,?,?,?,?,?,?,?,?,?,?,?,?,?,?,?,?,?,?,?,?,?,?,?,?,?,?,?,?,?,?,?,?,?,?,?,?,?,?,?,?,?,?,?,?,?,?,?,?,?,?,?,?,?,?,?,?,?,?,?,?,?,?,?,?,?,?,?,?,?,?,?,?,?,?,?,?,?,?,?,?,?,?,?,?,?,?,?,?,?,?,?,?,?,?,?,?,?,?,?,?,?,?,?,?,?,?,?,?,?,?,?,?,?,?,?,?,?,?,?,?,?,?,?,?,?,?,?)
prisma:query SELECT `main`.`NhiemVu`.`id`, `main`.`NhiemVu`.`ma`, `main`.`NhiemVu`.`ten`, `main`.`NhiemVu`.`moTa`, `main`.`NhiemVu`.`donViChuTriId`, `main`.`NhiemVu`.`uuTien`, `main`.`NhiemVu`.`thoiHan`, `main`.`NhiemVu`.`giaiDoan`, `main`.`NhiemVu`.`kpi`, `main`.`NhiemVu`.`nguonKiemChung`, `main`.`NhiemVu`.`trangThai`, `main`.`NhiemVu`.`tienDo`, `main`.`NhiemVu`.`lop`, `main`.`NhiemVu`.`phuongAnXuLy`, `main`.`NhiemVu`.`ghiChu`, `main`.`NhiemVu`.`createdAt`, `main`.`NhiemVu`.`updatedAt` FROM `main`.`NhiemVu` WHERE `main`.`NhiemVu`.`id` IN (?) LIMIT ? OFFSET ?
 GET /api/he-thong 200 in 48ms (next.js: 9ms, application-code: 39ms)
[browser] Warning: [antd: Spin] `tip` is deprecated. Please use `description` instead. 
prisma:query SELECT `main`.`HeThongSo`.`id`, `main`.`HeThongSo`.`ma`, `main`.`HeThongSo`.`ten`, `main`.`HeThongSo`.`loai`, `main`.`HeThongSo`.`lop`, `main`.`HeThongSo`.`moTa`, `main`.`HeThongSo`.`chuQuan`, `main`.`HeThongSo`.`trangThai`, `main`.`HeThongSo`.`namTrienKhai`, `main`.`HeThongSo`.`donViId`, `main`.`HeThongSo`.`createdAt`, `main`.`HeThongSo`.`updatedAt` FROM `main`.`HeThongSo` WHERE 1=1 ORDER BY `main`.`HeThongSo`.`lop` ASC, `main`.`HeThongSo`.`ma` ASC LIMIT ? OFFSET ?
prisma:query SELECT `main`.`DonVi`.`id`, `main`.`DonVi`.`ten`, `main`.`DonVi`.`loai`, `main`.`DonVi`.`parentId`, `main`.`DonVi`.`createdAt` FROM `main`.`DonVi` WHERE `main`.`DonVi`.`id` IN (?,?,?,?) LIMIT ? OFFSET ?
prisma:query SELECT `main`.`_HeThongNhiemVu`.`A`, `main`.`_HeThongNhiemVu`.`B` FROM `main`.`_HeThongNhiemVu` WHERE `main`.`_HeThongNhiemVu`.`A` IN (?,?,?,?,?,?,?,?,?,?,?,?,?,?,?,?,?,?,?,?,?,?,?,?,?,?,?,?,?,?,?,?,?,?,?,?,?,?,?,?,?,?,?,?,?,?,?,?,?,?,?,?,?,?,?,?,?,?,?,?,?,?,?,?,?,?,?,?,?,?,?,?,?,?,?,?,?,?,?,?,?,?,?,?,?,?,?,?,?,?,?,?,?,?,?,?,?,?,?,?,?,?,?,?,?,?,?,?,?,?,?,?,?,?,?,?,?,?,?,?,?,?,?,?,?,?,?,?,?,?,?,?,?,?,?,?,?,?,?,?,?,?,?,?,?,?,?,?,?,?,?,?,?,?,?,?,?,?,?,?,?,?,?,?,?,?,?,?,?,?,?,?,?,?,?,?,?,?,?,?,?,?,?,?,?,?,?,?,?,?,?,?,?,?,?,?,?,?,?,?,?,?,?,?,?,?,?,?,?,?,?,?,?,?,?,?,?,?,?,?,?,?,?,?,?,?,?,?,?,?,?,?,?,?,?,?,?,?,?,?,?,?,?,?,?,?,?,?,?,?,?,?,?,?,?,?,?,?,?,?,?,?,?,?,?,?,?,?,?,?,?,?,?,?,?,?,?,?,?,?,?,?,?,?,?,?,?,?,?,?,?,?,?,?,?,?,?,?,?,?,?,?,?,?,?,?,?,?,?,?,?,?,?,?,?,?,?,?,?,?,?,?,?,?,?,?,?,?,?,?,?,?,?,?,?,?,?,?,?,?,?,?,?,?,?,?,?,?,?,?,?,?,?,?,?,?,?,?,?,?,?,?,?,?,?,?,?,?,?,?,?,?,?,?,?,?,?,?,?,?,?,?,?,?,?,?,?,?,?)
prisma:query SELECT `main`.`NhiemVu`.`id`, `main`.`NhiemVu`.`ma`, `main`.`NhiemVu`.`ten`, `main`.`NhiemVu`.`moTa`, `main`.`NhiemVu`.`donViChuTriId`, `main`.`NhiemVu`.`uuTien`, `main`.`NhiemVu`.`thoiHan`, `main`.`NhiemVu`.`giaiDoan`, `main`.`NhiemVu`.`kpi`, `main`.`NhiemVu`.`nguonKiemChung`, `main`.`NhiemVu`.`trangThai`, `main`.`NhiemVu`.`tienDo`, `main`.`NhiemVu`.`lop`, `main`.`NhiemVu`.`phuongAnXuLy`, `main`.`NhiemVu`.`ghiChu`, `main`.`NhiemVu`.`createdAt`, `main`.`NhiemVu`.`updatedAt` FROM `main`.`NhiemVu` WHERE `main`.`NhiemVu`.`id` IN (?) LIMIT ? OFFSET ?
 GET /api/he-thong 200 in 38ms (next.js: 5ms, application-code: 33ms)
✓ Compiled in 2.1s
 GET /admin/he-thong 200 in 130ms (next.js: 61ms, application-code: 69ms)
 GET /kts/lo-trinh 200 in 132ms (next.js: 27ms, application-code: 105ms)
 GET /kts/hien-trang 200 in 131ms (next.js: 98ms, application-code: 33ms)
 GET /kts/hien-trang 200 in 193ms (next.js: 23ms, application-code: 171ms)
 GET /api/auth/session 200 in 40ms (next.js: 20ms, application-code: 20ms)
 GET /api/auth/session 200 in 21ms (next.js: 7ms, application-code: 14ms)
 GET /api/auth/session 200 in 26ms (next.js: 10ms, application-code: 15ms)
 GET /api/auth/session 200 in 16ms (next.js: 5ms, application-code: 12ms)
 GET /kts/hien-trang 200 in 72ms (next.js: 7ms, application-code: 65ms)
prisma:query SELECT 1
prisma:query SELECT `main`.`HeThongSo`.`id`, `main`.`HeThongSo`.`ma`, `main`.`HeThongSo`.`ten`, `main`.`HeThongSo`.`loai`, `main`.`HeThongSo`.`lop`, `main`.`HeThongSo`.`moTa`, `main`.`HeThongSo`.`chuQuan`, `main`.`HeThongSo`.`trangThai`, `main`.`HeThongSo`.`namTrienKhai`, `main`.`HeThongSo`.`donViId`, `main`.`HeThongSo`.`createdAt`, `main`.`HeThongSo`.`updatedAt` FROM `main`.`HeThongSo` WHERE 1=1 ORDER BY `main`.`HeThongSo`.`lop` ASC, `main`.`HeThongSo`.`ma` ASC LIMIT ? OFFSET ?
prisma:query SELECT `main`.`DonVi`.`id`, `main`.`DonVi`.`ten`, `main`.`DonVi`.`loai`, `main`.`DonVi`.`parentId`, `main`.`DonVi`.`createdAt` FROM `main`.`DonVi` WHERE `main`.`DonVi`.`id` IN (?,?,?,?) LIMIT ? OFFSET ?
prisma:query SELECT `main`.`_HeThongNhiemVu`.`A`, `main`.`_HeThongNhiemVu`.`B` FROM `main`.`_HeThongNhiemVu` WHERE `main`.`_HeThongNhiemVu`.`A` IN (?,?,?,?,?,?,?,?,?,?,?,?,?,?,?,?,?,?,?,?,?,?,?,?,?,?,?,?,?,?,?,?,?,?,?,?,?,?,?,?,?,?,?,?,?,?,?,?,?,?,?,?,?,?,?,?,?,?,?,?,?,?,?,?,?,?,?,?,?,?,?,?,?,?,?,?,?,?,?,?,?,?,?,?,?,?,?,?,?,?,?,?,?,?,?,?,?,?,?,?,?,?,?,?,?,?,?,?,?,?,?,?,?,?,?,?,?,?,?,?,?,?,?,?,?,?,?,?,?,?,?,?,?,?,?,?,?,?,?,?,?,?,?,?,?,?,?,?,?,?,?,?,?,?,?,?,?,?,?,?,?,?,?,?,?,?,?,?,?,?,?,?,?,?,?,?,?,?,?,?,?,?,?,?,?,?,?,?,?,?,?,?,?,?,?,?,?,?,?,?,?,?,?,?,?,?,?,?,?,?,?,?,?,?,?,?,?,?,?,?,?,?,?,?,?,?,?,?,?,?,?,?,?,?,?,?,?,?,?,?,?,?,?,?,?,?,?,?,?,?,?,?,?,?,?,?,?,?,?,?,?,?,?,?,?,?,?,?,?,?,?,?,?,?,?,?,?,?,?,?,?,?,?,?,?,?,?,?,?,?,?,?,?,?,?,?,?,?,?,?,?,?,?,?,?,?,?,?,?,?,?,?,?,?,?,?,?,?,?,?,?,?,?,?,?,?,?,?,?,?,?,?,?,?,?,?,?,?,?,?,?,?,?,?,?,?,?,?,?,?,?,?,?,?,?,?,?,?,?,?,?,?,?,?,?,?,?,?,?,?,?,?,?,?,?,?,?,?,?,?,?,?,?,?,?,?,?,?,?)
prisma:query SELECT `main`.`NhiemVu`.`id`, `main`.`NhiemVu`.`ma`, `main`.`NhiemVu`.`ten`, `main`.`NhiemVu`.`moTa`, `main`.`NhiemVu`.`donViChuTriId`, `main`.`NhiemVu`.`uuTien`, `main`.`NhiemVu`.`thoiHan`, `main`.`NhiemVu`.`giaiDoan`, `main`.`NhiemVu`.`kpi`, `main`.`NhiemVu`.`nguonKiemChung`, `main`.`NhiemVu`.`trangThai`, `main`.`NhiemVu`.`tienDo`, `main`.`NhiemVu`.`lop`, `main`.`NhiemVu`.`phuongAnXuLy`, `main`.`NhiemVu`.`ghiChu`, `main`.`NhiemVu`.`createdAt`, `main`.`NhiemVu`.`updatedAt` FROM `main`.`NhiemVu` WHERE `main`.`NhiemVu`.`id` IN (?) LIMIT ? OFFSET ?
 GET /api/he-thong 200 in 47ms (next.js: 6ms, application-code: 41ms)
prisma:query SELECT `main`.`HeThongSo`.`id`, `main`.`HeThongSo`.`ma`, `main`.`HeThongSo`.`ten`, `main`.`HeThongSo`.`loai`, `main`.`HeThongSo`.`lop`, `main`.`HeThongSo`.`moTa`, `main`.`HeThongSo`.`chuQuan`, `main`.`HeThongSo`.`trangThai`, `main`.`HeThongSo`.`namTrienKhai`, `main`.`HeThongSo`.`donViId`, `main`.`HeThongSo`.`createdAt`, `main`.`HeThongSo`.`updatedAt` FROM `main`.`HeThongSo` WHERE 1=1 ORDER BY `main`.`HeThongSo`.`lop` ASC, `main`.`HeThongSo`.`ma` ASC LIMIT ? OFFSET ?
prisma:query SELECT `main`.`DonVi`.`id`, `main`.`DonVi`.`ten`, `main`.`DonVi`.`loai`, `main`.`DonVi`.`parentId`, `main`.`DonVi`.`createdAt` FROM `main`.`DonVi` WHERE `main`.`DonVi`.`id` IN (?,?,?,?) LIMIT ? OFFSET ?
prisma:query SELECT `main`.`_HeThongNhiemVu`.`A`, `main`.`_HeThongNhiemVu`.`B` FROM `main`.`_HeThongNhiemVu` WHERE `main`.`_HeThongNhiemVu`.`A` IN (?,?,?,?,?,?,?,?,?,?,?,?,?,?,?,?,?,?,?,?,?,?,?,?,?,?,?,?,?,?,?,?,?,?,?,?,?,?,?,?,?,?,?,?,?,?,?,?,?,?,?,?,?,?,?,?,?,?,?,?,?,?,?,?,?,?,?,?,?,?,?,?,?,?,?,?,?,?,?,?,?,?,?,?,?,?,?,?,?,?,?,?,?,?,?,?,?,?,?,?,?,?,?,?,?,?,?,?,?,?,?,?,?,?,?,?,?,?,?,?,?,?,?,?,?,?,?,?,?,?,?,?,?,?,?,?,?,?,?,?,?,?,?,?,?,?,?,?,?,?,?,?,?,?,?,?,?,?,?,?,?,?,?,?,?,?,?,?,?,?,?,?,?,?,?,?,?,?,?,?,?,?,?,?,?,?,?,?,?,?,?,?,?,?,?,?,?,?,?,?,?,?,?,?,?,?,?,?,?,?,?,?,?,?,?,?,?,?,?,?,?,?,?,?,?,?,?,?,?,?,?,?,?,?,?,?,?,?,?,?,?,?,?,?,?,?,?,?,?,?,?,?,?,?,?,?,?,?,?,?,?,?,?,?,?,?,?,?,?,?,?,?,?,?,?,?,?,?,?,?,?,?,?,?,?,?,?,?,?,?,?,?,?,?,?,?,?,?,?,?,?,?,?,?,?,?,?,?,?,?,?,?,?,?,?,?,?,?,?,?,?,?,?,?,?,?,?,?,?,?,?,?,?,?,?,?,?,?,?,?,?,?,?,?,?,?,?,?,?,?,?,?,?,?,?,?,?,?,?,?,?,?,?,?,?,?,?,?,?,?,?,?,?,?,?,?,?,?,?,?,?,?,?,?,?,?,?,?,?)
prisma:query SELECT `main`.`NhiemVu`.`id`, `main`.`NhiemVu`.`ma`, `main`.`NhiemVu`.`ten`, `main`.`NhiemVu`.`moTa`, `main`.`NhiemVu`.`donViChuTriId`, `main`.`NhiemVu`.`uuTien`, `main`.`NhiemVu`.`thoiHan`, `main`.`NhiemVu`.`giaiDoan`, `main`.`NhiemVu`.`kpi`, `main`.`NhiemVu`.`nguonKiemChung`, `main`.`NhiemVu`.`trangThai`, `main`.`NhiemVu`.`tienDo`, `main`.`NhiemVu`.`lop`, `main`.`NhiemVu`.`phuongAnXuLy`, `main`.`NhiemVu`.`ghiChu`, `main`.`NhiemVu`.`createdAt`, `main`.`NhiemVu`.`updatedAt` FROM `main`.`NhiemVu` WHERE `main`.`NhiemVu`.`id` IN (?) LIMIT ? OFFSET ?
 GET /api/he-thong 200 in 42ms (next.js: 5ms, application-code: 37ms)
[browser] Warning: [antd: Modal] `destroyOnClose` is deprecated. Please use `destroyOnHidden` instead. 
    at Array.forEach (<anonymous>) (<anonymous>)
[browser] Warning: [antd: Descriptions] `labelStyle` is deprecated. Please use `styles.label` instead. 
    at Array.forEach (<anonymous>) (<anonymous>)
 GET /kts/lo-trinh 200 in 59ms (next.js: 16ms, application-code: 43ms)
prisma:query SELECT 1
prisma:query SELECT `main`.`NhiemVu`.`id`, `main`.`NhiemVu`.`ma`, `main`.`NhiemVu`.`ten`, `main`.`NhiemVu`.`moTa`, `main`.`NhiemVu`.`donViChuTriId`, `main`.`NhiemVu`.`uuTien`, `main`.`NhiemVu`.`thoiHan`, `main`.`NhiemVu`.`giaiDoan`, `main`.`NhiemVu`.`kpi`, `main`.`NhiemVu`.`nguonKiemChung`, `main`.`NhiemVu`.`trangThai`, `main`.`NhiemVu`.`tienDo`, `main`.`NhiemVu`.`lop`, `main`.`NhiemVu`.`phuongAnXuLy`, `main`.`NhiemVu`.`ghiChu`, `main`.`NhiemVu`.`createdAt`, `main`.`NhiemVu`.`updatedAt` FROM `main`.`NhiemVu` WHERE 1=1 ORDER BY `main`.`NhiemVu`.`uuTien` ASC, `main`.`NhiemVu`.`thoiHan` ASC LIMIT ? OFFSET ?
prisma:query SELECT `main`.`DonVi`.`id`, `main`.`DonVi`.`ten`, `main`.`DonVi`.`loai`, `main`.`DonVi`.`parentId`, `main`.`DonVi`.`createdAt` FROM `main`.`DonVi` WHERE `main`.`DonVi`.`id` IN (?,?) LIMIT ? OFFSET ?
prisma:query SELECT `main`.`_HeThongNhiemVu`.`B`, `main`.`_HeThongNhiemVu`.`A` FROM `main`.`_HeThongNhiemVu` WHERE `main`.`_HeThongNhiemVu`.`B` IN (?,?,?,?,?,?,?,?)
prisma:query SELECT `main`.`HeThongSo`.`id`, `main`.`HeThongSo`.`ma`, `main`.`HeThongSo`.`ten`, `main`.`HeThongSo`.`loai`, `main`.`HeThongSo`.`lop`, `main`.`HeThongSo`.`moTa`, `main`.`HeThongSo`.`chuQuan`, `main`.`HeThongSo`.`trangThai`, `main`.`HeThongSo`.`namTrienKhai`, `main`.`HeThongSo`.`donViId`, `main`.`HeThongSo`.`createdAt`, `main`.`HeThongSo`.`updatedAt` FROM `main`.`HeThongSo` WHERE `main`.`HeThongSo`.`id` IN (?) LIMIT ? OFFSET ?
 GET /api/nhiem-vu 200 in 39ms (next.js: 4ms, application-code: 34ms)
prisma:query SELECT `main`.`NhiemVu`.`id`, `main`.`NhiemVu`.`ma`, `main`.`NhiemVu`.`ten`, `main`.`NhiemVu`.`moTa`, `main`.`NhiemVu`.`donViChuTriId`, `main`.`NhiemVu`.`uuTien`, `main`.`NhiemVu`.`thoiHan`, `main`.`NhiemVu`.`giaiDoan`, `main`.`NhiemVu`.`kpi`, `main`.`NhiemVu`.`nguonKiemChung`, `main`.`NhiemVu`.`trangThai`, `main`.`NhiemVu`.`tienDo`, `main`.`NhiemVu`.`lop`, `main`.`NhiemVu`.`phuongAnXuLy`, `main`.`NhiemVu`.`ghiChu`, `main`.`NhiemVu`.`createdAt`, `main`.`NhiemVu`.`updatedAt` FROM `main`.`NhiemVu` WHERE 1=1 ORDER BY `main`.`NhiemVu`.`uuTien` ASC, `main`.`NhiemVu`.`thoiHan` ASC LIMIT ? OFFSET ?
prisma:query SELECT `main`.`DonVi`.`id`, `main`.`DonVi`.`ten`, `main`.`DonVi`.`loai`, `main`.`DonVi`.`parentId`, `main`.`DonVi`.`createdAt` FROM `main`.`DonVi` WHERE `main`.`DonVi`.`id` IN (?,?) LIMIT ? OFFSET ?
prisma:query SELECT `main`.`_HeThongNhiemVu`.`B`, `main`.`_HeThongNhiemVu`.`A` FROM `main`.`_HeThongNhiemVu` WHERE `main`.`_HeThongNhiemVu`.`B` IN (?,?,?,?,?,?,?,?)
prisma:query SELECT `main`.`HeThongSo`.`id`, `main`.`HeThongSo`.`ma`, `main`.`HeThongSo`.`ten`, `main`.`HeThongSo`.`loai`, `main`.`HeThongSo`.`lop`, `main`.`HeThongSo`.`moTa`, `main`.`HeThongSo`.`chuQuan`, `main`.`HeThongSo`.`trangThai`, `main`.`HeThongSo`.`namTrienKhai`, `main`.`HeThongSo`.`donViId`, `main`.`HeThongSo`.`createdAt`, `main`.`HeThongSo`.`updatedAt` FROM `main`.`HeThongSo` WHERE `main`.`HeThongSo`.`id` IN (?) LIMIT ? OFFSET ?
 GET /api/nhiem-vu 200 in 19ms (next.js: 7ms, application-code: 12ms)
 GET /api/auth/session 200 in 105ms (next.js: 22ms, application-code: 83ms)
 GET /api/auth/session 200 in 90ms (next.js: 34ms, application-code: 57ms)
✓ Compiled in 808ms
prisma:query SELECT 1
prisma:query SELECT `main`.`NhiemVu`.`id`, `main`.`NhiemVu`.`ma`, `main`.`NhiemVu`.`ten`, `main`.`NhiemVu`.`moTa`, `main`.`NhiemVu`.`donViChuTriId`, `main`.`NhiemVu`.`uuTien`, `main`.`NhiemVu`.`thoiHan`, `main`.`NhiemVu`.`giaiDoan`, `main`.`NhiemVu`.`kpi`, `main`.`NhiemVu`.`nguonKiemChung`, `main`.`NhiemVu`.`trangThai`, `main`.`NhiemVu`.`tienDo`, `main`.`NhiemVu`.`lop`, `main`.`NhiemVu`.`phuongAnXuLy`, `main`.`NhiemVu`.`ghiChu`, `main`.`NhiemVu`.`createdAt`, `main`.`NhiemVu`.`updatedAt` FROM `main`.`NhiemVu` WHERE 1=1 ORDER BY `main`.`NhiemVu`.`uuTien` ASC, `main`.`NhiemVu`.`thoiHan` ASC LIMIT ? OFFSET ?
prisma:query SELECT `main`.`DonVi`.`id`, `main`.`DonVi`.`ten`, `main`.`DonVi`.`loai`, `main`.`DonVi`.`parentId`, `main`.`DonVi`.`createdAt` FROM `main`.`DonVi` WHERE `main`.`DonVi`.`id` IN (?,?) LIMIT ? OFFSET ?
prisma:query SELECT `main`.`_HeThongNhiemVu`.`B`, `main`.`_HeThongNhiemVu`.`A` FROM `main`.`_HeThongNhiemVu` WHERE `main`.`_HeThongNhiemVu`.`B` IN (?,?,?,?,?,?,?,?)
prisma:query SELECT `main`.`HeThongSo`.`id`, `main`.`HeThongSo`.`ma`, `main`.`HeThongSo`.`ten`, `main`.`HeThongSo`.`loai`, `main`.`HeThongSo`.`lop`, `main`.`HeThongSo`.`moTa`, `main`.`HeThongSo`.`chuQuan`, `main`.`HeThongSo`.`trangThai`, `main`.`HeThongSo`.`namTrienKhai`, `main`.`HeThongSo`.`donViId`, `main`.`HeThongSo`.`createdAt`, `main`.`HeThongSo`.`updatedAt` FROM `main`.`HeThongSo` WHERE `main`.`HeThongSo`.`id` IN (?) LIMIT ? OFFSET ?
 GET /api/nhiem-vu 200 in 96ms (next.js: 10ms, application-code: 86ms)
prisma:query SELECT `main`.`NhiemVu`.`id`, `main`.`NhiemVu`.`ma`, `main`.`NhiemVu`.`ten`, `main`.`NhiemVu`.`moTa`, `main`.`NhiemVu`.`donViChuTriId`, `main`.`NhiemVu`.`uuTien`, `main`.`NhiemVu`.`thoiHan`, `main`.`NhiemVu`.`giaiDoan`, `main`.`NhiemVu`.`kpi`, `main`.`NhiemVu`.`nguonKiemChung`, `main`.`NhiemVu`.`trangThai`, `main`.`NhiemVu`.`tienDo`, `main`.`NhiemVu`.`lop`, `main`.`NhiemVu`.`phuongAnXuLy`, `main`.`NhiemVu`.`ghiChu`, `main`.`NhiemVu`.`createdAt`, `main`.`NhiemVu`.`updatedAt` FROM `main`.`NhiemVu` WHERE 1=1 ORDER BY `main`.`NhiemVu`.`uuTien` ASC, `main`.`NhiemVu`.`thoiHan` ASC LIMIT ? OFFSET ?
prisma:query SELECT `main`.`DonVi`.`id`, `main`.`DonVi`.`ten`, `main`.`DonVi`.`loai`, `main`.`DonVi`.`parentId`, `main`.`DonVi`.`createdAt` FROM `main`.`DonVi` WHERE `main`.`DonVi`.`id` IN (?,?) LIMIT ? OFFSET ?
prisma:query SELECT `main`.`_HeThongNhiemVu`.`B`, `main`.`_HeThongNhiemVu`.`A` FROM `main`.`_HeThongNhiemVu` WHERE `main`.`_HeThongNhiemVu`.`B` IN (?,?,?,?,?,?,?,?)
prisma:query SELECT `main`.`HeThongSo`.`id`, `main`.`HeThongSo`.`ma`, `main`.`HeThongSo`.`ten`, `main`.`HeThongSo`.`loai`, `main`.`HeThongSo`.`lop`, `main`.`HeThongSo`.`moTa`, `main`.`HeThongSo`.`chuQuan`, `main`.`HeThongSo`.`trangThai`, `main`.`HeThongSo`.`namTrienKhai`, `main`.`HeThongSo`.`donViId`, `main`.`HeThongSo`.`createdAt`, `main`.`HeThongSo`.`updatedAt` FROM `main`.`HeThongSo` WHERE `main`.`HeThongSo`.`id` IN (?) LIMIT ? OFFSET ?
 GET /api/nhiem-vu 200 in 21ms (next.js: 4ms, application-code: 16ms)
 GET /admin/he-thong 200 in 183ms (next.js: 51ms, application-code: 132ms)
 GET /kts/lo-trinh 200 in 188ms (next.js: 98ms, application-code: 91ms)
 GET /kts/lo-trinh 200 in 51ms (next.js: 12ms, application-code: 39ms)
 GET /kts/lo-trinh 200 in 255ms (next.js: 8ms, application-code: 247ms)
[browser] Warning: [antd: Timeline] `mode=left|right` is deprecated. Please use `mode=start|end` instead. 
[browser] Warning: [antd: Timeline] `items.label` is deprecated. Please use `items.title` instead. 
    at Array.forEach (<anonymous>) (<anonymous>)
[browser] Warning: [antd: Timeline] `items.children` is deprecated. Please use `items.content` instead. 
    at Array.forEach (<anonymous>) (<anonymous>)
 GET /api/auth/session 200 in 33ms (next.js: 13ms, application-code: 20ms)
 GET /api/auth/session 200 in 21ms (next.js: 7ms, application-code: 14ms)
 GET /kts/hien-trang 200 in 66ms (next.js: 10ms, application-code: 56ms)
prisma:query SELECT 1
prisma:query SELECT `main`.`HeThongSo`.`id`, `main`.`HeThongSo`.`ma`, `main`.`HeThongSo`.`ten`, `main`.`HeThongSo`.`loai`, `main`.`HeThongSo`.`lop`, `main`.`HeThongSo`.`moTa`, `main`.`HeThongSo`.`chuQuan`, `main`.`HeThongSo`.`trangThai`, `main`.`HeThongSo`.`namTrienKhai`, `main`.`HeThongSo`.`donViId`, `main`.`HeThongSo`.`createdAt`, `main`.`HeThongSo`.`updatedAt` FROM `main`.`HeThongSo` WHERE 1=1 ORDER BY `main`.`HeThongSo`.`lop` ASC, `main`.`HeThongSo`.`ma` ASC LIMIT ? OFFSET ?
prisma:query SELECT `main`.`DonVi`.`id`, `main`.`DonVi`.`ten`, `main`.`DonVi`.`loai`, `main`.`DonVi`.`parentId`, `main`.`DonVi`.`createdAt` FROM `main`.`DonVi` WHERE `main`.`DonVi`.`id` IN (?,?,?,?) LIMIT ? OFFSET ?
prisma:query SELECT `main`.`_HeThongNhiemVu`.`A`, `main`.`_HeThongNhiemVu`.`B` FROM `main`.`_HeThongNhiemVu` WHERE `main`.`_HeThongNhiemVu`.`A` IN (?,?,?,?,?,?,?,?,?,?,?,?,?,?,?,?,?,?,?,?,?,?,?,?,?,?,?,?,?,?,?,?,?,?,?,?,?,?,?,?,?,?,?,?,?,?,?,?,?,?,?,?,?,?,?,?,?,?,?,?,?,?,?,?,?,?,?,?,?,?,?,?,?,?,?,?,?,?,?,?,?,?,?,?,?,?,?,?,?,?,?,?,?,?,?,?,?,?,?,?,?,?,?,?,?,?,?,?,?,?,?,?,?,?,?,?,?,?,?,?,?,?,?,?,?,?,?,?,?,?,?,?,?,?,?,?,?,?,?,?,?,?,?,?,?,?,?,?,?,?,?,?,?,?,?,?,?,?,?,?,?,?,?,?,?,?,?,?,?,?,?,?,?,?,?,?,?,?,?,?,?,?,?,?,?,?,?,?,?,?,?,?,?,?,?,?,?,?,?,?,?,?,?,?,?,?,?,?,?,?,?,?,?,?,?,?,?,?,?,?,?,?,?,?,?,?,?,?,?,?,?,?,?,?,?,?,?,?,?,?,?,?,?,?,?,?,?,?,?,?,?,?,?,?,?,?,?,?,?,?,?,?,?,?,?,?,?,?,?,?,?,?,?,?,?,?,?,?,?,?,?,?,?,?,?,?,?,?,?,?,?,?,?,?,?,?,?,?,?,?,?,?,?,?,?,?,?,?,?,?,?,?,?,?,?,?,?,?,?,?,?,?,?,?,?,?,?,?,?,?,?,?,?,?,?,?,?,?,?,?,?,?,?,?,?,?,?,?,?,?,?,?,?,?,?,?,?,?,?,?,?,?,?,?,?,?,?,?,?,?,?,?,?,?,?,?,?,?,?,?,?,?,?,?,?,?,?,?,?)
prisma:query SELECT `main`.`NhiemVu`.`id`, `main`.`NhiemVu`.`ma`, `main`.`NhiemVu`.`ten`, `main`.`NhiemVu`.`moTa`, `main`.`NhiemVu`.`donViChuTriId`, `main`.`NhiemVu`.`uuTien`, `main`.`NhiemVu`.`thoiHan`, `main`.`NhiemVu`.`giaiDoan`, `main`.`NhiemVu`.`kpi`, `main`.`NhiemVu`.`nguonKiemChung`, `main`.`NhiemVu`.`trangThai`, `main`.`NhiemVu`.`tienDo`, `main`.`NhiemVu`.`lop`, `main`.`NhiemVu`.`phuongAnXuLy`, `main`.`NhiemVu`.`ghiChu`, `main`.`NhiemVu`.`createdAt`, `main`.`NhiemVu`.`updatedAt` FROM `main`.`NhiemVu` WHERE `main`.`NhiemVu`.`id` IN (?) LIMIT ? OFFSET ?
 GET /api/he-thong 200 in 64ms (next.js: 8ms, application-code: 56ms)
prisma:query SELECT `main`.`HeThongSo`.`id`, `main`.`HeThongSo`.`ma`, `main`.`HeThongSo`.`ten`, `main`.`HeThongSo`.`loai`, `main`.`HeThongSo`.`lop`, `main`.`HeThongSo`.`moTa`, `main`.`HeThongSo`.`chuQuan`, `main`.`HeThongSo`.`trangThai`, `main`.`HeThongSo`.`namTrienKhai`, `main`.`HeThongSo`.`donViId`, `main`.`HeThongSo`.`createdAt`, `main`.`HeThongSo`.`updatedAt` FROM `main`.`HeThongSo` WHERE 1=1 ORDER BY `main`.`HeThongSo`.`lop` ASC, `main`.`HeThongSo`.`ma` ASC LIMIT ? OFFSET ?
prisma:query SELECT `main`.`DonVi`.`id`, `main`.`DonVi`.`ten`, `main`.`DonVi`.`loai`, `main`.`DonVi`.`parentId`, `main`.`DonVi`.`createdAt` FROM `main`.`DonVi` WHERE `main`.`DonVi`.`id` IN (?,?,?,?) LIMIT ? OFFSET ?
prisma:query SELECT `main`.`_HeThongNhiemVu`.`A`, `main`.`_HeThongNhiemVu`.`B` FROM `main`.`_HeThongNhiemVu` WHERE `main`.`_HeThongNhiemVu`.`A` IN (?,?,?,?,?,?,?,?,?,?,?,?,?,?,?,?,?,?,?,?,?,?,?,?,?,?,?,?,?,?,?,?,?,?,?,?,?,?,?,?,?,?,?,?,?,?,?,?,?,?,?,?,?,?,?,?,?,?,?,?,?,?,?,?,?,?,?,?,?,?,?,?,?,?,?,?,?,?,?,?,?,?,?,?,?,?,?,?,?,?,?,?,?,?,?,?,?,?,?,?,?,?,?,?,?,?,?,?,?,?,?,?,?,?,?,?,?,?,?,?,?,?,?,?,?,?,?,?,?,?,?,?,?,?,?,?,?,?,?,?,?,?,?,?,?,?,?,?,?,?,?,?,?,?,?,?,?,?,?,?,?,?,?,?,?,?,?,?,?,?,?,?,?,?,?,?,?,?,?,?,?,?,?,?,?,?,?,?,?,?,?,?,?,?,?,?,?,?,?,?,?,?,?,?,?,?,?,?,?,?,?,?,?,?,?,?,?,?,?,?,?,?,?,?,?,?,?,?,?,?,?,?,?,?,?,?,?,?,?,?,?,?,?,?,?,?,?,?,?,?,?,?,?,?,?,?,?,?,?,?,?,?,?,?,?,?,?,?,?,?,?,?,?,?,?,?,?,?,?,?,?,?,?,?,?,?,?,?,?,?,?,?,?,?,?,?,?,?,?,?,?,?,?,?,?,?,?,?,?,?,?,?,?,?,?,?,?,?,?,?,?,?,?,?,?,?,?,?,?,?,?,?,?,?,?,?,?,?,?,?,?,?,?,?,?,?,?,?,?,?,?,?,?,?,?,?,?,?,?,?,?,?,?,?,?,?,?,?,?,?,?,?,?,?,?,?,?,?,?,?,?,?,?,?,?,?,?,?,?)
prisma:query SELECT `main`.`NhiemVu`.`id`, `main`.`NhiemVu`.`ma`, `main`.`NhiemVu`.`ten`, `main`.`NhiemVu`.`moTa`, `main`.`NhiemVu`.`donViChuTriId`, `main`.`NhiemVu`.`uuTien`, `main`.`NhiemVu`.`thoiHan`, `main`.`NhiemVu`.`giaiDoan`, `main`.`NhiemVu`.`kpi`, `main`.`NhiemVu`.`nguonKiemChung`, `main`.`NhiemVu`.`trangThai`, `main`.`NhiemVu`.`tienDo`, `main`.`NhiemVu`.`lop`, `main`.`NhiemVu`.`phuongAnXuLy`, `main`.`NhiemVu`.`ghiChu`, `main`.`NhiemVu`.`createdAt`, `main`.`NhiemVu`.`updatedAt` FROM `main`.`NhiemVu` WHERE `main`.`NhiemVu`.`id` IN (?) LIMIT ? OFFSET ?
 GET /api/he-thong 200 in 44ms (next.js: 4ms, application-code: 40ms)
[browser] Warning: [antd: Descriptions] `labelStyle` is deprecated. Please use `styles.label` instead. 
    at Array.forEach (<anonymous>) (<anonymous>)
✓ Compiled in 247ms
 GET /admin/he-thong 200 in 132ms (next.js: 69ms, application-code: 63ms)
 GET /kts/hien-trang 200 in 136ms (next.js: 36ms, application-code: 101ms)
 GET /kts/lo-trinh 200 in 135ms (next.js: 94ms, application-code: 42ms)
 GET /kts/lo-trinh 200 in 48ms (next.js: 5ms, application-code: 43ms)
 GET /api/auth/session 200 in 30ms (next.js: 14ms, application-code: 16ms)
 GET /api/auth/session 200 in 20ms (next.js: 4ms, application-code: 16ms)
 GET /api/auth/session 200 in 20ms (next.js: 12ms, application-code: 7ms)
 GET /api/auth/session 200 in 18ms (next.js: 3ms, application-code: 14ms)
 GET /kts/hien-trang 200 in 66ms (next.js: 8ms, application-code: 59ms)
prisma:query SELECT 1
prisma:query SELECT `main`.`HeThongSo`.`id`, `main`.`HeThongSo`.`ma`, `main`.`HeThongSo`.`ten`, `main`.`HeThongSo`.`loai`, `main`.`HeThongSo`.`lop`, `main`.`HeThongSo`.`moTa`, `main`.`HeThongSo`.`chuQuan`, `main`.`HeThongSo`.`trangThai`, `main`.`HeThongSo`.`namTrienKhai`, `main`.`HeThongSo`.`donViId`, `main`.`HeThongSo`.`createdAt`, `main`.`HeThongSo`.`updatedAt` FROM `main`.`HeThongSo` WHERE 1=1 ORDER BY `main`.`HeThongSo`.`lop` ASC, `main`.`HeThongSo`.`ma` ASC LIMIT ? OFFSET ?
prisma:query SELECT `main`.`DonVi`.`id`, `main`.`DonVi`.`ten`, `main`.`DonVi`.`loai`, `main`.`DonVi`.`parentId`, `main`.`DonVi`.`createdAt` FROM `main`.`DonVi` WHERE `main`.`DonVi`.`id` IN (?,?,?,?) LIMIT ? OFFSET ?
prisma:query SELECT `main`.`_HeThongNhiemVu`.`A`, `main`.`_HeThongNhiemVu`.`B` FROM `main`.`_HeThongNhiemVu` WHERE `main`.`_HeThongNhiemVu`.`A` IN (?,?,?,?,?,?,?,?,?,?,?,?,?,?,?,?,?,?,?,?,?,?,?,?,?,?,?,?,?,?,?,?,?,?,?,?,?,?,?,?,?,?,?,?,?,?,?,?,?,?,?,?,?,?,?,?,?,?,?,?,?,?,?,?,?,?,?,?,?,?,?,?,?,?,?,?,?,?,?,?,?,?,?,?,?,?,?,?,?,?,?,?,?,?,?,?,?,?,?,?,?,?,?,?,?,?,?,?,?,?,?,?,?,?,?,?,?,?,?,?,?,?,?,?,?,?,?,?,?,?,?,?,?,?,?,?,?,?,?,?,?,?,?,?,?,?,?,?,?,?,?,?,?,?,?,?,?,?,?,?,?,?,?,?,?,?,?,?,?,?,?,?,?,?,?,?,?,?,?,?,?,?,?,?,?,?,?,?,?,?,?,?,?,?,?,?,?,?,?,?,?,?,?,?,?,?,?,?,?,?,?,?,?,?,?,?,?,?,?,?,?,?,?,?,?,?,?,?,?,?,?,?,?,?,?,?,?,?,?,?,?,?,?,?,?,?,?,?,?,?,?,?,?,?,?,?,?,?,?,?,?,?,?,?,?,?,?,?,?,?,?,?,?,?,?,?,?,?,?,?,?,?,?,?,?,?,?,?,?,?,?,?,?,?,?,?,?,?,?,?,?,?,?,?,?,?,?,?,?,?,?,?,?,?,?,?,?,?,?,?,?,?,?,?,?,?,?,?,?,?,?,?,?,?,?,?,?,?,?,?,?,?,?,?,?,?,?,?,?,?,?,?,?,?,?,?,?,?,?,?,?,?,?,?,?,?,?,?,?,?,?,?,?,?,?,?,?,?,?,?,?,?,?,?,?,?,?,?,?)
prisma:query SELECT `main`.`NhiemVu`.`id`, `main`.`NhiemVu`.`ma`, `main`.`NhiemVu`.`ten`, `main`.`NhiemVu`.`moTa`, `main`.`NhiemVu`.`donViChuTriId`, `main`.`NhiemVu`.`uuTien`, `main`.`NhiemVu`.`thoiHan`, `main`.`NhiemVu`.`giaiDoan`, `main`.`NhiemVu`.`kpi`, `main`.`NhiemVu`.`nguonKiemChung`, `main`.`NhiemVu`.`trangThai`, `main`.`NhiemVu`.`tienDo`, `main`.`NhiemVu`.`lop`, `main`.`NhiemVu`.`phuongAnXuLy`, `main`.`NhiemVu`.`ghiChu`, `main`.`NhiemVu`.`createdAt`, `main`.`NhiemVu`.`updatedAt` FROM `main`.`NhiemVu` WHERE `main`.`NhiemVu`.`id` IN (?) LIMIT ? OFFSET ?
 GET /api/he-thong 200 in 48ms (next.js: 6ms, application-code: 42ms)
prisma:query SELECT `main`.`HeThongSo`.`id`, `main`.`HeThongSo`.`ma`, `main`.`HeThongSo`.`ten`, `main`.`HeThongSo`.`loai`, `main`.`HeThongSo`.`lop`, `main`.`HeThongSo`.`moTa`, `main`.`HeThongSo`.`chuQuan`, `main`.`HeThongSo`.`trangThai`, `main`.`HeThongSo`.`namTrienKhai`, `main`.`HeThongSo`.`donViId`, `main`.`HeThongSo`.`createdAt`, `main`.`HeThongSo`.`updatedAt` FROM `main`.`HeThongSo` WHERE 1=1 ORDER BY `main`.`HeThongSo`.`lop` ASC, `main`.`HeThongSo`.`ma` ASC LIMIT ? OFFSET ?
prisma:query SELECT `main`.`DonVi`.`id`, `main`.`DonVi`.`ten`, `main`.`DonVi`.`loai`, `main`.`DonVi`.`parentId`, `main`.`DonVi`.`createdAt` FROM `main`.`DonVi` WHERE `main`.`DonVi`.`id` IN (?,?,?,?) LIMIT ? OFFSET ?
prisma:query SELECT `main`.`_HeThongNhiemVu`.`A`, `main`.`_HeThongNhiemVu`.`B` FROM `main`.`_HeThongNhiemVu` WHERE `main`.`_HeThongNhiemVu`.`A` IN (?,?,?,?,?,?,?,?,?,?,?,?,?,?,?,?,?,?,?,?,?,?,?,?,?,?,?,?,?,?,?,?,?,?,?,?,?,?,?,?,?,?,?,?,?,?,?,?,?,?,?,?,?,?,?,?,?,?,?,?,?,?,?,?,?,?,?,?,?,?,?,?,?,?,?,?,?,?,?,?,?,?,?,?,?,?,?,?,?,?,?,?,?,?,?,?,?,?,?,?,?,?,?,?,?,?,?,?,?,?,?,?,?,?,?,?,?,?,?,?,?,?,?,?,?,?,?,?,?,?,?,?,?,?,?,?,?,?,?,?,?,?,?,?,?,?,?,?,?,?,?,?,?,?,?,?,?,?,?,?,?,?,?,?,?,?,?,?,?,?,?,?,?,?,?,?,?,?,?,?,?,?,?,?,?,?,?,?,?,?,?,?,?,?,?,?,?,?,?,?,?,?,?,?,?,?,?,?,?,?,?,?,?,?,?,?,?,?,?,?,?,?,?,?,?,?,?,?,?,?,?,?,?,?,?,?,?,?,?,?,?,?,?,?,?,?,?,?,?,?,?,?,?,?,?,?,?,?,?,?,?,?,?,?,?,?,?,?,?,?,?,?,?,?,?,?,?,?,?,?,?,?,?,?,?,?,?,?,?,?,?,?,?,?,?,?,?,?,?,?,?,?,?,?,?,?,?,?,?,?,?,?,?,?,?,?,?,?,?,?,?,?,?,?,?,?,?,?,?,?,?,?,?,?,?,?,?,?,?,?,?,?,?,?,?,?,?,?,?,?,?,?,?,?,?,?,?,?,?,?,?,?,?,?,?,?,?,?,?,?,?,?,?,?,?,?,?,?,?,?,?,?,?,?,?,?,?,?,?)
prisma:query SELECT `main`.`NhiemVu`.`id`, `main`.`NhiemVu`.`ma`, `main`.`NhiemVu`.`ten`, `main`.`NhiemVu`.`moTa`, `main`.`NhiemVu`.`donViChuTriId`, `main`.`NhiemVu`.`uuTien`, `main`.`NhiemVu`.`thoiHan`, `main`.`NhiemVu`.`giaiDoan`, `main`.`NhiemVu`.`kpi`, `main`.`NhiemVu`.`nguonKiemChung`, `main`.`NhiemVu`.`trangThai`, `main`.`NhiemVu`.`tienDo`, `main`.`NhiemVu`.`lop`, `main`.`NhiemVu`.`phuongAnXuLy`, `main`.`NhiemVu`.`ghiChu`, `main`.`NhiemVu`.`createdAt`, `main`.`NhiemVu`.`updatedAt` FROM `main`.`NhiemVu` WHERE `main`.`NhiemVu`.`id` IN (?) LIMIT ? OFFSET ?
 GET /api/he-thong 200 in 45ms (next.js: 4ms, application-code: 40ms)
[browser] Warning: [antd: Modal] `destroyOnClose` is deprecated. Please use `destroyOnHidden` instead. 
    at Array.forEach (<anonymous>) (<anonymous>)
 GET /kts/lo-trinh 200 in 39ms (next.js: 9ms, application-code: 29ms)
prisma:query SELECT `main`.`NhiemVu`.`id`, `main`.`NhiemVu`.`ma`, `main`.`NhiemVu`.`ten`, `main`.`NhiemVu`.`moTa`, `main`.`NhiemVu`.`donViChuTriId`, `main`.`NhiemVu`.`uuTien`, `main`.`NhiemVu`.`thoiHan`, `main`.`NhiemVu`.`giaiDoan`, `main`.`NhiemVu`.`kpi`, `main`.`NhiemVu`.`nguonKiemChung`, `main`.`NhiemVu`.`trangThai`, `main`.`NhiemVu`.`tienDo`, `main`.`NhiemVu`.`lop`, `main`.`NhiemVu`.`phuongAnXuLy`, `main`.`NhiemVu`.`ghiChu`, `main`.`NhiemVu`.`createdAt`, `main`.`NhiemVu`.`updatedAt` FROM `main`.`NhiemVu` WHERE 1=1 ORDER BY `main`.`NhiemVu`.`uuTien` ASC, `main`.`NhiemVu`.`thoiHan` ASC LIMIT ? OFFSET ?
prisma:query SELECT `main`.`DonVi`.`id`, `main`.`DonVi`.`ten`, `main`.`DonVi`.`loai`, `main`.`DonVi`.`parentId`, `main`.`DonVi`.`createdAt` FROM `main`.`DonVi` WHERE `main`.`DonVi`.`id` IN (?,?) LIMIT ? OFFSET ?
prisma:query SELECT `main`.`_HeThongNhiemVu`.`B`, `main`.`_HeThongNhiemVu`.`A` FROM `main`.`_HeThongNhiemVu` WHERE `main`.`_HeThongNhiemVu`.`B` IN (?,?,?,?,?,?,?,?)
prisma:query SELECT `main`.`HeThongSo`.`id`, `main`.`HeThongSo`.`ma`, `main`.`HeThongSo`.`ten`, `main`.`HeThongSo`.`loai`, `main`.`HeThongSo`.`lop`, `main`.`HeThongSo`.`moTa`, `main`.`HeThongSo`.`chuQuan`, `main`.`HeThongSo`.`trangThai`, `main`.`HeThongSo`.`namTrienKhai`, `main`.`HeThongSo`.`donViId`, `main`.`HeThongSo`.`createdAt`, `main`.`HeThongSo`.`updatedAt` FROM `main`.`HeThongSo` WHERE `main`.`HeThongSo`.`id` IN (?) LIMIT ? OFFSET ?
 GET /api/nhiem-vu 200 in 18ms (next.js: 6ms, application-code: 13ms)
prisma:query SELECT `main`.`NhiemVu`.`id`, `main`.`NhiemVu`.`ma`, `main`.`NhiemVu`.`ten`, `main`.`NhiemVu`.`moTa`, `main`.`NhiemVu`.`donViChuTriId`, `main`.`NhiemVu`.`uuTien`, `main`.`NhiemVu`.`thoiHan`, `main`.`NhiemVu`.`giaiDoan`, `main`.`NhiemVu`.`kpi`, `main`.`NhiemVu`.`nguonKiemChung`, `main`.`NhiemVu`.`trangThai`, `main`.`NhiemVu`.`tienDo`, `main`.`NhiemVu`.`lop`, `main`.`NhiemVu`.`phuongAnXuLy`, `main`.`NhiemVu`.`ghiChu`, `main`.`NhiemVu`.`createdAt`, `main`.`NhiemVu`.`updatedAt` FROM `main`.`NhiemVu` WHERE 1=1 ORDER BY `main`.`NhiemVu`.`uuTien` ASC, `main`.`NhiemVu`.`thoiHan` ASC LIMIT ? OFFSET ?
prisma:query SELECT `main`.`DonVi`.`id`, `main`.`DonVi`.`ten`, `main`.`DonVi`.`loai`, `main`.`DonVi`.`parentId`, `main`.`DonVi`.`createdAt` FROM `main`.`DonVi` WHERE `main`.`DonVi`.`id` IN (?,?) LIMIT ? OFFSET ?
prisma:query SELECT `main`.`_HeThongNhiemVu`.`B`, `main`.`_HeThongNhiemVu`.`A` FROM `main`.`_HeThongNhiemVu` WHERE `main`.`_HeThongNhiemVu`.`B` IN (?,?,?,?,?,?,?,?)
prisma:query SELECT `main`.`HeThongSo`.`id`, `main`.`HeThongSo`.`ma`, `main`.`HeThongSo`.`ten`, `main`.`HeThongSo`.`loai`, `main`.`HeThongSo`.`lop`, `main`.`HeThongSo`.`moTa`, `main`.`HeThongSo`.`chuQuan`, `main`.`HeThongSo`.`trangThai`, `main`.`HeThongSo`.`namTrienKhai`, `main`.`HeThongSo`.`donViId`, `main`.`HeThongSo`.`createdAt`, `main`.`HeThongSo`.`updatedAt` FROM `main`.`HeThongSo` WHERE `main`.`HeThongSo`.`id` IN (?) LIMIT ? OFFSET ?
 GET /api/nhiem-vu 200 in 16ms (next.js: 4ms, application-code: 12ms)
[browser] Warning: [antd: Descriptions] `labelStyle` is deprecated. Please use `styles.label` instead. 
    at Array.forEach (<anonymous>) (<anonymous>)
 GET /kts/lo-trinh 200 in 93ms (next.js: 22ms, application-code: 71ms)
 GET /admin/he-thong 200 in 39ms (next.js: 8ms, application-code: 31ms)
 GET /kts/lo-trinh 200 in 128ms (next.js: 8ms, application-code: 120ms)
 GET /kts/hien-trang 200 in 32ms (next.js: 7ms, application-code: 25ms)
prisma:query SELECT 1
prisma:query SELECT `main`.`HeThongSo`.`id`, `main`.`HeThongSo`.`ma`, `main`.`HeThongSo`.`ten`, `main`.`HeThongSo`.`loai`, `main`.`HeThongSo`.`lop`, `main`.`HeThongSo`.`moTa`, `main`.`HeThongSo`.`chuQuan`, `main`.`HeThongSo`.`trangThai`, `main`.`HeThongSo`.`namTrienKhai`, `main`.`HeThongSo`.`donViId`, `main`.`HeThongSo`.`createdAt`, `main`.`HeThongSo`.`updatedAt` FROM `main`.`HeThongSo` WHERE 1=1 ORDER BY `main`.`HeThongSo`.`lop` ASC, `main`.`HeThongSo`.`ma` ASC LIMIT ? OFFSET ?
prisma:query SELECT `main`.`DonVi`.`id`, `main`.`DonVi`.`ten`, `main`.`DonVi`.`loai`, `main`.`DonVi`.`parentId`, `main`.`DonVi`.`createdAt` FROM `main`.`DonVi` WHERE `main`.`DonVi`.`id` IN (?,?,?,?) LIMIT ? OFFSET ?
prisma:query SELECT `main`.`_HeThongNhiemVu`.`A`, `main`.`_HeThongNhiemVu`.`B` FROM `main`.`_HeThongNhiemVu` WHERE `main`.`_HeThongNhiemVu`.`A` IN (?,?,?,?,?,?,?,?,?,?,?,?,?,?,?,?,?,?,?,?,?,?,?,?,?,?,?,?,?,?,?,?,?,?,?,?,?,?,?,?,?,?,?,?,?,?,?,?,?,?,?,?,?,?,?,?,?,?,?,?,?,?,?,?,?,?,?,?,?,?,?,?,?,?,?,?,?,?,?,?,?,?,?,?,?,?,?,?,?,?,?,?,?,?,?,?,?,?,?,?,?,?,?,?,?,?,?,?,?,?,?,?,?,?,?,?,?,?,?,?,?,?,?,?,?,?,?,?,?,?,?,?,?,?,?,?,?,?,?,?,?,?,?,?,?,?,?,?,?,?,?,?,?,?,?,?,?,?,?,?,?,?,?,?,?,?,?,?,?,?,?,?,?,?,?,?,?,?,?,?,?,?,?,?,?,?,?,?,?,?,?,?,?,?,?,?,?,?,?,?,?,?,?,?,?,?,?,?,?,?,?,?,?,?,?,?,?,?,?,?,?,?,?,?,?,?,?,?,?,?,?,?,?,?,?,?,?,?,?,?,?,?,?,?,?,?,?,?,?,?,?,?,?,?,?,?,?,?,?,?,?,?,?,?,?,?,?,?,?,?,?,?,?,?,?,?,?,?,?,?,?,?,?,?,?,?,?,?,?,?,?,?,?,?,?,?,?,?,?,?,?,?,?,?,?,?,?,?,?,?,?,?,?,?,?,?,?,?,?,?,?,?,?,?,?,?,?,?,?,?,?,?,?,?,?,?,?,?,?,?,?,?,?,?,?,?,?,?,?,?,?,?,?,?,?,?,?,?,?,?,?,?,?,?,?,?,?,?,?,?,?,?,?,?,?,?,?,?,?,?,?,?,?,?,?,?,?,?,?)
prisma:query SELECT `main`.`NhiemVu`.`id`, `main`.`NhiemVu`.`ma`, `main`.`NhiemVu`.`ten`, `main`.`NhiemVu`.`moTa`, `main`.`NhiemVu`.`donViChuTriId`, `main`.`NhiemVu`.`uuTien`, `main`.`NhiemVu`.`thoiHan`, `main`.`NhiemVu`.`giaiDoan`, `main`.`NhiemVu`.`kpi`, `main`.`NhiemVu`.`nguonKiemChung`, `main`.`NhiemVu`.`trangThai`, `main`.`NhiemVu`.`tienDo`, `main`.`NhiemVu`.`lop`, `main`.`NhiemVu`.`phuongAnXuLy`, `main`.`NhiemVu`.`ghiChu`, `main`.`NhiemVu`.`createdAt`, `main`.`NhiemVu`.`updatedAt` FROM `main`.`NhiemVu` WHERE `main`.`NhiemVu`.`id` IN (?) LIMIT ? OFFSET ?
 GET /api/he-thong 200 in 41ms (next.js: 6ms, application-code: 35ms)
prisma:query SELECT `main`.`HeThongSo`.`id`, `main`.`HeThongSo`.`ma`, `main`.`HeThongSo`.`ten`, `main`.`HeThongSo`.`loai`, `main`.`HeThongSo`.`lop`, `main`.`HeThongSo`.`moTa`, `main`.`HeThongSo`.`chuQuan`, `main`.`HeThongSo`.`trangThai`, `main`.`HeThongSo`.`namTrienKhai`, `main`.`HeThongSo`.`donViId`, `main`.`HeThongSo`.`createdAt`, `main`.`HeThongSo`.`updatedAt` FROM `main`.`HeThongSo` WHERE 1=1 ORDER BY `main`.`HeThongSo`.`lop` ASC, `main`.`HeThongSo`.`ma` ASC LIMIT ? OFFSET ?
prisma:query SELECT `main`.`DonVi`.`id`, `main`.`DonVi`.`ten`, `main`.`DonVi`.`loai`, `main`.`DonVi`.`parentId`, `main`.`DonVi`.`createdAt` FROM `main`.`DonVi` WHERE `main`.`DonVi`.`id` IN (?,?,?,?) LIMIT ? OFFSET ?
prisma:query SELECT `main`.`_HeThongNhiemVu`.`A`, `main`.`_HeThongNhiemVu`.`B` FROM `main`.`_HeThongNhiemVu` WHERE `main`.`_HeThongNhiemVu`.`A` IN (?,?,?,?,?,?,?,?,?,?,?,?,?,?,?,?,?,?,?,?,?,?,?,?,?,?,?,?,?,?,?,?,?,?,?,?,?,?,?,?,?,?,?,?,?,?,?,?,?,?,?,?,?,?,?,?,?,?,?,?,?,?,?,?,?,?,?,?,?,?,?,?,?,?,?,?,?,?,?,?,?,?,?,?,?,?,?,?,?,?,?,?,?,?,?,?,?,?,?,?,?,?,?,?,?,?,?,?,?,?,?,?,?,?,?,?,?,?,?,?,?,?,?,?,?,?,?,?,?,?,?,?,?,?,?,?,?,?,?,?,?,?,?,?,?,?,?,?,?,?,?,?,?,?,?,?,?,?,?,?,?,?,?,?,?,?,?,?,?,?,?,?,?,?,?,?,?,?,?,?,?,?,?,?,?,?,?,?,?,?,?,?,?,?,?,?,?,?,?,?,?,?,?,?,?,?,?,?,?,?,?,?,?,?,?,?,?,?,?,?,?,?,?,?,?,?,?,?,?,?,?,?,?,?,?,?,?,?,?,?,?,?,?,?,?,?,?,?,?,?,?,?,?,?,?,?,?,?,?,?,?,?,?,?,?,?,?,?,?,?,?,?,?,?,?,?,?,?,?,?,?,?,?,?,?,?,?,?,?,?,?,?,?,?,?,?,?,?,?,?,?,?,?,?,?,?,?,?,?,?,?,?,?,?,?,?,?,?,?,?,?,?,?,?,?,?,?,?,?,?,?,?,?,?,?,?,?,?,?,?,?,?,?,?,?,?,?,?,?,?,?,?,?,?,?,?,?,?,?,?,?,?,?,?,?,?,?,?,?,?,?,?,?,?,?,?,?,?,?,?,?,?,?,?,?,?,?,?,?)
prisma:query SELECT `main`.`NhiemVu`.`id`, `main`.`NhiemVu`.`ma`, `main`.`NhiemVu`.`ten`, `main`.`NhiemVu`.`moTa`, `main`.`NhiemVu`.`donViChuTriId`, `main`.`NhiemVu`.`uuTien`, `main`.`NhiemVu`.`thoiHan`, `main`.`NhiemVu`.`giaiDoan`, `main`.`NhiemVu`.`kpi`, `main`.`NhiemVu`.`nguonKiemChung`, `main`.`NhiemVu`.`trangThai`, `main`.`NhiemVu`.`tienDo`, `main`.`NhiemVu`.`lop`, `main`.`NhiemVu`.`phuongAnXuLy`, `main`.`NhiemVu`.`ghiChu`, `main`.`NhiemVu`.`createdAt`, `main`.`NhiemVu`.`updatedAt` FROM `main`.`NhiemVu` WHERE `main`.`NhiemVu`.`id` IN (?) LIMIT ? OFFSET ?
 GET /api/he-thong 200 in 40ms (next.js: 5ms, application-code: 35ms)
 GET /kts/lo-trinh 200 in 29ms (next.js: 6ms, application-code: 22ms)
prisma:query SELECT `main`.`NhiemVu`.`id`, `main`.`NhiemVu`.`ma`, `main`.`NhiemVu`.`ten`, `main`.`NhiemVu`.`moTa`, `main`.`NhiemVu`.`donViChuTriId`, `main`.`NhiemVu`.`uuTien`, `main`.`NhiemVu`.`thoiHan`, `main`.`NhiemVu`.`giaiDoan`, `main`.`NhiemVu`.`kpi`, `main`.`NhiemVu`.`nguonKiemChung`, `main`.`NhiemVu`.`trangThai`, `main`.`NhiemVu`.`tienDo`, `main`.`NhiemVu`.`lop`, `main`.`NhiemVu`.`phuongAnXuLy`, `main`.`NhiemVu`.`ghiChu`, `main`.`NhiemVu`.`createdAt`, `main`.`NhiemVu`.`updatedAt` FROM `main`.`NhiemVu` WHERE 1=1 ORDER BY `main`.`NhiemVu`.`uuTien` ASC, `main`.`NhiemVu`.`thoiHan` ASC LIMIT ? OFFSET ?
prisma:query SELECT `main`.`DonVi`.`id`, `main`.`DonVi`.`ten`, `main`.`DonVi`.`loai`, `main`.`DonVi`.`parentId`, `main`.`DonVi`.`createdAt` FROM `main`.`DonVi` WHERE `main`.`DonVi`.`id` IN (?,?) LIMIT ? OFFSET ?
prisma:query SELECT `main`.`_HeThongNhiemVu`.`B`, `main`.`_HeThongNhiemVu`.`A` FROM `main`.`_HeThongNhiemVu` WHERE `main`.`_HeThongNhiemVu`.`B` IN (?,?,?,?,?,?,?,?)
prisma:query SELECT `main`.`HeThongSo`.`id`, `main`.`HeThongSo`.`ma`, `main`.`HeThongSo`.`ten`, `main`.`HeThongSo`.`loai`, `main`.`HeThongSo`.`lop`, `main`.`HeThongSo`.`moTa`, `main`.`HeThongSo`.`chuQuan`, `main`.`HeThongSo`.`trangThai`, `main`.`HeThongSo`.`namTrienKhai`, `main`.`HeThongSo`.`donViId`, `main`.`HeThongSo`.`createdAt`, `main`.`HeThongSo`.`updatedAt` FROM `main`.`HeThongSo` WHERE `main`.`HeThongSo`.`id` IN (?) LIMIT ? OFFSET ?
 GET /api/nhiem-vu 200 in 16ms (next.js: 4ms, application-code: 12ms)
prisma:query SELECT `main`.`NhiemVu`.`id`, `main`.`NhiemVu`.`ma`, `main`.`NhiemVu`.`ten`, `main`.`NhiemVu`.`moTa`, `main`.`NhiemVu`.`donViChuTriId`, `main`.`NhiemVu`.`uuTien`, `main`.`NhiemVu`.`thoiHan`, `main`.`NhiemVu`.`giaiDoan`, `main`.`NhiemVu`.`kpi`, `main`.`NhiemVu`.`nguonKiemChung`, `main`.`NhiemVu`.`trangThai`, `main`.`NhiemVu`.`tienDo`, `main`.`NhiemVu`.`lop`, `main`.`NhiemVu`.`phuongAnXuLy`, `main`.`NhiemVu`.`ghiChu`, `main`.`NhiemVu`.`createdAt`, `main`.`NhiemVu`.`updatedAt` FROM `main`.`NhiemVu` WHERE 1=1 ORDER BY `main`.`NhiemVu`.`uuTien` ASC, `main`.`NhiemVu`.`thoiHan` ASC LIMIT ? OFFSET ?
prisma:query SELECT `main`.`DonVi`.`id`, `main`.`DonVi`.`ten`, `main`.`DonVi`.`loai`, `main`.`DonVi`.`parentId`, `main`.`DonVi`.`createdAt` FROM `main`.`DonVi` WHERE `main`.`DonVi`.`id` IN (?,?) LIMIT ? OFFSET ?
prisma:query SELECT `main`.`_HeThongNhiemVu`.`B`, `main`.`_HeThongNhiemVu`.`A` FROM `main`.`_HeThongNhiemVu` WHERE `main`.`_HeThongNhiemVu`.`B` IN (?,?,?,?,?,?,?,?)
prisma:query SELECT `main`.`HeThongSo`.`id`, `main`.`HeThongSo`.`ma`, `main`.`HeThongSo`.`ten`, `main`.`HeThongSo`.`loai`, `main`.`HeThongSo`.`lop`, `main`.`HeThongSo`.`moTa`, `main`.`HeThongSo`.`chuQuan`, `main`.`HeThongSo`.`trangThai`, `main`.`HeThongSo`.`namTrienKhai`, `main`.`HeThongSo`.`donViId`, `main`.`HeThongSo`.`createdAt`, `main`.`HeThongSo`.`updatedAt` FROM `main`.`HeThongSo` WHERE `main`.`HeThongSo`.`id` IN (?) LIMIT ? OFFSET ?
 GET /api/nhiem-vu 200 in 16ms (next.js: 3ms, application-code: 13ms)
 GET /kts/lo-trinh 200 in 67ms (next.js: 7ms, application-code: 60ms)
prisma:query SELECT `main`.`NhiemVu`.`id`, `main`.`NhiemVu`.`ma`, `main`.`NhiemVu`.`ten`, `main`.`NhiemVu`.`moTa`, `main`.`NhiemVu`.`donViChuTriId`, `main`.`NhiemVu`.`uuTien`, `main`.`NhiemVu`.`thoiHan`, `main`.`NhiemVu`.`giaiDoan`, `main`.`NhiemVu`.`kpi`, `main`.`NhiemVu`.`nguonKiemChung`, `main`.`NhiemVu`.`trangThai`, `main`.`NhiemVu`.`tienDo`, `main`.`NhiemVu`.`lop`, `main`.`NhiemVu`.`phuongAnXuLy`, `main`.`NhiemVu`.`ghiChu`, `main`.`NhiemVu`.`createdAt`, `main`.`NhiemVu`.`updatedAt` FROM `main`.`NhiemVu` WHERE 1=1 ORDER BY `main`.`NhiemVu`.`uuTien` ASC, `main`.`NhiemVu`.`thoiHan` ASC LIMIT ? OFFSET ?
prisma:query SELECT `main`.`DonVi`.`id`, `main`.`DonVi`.`ten`, `main`.`DonVi`.`loai`, `main`.`DonVi`.`parentId`, `main`.`DonVi`.`createdAt` FROM `main`.`DonVi` WHERE `main`.`DonVi`.`id` IN (?,?) LIMIT ? OFFSET ?
prisma:query SELECT `main`.`_HeThongNhiemVu`.`B`, `main`.`_HeThongNhiemVu`.`A` FROM `main`.`_HeThongNhiemVu` WHERE `main`.`_HeThongNhiemVu`.`B` IN (?,?,?,?,?,?,?,?)
prisma:query SELECT `main`.`HeThongSo`.`id`, `main`.`HeThongSo`.`ma`, `main`.`HeThongSo`.`ten`, `main`.`HeThongSo`.`loai`, `main`.`HeThongSo`.`lop`, `main`.`HeThongSo`.`moTa`, `main`.`HeThongSo`.`chuQuan`, `main`.`HeThongSo`.`trangThai`, `main`.`HeThongSo`.`namTrienKhai`, `main`.`HeThongSo`.`donViId`, `main`.`HeThongSo`.`createdAt`, `main`.`HeThongSo`.`updatedAt` FROM `main`.`HeThongSo` WHERE `main`.`HeThongSo`.`id` IN (?) LIMIT ? OFFSET ?
 GET /api/nhiem-vu 200 in 15ms (next.js: 4ms, application-code: 11ms)
prisma:query SELECT `main`.`NhiemVu`.`id`, `main`.`NhiemVu`.`ma`, `main`.`NhiemVu`.`ten`, `main`.`NhiemVu`.`moTa`, `main`.`NhiemVu`.`donViChuTriId`, `main`.`NhiemVu`.`uuTien`, `main`.`NhiemVu`.`thoiHan`, `main`.`NhiemVu`.`giaiDoan`, `main`.`NhiemVu`.`kpi`, `main`.`NhiemVu`.`nguonKiemChung`, `main`.`NhiemVu`.`trangThai`, `main`.`NhiemVu`.`tienDo`, `main`.`NhiemVu`.`lop`, `main`.`NhiemVu`.`phuongAnXuLy`, `main`.`NhiemVu`.`ghiChu`, `main`.`NhiemVu`.`createdAt`, `main`.`NhiemVu`.`updatedAt` FROM `main`.`NhiemVu` WHERE 1=1 ORDER BY `main`.`NhiemVu`.`uuTien` ASC, `main`.`NhiemVu`.`thoiHan` ASC LIMIT ? OFFSET ?
prisma:query SELECT `main`.`DonVi`.`id`, `main`.`DonVi`.`ten`, `main`.`DonVi`.`loai`, `main`.`DonVi`.`parentId`, `main`.`DonVi`.`createdAt` FROM `main`.`DonVi` WHERE `main`.`DonVi`.`id` IN (?,?) LIMIT ? OFFSET ?
prisma:query SELECT `main`.`_HeThongNhiemVu`.`B`, `main`.`_HeThongNhiemVu`.`A` FROM `main`.`_HeThongNhiemVu` WHERE `main`.`_HeThongNhiemVu`.`B` IN (?,?,?,?,?,?,?,?)
prisma:query SELECT `main`.`HeThongSo`.`id`, `main`.`HeThongSo`.`ma`, `main`.`HeThongSo`.`ten`, `main`.`HeThongSo`.`loai`, `main`.`HeThongSo`.`lop`, `main`.`HeThongSo`.`moTa`, `main`.`HeThongSo`.`chuQuan`, `main`.`HeThongSo`.`trangThai`, `main`.`HeThongSo`.`namTrienKhai`, `main`.`HeThongSo`.`donViId`, `main`.`HeThongSo`.`createdAt`, `main`.`HeThongSo`.`updatedAt` FROM `main`.`HeThongSo` WHERE `main`.`HeThongSo`.`id` IN (?) LIMIT ? OFFSET ?
 GET /api/nhiem-vu 200 in 16ms (next.js: 4ms, application-code: 13ms)
[browser] Warning: [antd: Modal] `destroyOnClose` is deprecated. Please use `destroyOnHidden` instead. 
    at Array.forEach (<anonymous>) (<anonymous>)
 GET /kts/hien-trang 200 in 37ms (next.js: 10ms, application-code: 27ms)
prisma:query SELECT 1
prisma:query SELECT `main`.`HeThongSo`.`id`, `main`.`HeThongSo`.`ma`, `main`.`HeThongSo`.`ten`, `main`.`HeThongSo`.`loai`, `main`.`HeThongSo`.`lop`, `main`.`HeThongSo`.`moTa`, `main`.`HeThongSo`.`chuQuan`, `main`.`HeThongSo`.`trangThai`, `main`.`HeThongSo`.`namTrienKhai`, `main`.`HeThongSo`.`donViId`, `main`.`HeThongSo`.`createdAt`, `main`.`HeThongSo`.`updatedAt` FROM `main`.`HeThongSo` WHERE 1=1 ORDER BY `main`.`HeThongSo`.`lop` ASC, `main`.`HeThongSo`.`ma` ASC LIMIT ? OFFSET ?
prisma:query SELECT `main`.`DonVi`.`id`, `main`.`DonVi`.`ten`, `main`.`DonVi`.`loai`, `main`.`DonVi`.`parentId`, `main`.`DonVi`.`createdAt` FROM `main`.`DonVi` WHERE `main`.`DonVi`.`id` IN (?,?,?,?) LIMIT ? OFFSET ?
prisma:query SELECT `main`.`_HeThongNhiemVu`.`A`, `main`.`_HeThongNhiemVu`.`B` FROM `main`.`_HeThongNhiemVu` WHERE `main`.`_HeThongNhiemVu`.`A` IN (?,?,?,?,?,?,?,?,?,?,?,?,?,?,?,?,?,?,?,?,?,?,?,?,?,?,?,?,?,?,?,?,?,?,?,?,?,?,?,?,?,?,?,?,?,?,?,?,?,?,?,?,?,?,?,?,?,?,?,?,?,?,?,?,?,?,?,?,?,?,?,?,?,?,?,?,?,?,?,?,?,?,?,?,?,?,?,?,?,?,?,?,?,?,?,?,?,?,?,?,?,?,?,?,?,?,?,?,?,?,?,?,?,?,?,?,?,?,?,?,?,?,?,?,?,?,?,?,?,?,?,?,?,?,?,?,?,?,?,?,?,?,?,?,?,?,?,?,?,?,?,?,?,?,?,?,?,?,?,?,?,?,?,?,?,?,?,?,?,?,?,?,?,?,?,?,?,?,?,?,?,?,?,?,?,?,?,?,?,?,?,?,?,?,?,?,?,?,?,?,?,?,?,?,?,?,?,?,?,?,?,?,?,?,?,?,?,?,?,?,?,?,?,?,?,?,?,?,?,?,?,?,?,?,?,?,?,?,?,?,?,?,?,?,?,?,?,?,?,?,?,?,?,?,?,?,?,?,?,?,?,?,?,?,?,?,?,?,?,?,?,?,?,?,?,?,?,?,?,?,?,?,?,?,?,?,?,?,?,?,?,?,?,?,?,?,?,?,?,?,?,?,?,?,?,?,?,?,?,?,?,?,?,?,?,?,?,?,?,?,?,?,?,?,?,?,?,?,?,?,?,?,?,?,?,?,?,?,?,?,?,?,?,?,?,?,?,?,?,?,?,?,?,?,?,?,?,?,?,?,?,?,?,?,?,?,?,?,?,?,?,?,?,?,?,?,?,?,?,?,?,?,?,?,?,?,?,?,?)
prisma:query SELECT `main`.`NhiemVu`.`id`, `main`.`NhiemVu`.`ma`, `main`.`NhiemVu`.`ten`, `main`.`NhiemVu`.`moTa`, `main`.`NhiemVu`.`donViChuTriId`, `main`.`NhiemVu`.`uuTien`, `main`.`NhiemVu`.`thoiHan`, `main`.`NhiemVu`.`giaiDoan`, `main`.`NhiemVu`.`kpi`, `main`.`NhiemVu`.`nguonKiemChung`, `main`.`NhiemVu`.`trangThai`, `main`.`NhiemVu`.`tienDo`, `main`.`NhiemVu`.`lop`, `main`.`NhiemVu`.`phuongAnXuLy`, `main`.`NhiemVu`.`ghiChu`, `main`.`NhiemVu`.`createdAt`, `main`.`NhiemVu`.`updatedAt` FROM `main`.`NhiemVu` WHERE `main`.`NhiemVu`.`id` IN (?) LIMIT ? OFFSET ?
 GET /api/he-thong 200 in 51ms (next.js: 8ms, application-code: 43ms)
prisma:query SELECT `main`.`HeThongSo`.`id`, `main`.`HeThongSo`.`ma`, `main`.`HeThongSo`.`ten`, `main`.`HeThongSo`.`loai`, `main`.`HeThongSo`.`lop`, `main`.`HeThongSo`.`moTa`, `main`.`HeThongSo`.`chuQuan`, `main`.`HeThongSo`.`trangThai`, `main`.`HeThongSo`.`namTrienKhai`, `main`.`HeThongSo`.`donViId`, `main`.`HeThongSo`.`createdAt`, `main`.`HeThongSo`.`updatedAt` FROM `main`.`HeThongSo` WHERE 1=1 ORDER BY `main`.`HeThongSo`.`lop` ASC, `main`.`HeThongSo`.`ma` ASC LIMIT ? OFFSET ?
prisma:query SELECT `main`.`DonVi`.`id`, `main`.`DonVi`.`ten`, `main`.`DonVi`.`loai`, `main`.`DonVi`.`parentId`, `main`.`DonVi`.`createdAt` FROM `main`.`DonVi` WHERE `main`.`DonVi`.`id` IN (?,?,?,?) LIMIT ? OFFSET ?
prisma:query SELECT `main`.`_HeThongNhiemVu`.`A`, `main`.`_HeThongNhiemVu`.`B` FROM `main`.`_HeThongNhiemVu` WHERE `main`.`_HeThongNhiemVu`.`A` IN (?,?,?,?,?,?,?,?,?,?,?,?,?,?,?,?,?,?,?,?,?,?,?,?,?,?,?,?,?,?,?,?,?,?,?,?,?,?,?,?,?,?,?,?,?,?,?,?,?,?,?,?,?,?,?,?,?,?,?,?,?,?,?,?,?,?,?,?,?,?,?,?,?,?,?,?,?,?,?,?,?,?,?,?,?,?,?,?,?,?,?,?,?,?,?,?,?,?,?,?,?,?,?,?,?,?,?,?,?,?,?,?,?,?,?,?,?,?,?,?,?,?,?,?,?,?,?,?,?,?,?,?,?,?,?,?,?,?,?,?,?,?,?,?,?,?,?,?,?,?,?,?,?,?,?,?,?,?,?,?,?,?,?,?,?,?,?,?,?,?,?,?,?,?,?,?,?,?,?,?,?,?,?,?,?,?,?,?,?,?,?,?,?,?,?,?,?,?,?,?,?,?,?,?,?,?,?,?,?,?,?,?,?,?,?,?,?,?,?,?,?,?,?,?,?,?,?,?,?,?,?,?,?,?,?,?,?,?,?,?,?,?,?,?,?,?,?,?,?,?,?,?,?,?,?,?,?,?,?,?,?,?,?,?,?,?,?,?,?,?,?,?,?,?,?,?,?,?,?,?,?,?,?,?,?,?,?,?,?,?,?,?,?,?,?,?,?,?,?,?,?,?,?,?,?,?,?,?,?,?,?,?,?,?,?,?,?,?,?,?,?,?,?,?,?,?,?,?,?,?,?,?,?,?,?,?,?,?,?,?,?,?,?,?,?,?,?,?,?,?,?,?,?,?,?,?,?,?,?,?,?,?,?,?,?,?,?,?,?,?,?,?,?,?,?,?,?,?,?,?,?,?,?,?,?,?,?,?,?)
prisma:query SELECT `main`.`NhiemVu`.`id`, `main`.`NhiemVu`.`ma`, `main`.`NhiemVu`.`ten`, `main`.`NhiemVu`.`moTa`, `main`.`NhiemVu`.`donViChuTriId`, `main`.`NhiemVu`.`uuTien`, `main`.`NhiemVu`.`thoiHan`, `main`.`NhiemVu`.`giaiDoan`, `main`.`NhiemVu`.`kpi`, `main`.`NhiemVu`.`nguonKiemChung`, `main`.`NhiemVu`.`trangThai`, `main`.`NhiemVu`.`tienDo`, `main`.`NhiemVu`.`lop`, `main`.`NhiemVu`.`phuongAnXuLy`, `main`.`NhiemVu`.`ghiChu`, `main`.`NhiemVu`.`createdAt`, `main`.`NhiemVu`.`updatedAt` FROM `main`.`NhiemVu` WHERE `main`.`NhiemVu`.`id` IN (?) LIMIT ? OFFSET ?
 GET /api/he-thong 200 in 37ms (next.js: 4ms, application-code: 32ms)
 GET /api/auth/session 200 in 39ms (next.js: 22ms, application-code: 17ms)
 GET /api/auth/session 200 in 24ms (next.js: 5ms, application-code: 19ms)
✓ Compiled in 220ms
 GET /kts/hien-trang 200 in 82ms (next.js: 52ms, application-code: 30ms)
 GET /admin/he-thong 200 in 89ms (next.js: 61ms, application-code: 28ms)
 GET /api/auth/session 200 in 26ms (next.js: 13ms, application-code: 13ms)
 GET /api/auth/session 200 in 19ms (next.js: 4ms, application-code: 15ms)
 GET /admin/nhiem-vu 200 in 100ms (next.js: 52ms, application-code: 48ms)
prisma:query SELECT 1
prisma:query SELECT `main`.`NhiemVu`.`id`, `main`.`NhiemVu`.`ma`, `main`.`NhiemVu`.`ten`, `main`.`NhiemVu`.`moTa`, `main`.`NhiemVu`.`donViChuTriId`, `main`.`NhiemVu`.`uuTien`, `main`.`NhiemVu`.`thoiHan`, `main`.`NhiemVu`.`giaiDoan`, `main`.`NhiemVu`.`kpi`, `main`.`NhiemVu`.`nguonKiemChung`, `main`.`NhiemVu`.`trangThai`, `main`.`NhiemVu`.`tienDo`, `main`.`NhiemVu`.`lop`, `main`.`NhiemVu`.`phuongAnXuLy`, `main`.`NhiemVu`.`ghiChu`, `main`.`NhiemVu`.`createdAt`, `main`.`NhiemVu`.`updatedAt` FROM `main`.`NhiemVu` WHERE 1=1 ORDER BY `main`.`NhiemVu`.`uuTien` ASC, `main`.`NhiemVu`.`thoiHan` ASC LIMIT ? OFFSET ?
prisma:query SELECT `main`.`DonVi`.`id`, `main`.`DonVi`.`ten`, `main`.`DonVi`.`loai`, `main`.`DonVi`.`parentId`, `main`.`DonVi`.`createdAt` FROM `main`.`DonVi` WHERE `main`.`DonVi`.`id` IN (?,?) LIMIT ? OFFSET ?
prisma:query SELECT `main`.`_HeThongNhiemVu`.`B`, `main`.`_HeThongNhiemVu`.`A` FROM `main`.`_HeThongNhiemVu` WHERE `main`.`_HeThongNhiemVu`.`B` IN (?,?,?,?,?,?,?,?)
prisma:query SELECT `main`.`HeThongSo`.`id`, `main`.`HeThongSo`.`ma`, `main`.`HeThongSo`.`ten`, `main`.`HeThongSo`.`loai`, `main`.`HeThongSo`.`lop`, `main`.`HeThongSo`.`moTa`, `main`.`HeThongSo`.`chuQuan`, `main`.`HeThongSo`.`trangThai`, `main`.`HeThongSo`.`namTrienKhai`, `main`.`HeThongSo`.`donViId`, `main`.`HeThongSo`.`createdAt`, `main`.`HeThongSo`.`updatedAt` FROM `main`.`HeThongSo` WHERE `main`.`HeThongSo`.`id` IN (?) LIMIT ? OFFSET ?
prisma:query SELECT `main`.`HeThongSo`.`id`, `main`.`HeThongSo`.`ma`, `main`.`HeThongSo`.`ten`, `main`.`HeThongSo`.`loai`, `main`.`HeThongSo`.`lop`, `main`.`HeThongSo`.`moTa`, `main`.`HeThongSo`.`chuQuan`, `main`.`HeThongSo`.`trangThai`, `main`.`HeThongSo`.`namTrienKhai`, `main`.`HeThongSo`.`donViId`, `main`.`HeThongSo`.`createdAt`, `main`.`HeThongSo`.`updatedAt` FROM `main`.`HeThongSo` WHERE 1=1 ORDER BY `main`.`HeThongSo`.`lop` ASC, `main`.`HeThongSo`.`ma` ASC LIMIT ? OFFSET ?
prisma:query SELECT `main`.`DonVi`.`id`, `main`.`DonVi`.`ten`, `main`.`DonVi`.`loai`, `main`.`DonVi`.`parentId`, `main`.`DonVi`.`createdAt` FROM `main`.`DonVi` WHERE `main`.`DonVi`.`id` IN (?,?,?,?) LIMIT ? OFFSET ?
prisma:query SELECT `main`.`_HeThongNhiemVu`.`A`, `main`.`_HeThongNhiemVu`.`B` FROM `main`.`_HeThongNhiemVu` WHERE `main`.`_HeThongNhiemVu`.`A` IN (?,?,?,?,?,?,?,?,?,?,?,?,?,?,?,?,?,?,?,?,?,?,?,?,?,?,?,?,?,?,?,?,?,?,?,?,?,?,?,?,?,?,?,?,?,?,?,?,?,?,?,?,?,?,?,?,?,?,?,?,?,?,?,?,?,?,?,?,?,?,?,?,?,?,?,?,?,?,?,?,?,?,?,?,?,?,?,?,?,?,?,?,?,?,?,?,?,?,?,?,?,?,?,?,?,?,?,?,?,?,?,?,?,?,?,?,?,?,?,?,?,?,?,?,?,?,?,?,?,?,?,?,?,?,?,?,?,?,?,?,?,?,?,?,?,?,?,?,?,?,?,?,?,?,?,?,?,?,?,?,?,?,?,?,?,?,?,?,?,?,?,?,?,?,?,?,?,?,?,?,?,?,?,?,?,?,?,?,?,?,?,?,?,?,?,?,?,?,?,?,?,?,?,?,?,?,?,?,?,?,?,?,?,?,?,?,?,?,?,?,?,?,?,?,?,?,?,?,?,?,?,?,?,?,?,?,?,?,?,?,?,?,?,?,?,?,?,?,?,?,?,?,?,?,?,?,?,?,?,?,?,?,?,?,?,?,?,?,?,?,?,?,?,?,?,?,?,?,?,?,?,?,?,?,?,?,?,?,?,?,?,?,?,?,?,?,?,?,?,?,?,?,?,?,?,?,?,?,?,?,?,?,?,?,?,?,?,?,?,?,?,?,?,?,?,?,?,?,?,?,?,?,?,?,?,?,?,?,?,?,?,?,?,?,?,?,?,?,?,?,?,?,?,?,?,?,?,?,?,?,?,?,?,?,?,?,?,?,?,?,?,?,?,?,?,?,?,?,?,?,?,?,?,?,?,?,?,?,?)
prisma:query SELECT `main`.`NhiemVu`.`id`, `main`.`NhiemVu`.`ma`, `main`.`NhiemVu`.`ten`, `main`.`NhiemVu`.`moTa`, `main`.`NhiemVu`.`donViChuTriId`, `main`.`NhiemVu`.`uuTien`, `main`.`NhiemVu`.`thoiHan`, `main`.`NhiemVu`.`giaiDoan`, `main`.`NhiemVu`.`kpi`, `main`.`NhiemVu`.`nguonKiemChung`, `main`.`NhiemVu`.`trangThai`, `main`.`NhiemVu`.`tienDo`, `main`.`NhiemVu`.`lop`, `main`.`NhiemVu`.`phuongAnXuLy`, `main`.`NhiemVu`.`ghiChu`, `main`.`NhiemVu`.`createdAt`, `main`.`NhiemVu`.`updatedAt` FROM `main`.`NhiemVu` WHERE `main`.`NhiemVu`.`id` IN (?) LIMIT ? OFFSET ?
prisma:query SELECT `main`.`DonVi`.`id`, `main`.`DonVi`.`ten`, `main`.`DonVi`.`loai`, `main`.`DonVi`.`parentId`, `main`.`DonVi`.`createdAt` FROM `main`.`DonVi` WHERE 1=1 ORDER BY `main`.`DonVi`.`loai` ASC, `main`.`DonVi`.`ten` ASC LIMIT ? OFFSET ?
 GET /api/nhiem-vu 200 in 59ms (next.js: 6ms, application-code: 53ms)
 GET /api/he-thong 200 in 67ms (next.js: 24ms, application-code: 44ms)
 GET /api/don-vi 200 in 68ms (next.js: 35ms, application-code: 33ms)
prisma:query SELECT `main`.`NhiemVu`.`id`, `main`.`NhiemVu`.`ma`, `main`.`NhiemVu`.`ten`, `main`.`NhiemVu`.`moTa`, `main`.`NhiemVu`.`donViChuTriId`, `main`.`NhiemVu`.`uuTien`, `main`.`NhiemVu`.`thoiHan`, `main`.`NhiemVu`.`giaiDoan`, `main`.`NhiemVu`.`kpi`, `main`.`NhiemVu`.`nguonKiemChung`, `main`.`NhiemVu`.`trangThai`, `main`.`NhiemVu`.`tienDo`, `main`.`NhiemVu`.`lop`, `main`.`NhiemVu`.`phuongAnXuLy`, `main`.`NhiemVu`.`ghiChu`, `main`.`NhiemVu`.`createdAt`, `main`.`NhiemVu`.`updatedAt` FROM `main`.`NhiemVu` WHERE 1=1 ORDER BY `main`.`NhiemVu`.`uuTien` ASC, `main`.`NhiemVu`.`thoiHan` ASC LIMIT ? OFFSET ?
prisma:query SELECT `main`.`DonVi`.`id`, `main`.`DonVi`.`ten`, `main`.`DonVi`.`loai`, `main`.`DonVi`.`parentId`, `main`.`DonVi`.`createdAt` FROM `main`.`DonVi` WHERE `main`.`DonVi`.`id` IN (?,?) LIMIT ? OFFSET ?
prisma:query SELECT `main`.`_HeThongNhiemVu`.`B`, `main`.`_HeThongNhiemVu`.`A` FROM `main`.`_HeThongNhiemVu` WHERE `main`.`_HeThongNhiemVu`.`B` IN (?,?,?,?,?,?,?,?)
prisma:query SELECT `main`.`HeThongSo`.`id`, `main`.`HeThongSo`.`ma`, `main`.`HeThongSo`.`ten`, `main`.`HeThongSo`.`loai`, `main`.`HeThongSo`.`lop`, `main`.`HeThongSo`.`moTa`, `main`.`HeThongSo`.`chuQuan`, `main`.`HeThongSo`.`trangThai`, `main`.`HeThongSo`.`namTrienKhai`, `main`.`HeThongSo`.`donViId`, `main`.`HeThongSo`.`createdAt`, `main`.`HeThongSo`.`updatedAt` FROM `main`.`HeThongSo` WHERE `main`.`HeThongSo`.`id` IN (?) LIMIT ? OFFSET ?
prisma:query SELECT `main`.`DonVi`.`id`, `main`.`DonVi`.`ten`, `main`.`DonVi`.`loai`, `main`.`DonVi`.`parentId`, `main`.`DonVi`.`createdAt` FROM `main`.`DonVi` WHERE 1=1 ORDER BY `main`.`DonVi`.`loai` ASC, `main`.`DonVi`.`ten` ASC LIMIT ? OFFSET ?
 GET /api/nhiem-vu 200 in 36ms (next.js: 6ms, application-code: 30ms)
 GET /api/don-vi 200 in 38ms (next.js: 16ms, application-code: 22ms)
prisma:query SELECT `main`.`HeThongSo`.`id`, `main`.`HeThongSo`.`ma`, `main`.`HeThongSo`.`ten`, `main`.`HeThongSo`.`loai`, `main`.`HeThongSo`.`lop`, `main`.`HeThongSo`.`moTa`, `main`.`HeThongSo`.`chuQuan`, `main`.`HeThongSo`.`trangThai`, `main`.`HeThongSo`.`namTrienKhai`, `main`.`HeThongSo`.`donViId`, `main`.`HeThongSo`.`createdAt`, `main`.`HeThongSo`.`updatedAt` FROM `main`.`HeThongSo` WHERE 1=1 ORDER BY `main`.`HeThongSo`.`lop` ASC, `main`.`HeThongSo`.`ma` ASC LIMIT ? OFFSET ?
prisma:query SELECT `main`.`DonVi`.`id`, `main`.`DonVi`.`ten`, `main`.`DonVi`.`loai`, `main`.`DonVi`.`parentId`, `main`.`DonVi`.`createdAt` FROM `main`.`DonVi` WHERE `main`.`DonVi`.`id` IN (?,?,?,?) LIMIT ? OFFSET ?
prisma:query SELECT `main`.`_HeThongNhiemVu`.`A`, `main`.`_HeThongNhiemVu`.`B` FROM `main`.`_HeThongNhiemVu` WHERE `main`.`_HeThongNhiemVu`.`A` IN (?,?,?,?,?,?,?,?,?,?,?,?,?,?,?,?,?,?,?,?,?,?,?,?,?,?,?,?,?,?,?,?,?,?,?,?,?,?,?,?,?,?,?,?,?,?,?,?,?,?,?,?,?,?,?,?,?,?,?,?,?,?,?,?,?,?,?,?,?,?,?,?,?,?,?,?,?,?,?,?,?,?,?,?,?,?,?,?,?,?,?,?,?,?,?,?,?,?,?,?,?,?,?,?,?,?,?,?,?,?,?,?,?,?,?,?,?,?,?,?,?,?,?,?,?,?,?,?,?,?,?,?,?,?,?,?,?,?,?,?,?,?,?,?,?,?,?,?,?,?,?,?,?,?,?,?,?,?,?,?,?,?,?,?,?,?,?,?,?,?,?,?,?,?,?,?,?,?,?,?,?,?,?,?,?,?,?,?,?,?,?,?,?,?,?,?,?,?,?,?,?,?,?,?,?,?,?,?,?,?,?,?,?,?,?,?,?,?,?,?,?,?,?,?,?,?,?,?,?,?,?,?,?,?,?,?,?,?,?,?,?,?,?,?,?,?,?,?,?,?,?,?,?,?,?,?,?,?,?,?,?,?,?,?,?,?,?,?,?,?,?,?,?,?,?,?,?,?,?,?,?,?,?,?,?,?,?,?,?,?,?,?,?,?,?,?,?,?,?,?,?,?,?,?,?,?,?,?,?,?,?,?,?,?,?,?,?,?,?,?,?,?,?,?,?,?,?,?,?,?,?,?,?,?,?,?,?,?,?,?,?,?,?,?,?,?,?,?,?,?,?,?,?,?,?,?,?,?,?,?,?,?,?,?,?,?,?,?,?,?,?,?,?,?,?,?,?,?,?,?,?,?,?,?,?,?,?,?,?)
prisma:query SELECT `main`.`NhiemVu`.`id`, `main`.`NhiemVu`.`ma`, `main`.`NhiemVu`.`ten`, `main`.`NhiemVu`.`moTa`, `main`.`NhiemVu`.`donViChuTriId`, `main`.`NhiemVu`.`uuTien`, `main`.`NhiemVu`.`thoiHan`, `main`.`NhiemVu`.`giaiDoan`, `main`.`NhiemVu`.`kpi`, `main`.`NhiemVu`.`nguonKiemChung`, `main`.`NhiemVu`.`trangThai`, `main`.`NhiemVu`.`tienDo`, `main`.`NhiemVu`.`lop`, `main`.`NhiemVu`.`phuongAnXuLy`, `main`.`NhiemVu`.`ghiChu`, `main`.`NhiemVu`.`createdAt`, `main`.`NhiemVu`.`updatedAt` FROM `main`.`NhiemVu` WHERE `main`.`NhiemVu`.`id` IN (?) LIMIT ? OFFSET ?
 GET /api/he-thong 200 in 57ms (next.js: 26ms, application-code: 31ms)
 GET /admin/he-thong 200 in 34ms (next.js: 7ms, application-code: 28ms)
prisma:query SELECT `main`.`HeThongSo`.`id`, `main`.`HeThongSo`.`ma`, `main`.`HeThongSo`.`ten`, `main`.`HeThongSo`.`loai`, `main`.`HeThongSo`.`lop`, `main`.`HeThongSo`.`moTa`, `main`.`HeThongSo`.`chuQuan`, `main`.`HeThongSo`.`trangThai`, `main`.`HeThongSo`.`namTrienKhai`, `main`.`HeThongSo`.`donViId`, `main`.`HeThongSo`.`createdAt`, `main`.`HeThongSo`.`updatedAt` FROM `main`.`HeThongSo` WHERE 1=1 ORDER BY `main`.`HeThongSo`.`lop` ASC, `main`.`HeThongSo`.`ma` ASC LIMIT ? OFFSET ?
prisma:query SELECT `main`.`DonVi`.`id`, `main`.`DonVi`.`ten`, `main`.`DonVi`.`loai`, `main`.`DonVi`.`parentId`, `main`.`DonVi`.`createdAt` FROM `main`.`DonVi` WHERE `main`.`DonVi`.`id` IN (?,?,?,?) LIMIT ? OFFSET ?
prisma:query SELECT `main`.`_HeThongNhiemVu`.`A`, `main`.`_HeThongNhiemVu`.`B` FROM `main`.`_HeThongNhiemVu` WHERE `main`.`_HeThongNhiemVu`.`A` IN (?,?,?,?,?,?,?,?,?,?,?,?,?,?,?,?,?,?,?,?,?,?,?,?,?,?,?,?,?,?,?,?,?,?,?,?,?,?,?,?,?,?,?,?,?,?,?,?,?,?,?,?,?,?,?,?,?,?,?,?,?,?,?,?,?,?,?,?,?,?,?,?,?,?,?,?,?,?,?,?,?,?,?,?,?,?,?,?,?,?,?,?,?,?,?,?,?,?,?,?,?,?,?,?,?,?,?,?,?,?,?,?,?,?,?,?,?,?,?,?,?,?,?,?,?,?,?,?,?,?,?,?,?,?,?,?,?,?,?,?,?,?,?,?,?,?,?,?,?,?,?,?,?,?,?,?,?,?,?,?,?,?,?,?,?,?,?,?,?,?,?,?,?,?,?,?,?,?,?,?,?,?,?,?,?,?,?,?,?,?,?,?,?,?,?,?,?,?,?,?,?,?,?,?,?,?,?,?,?,?,?,?,?,?,?,?,?,?,?,?,?,?,?,?,?,?,?,?,?,?,?,?,?,?,?,?,?,?,?,?,?,?,?,?,?,?,?,?,?,?,?,?,?,?,?,?,?,?,?,?,?,?,?,?,?,?,?,?,?,?,?,?,?,?,?,?,?,?,?,?,?,?,?,?,?,?,?,?,?,?,?,?,?,?,?,?,?,?,?,?,?,?,?,?,?,?,?,?,?,?,?,?,?,?,?,?,?,?,?,?,?,?,?,?,?,?,?,?,?,?,?,?,?,?,?,?,?,?,?,?,?,?,?,?,?,?,?,?,?,?,?,?,?,?,?,?,?,?,?,?,?,?,?,?,?,?,?,?,?,?,?,?,?,?,?,?,?,?,?,?,?,?,?,?,?,?,?,?,?)
prisma:query SELECT `main`.`NhiemVu`.`id`, `main`.`NhiemVu`.`ma`, `main`.`NhiemVu`.`ten`, `main`.`NhiemVu`.`moTa`, `main`.`NhiemVu`.`donViChuTriId`, `main`.`NhiemVu`.`uuTien`, `main`.`NhiemVu`.`thoiHan`, `main`.`NhiemVu`.`giaiDoan`, `main`.`NhiemVu`.`kpi`, `main`.`NhiemVu`.`nguonKiemChung`, `main`.`NhiemVu`.`trangThai`, `main`.`NhiemVu`.`tienDo`, `main`.`NhiemVu`.`lop`, `main`.`NhiemVu`.`phuongAnXuLy`, `main`.`NhiemVu`.`ghiChu`, `main`.`NhiemVu`.`createdAt`, `main`.`NhiemVu`.`updatedAt` FROM `main`.`NhiemVu` WHERE `main`.`NhiemVu`.`id` IN (?) LIMIT ? OFFSET ?
prisma:query SELECT 1
prisma:query SELECT `main`.`DonVi`.`id`, `main`.`DonVi`.`ten`, `main`.`DonVi`.`loai`, `main`.`DonVi`.`parentId`, `main`.`DonVi`.`createdAt` FROM `main`.`DonVi` WHERE 1=1 ORDER BY `main`.`DonVi`.`loai` ASC, `main`.`DonVi`.`ten` ASC LIMIT ? OFFSET ?
 GET /api/don-vi 200 in 30ms (next.js: 19ms, application-code: 11ms)
 GET /api/he-thong 200 in 41ms (next.js: 6ms, application-code: 35ms)
prisma:query SELECT `main`.`DonVi`.`id`, `main`.`DonVi`.`ten`, `main`.`DonVi`.`loai`, `main`.`DonVi`.`parentId`, `main`.`DonVi`.`createdAt` FROM `main`.`DonVi` WHERE 1=1 ORDER BY `main`.`DonVi`.`loai` ASC, `main`.`DonVi`.`ten` ASC LIMIT ? OFFSET ?
 GET /api/don-vi 200 in 16ms (next.js: 7ms, application-code: 9ms)
prisma:query SELECT `main`.`HeThongSo`.`id`, `main`.`HeThongSo`.`ma`, `main`.`HeThongSo`.`ten`, `main`.`HeThongSo`.`loai`, `main`.`HeThongSo`.`lop`, `main`.`HeThongSo`.`moTa`, `main`.`HeThongSo`.`chuQuan`, `main`.`HeThongSo`.`trangThai`, `main`.`HeThongSo`.`namTrienKhai`, `main`.`HeThongSo`.`donViId`, `main`.`HeThongSo`.`createdAt`, `main`.`HeThongSo`.`updatedAt` FROM `main`.`HeThongSo` WHERE 1=1 ORDER BY `main`.`HeThongSo`.`lop` ASC, `main`.`HeThongSo`.`ma` ASC LIMIT ? OFFSET ?
prisma:query SELECT `main`.`DonVi`.`id`, `main`.`DonVi`.`ten`, `main`.`DonVi`.`loai`, `main`.`DonVi`.`parentId`, `main`.`DonVi`.`createdAt` FROM `main`.`DonVi` WHERE `main`.`DonVi`.`id` IN (?,?,?,?) LIMIT ? OFFSET ?
prisma:query SELECT `main`.`_HeThongNhiemVu`.`A`, `main`.`_HeThongNhiemVu`.`B` FROM `main`.`_HeThongNhiemVu` WHERE `main`.`_HeThongNhiemVu`.`A` IN (?,?,?,?,?,?,?,?,?,?,?,?,?,?,?,?,?,?,?,?,?,?,?,?,?,?,?,?,?,?,?,?,?,?,?,?,?,?,?,?,?,?,?,?,?,?,?,?,?,?,?,?,?,?,?,?,?,?,?,?,?,?,?,?,?,?,?,?,?,?,?,?,?,?,?,?,?,?,?,?,?,?,?,?,?,?,?,?,?,?,?,?,?,?,?,?,?,?,?,?,?,?,?,?,?,?,?,?,?,?,?,?,?,?,?,?,?,?,?,?,?,?,?,?,?,?,?,?,?,?,?,?,?,?,?,?,?,?,?,?,?,?,?,?,?,?,?,?,?,?,?,?,?,?,?,?,?,?,?,?,?,?,?,?,?,?,?,?,?,?,?,?,?,?,?,?,?,?,?,?,?,?,?,?,?,?,?,?,?,?,?,?,?,?,?,?,?,?,?,?,?,?,?,?,?,?,?,?,?,?,?,?,?,?,?,?,?,?,?,?,?,?,?,?,?,?,?,?,?,?,?,?,?,?,?,?,?,?,?,?,?,?,?,?,?,?,?,?,?,?,?,?,?,?,?,?,?,?,?,?,?,?,?,?,?,?,?,?,?,?,?,?,?,?,?,?,?,?,?,?,?,?,?,?,?,?,?,?,?,?,?,?,?,?,?,?,?,?,?,?,?,?,?,?,?,?,?,?,?,?,?,?,?,?,?,?,?,?,?,?,?,?,?,?,?,?,?,?,?,?,?,?,?,?,?,?,?,?,?,?,?,?,?,?,?,?,?,?,?,?,?,?,?,?,?,?,?,?,?,?,?,?,?,?,?,?,?,?,?,?,?,?,?,?,?,?,?,?,?,?,?,?,?,?,?,?,?,?,?)
prisma:query SELECT `main`.`NhiemVu`.`id`, `main`.`NhiemVu`.`ma`, `main`.`NhiemVu`.`ten`, `main`.`NhiemVu`.`moTa`, `main`.`NhiemVu`.`donViChuTriId`, `main`.`NhiemVu`.`uuTien`, `main`.`NhiemVu`.`thoiHan`, `main`.`NhiemVu`.`giaiDoan`, `main`.`NhiemVu`.`kpi`, `main`.`NhiemVu`.`nguonKiemChung`, `main`.`NhiemVu`.`trangThai`, `main`.`NhiemVu`.`tienDo`, `main`.`NhiemVu`.`lop`, `main`.`NhiemVu`.`phuongAnXuLy`, `main`.`NhiemVu`.`ghiChu`, `main`.`NhiemVu`.`createdAt`, `main`.`NhiemVu`.`updatedAt` FROM `main`.`NhiemVu` WHERE `main`.`NhiemVu`.`id` IN (?) LIMIT ? OFFSET ?
 GET /api/he-thong 200 in 44ms (next.js: 6ms, application-code: 38ms)
 GET /admin/nhiem-vu 200 in 31ms (next.js: 7ms, application-code: 24ms)
prisma:query SELECT `main`.`NhiemVu`.`id`, `main`.`NhiemVu`.`ma`, `main`.`NhiemVu`.`ten`, `main`.`NhiemVu`.`moTa`, `main`.`NhiemVu`.`donViChuTriId`, `main`.`NhiemVu`.`uuTien`, `main`.`NhiemVu`.`thoiHan`, `main`.`NhiemVu`.`giaiDoan`, `main`.`NhiemVu`.`kpi`, `main`.`NhiemVu`.`nguonKiemChung`, `main`.`NhiemVu`.`trangThai`, `main`.`NhiemVu`.`tienDo`, `main`.`NhiemVu`.`lop`, `main`.`NhiemVu`.`phuongAnXuLy`, `main`.`NhiemVu`.`ghiChu`, `main`.`NhiemVu`.`createdAt`, `main`.`NhiemVu`.`updatedAt` FROM `main`.`NhiemVu` WHERE 1=1 ORDER BY `main`.`NhiemVu`.`uuTien` ASC, `main`.`NhiemVu`.`thoiHan` ASC LIMIT ? OFFSET ?
prisma:query SELECT `main`.`DonVi`.`id`, `main`.`DonVi`.`ten`, `main`.`DonVi`.`loai`, `main`.`DonVi`.`parentId`, `main`.`DonVi`.`createdAt` FROM `main`.`DonVi` WHERE `main`.`DonVi`.`id` IN (?,?) LIMIT ? OFFSET ?
prisma:query SELECT `main`.`_HeThongNhiemVu`.`B`, `main`.`_HeThongNhiemVu`.`A` FROM `main`.`_HeThongNhiemVu` WHERE `main`.`_HeThongNhiemVu`.`B` IN (?,?,?,?,?,?,?,?)
prisma:query SELECT `main`.`HeThongSo`.`id`, `main`.`HeThongSo`.`ma`, `main`.`HeThongSo`.`ten`, `main`.`HeThongSo`.`loai`, `main`.`HeThongSo`.`lop`, `main`.`HeThongSo`.`moTa`, `main`.`HeThongSo`.`chuQuan`, `main`.`HeThongSo`.`trangThai`, `main`.`HeThongSo`.`namTrienKhai`, `main`.`HeThongSo`.`donViId`, `main`.`HeThongSo`.`createdAt`, `main`.`HeThongSo`.`updatedAt` FROM `main`.`HeThongSo` WHERE `main`.`HeThongSo`.`id` IN (?) LIMIT ? OFFSET ?
prisma:query SELECT `main`.`DonVi`.`id`, `main`.`DonVi`.`ten`, `main`.`DonVi`.`loai`, `main`.`DonVi`.`parentId`, `main`.`DonVi`.`createdAt` FROM `main`.`DonVi` WHERE 1=1 ORDER BY `main`.`DonVi`.`loai` ASC, `main`.`DonVi`.`ten` ASC LIMIT ? OFFSET ?
 GET /api/nhiem-vu 200 in 38ms (next.js: 5ms, application-code: 33ms)
 GET /api/don-vi 200 in 41ms (next.js: 19ms, application-code: 22ms)
prisma:query SELECT `main`.`HeThongSo`.`id`, `main`.`HeThongSo`.`ma`, `main`.`HeThongSo`.`ten`, `main`.`HeThongSo`.`loai`, `main`.`HeThongSo`.`lop`, `main`.`HeThongSo`.`moTa`, `main`.`HeThongSo`.`chuQuan`, `main`.`HeThongSo`.`trangThai`, `main`.`HeThongSo`.`namTrienKhai`, `main`.`HeThongSo`.`donViId`, `main`.`HeThongSo`.`createdAt`, `main`.`HeThongSo`.`updatedAt` FROM `main`.`HeThongSo` WHERE 1=1 ORDER BY `main`.`HeThongSo`.`lop` ASC, `main`.`HeThongSo`.`ma` ASC LIMIT ? OFFSET ?
prisma:query SELECT `main`.`DonVi`.`id`, `main`.`DonVi`.`ten`, `main`.`DonVi`.`loai`, `main`.`DonVi`.`parentId`, `main`.`DonVi`.`createdAt` FROM `main`.`DonVi` WHERE `main`.`DonVi`.`id` IN (?,?,?,?) LIMIT ? OFFSET ?
prisma:query SELECT `main`.`_HeThongNhiemVu`.`A`, `main`.`_HeThongNhiemVu`.`B` FROM `main`.`_HeThongNhiemVu` WHERE `main`.`_HeThongNhiemVu`.`A` IN (?,?,?,?,?,?,?,?,?,?,?,?,?,?,?,?,?,?,?,?,?,?,?,?,?,?,?,?,?,?,?,?,?,?,?,?,?,?,?,?,?,?,?,?,?,?,?,?,?,?,?,?,?,?,?,?,?,?,?,?,?,?,?,?,?,?,?,?,?,?,?,?,?,?,?,?,?,?,?,?,?,?,?,?,?,?,?,?,?,?,?,?,?,?,?,?,?,?,?,?,?,?,?,?,?,?,?,?,?,?,?,?,?,?,?,?,?,?,?,?,?,?,?,?,?,?,?,?,?,?,?,?,?,?,?,?,?,?,?,?,?,?,?,?,?,?,?,?,?,?,?,?,?,?,?,?,?,?,?,?,?,?,?,?,?,?,?,?,?,?,?,?,?,?,?,?,?,?,?,?,?,?,?,?,?,?,?,?,?,?,?,?,?,?,?,?,?,?,?,?,?,?,?,?,?,?,?,?,?,?,?,?,?,?,?,?,?,?,?,?,?,?,?,?,?,?,?,?,?,?,?,?,?,?,?,?,?,?,?,?,?,?,?,?,?,?,?,?,?,?,?,?,?,?,?,?,?,?,?,?,?,?,?,?,?,?,?,?,?,?,?,?,?,?,?,?,?,?,?,?,?,?,?,?,?,?,?,?,?,?,?,?,?,?,?,?,?,?,?,?,?,?,?,?,?,?,?,?,?,?,?,?,?,?,?,?,?,?,?,?,?,?,?,?,?,?,?,?,?,?,?,?,?,?,?,?,?,?,?,?,?,?,?,?,?,?,?,?,?,?,?,?,?,?,?,?,?,?,?,?,?,?,?,?,?,?,?,?,?,?,?,?,?,?,?,?,?,?,?,?,?,?,?,?,?,?,?,?,?)
prisma:query SELECT `main`.`NhiemVu`.`id`, `main`.`NhiemVu`.`ma`, `main`.`NhiemVu`.`ten`, `main`.`NhiemVu`.`moTa`, `main`.`NhiemVu`.`donViChuTriId`, `main`.`NhiemVu`.`uuTien`, `main`.`NhiemVu`.`thoiHan`, `main`.`NhiemVu`.`giaiDoan`, `main`.`NhiemVu`.`kpi`, `main`.`NhiemVu`.`nguonKiemChung`, `main`.`NhiemVu`.`trangThai`, `main`.`NhiemVu`.`tienDo`, `main`.`NhiemVu`.`lop`, `main`.`NhiemVu`.`phuongAnXuLy`, `main`.`NhiemVu`.`ghiChu`, `main`.`NhiemVu`.`createdAt`, `main`.`NhiemVu`.`updatedAt` FROM `main`.`NhiemVu` WHERE `main`.`NhiemVu`.`id` IN (?) LIMIT ? OFFSET ?
 GET /api/he-thong 200 in 75ms (next.js: 27ms, application-code: 49ms)
prisma:query SELECT `main`.`NhiemVu`.`id`, `main`.`NhiemVu`.`ma`, `main`.`NhiemVu`.`ten`, `main`.`NhiemVu`.`moTa`, `main`.`NhiemVu`.`donViChuTriId`, `main`.`NhiemVu`.`uuTien`, `main`.`NhiemVu`.`thoiHan`, `main`.`NhiemVu`.`giaiDoan`, `main`.`NhiemVu`.`kpi`, `main`.`NhiemVu`.`nguonKiemChung`, `main`.`NhiemVu`.`trangThai`, `main`.`NhiemVu`.`tienDo`, `main`.`NhiemVu`.`lop`, `main`.`NhiemVu`.`phuongAnXuLy`, `main`.`NhiemVu`.`ghiChu`, `main`.`NhiemVu`.`createdAt`, `main`.`NhiemVu`.`updatedAt` FROM `main`.`NhiemVu` WHERE 1=1 ORDER BY `main`.`NhiemVu`.`uuTien` ASC, `main`.`NhiemVu`.`thoiHan` ASC LIMIT ? OFFSET ?
prisma:query SELECT `main`.`DonVi`.`id`, `main`.`DonVi`.`ten`, `main`.`DonVi`.`loai`, `main`.`DonVi`.`parentId`, `main`.`DonVi`.`createdAt` FROM `main`.`DonVi` WHERE `main`.`DonVi`.`id` IN (?,?) LIMIT ? OFFSET ?
prisma:query SELECT `main`.`_HeThongNhiemVu`.`B`, `main`.`_HeThongNhiemVu`.`A` FROM `main`.`_HeThongNhiemVu` WHERE `main`.`_HeThongNhiemVu`.`B` IN (?,?,?,?,?,?,?,?)
prisma:query SELECT `main`.`HeThongSo`.`id`, `main`.`HeThongSo`.`ma`, `main`.`HeThongSo`.`ten`, `main`.`HeThongSo`.`loai`, `main`.`HeThongSo`.`lop`, `main`.`HeThongSo`.`moTa`, `main`.`HeThongSo`.`chuQuan`, `main`.`HeThongSo`.`trangThai`, `main`.`HeThongSo`.`namTrienKhai`, `main`.`HeThongSo`.`donViId`, `main`.`HeThongSo`.`createdAt`, `main`.`HeThongSo`.`updatedAt` FROM `main`.`HeThongSo` WHERE `main`.`HeThongSo`.`id` IN (?) LIMIT ? OFFSET ?
prisma:query SELECT `main`.`DonVi`.`id`, `main`.`DonVi`.`ten`, `main`.`DonVi`.`loai`, `main`.`DonVi`.`parentId`, `main`.`DonVi`.`createdAt` FROM `main`.`DonVi` WHERE 1=1 ORDER BY `main`.`DonVi`.`loai` ASC, `main`.`DonVi`.`ten` ASC LIMIT ? OFFSET ?
 GET /api/nhiem-vu 200 in 33ms (next.js: 5ms, application-code: 28ms)
 GET /api/don-vi 200 in 33ms (next.js: 14ms, application-code: 19ms)
prisma:query SELECT `main`.`HeThongSo`.`id`, `main`.`HeThongSo`.`ma`, `main`.`HeThongSo`.`ten`, `main`.`HeThongSo`.`loai`, `main`.`HeThongSo`.`lop`, `main`.`HeThongSo`.`moTa`, `main`.`HeThongSo`.`chuQuan`, `main`.`HeThongSo`.`trangThai`, `main`.`HeThongSo`.`namTrienKhai`, `main`.`HeThongSo`.`donViId`, `main`.`HeThongSo`.`createdAt`, `main`.`HeThongSo`.`updatedAt` FROM `main`.`HeThongSo` WHERE 1=1 ORDER BY `main`.`HeThongSo`.`lop` ASC, `main`.`HeThongSo`.`ma` ASC LIMIT ? OFFSET ?
prisma:query SELECT `main`.`DonVi`.`id`, `main`.`DonVi`.`ten`, `main`.`DonVi`.`loai`, `main`.`DonVi`.`parentId`, `main`.`DonVi`.`createdAt` FROM `main`.`DonVi` WHERE `main`.`DonVi`.`id` IN (?,?,?,?) LIMIT ? OFFSET ?
prisma:query SELECT `main`.`_HeThongNhiemVu`.`A`, `main`.`_HeThongNhiemVu`.`B` FROM `main`.`_HeThongNhiemVu` WHERE `main`.`_HeThongNhiemVu`.`A` IN (?,?,?,?,?,?,?,?,?,?,?,?,?,?,?,?,?,?,?,?,?,?,?,?,?,?,?,?,?,?,?,?,?,?,?,?,?,?,?,?,?,?,?,?,?,?,?,?,?,?,?,?,?,?,?,?,?,?,?,?,?,?,?,?,?,?,?,?,?,?,?,?,?,?,?,?,?,?,?,?,?,?,?,?,?,?,?,?,?,?,?,?,?,?,?,?,?,?,?,?,?,?,?,?,?,?,?,?,?,?,?,?,?,?,?,?,?,?,?,?,?,?,?,?,?,?,?,?,?,?,?,?,?,?,?,?,?,?,?,?,?,?,?,?,?,?,?,?,?,?,?,?,?,?,?,?,?,?,?,?,?,?,?,?,?,?,?,?,?,?,?,?,?,?,?,?,?,?,?,?,?,?,?,?,?,?,?,?,?,?,?,?,?,?,?,?,?,?,?,?,?,?,?,?,?,?,?,?,?,?,?,?,?,?,?,?,?,?,?,?,?,?,?,?,?,?,?,?,?,?,?,?,?,?,?,?,?,?,?,?,?,?,?,?,?,?,?,?,?,?,?,?,?,?,?,?,?,?,?,?,?,?,?,?,?,?,?,?,?,?,?,?,?,?,?,?,?,?,?,?,?,?,?,?,?,?,?,?,?,?,?,?,?,?,?,?,?,?,?,?,?,?,?,?,?,?,?,?,?,?,?,?,?,?,?,?,?,?,?,?,?,?,?,?,?,?,?,?,?,?,?,?,?,?,?,?,?,?,?,?,?,?,?,?,?,?,?,?,?,?,?,?,?,?,?,?,?,?,?,?,?,?,?,?,?,?,?,?,?,?,?,?,?,?,?,?,?,?,?,?,?,?,?,?,?,?,?,?,?)
prisma:query SELECT `main`.`NhiemVu`.`id`, `main`.`NhiemVu`.`ma`, `main`.`NhiemVu`.`ten`, `main`.`NhiemVu`.`moTa`, `main`.`NhiemVu`.`donViChuTriId`, `main`.`NhiemVu`.`uuTien`, `main`.`NhiemVu`.`thoiHan`, `main`.`NhiemVu`.`giaiDoan`, `main`.`NhiemVu`.`kpi`, `main`.`NhiemVu`.`nguonKiemChung`, `main`.`NhiemVu`.`trangThai`, `main`.`NhiemVu`.`tienDo`, `main`.`NhiemVu`.`lop`, `main`.`NhiemVu`.`phuongAnXuLy`, `main`.`NhiemVu`.`ghiChu`, `main`.`NhiemVu`.`createdAt`, `main`.`NhiemVu`.`updatedAt` FROM `main`.`NhiemVu` WHERE `main`.`NhiemVu`.`id` IN (?) LIMIT ? OFFSET ?
 GET /api/he-thong 200 in 33ms (next.js: 5ms, application-code: 28ms)
 GET /api/auth/session 200 in 32ms (next.js: 15ms, application-code: 17ms)
 GET /api/auth/session 200 in 15ms (next.js: 3ms, application-code: 11ms)
✓ Compiled in 145ms
 GET /admin/nhiem-vu 200 in 79ms (next.js: 46ms, application-code: 33ms)
 GET /kts/hien-trang 200 in 81ms (next.js: 17ms, application-code: 64ms)
✓ Compiled in 118ms
 GET /admin/nhiem-vu 200 in 71ms (next.js: 16ms, application-code: 55ms)
 GET /kts/hien-trang 200 in 72ms (next.js: 40ms, application-code: 31ms)
✓ Compiled in 193ms
 GET /admin/nhiem-vu 200 in 72ms (next.js: 44ms, application-code: 28ms)
 GET /kts/hien-trang 200 in 75ms (next.js: 18ms, application-code: 57ms)
 GET /api/auth/session 200 in 38ms (next.js: 14ms, application-code: 24ms)
 GET /api/auth/session 200 in 16ms (next.js: 4ms, application-code: 12ms)
 GET /api/auth/session 200 in 36ms (next.js: 19ms, application-code: 17ms)
 GET /api/auth/session 200 in 21ms (next.js: 4ms, application-code: 16ms)
 GET /api/auth/session 200 in 50ms (next.js: 32ms, application-code: 18ms)
 GET /api/auth/session 200 in 18ms (next.js: 4ms, application-code: 13ms)
✓ Compiled in 113ms
 GET /admin/nhiem-vu 200 in 67ms (next.js: 39ms, application-code: 28ms)
 GET /kts/hien-trang 200 in 68ms (next.js: 12ms, application-code: 57ms)
 GET /kts/hien-trang 200 in 50ms (next.js: 4ms, application-code: 46ms)
 GET /kts/lo-trinh 200 in 63ms (next.js: 7ms, application-code: 56ms)
 GET /api/auth/session 200 in 32ms (next.js: 15ms, application-code: 18ms)
 GET /api/auth/session 200 in 17ms (next.js: 4ms, application-code: 13ms)
 GET /kts/hien-trang 200 in 60ms (next.js: 6ms, application-code: 55ms)
prisma:query SELECT 1
prisma:query SELECT `main`.`HeThongSo`.`id`, `main`.`HeThongSo`.`ma`, `main`.`HeThongSo`.`ten`, `main`.`HeThongSo`.`loai`, `main`.`HeThongSo`.`lop`, `main`.`HeThongSo`.`moTa`, `main`.`HeThongSo`.`chuQuan`, `main`.`HeThongSo`.`trangThai`, `main`.`HeThongSo`.`namTrienKhai`, `main`.`HeThongSo`.`donViId`, `main`.`HeThongSo`.`createdAt`, `main`.`HeThongSo`.`updatedAt` FROM `main`.`HeThongSo` WHERE 1=1 ORDER BY `main`.`HeThongSo`.`lop` ASC, `main`.`HeThongSo`.`ma` ASC LIMIT ? OFFSET ?
prisma:query SELECT `main`.`DonVi`.`id`, `main`.`DonVi`.`ten`, `main`.`DonVi`.`loai`, `main`.`DonVi`.`parentId`, `main`.`DonVi`.`createdAt` FROM `main`.`DonVi` WHERE `main`.`DonVi`.`id` IN (?,?,?,?) LIMIT ? OFFSET ?
prisma:query SELECT `main`.`_HeThongNhiemVu`.`A`, `main`.`_HeThongNhiemVu`.`B` FROM `main`.`_HeThongNhiemVu` WHERE `main`.`_HeThongNhiemVu`.`A` IN (?,?,?,?,?,?,?,?,?,?,?,?,?,?,?,?,?,?,?,?,?,?,?,?,?,?,?,?,?,?,?,?,?,?,?,?,?,?,?,?,?,?,?,?,?,?,?,?,?,?,?,?,?,?,?,?,?,?,?,?,?,?,?,?,?,?,?,?,?,?,?,?,?,?,?,?,?,?,?,?,?,?,?,?,?,?,?,?,?,?,?,?,?,?,?,?,?,?,?,?,?,?,?,?,?,?,?,?,?,?,?,?,?,?,?,?,?,?,?,?,?,?,?,?,?,?,?,?,?,?,?,?,?,?,?,?,?,?,?,?,?,?,?,?,?,?,?,?,?,?,?,?,?,?,?,?,?,?,?,?,?,?,?,?,?,?,?,?,?,?,?,?,?,?,?,?,?,?,?,?,?,?,?,?,?,?,?,?,?,?,?,?,?,?,?,?,?,?,?,?,?,?,?,?,?,?,?,?,?,?,?,?,?,?,?,?,?,?,?,?,?,?,?,?,?,?,?,?,?,?,?,?,?,?,?,?,?,?,?,?,?,?,?,?,?,?,?,?,?,?,?,?,?,?,?,?,?,?,?,?,?,?,?,?,?,?,?,?,?,?,?,?,?,?,?,?,?,?,?,?,?,?,?,?,?,?,?,?,?,?,?,?,?,?,?,?,?,?,?,?,?,?,?,?,?,?,?,?,?,?,?,?,?,?,?,?,?,?,?,?,?,?,?,?,?,?,?,?,?,?,?,?,?,?,?,?,?,?,?,?,?,?,?,?,?,?,?,?,?,?,?,?,?,?,?,?,?,?,?,?,?,?,?,?,?,?,?,?,?,?,?,?,?,?,?,?,?,?,?,?,?,?,?,?,?,?,?,?,?)
prisma:query SELECT `main`.`NhiemVu`.`id`, `main`.`NhiemVu`.`ma`, `main`.`NhiemVu`.`ten`, `main`.`NhiemVu`.`moTa`, `main`.`NhiemVu`.`donViChuTriId`, `main`.`NhiemVu`.`uuTien`, `main`.`NhiemVu`.`thoiHan`, `main`.`NhiemVu`.`giaiDoan`, `main`.`NhiemVu`.`kpi`, `main`.`NhiemVu`.`nguonKiemChung`, `main`.`NhiemVu`.`trangThai`, `main`.`NhiemVu`.`tienDo`, `main`.`NhiemVu`.`lop`, `main`.`NhiemVu`.`phuongAnXuLy`, `main`.`NhiemVu`.`ghiChu`, `main`.`NhiemVu`.`createdAt`, `main`.`NhiemVu`.`updatedAt` FROM `main`.`NhiemVu` WHERE `main`.`NhiemVu`.`id` IN (?) LIMIT ? OFFSET ?
 GET /api/he-thong 200 in 45ms (next.js: 5ms, application-code: 40ms)
prisma:query SELECT `main`.`HeThongSo`.`id`, `main`.`HeThongSo`.`ma`, `main`.`HeThongSo`.`ten`, `main`.`HeThongSo`.`loai`, `main`.`HeThongSo`.`lop`, `main`.`HeThongSo`.`moTa`, `main`.`HeThongSo`.`chuQuan`, `main`.`HeThongSo`.`trangThai`, `main`.`HeThongSo`.`namTrienKhai`, `main`.`HeThongSo`.`donViId`, `main`.`HeThongSo`.`createdAt`, `main`.`HeThongSo`.`updatedAt` FROM `main`.`HeThongSo` WHERE 1=1 ORDER BY `main`.`HeThongSo`.`lop` ASC, `main`.`HeThongSo`.`ma` ASC LIMIT ? OFFSET ?
prisma:query SELECT `main`.`DonVi`.`id`, `main`.`DonVi`.`ten`, `main`.`DonVi`.`loai`, `main`.`DonVi`.`parentId`, `main`.`DonVi`.`createdAt` FROM `main`.`DonVi` WHERE `main`.`DonVi`.`id` IN (?,?,?,?) LIMIT ? OFFSET ?
prisma:query SELECT `main`.`_HeThongNhiemVu`.`A`, `main`.`_HeThongNhiemVu`.`B` FROM `main`.`_HeThongNhiemVu` WHERE `main`.`_HeThongNhiemVu`.`A` IN (?,?,?,?,?,?,?,?,?,?,?,?,?,?,?,?,?,?,?,?,?,?,?,?,?,?,?,?,?,?,?,?,?,?,?,?,?,?,?,?,?,?,?,?,?,?,?,?,?,?,?,?,?,?,?,?,?,?,?,?,?,?,?,?,?,?,?,?,?,?,?,?,?,?,?,?,?,?,?,?,?,?,?,?,?,?,?,?,?,?,?,?,?,?,?,?,?,?,?,?,?,?,?,?,?,?,?,?,?,?,?,?,?,?,?,?,?,?,?,?,?,?,?,?,?,?,?,?,?,?,?,?,?,?,?,?,?,?,?,?,?,?,?,?,?,?,?,?,?,?,?,?,?,?,?,?,?,?,?,?,?,?,?,?,?,?,?,?,?,?,?,?,?,?,?,?,?,?,?,?,?,?,?,?,?,?,?,?,?,?,?,?,?,?,?,?,?,?,?,?,?,?,?,?,?,?,?,?,?,?,?,?,?,?,?,?,?,?,?,?,?,?,?,?,?,?,?,?,?,?,?,?,?,?,?,?,?,?,?,?,?,?,?,?,?,?,?,?,?,?,?,?,?,?,?,?,?,?,?,?,?,?,?,?,?,?,?,?,?,?,?,?,?,?,?,?,?,?,?,?,?,?,?,?,?,?,?,?,?,?,?,?,?,?,?,?,?,?,?,?,?,?,?,?,?,?,?,?,?,?,?,?,?,?,?,?,?,?,?,?,?,?,?,?,?,?,?,?,?,?,?,?,?,?,?,?,?,?,?,?,?,?,?,?,?,?,?,?,?,?,?,?,?,?,?,?,?,?,?,?,?,?,?,?,?,?,?,?,?,?,?,?,?,?,?,?,?,?,?,?,?,?,?,?,?,?,?,?,?)
prisma:query SELECT `main`.`NhiemVu`.`id`, `main`.`NhiemVu`.`ma`, `main`.`NhiemVu`.`ten`, `main`.`NhiemVu`.`moTa`, `main`.`NhiemVu`.`donViChuTriId`, `main`.`NhiemVu`.`uuTien`, `main`.`NhiemVu`.`thoiHan`, `main`.`NhiemVu`.`giaiDoan`, `main`.`NhiemVu`.`kpi`, `main`.`NhiemVu`.`nguonKiemChung`, `main`.`NhiemVu`.`trangThai`, `main`.`NhiemVu`.`tienDo`, `main`.`NhiemVu`.`lop`, `main`.`NhiemVu`.`phuongAnXuLy`, `main`.`NhiemVu`.`ghiChu`, `main`.`NhiemVu`.`createdAt`, `main`.`NhiemVu`.`updatedAt` FROM `main`.`NhiemVu` WHERE `main`.`NhiemVu`.`id` IN (?) LIMIT ? OFFSET ?
 GET /api/he-thong 200 in 45ms (next.js: 6ms, application-code: 39ms)
[browser] Warning: [antd: Modal] `destroyOnClose` is deprecated. Please use `destroyOnHidden` instead. 
    at Array.forEach (<anonymous>) (<anonymous>)
[browser] Warning: [antd: Descriptions] `labelStyle` is deprecated. Please use `styles.label` instead. 
    at Array.forEach (<anonymous>) (<anonymous>)
 GET /api/auth/session 200 in 29ms (next.js: 12ms, application-code: 17ms)
 GET /api/auth/session 200 in 14ms (next.js: 4ms, application-code: 10ms)
 GET /admin/he-thong 200 in 32ms (next.js: 8ms, application-code: 24ms)
prisma:query SELECT 1
prisma:query SELECT `main`.`HeThongSo`.`id`, `main`.`HeThongSo`.`ma`, `main`.`HeThongSo`.`ten`, `main`.`HeThongSo`.`loai`, `main`.`HeThongSo`.`lop`, `main`.`HeThongSo`.`moTa`, `main`.`HeThongSo`.`chuQuan`, `main`.`HeThongSo`.`trangThai`, `main`.`HeThongSo`.`namTrienKhai`, `main`.`HeThongSo`.`donViId`, `main`.`HeThongSo`.`createdAt`, `main`.`HeThongSo`.`updatedAt` FROM `main`.`HeThongSo` WHERE 1=1 ORDER BY `main`.`HeThongSo`.`lop` ASC, `main`.`HeThongSo`.`ma` ASC LIMIT ? OFFSET ?
prisma:query SELECT `main`.`DonVi`.`id`, `main`.`DonVi`.`ten`, `main`.`DonVi`.`loai`, `main`.`DonVi`.`parentId`, `main`.`DonVi`.`createdAt` FROM `main`.`DonVi` WHERE `main`.`DonVi`.`id` IN (?,?,?,?) LIMIT ? OFFSET ?
prisma:query SELECT `main`.`_HeThongNhiemVu`.`A`, `main`.`_HeThongNhiemVu`.`B` FROM `main`.`_HeThongNhiemVu` WHERE `main`.`_HeThongNhiemVu`.`A` IN (?,?,?,?,?,?,?,?,?,?,?,?,?,?,?,?,?,?,?,?,?,?,?,?,?,?,?,?,?,?,?,?,?,?,?,?,?,?,?,?,?,?,?,?,?,?,?,?,?,?,?,?,?,?,?,?,?,?,?,?,?,?,?,?,?,?,?,?,?,?,?,?,?,?,?,?,?,?,?,?,?,?,?,?,?,?,?,?,?,?,?,?,?,?,?,?,?,?,?,?,?,?,?,?,?,?,?,?,?,?,?,?,?,?,?,?,?,?,?,?,?,?,?,?,?,?,?,?,?,?,?,?,?,?,?,?,?,?,?,?,?,?,?,?,?,?,?,?,?,?,?,?,?,?,?,?,?,?,?,?,?,?,?,?,?,?,?,?,?,?,?,?,?,?,?,?,?,?,?,?,?,?,?,?,?,?,?,?,?,?,?,?,?,?,?,?,?,?,?,?,?,?,?,?,?,?,?,?,?,?,?,?,?,?,?,?,?,?,?,?,?,?,?,?,?,?,?,?,?,?,?,?,?,?,?,?,?,?,?,?,?,?,?,?,?,?,?,?,?,?,?,?,?,?,?,?,?,?,?,?,?,?,?,?,?,?,?,?,?,?,?,?,?,?,?,?,?,?,?,?,?,?,?,?,?,?,?,?,?,?,?,?,?,?,?,?,?,?,?,?,?,?,?,?,?,?,?,?,?,?,?,?,?,?,?,?,?,?,?,?,?,?,?,?,?,?,?,?,?,?,?,?,?,?,?,?,?,?,?,?,?,?,?,?,?,?,?,?,?,?,?,?,?,?,?,?,?,?,?,?,?,?,?,?,?,?,?,?,?,?,?,?,?,?,?,?,?,?,?,?,?,?,?,?,?,?,?,?,?)
prisma:query SELECT `main`.`NhiemVu`.`id`, `main`.`NhiemVu`.`ma`, `main`.`NhiemVu`.`ten`, `main`.`NhiemVu`.`moTa`, `main`.`NhiemVu`.`donViChuTriId`, `main`.`NhiemVu`.`uuTien`, `main`.`NhiemVu`.`thoiHan`, `main`.`NhiemVu`.`giaiDoan`, `main`.`NhiemVu`.`kpi`, `main`.`NhiemVu`.`nguonKiemChung`, `main`.`NhiemVu`.`trangThai`, `main`.`NhiemVu`.`tienDo`, `main`.`NhiemVu`.`lop`, `main`.`NhiemVu`.`phuongAnXuLy`, `main`.`NhiemVu`.`ghiChu`, `main`.`NhiemVu`.`createdAt`, `main`.`NhiemVu`.`updatedAt` FROM `main`.`NhiemVu` WHERE `main`.`NhiemVu`.`id` IN (?) LIMIT ? OFFSET ?
prisma:query SELECT 1
prisma:query SELECT `main`.`DonVi`.`id`, `main`.`DonVi`.`ten`, `main`.`DonVi`.`loai`, `main`.`DonVi`.`parentId`, `main`.`DonVi`.`createdAt` FROM `main`.`DonVi` WHERE 1=1 ORDER BY `main`.`DonVi`.`loai` ASC, `main`.`DonVi`.`ten` ASC LIMIT ? OFFSET ?
 GET /api/don-vi 200 in 38ms (next.js: 25ms, application-code: 13ms)
 GET /api/he-thong 200 in 47ms (next.js: 3ms, application-code: 44ms)
prisma:query SELECT `main`.`DonVi`.`id`, `main`.`DonVi`.`ten`, `main`.`DonVi`.`loai`, `main`.`DonVi`.`parentId`, `main`.`DonVi`.`createdAt` FROM `main`.`DonVi` WHERE 1=1 ORDER BY `main`.`DonVi`.`loai` ASC, `main`.`DonVi`.`ten` ASC LIMIT ? OFFSET ?
 GET /api/don-vi 200 in 13ms (next.js: 5ms, application-code: 8ms)
prisma:query SELECT `main`.`HeThongSo`.`id`, `main`.`HeThongSo`.`ma`, `main`.`HeThongSo`.`ten`, `main`.`HeThongSo`.`loai`, `main`.`HeThongSo`.`lop`, `main`.`HeThongSo`.`moTa`, `main`.`HeThongSo`.`chuQuan`, `main`.`HeThongSo`.`trangThai`, `main`.`HeThongSo`.`namTrienKhai`, `main`.`HeThongSo`.`donViId`, `main`.`HeThongSo`.`createdAt`, `main`.`HeThongSo`.`updatedAt` FROM `main`.`HeThongSo` WHERE 1=1 ORDER BY `main`.`HeThongSo`.`lop` ASC, `main`.`HeThongSo`.`ma` ASC LIMIT ? OFFSET ?
prisma:query SELECT `main`.`DonVi`.`id`, `main`.`DonVi`.`ten`, `main`.`DonVi`.`loai`, `main`.`DonVi`.`parentId`, `main`.`DonVi`.`createdAt` FROM `main`.`DonVi` WHERE `main`.`DonVi`.`id` IN (?,?,?,?) LIMIT ? OFFSET ?
prisma:query SELECT `main`.`_HeThongNhiemVu`.`A`, `main`.`_HeThongNhiemVu`.`B` FROM `main`.`_HeThongNhiemVu` WHERE `main`.`_HeThongNhiemVu`.`A` IN (?,?,?,?,?,?,?,?,?,?,?,?,?,?,?,?,?,?,?,?,?,?,?,?,?,?,?,?,?,?,?,?,?,?,?,?,?,?,?,?,?,?,?,?,?,?,?,?,?,?,?,?,?,?,?,?,?,?,?,?,?,?,?,?,?,?,?,?,?,?,?,?,?,?,?,?,?,?,?,?,?,?,?,?,?,?,?,?,?,?,?,?,?,?,?,?,?,?,?,?,?,?,?,?,?,?,?,?,?,?,?,?,?,?,?,?,?,?,?,?,?,?,?,?,?,?,?,?,?,?,?,?,?,?,?,?,?,?,?,?,?,?,?,?,?,?,?,?,?,?,?,?,?,?,?,?,?,?,?,?,?,?,?,?,?,?,?,?,?,?,?,?,?,?,?,?,?,?,?,?,?,?,?,?,?,?,?,?,?,?,?,?,?,?,?,?,?,?,?,?,?,?,?,?,?,?,?,?,?,?,?,?,?,?,?,?,?,?,?,?,?,?,?,?,?,?,?,?,?,?,?,?,?,?,?,?,?,?,?,?,?,?,?,?,?,?,?,?,?,?,?,?,?,?,?,?,?,?,?,?,?,?,?,?,?,?,?,?,?,?,?,?,?,?,?,?,?,?,?,?,?,?,?,?,?,?,?,?,?,?,?,?,?,?,?,?,?,?,?,?,?,?,?,?,?,?,?,?,?,?,?,?,?,?,?,?,?,?,?,?,?,?,?,?,?,?,?,?,?,?,?,?,?,?,?,?,?,?,?,?,?,?,?,?,?,?,?,?,?,?,?,?,?,?,?,?,?,?,?,?,?,?,?,?,?,?,?,?,?,?,?,?,?,?,?,?,?,?,?,?,?,?,?,?,?,?,?,?,?)
prisma:query SELECT `main`.`NhiemVu`.`id`, `main`.`NhiemVu`.`ma`, `main`.`NhiemVu`.`ten`, `main`.`NhiemVu`.`moTa`, `main`.`NhiemVu`.`donViChuTriId`, `main`.`NhiemVu`.`uuTien`, `main`.`NhiemVu`.`thoiHan`, `main`.`NhiemVu`.`giaiDoan`, `main`.`NhiemVu`.`kpi`, `main`.`NhiemVu`.`nguonKiemChung`, `main`.`NhiemVu`.`trangThai`, `main`.`NhiemVu`.`tienDo`, `main`.`NhiemVu`.`lop`, `main`.`NhiemVu`.`phuongAnXuLy`, `main`.`NhiemVu`.`ghiChu`, `main`.`NhiemVu`.`createdAt`, `main`.`NhiemVu`.`updatedAt` FROM `main`.`NhiemVu` WHERE `main`.`NhiemVu`.`id` IN (?) LIMIT ? OFFSET ?
 GET /api/he-thong 200 in 39ms (next.js: 7ms, application-code: 33ms)
 GET /kts/lo-trinh 200 in 32ms (next.js: 8ms, application-code: 24ms)
prisma:query SELECT 1
prisma:query SELECT `main`.`NhiemVu`.`id`, `main`.`NhiemVu`.`ma`, `main`.`NhiemVu`.`ten`, `main`.`NhiemVu`.`moTa`, `main`.`NhiemVu`.`donViChuTriId`, `main`.`NhiemVu`.`uuTien`, `main`.`NhiemVu`.`thoiHan`, `main`.`NhiemVu`.`giaiDoan`, `main`.`NhiemVu`.`kpi`, `main`.`NhiemVu`.`nguonKiemChung`, `main`.`NhiemVu`.`trangThai`, `main`.`NhiemVu`.`tienDo`, `main`.`NhiemVu`.`lop`, `main`.`NhiemVu`.`phuongAnXuLy`, `main`.`NhiemVu`.`ghiChu`, `main`.`NhiemVu`.`createdAt`, `main`.`NhiemVu`.`updatedAt` FROM `main`.`NhiemVu` WHERE 1=1 ORDER BY `main`.`NhiemVu`.`uuTien` ASC, `main`.`NhiemVu`.`thoiHan` ASC LIMIT ? OFFSET ?
prisma:query SELECT `main`.`DonVi`.`id`, `main`.`DonVi`.`ten`, `main`.`DonVi`.`loai`, `main`.`DonVi`.`parentId`, `main`.`DonVi`.`createdAt` FROM `main`.`DonVi` WHERE `main`.`DonVi`.`id` IN (?,?) LIMIT ? OFFSET ?
prisma:query SELECT `main`.`_HeThongNhiemVu`.`B`, `main`.`_HeThongNhiemVu`.`A` FROM `main`.`_HeThongNhiemVu` WHERE `main`.`_HeThongNhiemVu`.`B` IN (?,?,?,?,?,?,?,?)
prisma:query SELECT `main`.`HeThongSo`.`id`, `main`.`HeThongSo`.`ma`, `main`.`HeThongSo`.`ten`, `main`.`HeThongSo`.`loai`, `main`.`HeThongSo`.`lop`, `main`.`HeThongSo`.`moTa`, `main`.`HeThongSo`.`chuQuan`, `main`.`HeThongSo`.`trangThai`, `main`.`HeThongSo`.`namTrienKhai`, `main`.`HeThongSo`.`donViId`, `main`.`HeThongSo`.`createdAt`, `main`.`HeThongSo`.`updatedAt` FROM `main`.`HeThongSo` WHERE `main`.`HeThongSo`.`id` IN (?,?,?,?,?) LIMIT ? OFFSET ?
 GET /api/nhiem-vu 200 in 27ms (next.js: 12ms, application-code: 15ms)
prisma:query SELECT `main`.`NhiemVu`.`id`, `main`.`NhiemVu`.`ma`, `main`.`NhiemVu`.`ten`, `main`.`NhiemVu`.`moTa`, `main`.`NhiemVu`.`donViChuTriId`, `main`.`NhiemVu`.`uuTien`, `main`.`NhiemVu`.`thoiHan`, `main`.`NhiemVu`.`giaiDoan`, `main`.`NhiemVu`.`kpi`, `main`.`NhiemVu`.`nguonKiemChung`, `main`.`NhiemVu`.`trangThai`, `main`.`NhiemVu`.`tienDo`, `main`.`NhiemVu`.`lop`, `main`.`NhiemVu`.`phuongAnXuLy`, `main`.`NhiemVu`.`ghiChu`, `main`.`NhiemVu`.`createdAt`, `main`.`NhiemVu`.`updatedAt` FROM `main`.`NhiemVu` WHERE 1=1 ORDER BY `main`.`NhiemVu`.`uuTien` ASC, `main`.`NhiemVu`.`thoiHan` ASC LIMIT ? OFFSET ?
prisma:query SELECT `main`.`DonVi`.`id`, `main`.`DonVi`.`ten`, `main`.`DonVi`.`loai`, `main`.`DonVi`.`parentId`, `main`.`DonVi`.`createdAt` FROM `main`.`DonVi` WHERE `main`.`DonVi`.`id` IN (?,?) LIMIT ? OFFSET ?
prisma:query SELECT `main`.`_HeThongNhiemVu`.`B`, `main`.`_HeThongNhiemVu`.`A` FROM `main`.`_HeThongNhiemVu` WHERE `main`.`_HeThongNhiemVu`.`B` IN (?,?,?,?,?,?,?,?)
prisma:query SELECT `main`.`HeThongSo`.`id`, `main`.`HeThongSo`.`ma`, `main`.`HeThongSo`.`ten`, `main`.`HeThongSo`.`loai`, `main`.`HeThongSo`.`lop`, `main`.`HeThongSo`.`moTa`, `main`.`HeThongSo`.`chuQuan`, `main`.`HeThongSo`.`trangThai`, `main`.`HeThongSo`.`namTrienKhai`, `main`.`HeThongSo`.`donViId`, `main`.`HeThongSo`.`createdAt`, `main`.`HeThongSo`.`updatedAt` FROM `main`.`HeThongSo` WHERE `main`.`HeThongSo`.`id` IN (?,?,?,?,?) LIMIT ? OFFSET ?
 GET /api/nhiem-vu 200 in 16ms (next.js: 4ms, application-code: 12ms)
[browser] Warning: [antd: Timeline] `mode=left|right` is deprecated. Please use `mode=start|end` instead. 
[browser] Warning: [antd: Timeline] `items.label` is deprecated. Please use `items.title` instead. 
    at Array.forEach (<anonymous>) (<anonymous>)
[browser] Warning: [antd: Timeline] `items.children` is deprecated. Please use `items.content` instead. 
    at Array.forEach (<anonymous>) (<anonymous>)
 GET /kts/hien-trang 200 in 36ms (next.js: 8ms, application-code: 27ms)
prisma:query SELECT `main`.`HeThongSo`.`id`, `main`.`HeThongSo`.`ma`, `main`.`HeThongSo`.`ten`, `main`.`HeThongSo`.`loai`, `main`.`HeThongSo`.`lop`, `main`.`HeThongSo`.`moTa`, `main`.`HeThongSo`.`chuQuan`, `main`.`HeThongSo`.`trangThai`, `main`.`HeThongSo`.`namTrienKhai`, `main`.`HeThongSo`.`donViId`, `main`.`HeThongSo`.`createdAt`, `main`.`HeThongSo`.`updatedAt` FROM `main`.`HeThongSo` WHERE 1=1 ORDER BY `main`.`HeThongSo`.`lop` ASC, `main`.`HeThongSo`.`ma` ASC LIMIT ? OFFSET ?
prisma:query SELECT `main`.`DonVi`.`id`, `main`.`DonVi`.`ten`, `main`.`DonVi`.`loai`, `main`.`DonVi`.`parentId`, `main`.`DonVi`.`createdAt` FROM `main`.`DonVi` WHERE `main`.`DonVi`.`id` IN (?,?,?,?) LIMIT ? OFFSET ?
prisma:query SELECT `main`.`_HeThongNhiemVu`.`A`, `main`.`_HeThongNhiemVu`.`B` FROM `main`.`_HeThongNhiemVu` WHERE `main`.`_HeThongNhiemVu`.`A` IN (?,?,?,?,?,?,?,?,?,?,?,?,?,?,?,?,?,?,?,?,?,?,?,?,?,?,?,?,?,?,?,?,?,?,?,?,?,?,?,?,?,?,?,?,?,?,?,?,?,?,?,?,?,?,?,?,?,?,?,?,?,?,?,?,?,?,?,?,?,?,?,?,?,?,?,?,?,?,?,?,?,?,?,?,?,?,?,?,?,?,?,?,?,?,?,?,?,?,?,?,?,?,?,?,?,?,?,?,?,?,?,?,?,?,?,?,?,?,?,?,?,?,?,?,?,?,?,?,?,?,?,?,?,?,?,?,?,?,?,?,?,?,?,?,?,?,?,?,?,?,?,?,?,?,?,?,?,?,?,?,?,?,?,?,?,?,?,?,?,?,?,?,?,?,?,?,?,?,?,?,?,?,?,?,?,?,?,?,?,?,?,?,?,?,?,?,?,?,?,?,?,?,?,?,?,?,?,?,?,?,?,?,?,?,?,?,?,?,?,?,?,?,?,?,?,?,?,?,?,?,?,?,?,?,?,?,?,?,?,?,?,?,?,?,?,?,?,?,?,?,?,?,?,?,?,?,?,?,?,?,?,?,?,?,?,?,?,?,?,?,?,?,?,?,?,?,?,?,?,?,?,?,?,?,?,?,?,?,?,?,?,?,?,?,?,?,?,?,?,?,?,?,?,?,?,?,?,?,?,?,?,?,?,?,?,?,?,?,?,?,?,?,?,?,?,?,?,?,?,?,?,?,?,?,?,?,?,?,?,?,?,?,?,?,?,?,?,?,?,?,?,?,?,?,?,?,?,?,?,?,?,?,?,?,?,?,?,?,?,?,?,?,?,?,?,?,?,?,?,?,?,?,?,?,?,?,?,?,?)
prisma:query SELECT `main`.`NhiemVu`.`id`, `main`.`NhiemVu`.`ma`, `main`.`NhiemVu`.`ten`, `main`.`NhiemVu`.`moTa`, `main`.`NhiemVu`.`donViChuTriId`, `main`.`NhiemVu`.`uuTien`, `main`.`NhiemVu`.`thoiHan`, `main`.`NhiemVu`.`giaiDoan`, `main`.`NhiemVu`.`kpi`, `main`.`NhiemVu`.`nguonKiemChung`, `main`.`NhiemVu`.`trangThai`, `main`.`NhiemVu`.`tienDo`, `main`.`NhiemVu`.`lop`, `main`.`NhiemVu`.`phuongAnXuLy`, `main`.`NhiemVu`.`ghiChu`, `main`.`NhiemVu`.`createdAt`, `main`.`NhiemVu`.`updatedAt` FROM `main`.`NhiemVu` WHERE `main`.`NhiemVu`.`id` IN (?,?,?,?,?) LIMIT ? OFFSET ?
 GET /api/he-thong 200 in 36ms (next.js: 4ms, application-code: 32ms)
prisma:query SELECT `main`.`HeThongSo`.`id`, `main`.`HeThongSo`.`ma`, `main`.`HeThongSo`.`ten`, `main`.`HeThongSo`.`loai`, `main`.`HeThongSo`.`lop`, `main`.`HeThongSo`.`moTa`, `main`.`HeThongSo`.`chuQuan`, `main`.`HeThongSo`.`trangThai`, `main`.`HeThongSo`.`namTrienKhai`, `main`.`HeThongSo`.`donViId`, `main`.`HeThongSo`.`createdAt`, `main`.`HeThongSo`.`updatedAt` FROM `main`.`HeThongSo` WHERE 1=1 ORDER BY `main`.`HeThongSo`.`lop` ASC, `main`.`HeThongSo`.`ma` ASC LIMIT ? OFFSET ?
prisma:query SELECT `main`.`DonVi`.`id`, `main`.`DonVi`.`ten`, `main`.`DonVi`.`loai`, `main`.`DonVi`.`parentId`, `main`.`DonVi`.`createdAt` FROM `main`.`DonVi` WHERE `main`.`DonVi`.`id` IN (?,?,?,?) LIMIT ? OFFSET ?
prisma:query SELECT `main`.`_HeThongNhiemVu`.`A`, `main`.`_HeThongNhiemVu`.`B` FROM `main`.`_HeThongNhiemVu` WHERE `main`.`_HeThongNhiemVu`.`A` IN (?,?,?,?,?,?,?,?,?,?,?,?,?,?,?,?,?,?,?,?,?,?,?,?,?,?,?,?,?,?,?,?,?,?,?,?,?,?,?,?,?,?,?,?,?,?,?,?,?,?,?,?,?,?,?,?,?,?,?,?,?,?,?,?,?,?,?,?,?,?,?,?,?,?,?,?,?,?,?,?,?,?,?,?,?,?,?,?,?,?,?,?,?,?,?,?,?,?,?,?,?,?,?,?,?,?,?,?,?,?,?,?,?,?,?,?,?,?,?,?,?,?,?,?,?,?,?,?,?,?,?,?,?,?,?,?,?,?,?,?,?,?,?,?,?,?,?,?,?,?,?,?,?,?,?,?,?,?,?,?,?,?,?,?,?,?,?,?,?,?,?,?,?,?,?,?,?,?,?,?,?,?,?,?,?,?,?,?,?,?,?,?,?,?,?,?,?,?,?,?,?,?,?,?,?,?,?,?,?,?,?,?,?,?,?,?,?,?,?,?,?,?,?,?,?,?,?,?,?,?,?,?,?,?,?,?,?,?,?,?,?,?,?,?,?,?,?,?,?,?,?,?,?,?,?,?,?,?,?,?,?,?,?,?,?,?,?,?,?,?,?,?,?,?,?,?,?,?,?,?,?,?,?,?,?,?,?,?,?,?,?,?,?,?,?,?,?,?,?,?,?,?,?,?,?,?,?,?,?,?,?,?,?,?,?,?,?,?,?,?,?,?,?,?,?,?,?,?,?,?,?,?,?,?,?,?,?,?,?,?,?,?,?,?,?,?,?,?,?,?,?,?,?,?,?,?,?,?,?,?,?,?,?,?,?,?,?,?,?,?,?,?,?,?,?,?,?,?,?,?,?,?,?,?,?,?,?,?,?)
prisma:query SELECT `main`.`NhiemVu`.`id`, `main`.`NhiemVu`.`ma`, `main`.`NhiemVu`.`ten`, `main`.`NhiemVu`.`moTa`, `main`.`NhiemVu`.`donViChuTriId`, `main`.`NhiemVu`.`uuTien`, `main`.`NhiemVu`.`thoiHan`, `main`.`NhiemVu`.`giaiDoan`, `main`.`NhiemVu`.`kpi`, `main`.`NhiemVu`.`nguonKiemChung`, `main`.`NhiemVu`.`trangThai`, `main`.`NhiemVu`.`tienDo`, `main`.`NhiemVu`.`lop`, `main`.`NhiemVu`.`phuongAnXuLy`, `main`.`NhiemVu`.`ghiChu`, `main`.`NhiemVu`.`createdAt`, `main`.`NhiemVu`.`updatedAt` FROM `main`.`NhiemVu` WHERE `main`.`NhiemVu`.`id` IN (?,?,?,?,?) LIMIT ? OFFSET ?
 GET /api/he-thong 200 in 36ms (next.js: 5ms, application-code: 31ms)
 GET /kts/lo-trinh 200 in 20ms (next.js: 5ms, application-code: 15ms)
prisma:query SELECT 1
prisma:query SELECT `main`.`NhiemVu`.`id`, `main`.`NhiemVu`.`ma`, `main`.`NhiemVu`.`ten`, `main`.`NhiemVu`.`moTa`, `main`.`NhiemVu`.`donViChuTriId`, `main`.`NhiemVu`.`uuTien`, `main`.`NhiemVu`.`thoiHan`, `main`.`NhiemVu`.`giaiDoan`, `main`.`NhiemVu`.`kpi`, `main`.`NhiemVu`.`nguonKiemChung`, `main`.`NhiemVu`.`trangThai`, `main`.`NhiemVu`.`tienDo`, `main`.`NhiemVu`.`lop`, `main`.`NhiemVu`.`phuongAnXuLy`, `main`.`NhiemVu`.`ghiChu`, `main`.`NhiemVu`.`createdAt`, `main`.`NhiemVu`.`updatedAt` FROM `main`.`NhiemVu` WHERE 1=1 ORDER BY `main`.`NhiemVu`.`uuTien` ASC, `main`.`NhiemVu`.`thoiHan` ASC LIMIT ? OFFSET ?
prisma:query SELECT `main`.`DonVi`.`id`, `main`.`DonVi`.`ten`, `main`.`DonVi`.`loai`, `main`.`DonVi`.`parentId`, `main`.`DonVi`.`createdAt` FROM `main`.`DonVi` WHERE `main`.`DonVi`.`id` IN (?,?) LIMIT ? OFFSET ?
prisma:query SELECT `main`.`_HeThongNhiemVu`.`B`, `main`.`_HeThongNhiemVu`.`A` FROM `main`.`_HeThongNhiemVu` WHERE `main`.`_HeThongNhiemVu`.`B` IN (?,?,?,?,?,?,?,?)
prisma:query SELECT `main`.`HeThongSo`.`id`, `main`.`HeThongSo`.`ma`, `main`.`HeThongSo`.`ten`, `main`.`HeThongSo`.`loai`, `main`.`HeThongSo`.`lop`, `main`.`HeThongSo`.`moTa`, `main`.`HeThongSo`.`chuQuan`, `main`.`HeThongSo`.`trangThai`, `main`.`HeThongSo`.`namTrienKhai`, `main`.`HeThongSo`.`donViId`, `main`.`HeThongSo`.`createdAt`, `main`.`HeThongSo`.`updatedAt` FROM `main`.`HeThongSo` WHERE `main`.`HeThongSo`.`id` IN (?,?,?,?,?) LIMIT ? OFFSET ?
 GET /api/nhiem-vu 200 in 18ms (next.js: 5ms, application-code: 13ms)
prisma:query SELECT `main`.`NhiemVu`.`id`, `main`.`NhiemVu`.`ma`, `main`.`NhiemVu`.`ten`, `main`.`NhiemVu`.`moTa`, `main`.`NhiemVu`.`donViChuTriId`, `main`.`NhiemVu`.`uuTien`, `main`.`NhiemVu`.`thoiHan`, `main`.`NhiemVu`.`giaiDoan`, `main`.`NhiemVu`.`kpi`, `main`.`NhiemVu`.`nguonKiemChung`, `main`.`NhiemVu`.`trangThai`, `main`.`NhiemVu`.`tienDo`, `main`.`NhiemVu`.`lop`, `main`.`NhiemVu`.`phuongAnXuLy`, `main`.`NhiemVu`.`ghiChu`, `main`.`NhiemVu`.`createdAt`, `main`.`NhiemVu`.`updatedAt` FROM `main`.`NhiemVu` WHERE 1=1 ORDER BY `main`.`NhiemVu`.`uuTien` ASC, `main`.`NhiemVu`.`thoiHan` ASC LIMIT ? OFFSET ?
prisma:query SELECT `main`.`DonVi`.`id`, `main`.`DonVi`.`ten`, `main`.`DonVi`.`loai`, `main`.`DonVi`.`parentId`, `main`.`DonVi`.`createdAt` FROM `main`.`DonVi` WHERE `main`.`DonVi`.`id` IN (?,?) LIMIT ? OFFSET ?
prisma:query SELECT `main`.`_HeThongNhiemVu`.`B`, `main`.`_HeThongNhiemVu`.`A` FROM `main`.`_HeThongNhiemVu` WHERE `main`.`_HeThongNhiemVu`.`B` IN (?,?,?,?,?,?,?,?)
prisma:query SELECT `main`.`HeThongSo`.`id`, `main`.`HeThongSo`.`ma`, `main`.`HeThongSo`.`ten`, `main`.`HeThongSo`.`loai`, `main`.`HeThongSo`.`lop`, `main`.`HeThongSo`.`moTa`, `main`.`HeThongSo`.`chuQuan`, `main`.`HeThongSo`.`trangThai`, `main`.`HeThongSo`.`namTrienKhai`, `main`.`HeThongSo`.`donViId`, `main`.`HeThongSo`.`createdAt`, `main`.`HeThongSo`.`updatedAt` FROM `main`.`HeThongSo` WHERE `main`.`HeThongSo`.`id` IN (?,?,?,?,?) LIMIT ? OFFSET ?
 GET /api/nhiem-vu 200 in 16ms (next.js: 4ms, application-code: 12ms)
 GET /kts/hien-trang 200 in 34ms (next.js: 8ms, application-code: 25ms)
prisma:query SELECT 1
prisma:query SELECT `main`.`HeThongSo`.`id`, `main`.`HeThongSo`.`ma`, `main`.`HeThongSo`.`ten`, `main`.`HeThongSo`.`loai`, `main`.`HeThongSo`.`lop`, `main`.`HeThongSo`.`moTa`, `main`.`HeThongSo`.`chuQuan`, `main`.`HeThongSo`.`trangThai`, `main`.`HeThongSo`.`namTrienKhai`, `main`.`HeThongSo`.`donViId`, `main`.`HeThongSo`.`createdAt`, `main`.`HeThongSo`.`updatedAt` FROM `main`.`HeThongSo` WHERE 1=1 ORDER BY `main`.`HeThongSo`.`lop` ASC, `main`.`HeThongSo`.`ma` ASC LIMIT ? OFFSET ?
prisma:query SELECT `main`.`DonVi`.`id`, `main`.`DonVi`.`ten`, `main`.`DonVi`.`loai`, `main`.`DonVi`.`parentId`, `main`.`DonVi`.`createdAt` FROM `main`.`DonVi` WHERE `main`.`DonVi`.`id` IN (?,?,?,?) LIMIT ? OFFSET ?
prisma:query SELECT `main`.`_HeThongNhiemVu`.`A`, `main`.`_HeThongNhiemVu`.`B` FROM `main`.`_HeThongNhiemVu` WHERE `main`.`_HeThongNhiemVu`.`A` IN (?,?,?,?,?,?,?,?,?,?,?,?,?,?,?,?,?,?,?,?,?,?,?,?,?,?,?,?,?,?,?,?,?,?,?,?,?,?,?,?,?,?,?,?,?,?,?,?,?,?,?,?,?,?,?,?,?,?,?,?,?,?,?,?,?,?,?,?,?,?,?,?,?,?,?,?,?,?,?,?,?,?,?,?,?,?,?,?,?,?,?,?,?,?,?,?,?,?,?,?,?,?,?,?,?,?,?,?,?,?,?,?,?,?,?,?,?,?,?,?,?,?,?,?,?,?,?,?,?,?,?,?,?,?,?,?,?,?,?,?,?,?,?,?,?,?,?,?,?,?,?,?,?,?,?,?,?,?,?,?,?,?,?,?,?,?,?,?,?,?,?,?,?,?,?,?,?,?,?,?,?,?,?,?,?,?,?,?,?,?,?,?,?,?,?,?,?,?,?,?,?,?,?,?,?,?,?,?,?,?,?,?,?,?,?,?,?,?,?,?,?,?,?,?,?,?,?,?,?,?,?,?,?,?,?,?,?,?,?,?,?,?,?,?,?,?,?,?,?,?,?,?,?,?,?,?,?,?,?,?,?,?,?,?,?,?,?,?,?,?,?,?,?,?,?,?,?,?,?,?,?,?,?,?,?,?,?,?,?,?,?,?,?,?,?,?,?,?,?,?,?,?,?,?,?,?,?,?,?,?,?,?,?,?,?,?,?,?,?,?,?,?,?,?,?,?,?,?,?,?,?,?,?,?,?,?,?,?,?,?,?,?,?,?,?,?,?,?,?,?,?,?,?,?,?,?,?,?,?,?,?,?,?,?,?,?,?,?,?,?,?,?,?,?,?,?,?,?,?,?,?,?,?,?,?,?,?,?,?)
prisma:query SELECT `main`.`NhiemVu`.`id`, `main`.`NhiemVu`.`ma`, `main`.`NhiemVu`.`ten`, `main`.`NhiemVu`.`moTa`, `main`.`NhiemVu`.`donViChuTriId`, `main`.`NhiemVu`.`uuTien`, `main`.`NhiemVu`.`thoiHan`, `main`.`NhiemVu`.`giaiDoan`, `main`.`NhiemVu`.`kpi`, `main`.`NhiemVu`.`nguonKiemChung`, `main`.`NhiemVu`.`trangThai`, `main`.`NhiemVu`.`tienDo`, `main`.`NhiemVu`.`lop`, `main`.`NhiemVu`.`phuongAnXuLy`, `main`.`NhiemVu`.`ghiChu`, `main`.`NhiemVu`.`createdAt`, `main`.`NhiemVu`.`updatedAt` FROM `main`.`NhiemVu` WHERE `main`.`NhiemVu`.`id` IN (?,?,?,?,?) LIMIT ? OFFSET ?
 GET /api/he-thong 200 in 44ms (next.js: 5ms, application-code: 39ms)
prisma:query SELECT `main`.`HeThongSo`.`id`, `main`.`HeThongSo`.`ma`, `main`.`HeThongSo`.`ten`, `main`.`HeThongSo`.`loai`, `main`.`HeThongSo`.`lop`, `main`.`HeThongSo`.`moTa`, `main`.`HeThongSo`.`chuQuan`, `main`.`HeThongSo`.`trangThai`, `main`.`HeThongSo`.`namTrienKhai`, `main`.`HeThongSo`.`donViId`, `main`.`HeThongSo`.`createdAt`, `main`.`HeThongSo`.`updatedAt` FROM `main`.`HeThongSo` WHERE 1=1 ORDER BY `main`.`HeThongSo`.`lop` ASC, `main`.`HeThongSo`.`ma` ASC LIMIT ? OFFSET ?
prisma:query SELECT `main`.`DonVi`.`id`, `main`.`DonVi`.`ten`, `main`.`DonVi`.`loai`, `main`.`DonVi`.`parentId`, `main`.`DonVi`.`createdAt` FROM `main`.`DonVi` WHERE `main`.`DonVi`.`id` IN (?,?,?,?) LIMIT ? OFFSET ?
prisma:query SELECT `main`.`_HeThongNhiemVu`.`A`, `main`.`_HeThongNhiemVu`.`B` FROM `main`.`_HeThongNhiemVu` WHERE `main`.`_HeThongNhiemVu`.`A` IN (?,?,?,?,?,?,?,?,?,?,?,?,?,?,?,?,?,?,?,?,?,?,?,?,?,?,?,?,?,?,?,?,?,?,?,?,?,?,?,?,?,?,?,?,?,?,?,?,?,?,?,?,?,?,?,?,?,?,?,?,?,?,?,?,?,?,?,?,?,?,?,?,?,?,?,?,?,?,?,?,?,?,?,?,?,?,?,?,?,?,?,?,?,?,?,?,?,?,?,?,?,?,?,?,?,?,?,?,?,?,?,?,?,?,?,?,?,?,?,?,?,?,?,?,?,?,?,?,?,?,?,?,?,?,?,?,?,?,?,?,?,?,?,?,?,?,?,?,?,?,?,?,?,?,?,?,?,?,?,?,?,?,?,?,?,?,?,?,?,?,?,?,?,?,?,?,?,?,?,?,?,?,?,?,?,?,?,?,?,?,?,?,?,?,?,?,?,?,?,?,?,?,?,?,?,?,?,?,?,?,?,?,?,?,?,?,?,?,?,?,?,?,?,?,?,?,?,?,?,?,?,?,?,?,?,?,?,?,?,?,?,?,?,?,?,?,?,?,?,?,?,?,?,?,?,?,?,?,?,?,?,?,?,?,?,?,?,?,?,?,?,?,?,?,?,?,?,?,?,?,?,?,?,?,?,?,?,?,?,?,?,?,?,?,?,?,?,?,?,?,?,?,?,?,?,?,?,?,?,?,?,?,?,?,?,?,?,?,?,?,?,?,?,?,?,?,?,?,?,?,?,?,?,?,?,?,?,?,?,?,?,?,?,?,?,?,?,?,?,?,?,?,?,?,?,?,?,?,?,?,?,?,?,?,?,?,?,?,?,?,?,?,?,?,?,?,?,?,?,?,?,?,?,?,?,?,?,?,?)
prisma:query SELECT `main`.`NhiemVu`.`id`, `main`.`NhiemVu`.`ma`, `main`.`NhiemVu`.`ten`, `main`.`NhiemVu`.`moTa`, `main`.`NhiemVu`.`donViChuTriId`, `main`.`NhiemVu`.`uuTien`, `main`.`NhiemVu`.`thoiHan`, `main`.`NhiemVu`.`giaiDoan`, `main`.`NhiemVu`.`kpi`, `main`.`NhiemVu`.`nguonKiemChung`, `main`.`NhiemVu`.`trangThai`, `main`.`NhiemVu`.`tienDo`, `main`.`NhiemVu`.`lop`, `main`.`NhiemVu`.`phuongAnXuLy`, `main`.`NhiemVu`.`ghiChu`, `main`.`NhiemVu`.`createdAt`, `main`.`NhiemVu`.`updatedAt` FROM `main`.`NhiemVu` WHERE `main`.`NhiemVu`.`id` IN (?,?,?,?,?) LIMIT ? OFFSET ?
 GET /api/he-thong 200 in 36ms (next.js: 5ms, application-code: 32ms)
prisma:query SELECT 1
prisma:query SELECT `main`.`NhiemVu`.`id`, `main`.`NhiemVu`.`ma`, `main`.`NhiemVu`.`ten`, `main`.`NhiemVu`.`moTa`, `main`.`NhiemVu`.`donViChuTriId`, `main`.`NhiemVu`.`uuTien`, `main`.`NhiemVu`.`thoiHan`, `main`.`NhiemVu`.`giaiDoan`, `main`.`NhiemVu`.`kpi`, `main`.`NhiemVu`.`nguonKiemChung`, `main`.`NhiemVu`.`trangThai`, `main`.`NhiemVu`.`tienDo`, `main`.`NhiemVu`.`lop`, `main`.`NhiemVu`.`phuongAnXuLy`, `main`.`NhiemVu`.`ghiChu`, `main`.`NhiemVu`.`createdAt`, `main`.`NhiemVu`.`updatedAt` FROM `main`.`NhiemVu` WHERE 1=1 ORDER BY `main`.`NhiemVu`.`uuTien` ASC, `main`.`NhiemVu`.`thoiHan` ASC LIMIT ? OFFSET ?
prisma:query SELECT `main`.`DonVi`.`id`, `main`.`DonVi`.`ten`, `main`.`DonVi`.`loai`, `main`.`DonVi`.`parentId`, `main`.`DonVi`.`createdAt` FROM `main`.`DonVi` WHERE `main`.`DonVi`.`id` IN (?,?,?) LIMIT ? OFFSET ?
prisma:query SELECT `main`.`_HeThongNhiemVu`.`B`, `main`.`_HeThongNhiemVu`.`A` FROM `main`.`_HeThongNhiemVu` WHERE `main`.`_HeThongNhiemVu`.`B` IN (?,?,?,?,?,?,?,?,?)
prisma:query SELECT `main`.`HeThongSo`.`id`, `main`.`HeThongSo`.`ma`, `main`.`HeThongSo`.`ten`, `main`.`HeThongSo`.`loai`, `main`.`HeThongSo`.`lop`, `main`.`HeThongSo`.`moTa`, `main`.`HeThongSo`.`chuQuan`, `main`.`HeThongSo`.`trangThai`, `main`.`HeThongSo`.`namTrienKhai`, `main`.`HeThongSo`.`donViId`, `main`.`HeThongSo`.`createdAt`, `main`.`HeThongSo`.`updatedAt` FROM `main`.`HeThongSo` WHERE `main`.`HeThongSo`.`id` IN (?,?,?,?,?,?) LIMIT ? OFFSET ?
 GET /api/nhiem-vu 200 in 17ms (next.js: 4ms, application-code: 13ms)
 GET /kts/lo-trinh 200 in 31ms (next.js: 7ms, application-code: 24ms)
prisma:query SELECT 1
prisma:query SELECT `main`.`NhiemVu`.`id`, `main`.`NhiemVu`.`ma`, `main`.`NhiemVu`.`ten`, `main`.`NhiemVu`.`moTa`, `main`.`NhiemVu`.`donViChuTriId`, `main`.`NhiemVu`.`uuTien`, `main`.`NhiemVu`.`thoiHan`, `main`.`NhiemVu`.`giaiDoan`, `main`.`NhiemVu`.`kpi`, `main`.`NhiemVu`.`nguonKiemChung`, `main`.`NhiemVu`.`trangThai`, `main`.`NhiemVu`.`tienDo`, `main`.`NhiemVu`.`lop`, `main`.`NhiemVu`.`phuongAnXuLy`, `main`.`NhiemVu`.`ghiChu`, `main`.`NhiemVu`.`createdAt`, `main`.`NhiemVu`.`updatedAt` FROM `main`.`NhiemVu` WHERE 1=1 ORDER BY `main`.`NhiemVu`.`uuTien` ASC, `main`.`NhiemVu`.`thoiHan` ASC LIMIT ? OFFSET ?
prisma:query SELECT `main`.`DonVi`.`id`, `main`.`DonVi`.`ten`, `main`.`DonVi`.`loai`, `main`.`DonVi`.`parentId`, `main`.`DonVi`.`createdAt` FROM `main`.`DonVi` WHERE `main`.`DonVi`.`id` IN (?,?,?) LIMIT ? OFFSET ?
prisma:query SELECT `main`.`_HeThongNhiemVu`.`B`, `main`.`_HeThongNhiemVu`.`A` FROM `main`.`_HeThongNhiemVu` WHERE `main`.`_HeThongNhiemVu`.`B` IN (?,?,?,?,?,?,?,?,?)
prisma:query SELECT `main`.`HeThongSo`.`id`, `main`.`HeThongSo`.`ma`, `main`.`HeThongSo`.`ten`, `main`.`HeThongSo`.`loai`, `main`.`HeThongSo`.`lop`, `main`.`HeThongSo`.`moTa`, `main`.`HeThongSo`.`chuQuan`, `main`.`HeThongSo`.`trangThai`, `main`.`HeThongSo`.`namTrienKhai`, `main`.`HeThongSo`.`donViId`, `main`.`HeThongSo`.`createdAt`, `main`.`HeThongSo`.`updatedAt` FROM `main`.`HeThongSo` WHERE `main`.`HeThongSo`.`id` IN (?,?,?,?,?,?) LIMIT ? OFFSET ?
 GET /api/nhiem-vu 200 in 19ms (next.js: 5ms, application-code: 15ms)
prisma:query SELECT `main`.`NhiemVu`.`id`, `main`.`NhiemVu`.`ma`, `main`.`NhiemVu`.`ten`, `main`.`NhiemVu`.`moTa`, `main`.`NhiemVu`.`donViChuTriId`, `main`.`NhiemVu`.`uuTien`, `main`.`NhiemVu`.`thoiHan`, `main`.`NhiemVu`.`giaiDoan`, `main`.`NhiemVu`.`kpi`, `main`.`NhiemVu`.`nguonKiemChung`, `main`.`NhiemVu`.`trangThai`, `main`.`NhiemVu`.`tienDo`, `main`.`NhiemVu`.`lop`, `main`.`NhiemVu`.`phuongAnXuLy`, `main`.`NhiemVu`.`ghiChu`, `main`.`NhiemVu`.`createdAt`, `main`.`NhiemVu`.`updatedAt` FROM `main`.`NhiemVu` WHERE 1=1 ORDER BY `main`.`NhiemVu`.`uuTien` ASC, `main`.`NhiemVu`.`thoiHan` ASC LIMIT ? OFFSET ?
prisma:query SELECT `main`.`DonVi`.`id`, `main`.`DonVi`.`ten`, `main`.`DonVi`.`loai`, `main`.`DonVi`.`parentId`, `main`.`DonVi`.`createdAt` FROM `main`.`DonVi` WHERE `main`.`DonVi`.`id` IN (?,?,?) LIMIT ? OFFSET ?
prisma:query SELECT `main`.`_HeThongNhiemVu`.`B`, `main`.`_HeThongNhiemVu`.`A` FROM `main`.`_HeThongNhiemVu` WHERE `main`.`_HeThongNhiemVu`.`B` IN (?,?,?,?,?,?,?,?,?)
prisma:query SELECT `main`.`HeThongSo`.`id`, `main`.`HeThongSo`.`ma`, `main`.`HeThongSo`.`ten`, `main`.`HeThongSo`.`loai`, `main`.`HeThongSo`.`lop`, `main`.`HeThongSo`.`moTa`, `main`.`HeThongSo`.`chuQuan`, `main`.`HeThongSo`.`trangThai`, `main`.`HeThongSo`.`namTrienKhai`, `main`.`HeThongSo`.`donViId`, `main`.`HeThongSo`.`createdAt`, `main`.`HeThongSo`.`updatedAt` FROM `main`.`HeThongSo` WHERE `main`.`HeThongSo`.`id` IN (?,?,?,?,?,?) LIMIT ? OFFSET ?
 GET /api/nhiem-vu 200 in 21ms (next.js: 6ms, application-code: 15ms)
 GET /kts/hien-trang 200 in 39ms (next.js: 9ms, application-code: 30ms)
prisma:query SELECT 1
prisma:query SELECT `main`.`HeThongSo`.`id`, `main`.`HeThongSo`.`ma`, `main`.`HeThongSo`.`ten`, `main`.`HeThongSo`.`loai`, `main`.`HeThongSo`.`lop`, `main`.`HeThongSo`.`moTa`, `main`.`HeThongSo`.`chuQuan`, `main`.`HeThongSo`.`trangThai`, `main`.`HeThongSo`.`namTrienKhai`, `main`.`HeThongSo`.`donViId`, `main`.`HeThongSo`.`createdAt`, `main`.`HeThongSo`.`updatedAt` FROM `main`.`HeThongSo` WHERE 1=1 ORDER BY `main`.`HeThongSo`.`lop` ASC, `main`.`HeThongSo`.`ma` ASC LIMIT ? OFFSET ?
prisma:query SELECT `main`.`DonVi`.`id`, `main`.`DonVi`.`ten`, `main`.`DonVi`.`loai`, `main`.`DonVi`.`parentId`, `main`.`DonVi`.`createdAt` FROM `main`.`DonVi` WHERE `main`.`DonVi`.`id` IN (?,?,?,?) LIMIT ? OFFSET ?
prisma:query SELECT `main`.`_HeThongNhiemVu`.`A`, `main`.`_HeThongNhiemVu`.`B` FROM `main`.`_HeThongNhiemVu` WHERE `main`.`_HeThongNhiemVu`.`A` IN (?,?,?,?,?,?,?,?,?,?,?,?,?,?,?,?,?,?,?,?,?,?,?,?,?,?,?,?,?,?,?,?,?,?,?,?,?,?,?,?,?,?,?,?,?,?,?,?,?,?,?,?,?,?,?,?,?,?,?,?,?,?,?,?,?,?,?,?,?,?,?,?,?,?,?,?,?,?,?,?,?,?,?,?,?,?,?,?,?,?,?,?,?,?,?,?,?,?,?,?,?,?,?,?,?,?,?,?,?,?,?,?,?,?,?,?,?,?,?,?,?,?,?,?,?,?,?,?,?,?,?,?,?,?,?,?,?,?,?,?,?,?,?,?,?,?,?,?,?,?,?,?,?,?,?,?,?,?,?,?,?,?,?,?,?,?,?,?,?,?,?,?,?,?,?,?,?,?,?,?,?,?,?,?,?,?,?,?,?,?,?,?,?,?,?,?,?,?,?,?,?,?,?,?,?,?,?,?,?,?,?,?,?,?,?,?,?,?,?,?,?,?,?,?,?,?,?,?,?,?,?,?,?,?,?,?,?,?,?,?,?,?,?,?,?,?,?,?,?,?,?,?,?,?,?,?,?,?,?,?,?,?,?,?,?,?,?,?,?,?,?,?,?,?,?,?,?,?,?,?,?,?,?,?,?,?,?,?,?,?,?,?,?,?,?,?,?,?,?,?,?,?,?,?,?,?,?,?,?,?,?,?,?,?,?,?,?,?,?,?,?,?,?,?,?,?,?,?,?,?,?,?,?,?,?,?,?,?,?,?,?,?,?,?,?,?,?,?,?,?,?,?,?,?,?,?,?,?,?,?,?,?,?,?,?,?,?,?,?,?,?,?,?,?,?,?,?,?,?,?,?,?,?,?,?,?,?,?,?)
prisma:query SELECT `main`.`NhiemVu`.`id`, `main`.`NhiemVu`.`ma`, `main`.`NhiemVu`.`ten`, `main`.`NhiemVu`.`moTa`, `main`.`NhiemVu`.`donViChuTriId`, `main`.`NhiemVu`.`uuTien`, `main`.`NhiemVu`.`thoiHan`, `main`.`NhiemVu`.`giaiDoan`, `main`.`NhiemVu`.`kpi`, `main`.`NhiemVu`.`nguonKiemChung`, `main`.`NhiemVu`.`trangThai`, `main`.`NhiemVu`.`tienDo`, `main`.`NhiemVu`.`lop`, `main`.`NhiemVu`.`phuongAnXuLy`, `main`.`NhiemVu`.`ghiChu`, `main`.`NhiemVu`.`createdAt`, `main`.`NhiemVu`.`updatedAt` FROM `main`.`NhiemVu` WHERE `main`.`NhiemVu`.`id` IN (?,?,?,?,?,?) LIMIT ? OFFSET ?
 GET /api/he-thong 200 in 44ms (next.js: 5ms, application-code: 39ms)
prisma:query SELECT `main`.`HeThongSo`.`id`, `main`.`HeThongSo`.`ma`, `main`.`HeThongSo`.`ten`, `main`.`HeThongSo`.`loai`, `main`.`HeThongSo`.`lop`, `main`.`HeThongSo`.`moTa`, `main`.`HeThongSo`.`chuQuan`, `main`.`HeThongSo`.`trangThai`, `main`.`HeThongSo`.`namTrienKhai`, `main`.`HeThongSo`.`donViId`, `main`.`HeThongSo`.`createdAt`, `main`.`HeThongSo`.`updatedAt` FROM `main`.`HeThongSo` WHERE 1=1 ORDER BY `main`.`HeThongSo`.`lop` ASC, `main`.`HeThongSo`.`ma` ASC LIMIT ? OFFSET ?
prisma:query SELECT `main`.`DonVi`.`id`, `main`.`DonVi`.`ten`, `main`.`DonVi`.`loai`, `main`.`DonVi`.`parentId`, `main`.`DonVi`.`createdAt` FROM `main`.`DonVi` WHERE `main`.`DonVi`.`id` IN (?,?,?,?) LIMIT ? OFFSET ?
prisma:query SELECT `main`.`_HeThongNhiemVu`.`A`, `main`.`_HeThongNhiemVu`.`B` FROM `main`.`_HeThongNhiemVu` WHERE `main`.`_HeThongNhiemVu`.`A` IN (?,?,?,?,?,?,?,?,?,?,?,?,?,?,?,?,?,?,?,?,?,?,?,?,?,?,?,?,?,?,?,?,?,?,?,?,?,?,?,?,?,?,?,?,?,?,?,?,?,?,?,?,?,?,?,?,?,?,?,?,?,?,?,?,?,?,?,?,?,?,?,?,?,?,?,?,?,?,?,?,?,?,?,?,?,?,?,?,?,?,?,?,?,?,?,?,?,?,?,?,?,?,?,?,?,?,?,?,?,?,?,?,?,?,?,?,?,?,?,?,?,?,?,?,?,?,?,?,?,?,?,?,?,?,?,?,?,?,?,?,?,?,?,?,?,?,?,?,?,?,?,?,?,?,?,?,?,?,?,?,?,?,?,?,?,?,?,?,?,?,?,?,?,?,?,?,?,?,?,?,?,?,?,?,?,?,?,?,?,?,?,?,?,?,?,?,?,?,?,?,?,?,?,?,?,?,?,?,?,?,?,?,?,?,?,?,?,?,?,?,?,?,?,?,?,?,?,?,?,?,?,?,?,?,?,?,?,?,?,?,?,?,?,?,?,?,?,?,?,?,?,?,?,?,?,?,?,?,?,?,?,?,?,?,?,?,?,?,?,?,?,?,?,?,?,?,?,?,?,?,?,?,?,?,?,?,?,?,?,?,?,?,?,?,?,?,?,?,?,?,?,?,?,?,?,?,?,?,?,?,?,?,?,?,?,?,?,?,?,?,?,?,?,?,?,?,?,?,?,?,?,?,?,?,?,?,?,?,?,?,?,?,?,?,?,?,?,?,?,?,?,?,?,?,?,?,?,?,?,?,?,?,?,?,?,?,?,?,?,?,?,?,?,?,?,?,?,?,?,?,?,?,?,?,?,?,?,?,?)
prisma:query SELECT `main`.`NhiemVu`.`id`, `main`.`NhiemVu`.`ma`, `main`.`NhiemVu`.`ten`, `main`.`NhiemVu`.`moTa`, `main`.`NhiemVu`.`donViChuTriId`, `main`.`NhiemVu`.`uuTien`, `main`.`NhiemVu`.`thoiHan`, `main`.`NhiemVu`.`giaiDoan`, `main`.`NhiemVu`.`kpi`, `main`.`NhiemVu`.`nguonKiemChung`, `main`.`NhiemVu`.`trangThai`, `main`.`NhiemVu`.`tienDo`, `main`.`NhiemVu`.`lop`, `main`.`NhiemVu`.`phuongAnXuLy`, `main`.`NhiemVu`.`ghiChu`, `main`.`NhiemVu`.`createdAt`, `main`.`NhiemVu`.`updatedAt` FROM `main`.`NhiemVu` WHERE `main`.`NhiemVu`.`id` IN (?,?,?,?,?,?) LIMIT ? OFFSET ?
 GET /api/he-thong 200 in 34ms (next.js: 4ms, application-code: 29ms)
 GET / 200 in 230ms (next.js: 185ms, application-code: 45ms)
 GET /kts/hien-trang?lop=1 200 in 36ms (next.js: 7ms, application-code: 29ms)
prisma:query SELECT `main`.`HeThongSo`.`id`, `main`.`HeThongSo`.`ma`, `main`.`HeThongSo`.`ten`, `main`.`HeThongSo`.`loai`, `main`.`HeThongSo`.`lop`, `main`.`HeThongSo`.`moTa`, `main`.`HeThongSo`.`chuQuan`, `main`.`HeThongSo`.`trangThai`, `main`.`HeThongSo`.`namTrienKhai`, `main`.`HeThongSo`.`donViId`, `main`.`HeThongSo`.`createdAt`, `main`.`HeThongSo`.`updatedAt` FROM `main`.`HeThongSo` WHERE 1=1 ORDER BY `main`.`HeThongSo`.`lop` ASC, `main`.`HeThongSo`.`ma` ASC LIMIT ? OFFSET ?
prisma:query SELECT `main`.`DonVi`.`id`, `main`.`DonVi`.`ten`, `main`.`DonVi`.`loai`, `main`.`DonVi`.`parentId`, `main`.`DonVi`.`createdAt` FROM `main`.`DonVi` WHERE `main`.`DonVi`.`id` IN (?,?,?,?) LIMIT ? OFFSET ?
prisma:query SELECT `main`.`_HeThongNhiemVu`.`A`, `main`.`_HeThongNhiemVu`.`B` FROM `main`.`_HeThongNhiemVu` WHERE `main`.`_HeThongNhiemVu`.`A` IN (?,?,?,?,?,?,?,?,?,?,?,?,?,?,?,?,?,?,?,?,?,?,?,?,?,?,?,?,?,?,?,?,?,?,?,?,?,?,?,?,?,?,?,?,?,?,?,?,?,?,?,?,?,?,?,?,?,?,?,?,?,?,?,?,?,?,?,?,?,?,?,?,?,?,?,?,?,?,?,?,?,?,?,?,?,?,?,?,?,?,?,?,?,?,?,?,?,?,?,?,?,?,?,?,?,?,?,?,?,?,?,?,?,?,?,?,?,?,?,?,?,?,?,?,?,?,?,?,?,?,?,?,?,?,?,?,?,?,?,?,?,?,?,?,?,?,?,?,?,?,?,?,?,?,?,?,?,?,?,?,?,?,?,?,?,?,?,?,?,?,?,?,?,?,?,?,?,?,?,?,?,?,?,?,?,?,?,?,?,?,?,?,?,?,?,?,?,?,?,?,?,?,?,?,?,?,?,?,?,?,?,?,?,?,?,?,?,?,?,?,?,?,?,?,?,?,?,?,?,?,?,?,?,?,?,?,?,?,?,?,?,?,?,?,?,?,?,?,?,?,?,?,?,?,?,?,?,?,?,?,?,?,?,?,?,?,?,?,?,?,?,?,?,?,?,?,?,?,?,?,?,?,?,?,?,?,?,?,?,?,?,?,?,?,?,?,?,?,?,?,?,?,?,?,?,?,?,?,?,?,?,?,?,?,?,?,?,?,?,?,?,?,?,?,?,?,?,?,?,?,?,?,?,?,?,?,?,?,?,?,?,?,?,?,?,?,?,?,?,?,?,?,?,?,?,?,?,?,?,?,?,?,?,?,?,?,?,?,?,?,?,?,?,?,?,?,?,?,?,?,?,?,?,?,?,?,?,?,?)
prisma:query SELECT `main`.`NhiemVu`.`id`, `main`.`NhiemVu`.`ma`, `main`.`NhiemVu`.`ten`, `main`.`NhiemVu`.`moTa`, `main`.`NhiemVu`.`donViChuTriId`, `main`.`NhiemVu`.`uuTien`, `main`.`NhiemVu`.`thoiHan`, `main`.`NhiemVu`.`giaiDoan`, `main`.`NhiemVu`.`kpi`, `main`.`NhiemVu`.`nguonKiemChung`, `main`.`NhiemVu`.`trangThai`, `main`.`NhiemVu`.`tienDo`, `main`.`NhiemVu`.`lop`, `main`.`NhiemVu`.`phuongAnXuLy`, `main`.`NhiemVu`.`ghiChu`, `main`.`NhiemVu`.`createdAt`, `main`.`NhiemVu`.`updatedAt` FROM `main`.`NhiemVu` WHERE `main`.`NhiemVu`.`id` IN (?,?,?,?,?,?) LIMIT ? OFFSET ?
 GET /api/he-thong 200 in 36ms (next.js: 4ms, application-code: 31ms)
prisma:query SELECT `main`.`HeThongSo`.`id`, `main`.`HeThongSo`.`ma`, `main`.`HeThongSo`.`ten`, `main`.`HeThongSo`.`loai`, `main`.`HeThongSo`.`lop`, `main`.`HeThongSo`.`moTa`, `main`.`HeThongSo`.`chuQuan`, `main`.`HeThongSo`.`trangThai`, `main`.`HeThongSo`.`namTrienKhai`, `main`.`HeThongSo`.`donViId`, `main`.`HeThongSo`.`createdAt`, `main`.`HeThongSo`.`updatedAt` FROM `main`.`HeThongSo` WHERE 1=1 ORDER BY `main`.`HeThongSo`.`lop` ASC, `main`.`HeThongSo`.`ma` ASC LIMIT ? OFFSET ?
prisma:query SELECT `main`.`DonVi`.`id`, `main`.`DonVi`.`ten`, `main`.`DonVi`.`loai`, `main`.`DonVi`.`parentId`, `main`.`DonVi`.`createdAt` FROM `main`.`DonVi` WHERE `main`.`DonVi`.`id` IN (?,?,?,?) LIMIT ? OFFSET ?
prisma:query SELECT `main`.`_HeThongNhiemVu`.`A`, `main`.`_HeThongNhiemVu`.`B` FROM `main`.`_HeThongNhiemVu` WHERE `main`.`_HeThongNhiemVu`.`A` IN (?,?,?,?,?,?,?,?,?,?,?,?,?,?,?,?,?,?,?,?,?,?,?,?,?,?,?,?,?,?,?,?,?,?,?,?,?,?,?,?,?,?,?,?,?,?,?,?,?,?,?,?,?,?,?,?,?,?,?,?,?,?,?,?,?,?,?,?,?,?,?,?,?,?,?,?,?,?,?,?,?,?,?,?,?,?,?,?,?,?,?,?,?,?,?,?,?,?,?,?,?,?,?,?,?,?,?,?,?,?,?,?,?,?,?,?,?,?,?,?,?,?,?,?,?,?,?,?,?,?,?,?,?,?,?,?,?,?,?,?,?,?,?,?,?,?,?,?,?,?,?,?,?,?,?,?,?,?,?,?,?,?,?,?,?,?,?,?,?,?,?,?,?,?,?,?,?,?,?,?,?,?,?,?,?,?,?,?,?,?,?,?,?,?,?,?,?,?,?,?,?,?,?,?,?,?,?,?,?,?,?,?,?,?,?,?,?,?,?,?,?,?,?,?,?,?,?,?,?,?,?,?,?,?,?,?,?,?,?,?,?,?,?,?,?,?,?,?,?,?,?,?,?,?,?,?,?,?,?,?,?,?,?,?,?,?,?,?,?,?,?,?,?,?,?,?,?,?,?,?,?,?,?,?,?,?,?,?,?,?,?,?,?,?,?,?,?,?,?,?,?,?,?,?,?,?,?,?,?,?,?,?,?,?,?,?,?,?,?,?,?,?,?,?,?,?,?,?,?,?,?,?,?,?,?,?,?,?,?,?,?,?,?,?,?,?,?,?,?,?,?,?,?,?,?,?,?,?,?,?,?,?,?,?,?,?,?,?,?,?,?,?,?,?,?,?,?,?,?,?,?,?,?,?,?,?,?,?,?)
prisma:query SELECT `main`.`NhiemVu`.`id`, `main`.`NhiemVu`.`ma`, `main`.`NhiemVu`.`ten`, `main`.`NhiemVu`.`moTa`, `main`.`NhiemVu`.`donViChuTriId`, `main`.`NhiemVu`.`uuTien`, `main`.`NhiemVu`.`thoiHan`, `main`.`NhiemVu`.`giaiDoan`, `main`.`NhiemVu`.`kpi`, `main`.`NhiemVu`.`nguonKiemChung`, `main`.`NhiemVu`.`trangThai`, `main`.`NhiemVu`.`tienDo`, `main`.`NhiemVu`.`lop`, `main`.`NhiemVu`.`phuongAnXuLy`, `main`.`NhiemVu`.`ghiChu`, `main`.`NhiemVu`.`createdAt`, `main`.`NhiemVu`.`updatedAt` FROM `main`.`NhiemVu` WHERE `main`.`NhiemVu`.`id` IN (?,?,?,?,?,?) LIMIT ? OFFSET ?
 GET /api/he-thong 200 in 35ms (next.js: 6ms, application-code: 30ms)
 GET /api/auth/session 200 in 32ms (next.js: 15ms, application-code: 17ms)
 GET /api/auth/session 200 in 18ms (next.js: 4ms, application-code: 14ms)
 GET /admin/khung 200 in 61ms (next.js: 8ms, application-code: 53ms)
prisma:query SELECT 1
prisma:query SELECT `main`.`KhungKTS`.`id`, `main`.`KhungKTS`.`tenKhung`, `main`.`KhungKTS`.`phienBan`, `main`.`KhungKTS`.`ngayBanHanh`, `main`.`KhungKTS`.`giaiDoanApDung`, `main`.`KhungKTS`.`mucTieu`, `main`.`KhungKTS`.`boiCanh`, `main`.`KhungKTS`.`nguyenTac`, `main`.`KhungKTS`.`daiDienPhuTrach`, `main`.`KhungKTS`.`trangThai`, `main`.`KhungKTS`.`updatedAt`, `main`.`KhungKTS`.`createdAt` FROM `main`.`KhungKTS` WHERE 1=1 ORDER BY `main`.`KhungKTS`.`createdAt` DESC LIMIT ? OFFSET ?
 GET /api/kts 200 in 35ms (next.js: 5ms, application-code: 30ms)
prisma:query SELECT `main`.`KhungKTS`.`id`, `main`.`KhungKTS`.`tenKhung`, `main`.`KhungKTS`.`phienBan`, `main`.`KhungKTS`.`ngayBanHanh`, `main`.`KhungKTS`.`giaiDoanApDung`, `main`.`KhungKTS`.`mucTieu`, `main`.`KhungKTS`.`boiCanh`, `main`.`KhungKTS`.`nguyenTac`, `main`.`KhungKTS`.`daiDienPhuTrach`, `main`.`KhungKTS`.`trangThai`, `main`.`KhungKTS`.`updatedAt`, `main`.`KhungKTS`.`createdAt` FROM `main`.`KhungKTS` WHERE 1=1 ORDER BY `main`.`KhungKTS`.`createdAt` DESC LIMIT ? OFFSET ?
 GET /api/kts 200 in 13ms (next.js: 4ms, application-code: 9ms)
 GET /api/auth/session 200 in 38ms (next.js: 19ms, application-code: 19ms)
 GET /api/auth/session 200 in 19ms (next.js: 4ms, application-code: 15ms)
 GET /api/auth/session 200 in 30ms (next.js: 13ms, application-code: 17ms)
 GET /api/auth/session 200 in 17ms (next.js: 4ms, application-code: 14ms)
 GET /admin/he-thong 200 in 39ms (next.js: 8ms, application-code: 30ms)
prisma:query SELECT 1
prisma:query SELECT `main`.`HeThongSo`.`id`, `main`.`HeThongSo`.`ma`, `main`.`HeThongSo`.`ten`, `main`.`HeThongSo`.`loai`, `main`.`HeThongSo`.`lop`, `main`.`HeThongSo`.`moTa`, `main`.`HeThongSo`.`chuQuan`, `main`.`HeThongSo`.`trangThai`, `main`.`HeThongSo`.`namTrienKhai`, `main`.`HeThongSo`.`donViId`, `main`.`HeThongSo`.`createdAt`, `main`.`HeThongSo`.`updatedAt` FROM `main`.`HeThongSo` WHERE 1=1 ORDER BY `main`.`HeThongSo`.`lop` ASC, `main`.`HeThongSo`.`ma` ASC LIMIT ? OFFSET ?
prisma:query SELECT `main`.`DonVi`.`id`, `main`.`DonVi`.`ten`, `main`.`DonVi`.`loai`, `main`.`DonVi`.`parentId`, `main`.`DonVi`.`createdAt` FROM `main`.`DonVi` WHERE `main`.`DonVi`.`id` IN (?,?,?,?) LIMIT ? OFFSET ?
prisma:query SELECT `main`.`_HeThongNhiemVu`.`A`, `main`.`_HeThongNhiemVu`.`B` FROM `main`.`_HeThongNhiemVu` WHERE `main`.`_HeThongNhiemVu`.`A` IN (?,?,?,?,?,?,?,?,?,?,?,?,?,?,?,?,?,?,?,?,?,?,?,?,?,?,?,?,?,?,?,?,?,?,?,?,?,?,?,?,?,?,?,?,?,?,?,?,?,?,?,?,?,?,?,?,?,?,?,?,?,?,?,?,?,?,?,?,?,?,?,?,?,?,?,?,?,?,?,?,?,?,?,?,?,?,?,?,?,?,?,?,?,?,?,?,?,?,?,?,?,?,?,?,?,?,?,?,?,?,?,?,?,?,?,?,?,?,?,?,?,?,?,?,?,?,?,?,?,?,?,?,?,?,?,?,?,?,?,?,?,?,?,?,?,?,?,?,?,?,?,?,?,?,?,?,?,?,?,?,?,?,?,?,?,?,?,?,?,?,?,?,?,?,?,?,?,?,?,?,?,?,?,?,?,?,?,?,?,?,?,?,?,?,?,?,?,?,?,?,?,?,?,?,?,?,?,?,?,?,?,?,?,?,?,?,?,?,?,?,?,?,?,?,?,?,?,?,?,?,?,?,?,?,?,?,?,?,?,?,?,?,?,?,?,?,?,?,?,?,?,?,?,?,?,?,?,?,?,?,?,?,?,?,?,?,?,?,?,?,?,?,?,?,?,?,?,?,?,?,?,?,?,?,?,?,?,?,?,?,?,?,?,?,?,?,?,?,?,?,?,?,?,?,?,?,?,?,?,?,?,?,?,?,?,?,?,?,?,?,?,?,?,?,?,?,?,?,?,?,?,?,?,?,?,?,?,?,?,?,?,?,?,?,?,?,?,?,?,?,?,?,?,?,?,?,?,?,?,?,?,?,?,?,?,?,?,?,?,?,?,?,?,?,?,?,?,?,?,?,?,?,?,?,?,?,?,?,?)
prisma:query SELECT `main`.`NhiemVu`.`id`, `main`.`NhiemVu`.`ma`, `main`.`NhiemVu`.`ten`, `main`.`NhiemVu`.`moTa`, `main`.`NhiemVu`.`donViChuTriId`, `main`.`NhiemVu`.`uuTien`, `main`.`NhiemVu`.`thoiHan`, `main`.`NhiemVu`.`giaiDoan`, `main`.`NhiemVu`.`kpi`, `main`.`NhiemVu`.`nguonKiemChung`, `main`.`NhiemVu`.`trangThai`, `main`.`NhiemVu`.`tienDo`, `main`.`NhiemVu`.`lop`, `main`.`NhiemVu`.`phuongAnXuLy`, `main`.`NhiemVu`.`ghiChu`, `main`.`NhiemVu`.`createdAt`, `main`.`NhiemVu`.`updatedAt` FROM `main`.`NhiemVu` WHERE `main`.`NhiemVu`.`id` IN (?,?,?,?,?,?) LIMIT ? OFFSET ?
prisma:query SELECT 1
prisma:query SELECT `main`.`DonVi`.`id`, `main`.`DonVi`.`ten`, `main`.`DonVi`.`loai`, `main`.`DonVi`.`parentId`, `main`.`DonVi`.`createdAt` FROM `main`.`DonVi` WHERE 1=1 ORDER BY `main`.`DonVi`.`loai` ASC, `main`.`DonVi`.`ten` ASC LIMIT ? OFFSET ?
 GET /api/don-vi 200 in 36ms (next.js: 26ms, application-code: 10ms)
 GET /api/he-thong 200 in 46ms (next.js: 9ms, application-code: 37ms)
prisma:query SELECT `main`.`DonVi`.`id`, `main`.`DonVi`.`ten`, `main`.`DonVi`.`loai`, `main`.`DonVi`.`parentId`, `main`.`DonVi`.`createdAt` FROM `main`.`DonVi` WHERE 1=1 ORDER BY `main`.`DonVi`.`loai` ASC, `main`.`DonVi`.`ten` ASC LIMIT ? OFFSET ?
 GET /api/don-vi 200 in 15ms (next.js: 7ms, application-code: 8ms)
prisma:query SELECT `main`.`HeThongSo`.`id`, `main`.`HeThongSo`.`ma`, `main`.`HeThongSo`.`ten`, `main`.`HeThongSo`.`loai`, `main`.`HeThongSo`.`lop`, `main`.`HeThongSo`.`moTa`, `main`.`HeThongSo`.`chuQuan`, `main`.`HeThongSo`.`trangThai`, `main`.`HeThongSo`.`namTrienKhai`, `main`.`HeThongSo`.`donViId`, `main`.`HeThongSo`.`createdAt`, `main`.`HeThongSo`.`updatedAt` FROM `main`.`HeThongSo` WHERE 1=1 ORDER BY `main`.`HeThongSo`.`lop` ASC, `main`.`HeThongSo`.`ma` ASC LIMIT ? OFFSET ?
prisma:query SELECT `main`.`DonVi`.`id`, `main`.`DonVi`.`ten`, `main`.`DonVi`.`loai`, `main`.`DonVi`.`parentId`, `main`.`DonVi`.`createdAt` FROM `main`.`DonVi` WHERE `main`.`DonVi`.`id` IN (?,?,?,?) LIMIT ? OFFSET ?
prisma:query SELECT `main`.`_HeThongNhiemVu`.`A`, `main`.`_HeThongNhiemVu`.`B` FROM `main`.`_HeThongNhiemVu` WHERE `main`.`_HeThongNhiemVu`.`A` IN (?,?,?,?,?,?,?,?,?,?,?,?,?,?,?,?,?,?,?,?,?,?,?,?,?,?,?,?,?,?,?,?,?,?,?,?,?,?,?,?,?,?,?,?,?,?,?,?,?,?,?,?,?,?,?,?,?,?,?,?,?,?,?,?,?,?,?,?,?,?,?,?,?,?,?,?,?,?,?,?,?,?,?,?,?,?,?,?,?,?,?,?,?,?,?,?,?,?,?,?,?,?,?,?,?,?,?,?,?,?,?,?,?,?,?,?,?,?,?,?,?,?,?,?,?,?,?,?,?,?,?,?,?,?,?,?,?,?,?,?,?,?,?,?,?,?,?,?,?,?,?,?,?,?,?,?,?,?,?,?,?,?,?,?,?,?,?,?,?,?,?,?,?,?,?,?,?,?,?,?,?,?,?,?,?,?,?,?,?,?,?,?,?,?,?,?,?,?,?,?,?,?,?,?,?,?,?,?,?,?,?,?,?,?,?,?,?,?,?,?,?,?,?,?,?,?,?,?,?,?,?,?,?,?,?,?,?,?,?,?,?,?,?,?,?,?,?,?,?,?,?,?,?,?,?,?,?,?,?,?,?,?,?,?,?,?,?,?,?,?,?,?,?,?,?,?,?,?,?,?,?,?,?,?,?,?,?,?,?,?,?,?,?,?,?,?,?,?,?,?,?,?,?,?,?,?,?,?,?,?,?,?,?,?,?,?,?,?,?,?,?,?,?,?,?,?,?,?,?,?,?,?,?,?,?,?,?,?,?,?,?,?,?,?,?,?,?,?,?,?,?,?,?,?,?,?,?,?,?,?,?,?,?,?,?,?,?,?,?,?,?,?,?,?,?,?,?,?,?,?,?,?,?,?,?,?,?,?,?)
prisma:query SELECT `main`.`NhiemVu`.`id`, `main`.`NhiemVu`.`ma`, `main`.`NhiemVu`.`ten`, `main`.`NhiemVu`.`moTa`, `main`.`NhiemVu`.`donViChuTriId`, `main`.`NhiemVu`.`uuTien`, `main`.`NhiemVu`.`thoiHan`, `main`.`NhiemVu`.`giaiDoan`, `main`.`NhiemVu`.`kpi`, `main`.`NhiemVu`.`nguonKiemChung`, `main`.`NhiemVu`.`trangThai`, `main`.`NhiemVu`.`tienDo`, `main`.`NhiemVu`.`lop`, `main`.`NhiemVu`.`phuongAnXuLy`, `main`.`NhiemVu`.`ghiChu`, `main`.`NhiemVu`.`createdAt`, `main`.`NhiemVu`.`updatedAt` FROM `main`.`NhiemVu` WHERE `main`.`NhiemVu`.`id` IN (?,?,?,?,?,?) LIMIT ? OFFSET ?
 GET /api/he-thong 200 in 34ms (next.js: 5ms, application-code: 28ms)
 GET /kts/hien-trang 200 in 41ms (next.js: 8ms, application-code: 33ms)
prisma:query SELECT 1
prisma:query SELECT `main`.`HeThongSo`.`id`, `main`.`HeThongSo`.`ma`, `main`.`HeThongSo`.`ten`, `main`.`HeThongSo`.`loai`, `main`.`HeThongSo`.`lop`, `main`.`HeThongSo`.`moTa`, `main`.`HeThongSo`.`chuQuan`, `main`.`HeThongSo`.`trangThai`, `main`.`HeThongSo`.`namTrienKhai`, `main`.`HeThongSo`.`donViId`, `main`.`HeThongSo`.`createdAt`, `main`.`HeThongSo`.`updatedAt` FROM `main`.`HeThongSo` WHERE 1=1 ORDER BY `main`.`HeThongSo`.`lop` ASC, `main`.`HeThongSo`.`ma` ASC LIMIT ? OFFSET ?
prisma:query SELECT `main`.`DonVi`.`id`, `main`.`DonVi`.`ten`, `main`.`DonVi`.`loai`, `main`.`DonVi`.`parentId`, `main`.`DonVi`.`createdAt` FROM `main`.`DonVi` WHERE `main`.`DonVi`.`id` IN (?,?,?,?) LIMIT ? OFFSET ?
prisma:query SELECT `main`.`_HeThongNhiemVu`.`A`, `main`.`_HeThongNhiemVu`.`B` FROM `main`.`_HeThongNhiemVu` WHERE `main`.`_HeThongNhiemVu`.`A` IN (?,?,?,?,?,?,?,?,?,?,?,?,?,?,?,?,?,?,?,?,?,?,?,?,?,?,?,?,?,?,?,?,?,?,?,?,?,?,?,?,?,?,?,?,?,?,?,?,?,?,?,?,?,?,?,?,?,?,?,?,?,?,?,?,?,?,?,?,?,?,?,?,?,?,?,?,?,?,?,?,?,?,?,?,?,?,?,?,?,?,?,?,?,?,?,?,?,?,?,?,?,?,?,?,?,?,?,?,?,?,?,?,?,?,?,?,?,?,?,?,?,?,?,?,?,?,?,?,?,?,?,?,?,?,?,?,?,?,?,?,?,?,?,?,?,?,?,?,?,?,?,?,?,?,?,?,?,?,?,?,?,?,?,?,?,?,?,?,?,?,?,?,?,?,?,?,?,?,?,?,?,?,?,?,?,?,?,?,?,?,?,?,?,?,?,?,?,?,?,?,?,?,?,?,?,?,?,?,?,?,?,?,?,?,?,?,?,?,?,?,?,?,?,?,?,?,?,?,?,?,?,?,?,?,?,?,?,?,?,?,?,?,?,?,?,?,?,?,?,?,?,?,?,?,?,?,?,?,?,?,?,?,?,?,?,?,?,?,?,?,?,?,?,?,?,?,?,?,?,?,?,?,?,?,?,?,?,?,?,?,?,?,?,?,?,?,?,?,?,?,?,?,?,?,?,?,?,?,?,?,?,?,?,?,?,?,?,?,?,?,?,?,?,?,?,?,?,?,?,?,?,?,?,?,?,?,?,?,?,?,?,?,?,?,?,?,?,?,?,?,?,?,?,?,?,?,?,?,?,?,?,?,?,?,?,?,?,?,?,?,?,?,?,?,?,?,?,?,?,?,?,?,?,?,?,?,?,?,?)
prisma:query SELECT `main`.`NhiemVu`.`id`, `main`.`NhiemVu`.`ma`, `main`.`NhiemVu`.`ten`, `main`.`NhiemVu`.`moTa`, `main`.`NhiemVu`.`donViChuTriId`, `main`.`NhiemVu`.`uuTien`, `main`.`NhiemVu`.`thoiHan`, `main`.`NhiemVu`.`giaiDoan`, `main`.`NhiemVu`.`kpi`, `main`.`NhiemVu`.`nguonKiemChung`, `main`.`NhiemVu`.`trangThai`, `main`.`NhiemVu`.`tienDo`, `main`.`NhiemVu`.`lop`, `main`.`NhiemVu`.`phuongAnXuLy`, `main`.`NhiemVu`.`ghiChu`, `main`.`NhiemVu`.`createdAt`, `main`.`NhiemVu`.`updatedAt` FROM `main`.`NhiemVu` WHERE `main`.`NhiemVu`.`id` IN (?,?,?,?,?,?) LIMIT ? OFFSET ?
 GET /api/he-thong 200 in 40ms (next.js: 5ms, application-code: 35ms)
prisma:query SELECT `main`.`HeThongSo`.`id`, `main`.`HeThongSo`.`ma`, `main`.`HeThongSo`.`ten`, `main`.`HeThongSo`.`loai`, `main`.`HeThongSo`.`lop`, `main`.`HeThongSo`.`moTa`, `main`.`HeThongSo`.`chuQuan`, `main`.`HeThongSo`.`trangThai`, `main`.`HeThongSo`.`namTrienKhai`, `main`.`HeThongSo`.`donViId`, `main`.`HeThongSo`.`createdAt`, `main`.`HeThongSo`.`updatedAt` FROM `main`.`HeThongSo` WHERE 1=1 ORDER BY `main`.`HeThongSo`.`lop` ASC, `main`.`HeThongSo`.`ma` ASC LIMIT ? OFFSET ?
prisma:query SELECT `main`.`DonVi`.`id`, `main`.`DonVi`.`ten`, `main`.`DonVi`.`loai`, `main`.`DonVi`.`parentId`, `main`.`DonVi`.`createdAt` FROM `main`.`DonVi` WHERE `main`.`DonVi`.`id` IN (?,?,?,?) LIMIT ? OFFSET ?
prisma:query SELECT `main`.`_HeThongNhiemVu`.`A`, `main`.`_HeThongNhiemVu`.`B` FROM `main`.`_HeThongNhiemVu` WHERE `main`.`_HeThongNhiemVu`.`A` IN (?,?,?,?,?,?,?,?,?,?,?,?,?,?,?,?,?,?,?,?,?,?,?,?,?,?,?,?,?,?,?,?,?,?,?,?,?,?,?,?,?,?,?,?,?,?,?,?,?,?,?,?,?,?,?,?,?,?,?,?,?,?,?,?,?,?,?,?,?,?,?,?,?,?,?,?,?,?,?,?,?,?,?,?,?,?,?,?,?,?,?,?,?,?,?,?,?,?,?,?,?,?,?,?,?,?,?,?,?,?,?,?,?,?,?,?,?,?,?,?,?,?,?,?,?,?,?,?,?,?,?,?,?,?,?,?,?,?,?,?,?,?,?,?,?,?,?,?,?,?,?,?,?,?,?,?,?,?,?,?,?,?,?,?,?,?,?,?,?,?,?,?,?,?,?,?,?,?,?,?,?,?,?,?,?,?,?,?,?,?,?,?,?,?,?,?,?,?,?,?,?,?,?,?,?,?,?,?,?,?,?,?,?,?,?,?,?,?,?,?,?,?,?,?,?,?,?,?,?,?,?,?,?,?,?,?,?,?,?,?,?,?,?,?,?,?,?,?,?,?,?,?,?,?,?,?,?,?,?,?,?,?,?,?,?,?,?,?,?,?,?,?,?,?,?,?,?,?,?,?,?,?,?,?,?,?,?,?,?,?,?,?,?,?,?,?,?,?,?,?,?,?,?,?,?,?,?,?,?,?,?,?,?,?,?,?,?,?,?,?,?,?,?,?,?,?,?,?,?,?,?,?,?,?,?,?,?,?,?,?,?,?,?,?,?,?,?,?,?,?,?,?,?,?,?,?,?,?,?,?,?,?,?,?,?,?,?,?,?,?,?,?,?,?,?,?,?,?,?,?,?,?,?,?,?,?,?,?,?)
prisma:query SELECT `main`.`NhiemVu`.`id`, `main`.`NhiemVu`.`ma`, `main`.`NhiemVu`.`ten`, `main`.`NhiemVu`.`moTa`, `main`.`NhiemVu`.`donViChuTriId`, `main`.`NhiemVu`.`uuTien`, `main`.`NhiemVu`.`thoiHan`, `main`.`NhiemVu`.`giaiDoan`, `main`.`NhiemVu`.`kpi`, `main`.`NhiemVu`.`nguonKiemChung`, `main`.`NhiemVu`.`trangThai`, `main`.`NhiemVu`.`tienDo`, `main`.`NhiemVu`.`lop`, `main`.`NhiemVu`.`phuongAnXuLy`, `main`.`NhiemVu`.`ghiChu`, `main`.`NhiemVu`.`createdAt`, `main`.`NhiemVu`.`updatedAt` FROM `main`.`NhiemVu` WHERE `main`.`NhiemVu`.`id` IN (?,?,?,?,?,?) LIMIT ? OFFSET ?
 GET /api/he-thong 200 in 34ms (next.js: 4ms, application-code: 30ms)
 GET /admin/he-thong 200 in 72ms (next.js: 44ms, application-code: 28ms)
 GET /kts/hien-trang 200 in 72ms (next.js: 15ms, application-code: 57ms)
 GET /kts/lo-trinh 200 in 40ms (next.js: 8ms, application-code: 31ms)
prisma:query SELECT `main`.`NhiemVu`.`id`, `main`.`NhiemVu`.`ma`, `main`.`NhiemVu`.`ten`, `main`.`NhiemVu`.`moTa`, `main`.`NhiemVu`.`donViChuTriId`, `main`.`NhiemVu`.`uuTien`, `main`.`NhiemVu`.`thoiHan`, `main`.`NhiemVu`.`giaiDoan`, `main`.`NhiemVu`.`kpi`, `main`.`NhiemVu`.`nguonKiemChung`, `main`.`NhiemVu`.`trangThai`, `main`.`NhiemVu`.`tienDo`, `main`.`NhiemVu`.`lop`, `main`.`NhiemVu`.`phuongAnXuLy`, `main`.`NhiemVu`.`ghiChu`, `main`.`NhiemVu`.`createdAt`, `main`.`NhiemVu`.`updatedAt` FROM `main`.`NhiemVu` WHERE 1=1 ORDER BY `main`.`NhiemVu`.`uuTien` ASC, `main`.`NhiemVu`.`thoiHan` ASC LIMIT ? OFFSET ?
prisma:query SELECT `main`.`DonVi`.`id`, `main`.`DonVi`.`ten`, `main`.`DonVi`.`loai`, `main`.`DonVi`.`parentId`, `main`.`DonVi`.`createdAt` FROM `main`.`DonVi` WHERE `main`.`DonVi`.`id` IN (?,?,?) LIMIT ? OFFSET ?
prisma:query SELECT `main`.`_HeThongNhiemVu`.`B`, `main`.`_HeThongNhiemVu`.`A` FROM `main`.`_HeThongNhiemVu` WHERE `main`.`_HeThongNhiemVu`.`B` IN (?,?,?,?,?,?,?,?,?)
prisma:query SELECT `main`.`HeThongSo`.`id`, `main`.`HeThongSo`.`ma`, `main`.`HeThongSo`.`ten`, `main`.`HeThongSo`.`loai`, `main`.`HeThongSo`.`lop`, `main`.`HeThongSo`.`moTa`, `main`.`HeThongSo`.`chuQuan`, `main`.`HeThongSo`.`trangThai`, `main`.`HeThongSo`.`namTrienKhai`, `main`.`HeThongSo`.`donViId`, `main`.`HeThongSo`.`createdAt`, `main`.`HeThongSo`.`updatedAt` FROM `main`.`HeThongSo` WHERE `main`.`HeThongSo`.`id` IN (?,?,?,?,?,?) LIMIT ? OFFSET ?
 GET /api/nhiem-vu 200 in 21ms (next.js: 5ms, application-code: 16ms)
prisma:query SELECT `main`.`NhiemVu`.`id`, `main`.`NhiemVu`.`ma`, `main`.`NhiemVu`.`ten`, `main`.`NhiemVu`.`moTa`, `main`.`NhiemVu`.`donViChuTriId`, `main`.`NhiemVu`.`uuTien`, `main`.`NhiemVu`.`thoiHan`, `main`.`NhiemVu`.`giaiDoan`, `main`.`NhiemVu`.`kpi`, `main`.`NhiemVu`.`nguonKiemChung`, `main`.`NhiemVu`.`trangThai`, `main`.`NhiemVu`.`tienDo`, `main`.`NhiemVu`.`lop`, `main`.`NhiemVu`.`phuongAnXuLy`, `main`.`NhiemVu`.`ghiChu`, `main`.`NhiemVu`.`createdAt`, `main`.`NhiemVu`.`updatedAt` FROM `main`.`NhiemVu` WHERE 1=1 ORDER BY `main`.`NhiemVu`.`uuTien` ASC, `main`.`NhiemVu`.`thoiHan` ASC LIMIT ? OFFSET ?
prisma:query SELECT `main`.`DonVi`.`id`, `main`.`DonVi`.`ten`, `main`.`DonVi`.`loai`, `main`.`DonVi`.`parentId`, `main`.`DonVi`.`createdAt` FROM `main`.`DonVi` WHERE `main`.`DonVi`.`id` IN (?,?,?) LIMIT ? OFFSET ?
prisma:query SELECT `main`.`_HeThongNhiemVu`.`B`, `main`.`_HeThongNhiemVu`.`A` FROM `main`.`_HeThongNhiemVu` WHERE `main`.`_HeThongNhiemVu`.`B` IN (?,?,?,?,?,?,?,?,?)
prisma:query SELECT `main`.`HeThongSo`.`id`, `main`.`HeThongSo`.`ma`, `main`.`HeThongSo`.`ten`, `main`.`HeThongSo`.`loai`, `main`.`HeThongSo`.`lop`, `main`.`HeThongSo`.`moTa`, `main`.`HeThongSo`.`chuQuan`, `main`.`HeThongSo`.`trangThai`, `main`.`HeThongSo`.`namTrienKhai`, `main`.`HeThongSo`.`donViId`, `main`.`HeThongSo`.`createdAt`, `main`.`HeThongSo`.`updatedAt` FROM `main`.`HeThongSo` WHERE `main`.`HeThongSo`.`id` IN (?,?,?,?,?,?) LIMIT ? OFFSET ?
 GET /api/nhiem-vu 200 in 17ms (next.js: 6ms, application-code: 11ms)
 GET /kts/hien-trang 200 in 31ms (next.js: 6ms, application-code: 25ms)
prisma:query SELECT `main`.`HeThongSo`.`id`, `main`.`HeThongSo`.`ma`, `main`.`HeThongSo`.`ten`, `main`.`HeThongSo`.`loai`, `main`.`HeThongSo`.`lop`, `main`.`HeThongSo`.`moTa`, `main`.`HeThongSo`.`chuQuan`, `main`.`HeThongSo`.`trangThai`, `main`.`HeThongSo`.`namTrienKhai`, `main`.`HeThongSo`.`donViId`, `main`.`HeThongSo`.`createdAt`, `main`.`HeThongSo`.`updatedAt` FROM `main`.`HeThongSo` WHERE 1=1 ORDER BY `main`.`HeThongSo`.`lop` ASC, `main`.`HeThongSo`.`ma` ASC LIMIT ? OFFSET ?
prisma:query SELECT `main`.`DonVi`.`id`, `main`.`DonVi`.`ten`, `main`.`DonVi`.`loai`, `main`.`DonVi`.`parentId`, `main`.`DonVi`.`createdAt` FROM `main`.`DonVi` WHERE `main`.`DonVi`.`id` IN (?,?,?,?) LIMIT ? OFFSET ?
prisma:query SELECT `main`.`_HeThongNhiemVu`.`A`, `main`.`_HeThongNhiemVu`.`B` FROM `main`.`_HeThongNhiemVu` WHERE `main`.`_HeThongNhiemVu`.`A` IN (?,?,?,?,?,?,?,?,?,?,?,?,?,?,?,?,?,?,?,?,?,?,?,?,?,?,?,?,?,?,?,?,?,?,?,?,?,?,?,?,?,?,?,?,?,?,?,?,?,?,?,?,?,?,?,?,?,?,?,?,?,?,?,?,?,?,?,?,?,?,?,?,?,?,?,?,?,?,?,?,?,?,?,?,?,?,?,?,?,?,?,?,?,?,?,?,?,?,?,?,?,?,?,?,?,?,?,?,?,?,?,?,?,?,?,?,?,?,?,?,?,?,?,?,?,?,?,?,?,?,?,?,?,?,?,?,?,?,?,?,?,?,?,?,?,?,?,?,?,?,?,?,?,?,?,?,?,?,?,?,?,?,?,?,?,?,?,?,?,?,?,?,?,?,?,?,?,?,?,?,?,?,?,?,?,?,?,?,?,?,?,?,?,?,?,?,?,?,?,?,?,?,?,?,?,?,?,?,?,?,?,?,?,?,?,?,?,?,?,?,?,?,?,?,?,?,?,?,?,?,?,?,?,?,?,?,?,?,?,?,?,?,?,?,?,?,?,?,?,?,?,?,?,?,?,?,?,?,?,?,?,?,?,?,?,?,?,?,?,?,?,?,?,?,?,?,?,?,?,?,?,?,?,?,?,?,?,?,?,?,?,?,?,?,?,?,?,?,?,?,?,?,?,?,?,?,?,?,?,?,?,?,?,?,?,?,?,?,?,?,?,?,?,?,?,?,?,?,?,?,?,?,?,?,?,?,?,?,?,?,?,?,?,?,?,?,?,?,?,?,?,?,?,?,?,?,?,?,?,?,?,?,?,?,?,?,?,?,?,?,?,?,?,?,?,?,?,?,?,?,?,?,?,?,?,?,?,?,?)
prisma:query SELECT `main`.`NhiemVu`.`id`, `main`.`NhiemVu`.`ma`, `main`.`NhiemVu`.`ten`, `main`.`NhiemVu`.`moTa`, `main`.`NhiemVu`.`donViChuTriId`, `main`.`NhiemVu`.`uuTien`, `main`.`NhiemVu`.`thoiHan`, `main`.`NhiemVu`.`giaiDoan`, `main`.`NhiemVu`.`kpi`, `main`.`NhiemVu`.`nguonKiemChung`, `main`.`NhiemVu`.`trangThai`, `main`.`NhiemVu`.`tienDo`, `main`.`NhiemVu`.`lop`, `main`.`NhiemVu`.`phuongAnXuLy`, `main`.`NhiemVu`.`ghiChu`, `main`.`NhiemVu`.`createdAt`, `main`.`NhiemVu`.`updatedAt` FROM `main`.`NhiemVu` WHERE `main`.`NhiemVu`.`id` IN (?,?,?,?,?,?) LIMIT ? OFFSET ?
 GET /api/he-thong 200 in 40ms (next.js: 5ms, application-code: 35ms)
prisma:query SELECT `main`.`HeThongSo`.`id`, `main`.`HeThongSo`.`ma`, `main`.`HeThongSo`.`ten`, `main`.`HeThongSo`.`loai`, `main`.`HeThongSo`.`lop`, `main`.`HeThongSo`.`moTa`, `main`.`HeThongSo`.`chuQuan`, `main`.`HeThongSo`.`trangThai`, `main`.`HeThongSo`.`namTrienKhai`, `main`.`HeThongSo`.`donViId`, `main`.`HeThongSo`.`createdAt`, `main`.`HeThongSo`.`updatedAt` FROM `main`.`HeThongSo` WHERE 1=1 ORDER BY `main`.`HeThongSo`.`lop` ASC, `main`.`HeThongSo`.`ma` ASC LIMIT ? OFFSET ?
prisma:query SELECT `main`.`DonVi`.`id`, `main`.`DonVi`.`ten`, `main`.`DonVi`.`loai`, `main`.`DonVi`.`parentId`, `main`.`DonVi`.`createdAt` FROM `main`.`DonVi` WHERE `main`.`DonVi`.`id` IN (?,?,?,?) LIMIT ? OFFSET ?
prisma:query SELECT `main`.`_HeThongNhiemVu`.`A`, `main`.`_HeThongNhiemVu`.`B` FROM `main`.`_HeThongNhiemVu` WHERE `main`.`_HeThongNhiemVu`.`A` IN (?,?,?,?,?,?,?,?,?,?,?,?,?,?,?,?,?,?,?,?,?,?,?,?,?,?,?,?,?,?,?,?,?,?,?,?,?,?,?,?,?,?,?,?,?,?,?,?,?,?,?,?,?,?,?,?,?,?,?,?,?,?,?,?,?,?,?,?,?,?,?,?,?,?,?,?,?,?,?,?,?,?,?,?,?,?,?,?,?,?,?,?,?,?,?,?,?,?,?,?,?,?,?,?,?,?,?,?,?,?,?,?,?,?,?,?,?,?,?,?,?,?,?,?,?,?,?,?,?,?,?,?,?,?,?,?,?,?,?,?,?,?,?,?,?,?,?,?,?,?,?,?,?,?,?,?,?,?,?,?,?,?,?,?,?,?,?,?,?,?,?,?,?,?,?,?,?,?,?,?,?,?,?,?,?,?,?,?,?,?,?,?,?,?,?,?,?,?,?,?,?,?,?,?,?,?,?,?,?,?,?,?,?,?,?,?,?,?,?,?,?,?,?,?,?,?,?,?,?,?,?,?,?,?,?,?,?,?,?,?,?,?,?,?,?,?,?,?,?,?,?,?,?,?,?,?,?,?,?,?,?,?,?,?,?,?,?,?,?,?,?,?,?,?,?,?,?,?,?,?,?,?,?,?,?,?,?,?,?,?,?,?,?,?,?,?,?,?,?,?,?,?,?,?,?,?,?,?,?,?,?,?,?,?,?,?,?,?,?,?,?,?,?,?,?,?,?,?,?,?,?,?,?,?,?,?,?,?,?,?,?,?,?,?,?,?,?,?,?,?,?,?,?,?,?,?,?,?,?,?,?,?,?,?,?,?,?,?,?,?,?,?,?,?,?,?,?,?,?,?,?,?,?,?,?,?,?,?,?)
prisma:query SELECT `main`.`NhiemVu`.`id`, `main`.`NhiemVu`.`ma`, `main`.`NhiemVu`.`ten`, `main`.`NhiemVu`.`moTa`, `main`.`NhiemVu`.`donViChuTriId`, `main`.`NhiemVu`.`uuTien`, `main`.`NhiemVu`.`thoiHan`, `main`.`NhiemVu`.`giaiDoan`, `main`.`NhiemVu`.`kpi`, `main`.`NhiemVu`.`nguonKiemChung`, `main`.`NhiemVu`.`trangThai`, `main`.`NhiemVu`.`tienDo`, `main`.`NhiemVu`.`lop`, `main`.`NhiemVu`.`phuongAnXuLy`, `main`.`NhiemVu`.`ghiChu`, `main`.`NhiemVu`.`createdAt`, `main`.`NhiemVu`.`updatedAt` FROM `main`.`NhiemVu` WHERE `main`.`NhiemVu`.`id` IN (?,?,?,?,?,?) LIMIT ? OFFSET ?
 GET /api/he-thong 200 in 43ms (next.js: 4ms, application-code: 39ms)
 GET /admin/he-thong 200 in 1124ms (next.js: 9ms, application-code: 1115ms)
 GET /api/auth/session 200 in 35ms (next.js: 12ms, application-code: 23ms)
 GET /api/auth/session 200 in 17ms (next.js: 3ms, application-code: 13ms)
 GET /kts/lo-trinh 200 in 33ms (next.js: 7ms, application-code: 26ms)
prisma:query SELECT 1
prisma:query SELECT `main`.`NhiemVu`.`id`, `main`.`NhiemVu`.`ma`, `main`.`NhiemVu`.`ten`, `main`.`NhiemVu`.`moTa`, `main`.`NhiemVu`.`donViChuTriId`, `main`.`NhiemVu`.`uuTien`, `main`.`NhiemVu`.`thoiHan`, `main`.`NhiemVu`.`giaiDoan`, `main`.`NhiemVu`.`kpi`, `main`.`NhiemVu`.`nguonKiemChung`, `main`.`NhiemVu`.`trangThai`, `main`.`NhiemVu`.`tienDo`, `main`.`NhiemVu`.`lop`, `main`.`NhiemVu`.`phuongAnXuLy`, `main`.`NhiemVu`.`ghiChu`, `main`.`NhiemVu`.`createdAt`, `main`.`NhiemVu`.`updatedAt` FROM `main`.`NhiemVu` WHERE 1=1 ORDER BY `main`.`NhiemVu`.`uuTien` ASC, `main`.`NhiemVu`.`thoiHan` ASC LIMIT ? OFFSET ?
prisma:query SELECT `main`.`DonVi`.`id`, `main`.`DonVi`.`ten`, `main`.`DonVi`.`loai`, `main`.`DonVi`.`parentId`, `main`.`DonVi`.`createdAt` FROM `main`.`DonVi` WHERE `main`.`DonVi`.`id` IN (?,?,?) LIMIT ? OFFSET ?
prisma:query SELECT `main`.`_HeThongNhiemVu`.`B`, `main`.`_HeThongNhiemVu`.`A` FROM `main`.`_HeThongNhiemVu` WHERE `main`.`_HeThongNhiemVu`.`B` IN (?,?,?,?,?,?,?,?,?)
prisma:query SELECT `main`.`HeThongSo`.`id`, `main`.`HeThongSo`.`ma`, `main`.`HeThongSo`.`ten`, `main`.`HeThongSo`.`loai`, `main`.`HeThongSo`.`lop`, `main`.`HeThongSo`.`moTa`, `main`.`HeThongSo`.`chuQuan`, `main`.`HeThongSo`.`trangThai`, `main`.`HeThongSo`.`namTrienKhai`, `main`.`HeThongSo`.`donViId`, `main`.`HeThongSo`.`createdAt`, `main`.`HeThongSo`.`updatedAt` FROM `main`.`HeThongSo` WHERE `main`.`HeThongSo`.`id` IN (?,?,?,?,?,?) LIMIT ? OFFSET ?
 GET /api/nhiem-vu 200 in 18ms (next.js: 4ms, application-code: 14ms)
prisma:query SELECT `main`.`NhiemVu`.`id`, `main`.`NhiemVu`.`ma`, `main`.`NhiemVu`.`ten`, `main`.`NhiemVu`.`moTa`, `main`.`NhiemVu`.`donViChuTriId`, `main`.`NhiemVu`.`uuTien`, `main`.`NhiemVu`.`thoiHan`, `main`.`NhiemVu`.`giaiDoan`, `main`.`NhiemVu`.`kpi`, `main`.`NhiemVu`.`nguonKiemChung`, `main`.`NhiemVu`.`trangThai`, `main`.`NhiemVu`.`tienDo`, `main`.`NhiemVu`.`lop`, `main`.`NhiemVu`.`phuongAnXuLy`, `main`.`NhiemVu`.`ghiChu`, `main`.`NhiemVu`.`createdAt`, `main`.`NhiemVu`.`updatedAt` FROM `main`.`NhiemVu` WHERE 1=1 ORDER BY `main`.`NhiemVu`.`uuTien` ASC, `main`.`NhiemVu`.`thoiHan` ASC LIMIT ? OFFSET ?
prisma:query SELECT `main`.`DonVi`.`id`, `main`.`DonVi`.`ten`, `main`.`DonVi`.`loai`, `main`.`DonVi`.`parentId`, `main`.`DonVi`.`createdAt` FROM `main`.`DonVi` WHERE `main`.`DonVi`.`id` IN (?,?,?) LIMIT ? OFFSET ?
prisma:query SELECT `main`.`_HeThongNhiemVu`.`B`, `main`.`_HeThongNhiemVu`.`A` FROM `main`.`_HeThongNhiemVu` WHERE `main`.`_HeThongNhiemVu`.`B` IN (?,?,?,?,?,?,?,?,?)
prisma:query SELECT `main`.`HeThongSo`.`id`, `main`.`HeThongSo`.`ma`, `main`.`HeThongSo`.`ten`, `main`.`HeThongSo`.`loai`, `main`.`HeThongSo`.`lop`, `main`.`HeThongSo`.`moTa`, `main`.`HeThongSo`.`chuQuan`, `main`.`HeThongSo`.`trangThai`, `main`.`HeThongSo`.`namTrienKhai`, `main`.`HeThongSo`.`donViId`, `main`.`HeThongSo`.`createdAt`, `main`.`HeThongSo`.`updatedAt` FROM `main`.`HeThongSo` WHERE `main`.`HeThongSo`.`id` IN (?,?,?,?,?,?) LIMIT ? OFFSET ?
 GET /api/nhiem-vu 200 in 16ms (next.js: 4ms, application-code: 12ms)
✓ Compiled in 174ms
 GET /admin/he-thong 200 in 112ms (next.js: 66ms, application-code: 46ms)
 GET /kts/lo-trinh 200 in 115ms (next.js: 26ms, application-code: 89ms)
 GET /kts/hien-trang 200 in 76ms (next.js: 13ms, application-code: 63ms)
 GET /api/auth/session 200 in 35ms (next.js: 14ms, application-code: 21ms)
 GET /api/auth/session 200 in 16ms (next.js: 4ms, application-code: 12ms)
 GET /kts/hien-trang 200 in 35ms (next.js: 10ms, application-code: 26ms)
prisma:query SELECT 1
prisma:query SELECT `main`.`HeThongSo`.`id`, `main`.`HeThongSo`.`ma`, `main`.`HeThongSo`.`ten`, `main`.`HeThongSo`.`loai`, `main`.`HeThongSo`.`lop`, `main`.`HeThongSo`.`moTa`, `main`.`HeThongSo`.`chuQuan`, `main`.`HeThongSo`.`trangThai`, `main`.`HeThongSo`.`namTrienKhai`, `main`.`HeThongSo`.`donViId`, `main`.`HeThongSo`.`createdAt`, `main`.`HeThongSo`.`updatedAt` FROM `main`.`HeThongSo` WHERE 1=1 ORDER BY `main`.`HeThongSo`.`lop` ASC, `main`.`HeThongSo`.`ma` ASC LIMIT ? OFFSET ?
prisma:query SELECT `main`.`DonVi`.`id`, `main`.`DonVi`.`ten`, `main`.`DonVi`.`loai`, `main`.`DonVi`.`parentId`, `main`.`DonVi`.`createdAt` FROM `main`.`DonVi` WHERE `main`.`DonVi`.`id` IN (?,?,?,?) LIMIT ? OFFSET ?
prisma:query SELECT `main`.`_HeThongNhiemVu`.`A`, `main`.`_HeThongNhiemVu`.`B` FROM `main`.`_HeThongNhiemVu` WHERE `main`.`_HeThongNhiemVu`.`A` IN (?,?,?,?,?,?,?,?,?,?,?,?,?,?,?,?,?,?,?,?,?,?,?,?,?,?,?,?,?,?,?,?,?,?,?,?,?,?,?,?,?,?,?,?,?,?,?,?,?,?,?,?,?,?,?,?,?,?,?,?,?,?,?,?,?,?,?,?,?,?,?,?,?,?,?,?,?,?,?,?,?,?,?,?,?,?,?,?,?,?,?,?,?,?,?,?,?,?,?,?,?,?,?,?,?,?,?,?,?,?,?,?,?,?,?,?,?,?,?,?,?,?,?,?,?,?,?,?,?,?,?,?,?,?,?,?,?,?,?,?,?,?,?,?,?,?,?,?,?,?,?,?,?,?,?,?,?,?,?,?,?,?,?,?,?,?,?,?,?,?,?,?,?,?,?,?,?,?,?,?,?,?,?,?,?,?,?,?,?,?,?,?,?,?,?,?,?,?,?,?,?,?,?,?,?,?,?,?,?,?,?,?,?,?,?,?,?,?,?,?,?,?,?,?,?,?,?,?,?,?,?,?,?,?,?,?,?,?,?,?,?,?,?,?,?,?,?,?,?,?,?,?,?,?,?,?,?,?,?,?,?,?,?,?,?,?,?,?,?,?,?,?,?,?,?,?,?,?,?,?,?,?,?,?,?,?,?,?,?,?,?,?,?,?,?,?,?,?,?,?,?,?,?,?,?,?,?,?,?,?,?,?,?,?,?,?,?,?,?,?,?,?,?,?,?,?,?,?,?,?,?,?,?,?,?,?,?,?,?,?,?,?,?,?,?,?,?,?,?,?,?,?,?,?,?,?,?,?,?,?,?,?,?,?,?,?,?,?,?,?,?,?,?,?,?,?,?,?,?,?,?,?,?,?,?,?,?,?,?)
prisma:query SELECT `main`.`NhiemVu`.`id`, `main`.`NhiemVu`.`ma`, `main`.`NhiemVu`.`ten`, `main`.`NhiemVu`.`moTa`, `main`.`NhiemVu`.`donViChuTriId`, `main`.`NhiemVu`.`uuTien`, `main`.`NhiemVu`.`thoiHan`, `main`.`NhiemVu`.`giaiDoan`, `main`.`NhiemVu`.`kpi`, `main`.`NhiemVu`.`nguonKiemChung`, `main`.`NhiemVu`.`trangThai`, `main`.`NhiemVu`.`tienDo`, `main`.`NhiemVu`.`lop`, `main`.`NhiemVu`.`phuongAnXuLy`, `main`.`NhiemVu`.`ghiChu`, `main`.`NhiemVu`.`createdAt`, `main`.`NhiemVu`.`updatedAt` FROM `main`.`NhiemVu` WHERE `main`.`NhiemVu`.`id` IN (?,?,?,?,?,?) LIMIT ? OFFSET ?
 GET /api/he-thong 200 in 47ms (next.js: 7ms, application-code: 41ms)
prisma:query SELECT `main`.`HeThongSo`.`id`, `main`.`HeThongSo`.`ma`, `main`.`HeThongSo`.`ten`, `main`.`HeThongSo`.`loai`, `main`.`HeThongSo`.`lop`, `main`.`HeThongSo`.`moTa`, `main`.`HeThongSo`.`chuQuan`, `main`.`HeThongSo`.`trangThai`, `main`.`HeThongSo`.`namTrienKhai`, `main`.`HeThongSo`.`donViId`, `main`.`HeThongSo`.`createdAt`, `main`.`HeThongSo`.`updatedAt` FROM `main`.`HeThongSo` WHERE 1=1 ORDER BY `main`.`HeThongSo`.`lop` ASC, `main`.`HeThongSo`.`ma` ASC LIMIT ? OFFSET ?
prisma:query SELECT `main`.`DonVi`.`id`, `main`.`DonVi`.`ten`, `main`.`DonVi`.`loai`, `main`.`DonVi`.`parentId`, `main`.`DonVi`.`createdAt` FROM `main`.`DonVi` WHERE `main`.`DonVi`.`id` IN (?,?,?,?) LIMIT ? OFFSET ?
prisma:query SELECT `main`.`_HeThongNhiemVu`.`A`, `main`.`_HeThongNhiemVu`.`B` FROM `main`.`_HeThongNhiemVu` WHERE `main`.`_HeThongNhiemVu`.`A` IN (?,?,?,?,?,?,?,?,?,?,?,?,?,?,?,?,?,?,?,?,?,?,?,?,?,?,?,?,?,?,?,?,?,?,?,?,?,?,?,?,?,?,?,?,?,?,?,?,?,?,?,?,?,?,?,?,?,?,?,?,?,?,?,?,?,?,?,?,?,?,?,?,?,?,?,?,?,?,?,?,?,?,?,?,?,?,?,?,?,?,?,?,?,?,?,?,?,?,?,?,?,?,?,?,?,?,?,?,?,?,?,?,?,?,?,?,?,?,?,?,?,?,?,?,?,?,?,?,?,?,?,?,?,?,?,?,?,?,?,?,?,?,?,?,?,?,?,?,?,?,?,?,?,?,?,?,?,?,?,?,?,?,?,?,?,?,?,?,?,?,?,?,?,?,?,?,?,?,?,?,?,?,?,?,?,?,?,?,?,?,?,?,?,?,?,?,?,?,?,?,?,?,?,?,?,?,?,?,?,?,?,?,?,?,?,?,?,?,?,?,?,?,?,?,?,?,?,?,?,?,?,?,?,?,?,?,?,?,?,?,?,?,?,?,?,?,?,?,?,?,?,?,?,?,?,?,?,?,?,?,?,?,?,?,?,?,?,?,?,?,?,?,?,?,?,?,?,?,?,?,?,?,?,?,?,?,?,?,?,?,?,?,?,?,?,?,?,?,?,?,?,?,?,?,?,?,?,?,?,?,?,?,?,?,?,?,?,?,?,?,?,?,?,?,?,?,?,?,?,?,?,?,?,?,?,?,?,?,?,?,?,?,?,?,?,?,?,?,?,?,?,?,?,?,?,?,?,?,?,?,?,?,?,?,?,?,?,?,?,?,?,?,?,?,?,?,?,?,?,?,?,?,?,?,?,?,?,?,?)
prisma:query SELECT `main`.`NhiemVu`.`id`, `main`.`NhiemVu`.`ma`, `main`.`NhiemVu`.`ten`, `main`.`NhiemVu`.`moTa`, `main`.`NhiemVu`.`donViChuTriId`, `main`.`NhiemVu`.`uuTien`, `main`.`NhiemVu`.`thoiHan`, `main`.`NhiemVu`.`giaiDoan`, `main`.`NhiemVu`.`kpi`, `main`.`NhiemVu`.`nguonKiemChung`, `main`.`NhiemVu`.`trangThai`, `main`.`NhiemVu`.`tienDo`, `main`.`NhiemVu`.`lop`, `main`.`NhiemVu`.`phuongAnXuLy`, `main`.`NhiemVu`.`ghiChu`, `main`.`NhiemVu`.`createdAt`, `main`.`NhiemVu`.`updatedAt` FROM `main`.`NhiemVu` WHERE `main`.`NhiemVu`.`id` IN (?,?,?,?,?,?) LIMIT ? OFFSET ?
 GET /api/he-thong 200 in 42ms (next.js: 5ms, application-code: 37ms)
 GET /kts/lo-trinh 200 in 22ms (next.js: 6ms, application-code: 17ms)
prisma:query SELECT 1
prisma:query SELECT `main`.`NhiemVu`.`id`, `main`.`NhiemVu`.`ma`, `main`.`NhiemVu`.`ten`, `main`.`NhiemVu`.`moTa`, `main`.`NhiemVu`.`donViChuTriId`, `main`.`NhiemVu`.`uuTien`, `main`.`NhiemVu`.`thoiHan`, `main`.`NhiemVu`.`giaiDoan`, `main`.`NhiemVu`.`kpi`, `main`.`NhiemVu`.`nguonKiemChung`, `main`.`NhiemVu`.`trangThai`, `main`.`NhiemVu`.`tienDo`, `main`.`NhiemVu`.`lop`, `main`.`NhiemVu`.`phuongAnXuLy`, `main`.`NhiemVu`.`ghiChu`, `main`.`NhiemVu`.`createdAt`, `main`.`NhiemVu`.`updatedAt` FROM `main`.`NhiemVu` WHERE 1=1 ORDER BY `main`.`NhiemVu`.`uuTien` ASC, `main`.`NhiemVu`.`thoiHan` ASC LIMIT ? OFFSET ?
prisma:query SELECT `main`.`DonVi`.`id`, `main`.`DonVi`.`ten`, `main`.`DonVi`.`loai`, `main`.`DonVi`.`parentId`, `main`.`DonVi`.`createdAt` FROM `main`.`DonVi` WHERE `main`.`DonVi`.`id` IN (?,?,?) LIMIT ? OFFSET ?
prisma:query SELECT `main`.`_HeThongNhiemVu`.`B`, `main`.`_HeThongNhiemVu`.`A` FROM `main`.`_HeThongNhiemVu` WHERE `main`.`_HeThongNhiemVu`.`B` IN (?,?,?,?,?,?,?,?,?)
prisma:query SELECT `main`.`HeThongSo`.`id`, `main`.`HeThongSo`.`ma`, `main`.`HeThongSo`.`ten`, `main`.`HeThongSo`.`loai`, `main`.`HeThongSo`.`lop`, `main`.`HeThongSo`.`moTa`, `main`.`HeThongSo`.`chuQuan`, `main`.`HeThongSo`.`trangThai`, `main`.`HeThongSo`.`namTrienKhai`, `main`.`HeThongSo`.`donViId`, `main`.`HeThongSo`.`createdAt`, `main`.`HeThongSo`.`updatedAt` FROM `main`.`HeThongSo` WHERE `main`.`HeThongSo`.`id` IN (?,?,?,?,?,?) LIMIT ? OFFSET ?
 GET /api/nhiem-vu 200 in 18ms (next.js: 6ms, application-code: 12ms)
prisma:query SELECT `main`.`NhiemVu`.`id`, `main`.`NhiemVu`.`ma`, `main`.`NhiemVu`.`ten`, `main`.`NhiemVu`.`moTa`, `main`.`NhiemVu`.`donViChuTriId`, `main`.`NhiemVu`.`uuTien`, `main`.`NhiemVu`.`thoiHan`, `main`.`NhiemVu`.`giaiDoan`, `main`.`NhiemVu`.`kpi`, `main`.`NhiemVu`.`nguonKiemChung`, `main`.`NhiemVu`.`trangThai`, `main`.`NhiemVu`.`tienDo`, `main`.`NhiemVu`.`lop`, `main`.`NhiemVu`.`phuongAnXuLy`, `main`.`NhiemVu`.`ghiChu`, `main`.`NhiemVu`.`createdAt`, `main`.`NhiemVu`.`updatedAt` FROM `main`.`NhiemVu` WHERE 1=1 ORDER BY `main`.`NhiemVu`.`uuTien` ASC, `main`.`NhiemVu`.`thoiHan` ASC LIMIT ? OFFSET ?
prisma:query SELECT `main`.`DonVi`.`id`, `main`.`DonVi`.`ten`, `main`.`DonVi`.`loai`, `main`.`DonVi`.`parentId`, `main`.`DonVi`.`createdAt` FROM `main`.`DonVi` WHERE `main`.`DonVi`.`id` IN (?,?,?) LIMIT ? OFFSET ?
prisma:query SELECT `main`.`_HeThongNhiemVu`.`B`, `main`.`_HeThongNhiemVu`.`A` FROM `main`.`_HeThongNhiemVu` WHERE `main`.`_HeThongNhiemVu`.`B` IN (?,?,?,?,?,?,?,?,?)
prisma:query SELECT `main`.`HeThongSo`.`id`, `main`.`HeThongSo`.`ma`, `main`.`HeThongSo`.`ten`, `main`.`HeThongSo`.`loai`, `main`.`HeThongSo`.`lop`, `main`.`HeThongSo`.`moTa`, `main`.`HeThongSo`.`chuQuan`, `main`.`HeThongSo`.`trangThai`, `main`.`HeThongSo`.`namTrienKhai`, `main`.`HeThongSo`.`donViId`, `main`.`HeThongSo`.`createdAt`, `main`.`HeThongSo`.`updatedAt` FROM `main`.`HeThongSo` WHERE `main`.`HeThongSo`.`id` IN (?,?,?,?,?,?) LIMIT ? OFFSET ?
 GET /api/nhiem-vu 200 in 18ms (next.js: 3ms, application-code: 15ms)
 GET /api/auth/session 200 in 32ms (next.js: 16ms, application-code: 17ms)
 GET /api/auth/session 200 in 14ms (next.js: 4ms, application-code: 11ms)
 GET /api/auth/session 200 in 29ms (next.js: 14ms, application-code: 15ms)
 GET /api/auth/session 200 in 14ms (next.js: 3ms, application-code: 11ms)
 GET /api/auth/session 200 in 35ms (next.js: 16ms, application-code: 19ms)
 GET /api/auth/session 200 in 18ms (next.js: 5ms, application-code: 13ms)
✓ Compiled in 152ms
 GET /admin/he-thong 200 in 999ms (next.js: 887ms, application-code: 112ms)
 GET /kts/lo-trinh 200 in 1022ms (next.js: 932ms, application-code: 90ms)
 GET /admin/he-thong 200 in 91ms (next.js: 9ms, application-code: 82ms)
 GET /kts/lo-trinh 200 in 117ms (next.js: 23ms, application-code: 94ms)
 GET /admin/he-thong 200 in 95ms (next.js: 6ms, application-code: 89ms)
 GET /kts/lo-trinh 200 in 77ms (next.js: 6ms, application-code: 71ms)
 GET /admin/he-thong 200 in 71ms (next.js: 7ms, application-code: 64ms)
 GET /kts/lo-trinh 200 in 96ms (next.js: 10ms, application-code: 87ms)
 GET /admin/he-thong 200 in 77ms (next.js: 6ms, application-code: 71ms)
 GET /admin/he-thong 200 in 66ms (next.js: 8ms, application-code: 58ms)
 GET /kts/lo-trinh 200 in 113ms (next.js: 7ms, application-code: 106ms)
 GET /kts/lo-trinh 200 in 94ms (next.js: 6ms, application-code: 87ms)
 GET /admin/he-thong 200 in 88ms (next.js: 5ms, application-code: 83ms)
 GET /kts/lo-trinh 200 in 147ms (next.js: 5ms, application-code: 142ms)
 GET /admin/he-thong 200 in 122ms (next.js: 6ms, application-code: 116ms)
 GET /kts/lo-trinh 200 in 144ms (next.js: 21ms, application-code: 123ms)
 GET /admin/he-thong 200 in 104ms (next.js: 7ms, application-code: 97ms)
 GET /admin/he-thong 200 in 75ms (next.js: 6ms, application-code: 69ms)
 GET /kts/lo-trinh 200 in 150ms (next.js: 56ms, application-code: 94ms)
 GET /admin/he-thong 200 in 77ms (next.js: 7ms, application-code: 70ms)
 GET /kts/lo-trinh 200 in 120ms (next.js: 6ms, application-code: 114ms)
 GET /admin/he-thong 200 in 91ms (next.js: 6ms, application-code: 85ms)
 GET /kts/lo-trinh 200 in 118ms (next.js: 9ms, application-code: 109ms)
 GET /admin/he-thong 200 in 103ms (next.js: 5ms, application-code: 97ms)
 GET /kts/lo-trinh 200 in 148ms (next.js: 5ms, application-code: 143ms)
 GET /admin/he-thong 200 in 103ms (next.js: 28ms, application-code: 76ms)
 GET /kts/lo-trinh 200 in 138ms (next.js: 6ms, application-code: 132ms)
 GET /admin/he-thong 200 in 95ms (next.js: 23ms, application-code: 72ms)
 GET /kts/lo-trinh 200 in 105ms (next.js: 5ms, application-code: 99ms)
 GET /admin/he-thong 200 in 85ms (next.js: 24ms, application-code: 61ms)
 GET /kts/lo-trinh 200 in 97ms (next.js: 8ms, application-code: 89ms)
 GET /admin/he-thong 200 in 80ms (next.js: 5ms, application-code: 75ms)
 GET /kts/lo-trinh 200 in 119ms (next.js: 7ms, application-code: 112ms)
 GET /admin/he-thong 200 in 94ms (next.js: 7ms, application-code: 87ms)
 GET /kts/lo-trinh 200 in 124ms (next.js: 7ms, application-code: 117ms)
 GET /admin/he-thong 200 in 105ms (next.js: 7ms, application-code: 98ms)
 GET /kts/lo-trinh 200 in 132ms (next.js: 11ms, application-code: 121ms)
 GET /admin/he-thong 200 in 85ms (next.js: 6ms, application-code: 79ms)
 GET /kts/lo-trinh 200 in 109ms (next.js: 6ms, application-code: 103ms)
 GET /admin/he-thong 200 in 114ms (next.js: 34ms, application-code: 80ms)
 GET /kts/lo-trinh 200 in 175ms (next.js: 14ms, application-code: 161ms)
 GET /admin/he-thong 200 in 126ms (next.js: 26ms, application-code: 100ms)
 GET /kts/lo-trinh 200 in 162ms (next.js: 6ms, application-code: 156ms)
 GET /admin/he-thong 200 in 132ms (next.js: 52ms, application-code: 80ms)
 GET /kts/lo-trinh 200 in 156ms (next.js: 16ms, application-code: 139ms)
 GET /admin/he-thong 200 in 103ms (next.js: 10ms, application-code: 94ms)
 GET /kts/lo-trinh 200 in 135ms (next.js: 6ms, application-code: 129ms)
 GET /admin/he-thong 200 in 85ms (next.js: 10ms, application-code: 75ms)
 GET /kts/lo-trinh 200 in 130ms (next.js: 7ms, application-code: 123ms)
 GET /admin/he-thong 200 in 88ms (next.js: 8ms, application-code: 80ms)
 GET /kts/lo-trinh 200 in 155ms (next.js: 6ms, application-code: 149ms)
 GET /admin/he-thong 200 in 112ms (next.js: 29ms, application-code: 83ms)
 GET /kts/lo-trinh 200 in 153ms (next.js: 10ms, application-code: 143ms)
 GET /admin/he-thong 200 in 97ms (next.js: 29ms, application-code: 68ms)
 GET /kts/lo-trinh 200 in 145ms (next.js: 12ms, application-code: 133ms)
 GET /admin/he-thong 200 in 96ms (next.js: 30ms, application-code: 65ms)
 GET /kts/lo-trinh 200 in 125ms (next.js: 13ms, application-code: 112ms)
 GET /admin/he-thong 200 in 117ms (next.js: 26ms, application-code: 91ms)
 GET /kts/lo-trinh 200 in 123ms (next.js: 6ms, application-code: 117ms)
 GET /kts/lo-trinh 200 in 121ms (next.js: 8ms, application-code: 113ms)
 GET /admin/he-thong 200 in 93ms (next.js: 5ms, application-code: 88ms)
 GET /admin/he-thong 200 in 72ms (next.js: 8ms, application-code: 64ms)
 GET /kts/lo-trinh 200 in 115ms (next.js: 5ms, application-code: 109ms)
 GET /admin/he-thong 200 in 86ms (next.js: 6ms, application-code: 80ms)
 GET /kts/lo-trinh 200 in 108ms (next.js: 6ms, application-code: 102ms)
 GET /admin/he-thong 200 in 108ms (next.js: 8ms, application-code: 100ms)
 GET /kts/lo-trinh 200 in 133ms (next.js: 6ms, application-code: 127ms)
 GET /admin/he-thong 200 in 93ms (next.js: 8ms, application-code: 86ms)
 GET /kts/lo-trinh 200 in 127ms (next.js: 13ms, application-code: 113ms)
 GET /kts/lo-trinh 200 in 98ms (next.js: 5ms, application-code: 93ms)
 GET /admin/he-thong 200 in 96ms (next.js: 6ms, application-code: 90ms)
 GET /kts/lo-trinh 200 in 99ms (next.js: 10ms, application-code: 90ms)
 GET /admin/he-thong 200 in 92ms (next.js: 6ms, application-code: 86ms)
 GET /admin/he-thong 200 in 45ms (next.js: 6ms, application-code: 40ms)
 GET /kts/lo-trinh 200 in 70ms (next.js: 8ms, application-code: 62ms)
 GET /kts/lo-trinh 200 in 24ms (next.js: 5ms, application-code: 19ms)
 GET /kts/lo-trinh 200 in 29ms (next.js: 9ms, application-code: 20ms)
 GET /admin/he-thong 200 in 23ms (next.js: 7ms, application-code: 16ms)
✓ Compiled in 164ms
✓ Compiled in 95ms
 GET /admin/he-thong 200 in 54ms (next.js: 16ms, application-code: 38ms)
 GET /kts/lo-trinh 200 in 54ms (next.js: 33ms, application-code: 20ms)
 GET /kts/so-do 200 in 1282ms (next.js: 1213ms, application-code: 69ms)
 GET /kts/so-do 200 in 35ms (next.js: 9ms, application-code: 26ms)
prisma:query SELECT 1
prisma:query SELECT `main`.`HeThongSo`.`id`, `main`.`HeThongSo`.`ma`, `main`.`HeThongSo`.`ten`, `main`.`HeThongSo`.`loai`, `main`.`HeThongSo`.`lop`, `main`.`HeThongSo`.`moTa`, `main`.`HeThongSo`.`chuQuan`, `main`.`HeThongSo`.`trangThai`, `main`.`HeThongSo`.`namTrienKhai`, `main`.`HeThongSo`.`donViId`, `main`.`HeThongSo`.`createdAt`, `main`.`HeThongSo`.`updatedAt` FROM `main`.`HeThongSo` WHERE 1=1 ORDER BY `main`.`HeThongSo`.`lop` ASC, `main`.`HeThongSo`.`ma` ASC LIMIT ? OFFSET ?
prisma:query SELECT `main`.`DonVi`.`id`, `main`.`DonVi`.`ten`, `main`.`DonVi`.`loai`, `main`.`DonVi`.`parentId`, `main`.`DonVi`.`createdAt` FROM `main`.`DonVi` WHERE `main`.`DonVi`.`id` IN (?,?,?,?) LIMIT ? OFFSET ?
prisma:query SELECT `main`.`_HeThongNhiemVu`.`A`, `main`.`_HeThongNhiemVu`.`B` FROM `main`.`_HeThongNhiemVu` WHERE `main`.`_HeThongNhiemVu`.`A` IN (?,?,?,?,?,?,?,?,?,?,?,?,?,?,?,?,?,?,?,?,?,?,?,?,?,?,?,?,?,?,?,?,?,?,?,?,?,?,?,?,?,?,?,?,?,?,?,?,?,?,?,?,?,?,?,?,?,?,?,?,?,?,?,?,?,?,?,?,?,?,?,?,?,?,?,?,?,?,?,?,?,?,?,?,?,?,?,?,?,?,?,?,?,?,?,?,?,?,?,?,?,?,?,?,?,?,?,?,?,?,?,?,?,?,?,?,?,?,?,?,?,?,?,?,?,?,?,?,?,?,?,?,?,?,?,?,?,?,?,?,?,?,?,?,?,?,?,?,?,?,?,?,?,?,?,?,?,?,?,?,?,?,?,?,?,?,?,?,?,?,?,?,?,?,?,?,?,?,?,?,?,?,?,?,?,?,?,?,?,?,?,?,?,?,?,?,?,?,?,?,?,?,?,?,?,?,?,?,?,?,?,?,?,?,?,?,?,?,?,?,?,?,?,?,?,?,?,?,?,?,?,?,?,?,?,?,?,?,?,?,?,?,?,?,?,?,?,?,?,?,?,?,?,?,?,?,?,?,?,?,?,?,?,?,?,?,?,?,?,?,?,?,?,?,?,?,?,?,?,?,?,?,?,?,?,?,?,?,?,?,?,?,?,?,?,?,?,?,?,?,?,?,?,?,?,?,?,?,?,?,?,?,?,?,?,?,?,?,?,?,?,?,?,?,?,?,?,?,?,?,?,?,?,?,?,?,?,?,?,?,?,?,?,?,?,?,?,?,?,?,?,?,?,?,?,?,?,?,?,?,?,?,?,?,?,?,?,?,?,?,?,?,?,?,?,?,?,?,?,?,?,?,?,?,?,?,?,?,?)
prisma:query SELECT `main`.`NhiemVu`.`id`, `main`.`NhiemVu`.`ma`, `main`.`NhiemVu`.`ten`, `main`.`NhiemVu`.`moTa`, `main`.`NhiemVu`.`donViChuTriId`, `main`.`NhiemVu`.`uuTien`, `main`.`NhiemVu`.`thoiHan`, `main`.`NhiemVu`.`giaiDoan`, `main`.`NhiemVu`.`kpi`, `main`.`NhiemVu`.`nguonKiemChung`, `main`.`NhiemVu`.`trangThai`, `main`.`NhiemVu`.`tienDo`, `main`.`NhiemVu`.`lop`, `main`.`NhiemVu`.`phuongAnXuLy`, `main`.`NhiemVu`.`ghiChu`, `main`.`NhiemVu`.`createdAt`, `main`.`NhiemVu`.`updatedAt` FROM `main`.`NhiemVu` WHERE `main`.`NhiemVu`.`id` IN (?,?,?,?,?,?) LIMIT ? OFFSET ?
prisma:query SELECT `main`.`NhiemVu`.`id`, `main`.`NhiemVu`.`ma`, `main`.`NhiemVu`.`ten`, `main`.`NhiemVu`.`moTa`, `main`.`NhiemVu`.`donViChuTriId`, `main`.`NhiemVu`.`uuTien`, `main`.`NhiemVu`.`thoiHan`, `main`.`NhiemVu`.`giaiDoan`, `main`.`NhiemVu`.`kpi`, `main`.`NhiemVu`.`nguonKiemChung`, `main`.`NhiemVu`.`trangThai`, `main`.`NhiemVu`.`tienDo`, `main`.`NhiemVu`.`lop`, `main`.`NhiemVu`.`phuongAnXuLy`, `main`.`NhiemVu`.`ghiChu`, `main`.`NhiemVu`.`createdAt`, `main`.`NhiemVu`.`updatedAt` FROM `main`.`NhiemVu` WHERE 1=1 ORDER BY `main`.`NhiemVu`.`uuTien` ASC, `main`.`NhiemVu`.`thoiHan` ASC LIMIT ? OFFSET ?
 GET /api/he-thong 200 in 590ms (next.js: 290ms, application-code: 300ms)
prisma:query SELECT `main`.`DonVi`.`id`, `main`.`DonVi`.`ten`, `main`.`DonVi`.`loai`, `main`.`DonVi`.`parentId`, `main`.`DonVi`.`createdAt` FROM `main`.`DonVi` WHERE `main`.`DonVi`.`id` IN (?,?,?) LIMIT ? OFFSET ?
prisma:query SELECT `main`.`_HeThongNhiemVu`.`B`, `main`.`_HeThongNhiemVu`.`A` FROM `main`.`_HeThongNhiemVu` WHERE `main`.`_HeThongNhiemVu`.`B` IN (?,?,?,?,?,?,?,?,?)
prisma:query SELECT `main`.`HeThongSo`.`id`, `main`.`HeThongSo`.`ma`, `main`.`HeThongSo`.`ten`, `main`.`HeThongSo`.`loai`, `main`.`HeThongSo`.`lop`, `main`.`HeThongSo`.`moTa`, `main`.`HeThongSo`.`chuQuan`, `main`.`HeThongSo`.`trangThai`, `main`.`HeThongSo`.`namTrienKhai`, `main`.`HeThongSo`.`donViId`, `main`.`HeThongSo`.`createdAt`, `main`.`HeThongSo`.`updatedAt` FROM `main`.`HeThongSo` WHERE `main`.`HeThongSo`.`id` IN (?,?,?,?,?,?) LIMIT ? OFFSET ?
 GET /api/nhiem-vu 200 in 592ms (next.js: 565ms, application-code: 27ms)
prisma:query SELECT `main`.`HeThongSo`.`id`, `main`.`HeThongSo`.`ma`, `main`.`HeThongSo`.`ten`, `main`.`HeThongSo`.`loai`, `main`.`HeThongSo`.`lop`, `main`.`HeThongSo`.`moTa`, `main`.`HeThongSo`.`chuQuan`, `main`.`HeThongSo`.`trangThai`, `main`.`HeThongSo`.`namTrienKhai`, `main`.`HeThongSo`.`donViId`, `main`.`HeThongSo`.`createdAt`, `main`.`HeThongSo`.`updatedAt` FROM `main`.`HeThongSo` WHERE 1=1 ORDER BY `main`.`HeThongSo`.`lop` ASC, `main`.`HeThongSo`.`ma` ASC LIMIT ? OFFSET ?
prisma:query SELECT `main`.`DonVi`.`id`, `main`.`DonVi`.`ten`, `main`.`DonVi`.`loai`, `main`.`DonVi`.`parentId`, `main`.`DonVi`.`createdAt` FROM `main`.`DonVi` WHERE `main`.`DonVi`.`id` IN (?,?,?,?) LIMIT ? OFFSET ?
prisma:query SELECT `main`.`_HeThongNhiemVu`.`A`, `main`.`_HeThongNhiemVu`.`B` FROM `main`.`_HeThongNhiemVu` WHERE `main`.`_HeThongNhiemVu`.`A` IN (?,?,?,?,?,?,?,?,?,?,?,?,?,?,?,?,?,?,?,?,?,?,?,?,?,?,?,?,?,?,?,?,?,?,?,?,?,?,?,?,?,?,?,?,?,?,?,?,?,?,?,?,?,?,?,?,?,?,?,?,?,?,?,?,?,?,?,?,?,?,?,?,?,?,?,?,?,?,?,?,?,?,?,?,?,?,?,?,?,?,?,?,?,?,?,?,?,?,?,?,?,?,?,?,?,?,?,?,?,?,?,?,?,?,?,?,?,?,?,?,?,?,?,?,?,?,?,?,?,?,?,?,?,?,?,?,?,?,?,?,?,?,?,?,?,?,?,?,?,?,?,?,?,?,?,?,?,?,?,?,?,?,?,?,?,?,?,?,?,?,?,?,?,?,?,?,?,?,?,?,?,?,?,?,?,?,?,?,?,?,?,?,?,?,?,?,?,?,?,?,?,?,?,?,?,?,?,?,?,?,?,?,?,?,?,?,?,?,?,?,?,?,?,?,?,?,?,?,?,?,?,?,?,?,?,?,?,?,?,?,?,?,?,?,?,?,?,?,?,?,?,?,?,?,?,?,?,?,?,?,?,?,?,?,?,?,?,?,?,?,?,?,?,?,?,?,?,?,?,?,?,?,?,?,?,?,?,?,?,?,?,?,?,?,?,?,?,?,?,?,?,?,?,?,?,?,?,?,?,?,?,?,?,?,?,?,?,?,?,?,?,?,?,?,?,?,?,?,?,?,?,?,?,?,?,?,?,?,?,?,?,?,?,?,?,?,?,?,?,?,?,?,?,?,?,?,?,?,?,?,?,?,?,?,?,?,?,?,?,?,?,?,?,?,?,?,?,?,?,?,?,?,?,?,?,?,?,?,?)
prisma:query SELECT `main`.`NhiemVu`.`id`, `main`.`NhiemVu`.`ma`, `main`.`NhiemVu`.`ten`, `main`.`NhiemVu`.`moTa`, `main`.`NhiemVu`.`donViChuTriId`, `main`.`NhiemVu`.`uuTien`, `main`.`NhiemVu`.`thoiHan`, `main`.`NhiemVu`.`giaiDoan`, `main`.`NhiemVu`.`kpi`, `main`.`NhiemVu`.`nguonKiemChung`, `main`.`NhiemVu`.`trangThai`, `main`.`NhiemVu`.`tienDo`, `main`.`NhiemVu`.`lop`, `main`.`NhiemVu`.`phuongAnXuLy`, `main`.`NhiemVu`.`ghiChu`, `main`.`NhiemVu`.`createdAt`, `main`.`NhiemVu`.`updatedAt` FROM `main`.`NhiemVu` WHERE `main`.`NhiemVu`.`id` IN (?,?,?,?,?,?) LIMIT ? OFFSET ?
prisma:query SELECT 1
prisma:query SELECT `main`.`NhiemVu`.`id`, `main`.`NhiemVu`.`ma`, `main`.`NhiemVu`.`ten`, `main`.`NhiemVu`.`moTa`, `main`.`NhiemVu`.`donViChuTriId`, `main`.`NhiemVu`.`uuTien`, `main`.`NhiemVu`.`thoiHan`, `main`.`NhiemVu`.`giaiDoan`, `main`.`NhiemVu`.`kpi`, `main`.`NhiemVu`.`nguonKiemChung`, `main`.`NhiemVu`.`trangThai`, `main`.`NhiemVu`.`tienDo`, `main`.`NhiemVu`.`lop`, `main`.`NhiemVu`.`phuongAnXuLy`, `main`.`NhiemVu`.`ghiChu`, `main`.`NhiemVu`.`createdAt`, `main`.`NhiemVu`.`updatedAt` FROM `main`.`NhiemVu` WHERE 1=1 ORDER BY `main`.`NhiemVu`.`uuTien` ASC, `main`.`NhiemVu`.`thoiHan` ASC LIMIT ? OFFSET ?
prisma:query SELECT `main`.`DonVi`.`id`, `main`.`DonVi`.`ten`, `main`.`DonVi`.`loai`, `main`.`DonVi`.`parentId`, `main`.`DonVi`.`createdAt` FROM `main`.`DonVi` WHERE `main`.`DonVi`.`id` IN (?,?,?) LIMIT ? OFFSET ?
prisma:query SELECT `main`.`_HeThongNhiemVu`.`B`, `main`.`_HeThongNhiemVu`.`A` FROM `main`.`_HeThongNhiemVu` WHERE `main`.`_HeThongNhiemVu`.`B` IN (?,?,?,?,?,?,?,?,?)
prisma:query SELECT `main`.`HeThongSo`.`id`, `main`.`HeThongSo`.`ma`, `main`.`HeThongSo`.`ten`, `main`.`HeThongSo`.`loai`, `main`.`HeThongSo`.`lop`, `main`.`HeThongSo`.`moTa`, `main`.`HeThongSo`.`chuQuan`, `main`.`HeThongSo`.`trangThai`, `main`.`HeThongSo`.`namTrienKhai`, `main`.`HeThongSo`.`donViId`, `main`.`HeThongSo`.`createdAt`, `main`.`HeThongSo`.`updatedAt` FROM `main`.`HeThongSo` WHERE `main`.`HeThongSo`.`id` IN (?,?,?,?,?,?) LIMIT ? OFFSET ?
 GET /api/nhiem-vu 200 in 26ms (next.js: 13ms, application-code: 13ms)
 GET /api/he-thong 200 in 39ms (next.js: 5ms, application-code: 34ms)
 GET /kts/hien-trang 200 in 180ms (next.js: 155ms, application-code: 25ms)
prisma:query SELECT 1
prisma:query SELECT `main`.`HeThongSo`.`id`, `main`.`HeThongSo`.`ma`, `main`.`HeThongSo`.`ten`, `main`.`HeThongSo`.`loai`, `main`.`HeThongSo`.`lop`, `main`.`HeThongSo`.`moTa`, `main`.`HeThongSo`.`chuQuan`, `main`.`HeThongSo`.`trangThai`, `main`.`HeThongSo`.`namTrienKhai`, `main`.`HeThongSo`.`donViId`, `main`.`HeThongSo`.`createdAt`, `main`.`HeThongSo`.`updatedAt` FROM `main`.`HeThongSo` WHERE 1=1 ORDER BY `main`.`HeThongSo`.`lop` ASC, `main`.`HeThongSo`.`ma` ASC LIMIT ? OFFSET ?
prisma:query SELECT `main`.`DonVi`.`id`, `main`.`DonVi`.`ten`, `main`.`DonVi`.`loai`, `main`.`DonVi`.`parentId`, `main`.`DonVi`.`createdAt` FROM `main`.`DonVi` WHERE `main`.`DonVi`.`id` IN (?,?,?,?) LIMIT ? OFFSET ?
prisma:query SELECT `main`.`_HeThongNhiemVu`.`A`, `main`.`_HeThongNhiemVu`.`B` FROM `main`.`_HeThongNhiemVu` WHERE `main`.`_HeThongNhiemVu`.`A` IN (?,?,?,?,?,?,?,?,?,?,?,?,?,?,?,?,?,?,?,?,?,?,?,?,?,?,?,?,?,?,?,?,?,?,?,?,?,?,?,?,?,?,?,?,?,?,?,?,?,?,?,?,?,?,?,?,?,?,?,?,?,?,?,?,?,?,?,?,?,?,?,?,?,?,?,?,?,?,?,?,?,?,?,?,?,?,?,?,?,?,?,?,?,?,?,?,?,?,?,?,?,?,?,?,?,?,?,?,?,?,?,?,?,?,?,?,?,?,?,?,?,?,?,?,?,?,?,?,?,?,?,?,?,?,?,?,?,?,?,?,?,?,?,?,?,?,?,?,?,?,?,?,?,?,?,?,?,?,?,?,?,?,?,?,?,?,?,?,?,?,?,?,?,?,?,?,?,?,?,?,?,?,?,?,?,?,?,?,?,?,?,?,?,?,?,?,?,?,?,?,?,?,?,?,?,?,?,?,?,?,?,?,?,?,?,?,?,?,?,?,?,?,?,?,?,?,?,?,?,?,?,?,?,?,?,?,?,?,?,?,?,?,?,?,?,?,?,?,?,?,?,?,?,?,?,?,?,?,?,?,?,?,?,?,?,?,?,?,?,?,?,?,?,?,?,?,?,?,?,?,?,?,?,?,?,?,?,?,?,?,?,?,?,?,?,?,?,?,?,?,?,?,?,?,?,?,?,?,?,?,?,?,?,?,?,?,?,?,?,?,?,?,?,?,?,?,?,?,?,?,?,?,?,?,?,?,?,?,?,?,?,?,?,?,?,?,?,?,?,?,?,?,?,?,?,?,?,?,?,?,?,?,?,?,?,?,?,?,?,?,?,?,?,?,?,?,?,?,?,?,?,?,?,?,?,?,?,?,?)
prisma:query SELECT `main`.`NhiemVu`.`id`, `main`.`NhiemVu`.`ma`, `main`.`NhiemVu`.`ten`, `main`.`NhiemVu`.`moTa`, `main`.`NhiemVu`.`donViChuTriId`, `main`.`NhiemVu`.`uuTien`, `main`.`NhiemVu`.`thoiHan`, `main`.`NhiemVu`.`giaiDoan`, `main`.`NhiemVu`.`kpi`, `main`.`NhiemVu`.`nguonKiemChung`, `main`.`NhiemVu`.`trangThai`, `main`.`NhiemVu`.`tienDo`, `main`.`NhiemVu`.`lop`, `main`.`NhiemVu`.`phuongAnXuLy`, `main`.`NhiemVu`.`ghiChu`, `main`.`NhiemVu`.`createdAt`, `main`.`NhiemVu`.`updatedAt` FROM `main`.`NhiemVu` WHERE `main`.`NhiemVu`.`id` IN (?,?,?,?,?,?) LIMIT ? OFFSET ?
 GET /api/he-thong 200 in 46ms (next.js: 7ms, application-code: 39ms)
prisma:query SELECT `main`.`HeThongSo`.`id`, `main`.`HeThongSo`.`ma`, `main`.`HeThongSo`.`ten`, `main`.`HeThongSo`.`loai`, `main`.`HeThongSo`.`lop`, `main`.`HeThongSo`.`moTa`, `main`.`HeThongSo`.`chuQuan`, `main`.`HeThongSo`.`trangThai`, `main`.`HeThongSo`.`namTrienKhai`, `main`.`HeThongSo`.`donViId`, `main`.`HeThongSo`.`createdAt`, `main`.`HeThongSo`.`updatedAt` FROM `main`.`HeThongSo` WHERE 1=1 ORDER BY `main`.`HeThongSo`.`lop` ASC, `main`.`HeThongSo`.`ma` ASC LIMIT ? OFFSET ?
prisma:query SELECT `main`.`DonVi`.`id`, `main`.`DonVi`.`ten`, `main`.`DonVi`.`loai`, `main`.`DonVi`.`parentId`, `main`.`DonVi`.`createdAt` FROM `main`.`DonVi` WHERE `main`.`DonVi`.`id` IN (?,?,?,?) LIMIT ? OFFSET ?
prisma:query SELECT `main`.`_HeThongNhiemVu`.`A`, `main`.`_HeThongNhiemVu`.`B` FROM `main`.`_HeThongNhiemVu` WHERE `main`.`_HeThongNhiemVu`.`A` IN (?,?,?,?,?,?,?,?,?,?,?,?,?,?,?,?,?,?,?,?,?,?,?,?,?,?,?,?,?,?,?,?,?,?,?,?,?,?,?,?,?,?,?,?,?,?,?,?,?,?,?,?,?,?,?,?,?,?,?,?,?,?,?,?,?,?,?,?,?,?,?,?,?,?,?,?,?,?,?,?,?,?,?,?,?,?,?,?,?,?,?,?,?,?,?,?,?,?,?,?,?,?,?,?,?,?,?,?,?,?,?,?,?,?,?,?,?,?,?,?,?,?,?,?,?,?,?,?,?,?,?,?,?,?,?,?,?,?,?,?,?,?,?,?,?,?,?,?,?,?,?,?,?,?,?,?,?,?,?,?,?,?,?,?,?,?,?,?,?,?,?,?,?,?,?,?,?,?,?,?,?,?,?,?,?,?,?,?,?,?,?,?,?,?,?,?,?,?,?,?,?,?,?,?,?,?,?,?,?,?,?,?,?,?,?,?,?,?,?,?,?,?,?,?,?,?,?,?,?,?,?,?,?,?,?,?,?,?,?,?,?,?,?,?,?,?,?,?,?,?,?,?,?,?,?,?,?,?,?,?,?,?,?,?,?,?,?,?,?,?,?,?,?,?,?,?,?,?,?,?,?,?,?,?,?,?,?,?,?,?,?,?,?,?,?,?,?,?,?,?,?,?,?,?,?,?,?,?,?,?,?,?,?,?,?,?,?,?,?,?,?,?,?,?,?,?,?,?,?,?,?,?,?,?,?,?,?,?,?,?,?,?,?,?,?,?,?,?,?,?,?,?,?,?,?,?,?,?,?,?,?,?,?,?,?,?,?,?,?,?,?,?,?,?,?,?,?,?,?,?,?,?,?,?,?,?,?,?,?)
prisma:query SELECT `main`.`NhiemVu`.`id`, `main`.`NhiemVu`.`ma`, `main`.`NhiemVu`.`ten`, `main`.`NhiemVu`.`moTa`, `main`.`NhiemVu`.`donViChuTriId`, `main`.`NhiemVu`.`uuTien`, `main`.`NhiemVu`.`thoiHan`, `main`.`NhiemVu`.`giaiDoan`, `main`.`NhiemVu`.`kpi`, `main`.`NhiemVu`.`nguonKiemChung`, `main`.`NhiemVu`.`trangThai`, `main`.`NhiemVu`.`tienDo`, `main`.`NhiemVu`.`lop`, `main`.`NhiemVu`.`phuongAnXuLy`, `main`.`NhiemVu`.`ghiChu`, `main`.`NhiemVu`.`createdAt`, `main`.`NhiemVu`.`updatedAt` FROM `main`.`NhiemVu` WHERE `main`.`NhiemVu`.`id` IN (?,?,?,?,?,?) LIMIT ? OFFSET ?
 GET /api/he-thong 200 in 36ms (next.js: 4ms, application-code: 32ms)
 GET /kts/lo-trinh 200 in 37ms (next.js: 12ms, application-code: 25ms)
 GET /kts/so-do 200 in 34ms (next.js: 13ms, application-code: 21ms)
prisma:query SELECT `main`.`HeThongSo`.`id`, `main`.`HeThongSo`.`ma`, `main`.`HeThongSo`.`ten`, `main`.`HeThongSo`.`loai`, `main`.`HeThongSo`.`lop`, `main`.`HeThongSo`.`moTa`, `main`.`HeThongSo`.`chuQuan`, `main`.`HeThongSo`.`trangThai`, `main`.`HeThongSo`.`namTrienKhai`, `main`.`HeThongSo`.`donViId`, `main`.`HeThongSo`.`createdAt`, `main`.`HeThongSo`.`updatedAt` FROM `main`.`HeThongSo` WHERE 1=1 ORDER BY `main`.`HeThongSo`.`lop` ASC, `main`.`HeThongSo`.`ma` ASC LIMIT ? OFFSET ?
prisma:query SELECT `main`.`DonVi`.`id`, `main`.`DonVi`.`ten`, `main`.`DonVi`.`loai`, `main`.`DonVi`.`parentId`, `main`.`DonVi`.`createdAt` FROM `main`.`DonVi` WHERE `main`.`DonVi`.`id` IN (?,?,?,?) LIMIT ? OFFSET ?
prisma:query SELECT `main`.`_HeThongNhiemVu`.`A`, `main`.`_HeThongNhiemVu`.`B` FROM `main`.`_HeThongNhiemVu` WHERE `main`.`_HeThongNhiemVu`.`A` IN (?,?,?,?,?,?,?,?,?,?,?,?,?,?,?,?,?,?,?,?,?,?,?,?,?,?,?,?,?,?,?,?,?,?,?,?,?,?,?,?,?,?,?,?,?,?,?,?,?,?,?,?,?,?,?,?,?,?,?,?,?,?,?,?,?,?,?,?,?,?,?,?,?,?,?,?,?,?,?,?,?,?,?,?,?,?,?,?,?,?,?,?,?,?,?,?,?,?,?,?,?,?,?,?,?,?,?,?,?,?,?,?,?,?,?,?,?,?,?,?,?,?,?,?,?,?,?,?,?,?,?,?,?,?,?,?,?,?,?,?,?,?,?,?,?,?,?,?,?,?,?,?,?,?,?,?,?,?,?,?,?,?,?,?,?,?,?,?,?,?,?,?,?,?,?,?,?,?,?,?,?,?,?,?,?,?,?,?,?,?,?,?,?,?,?,?,?,?,?,?,?,?,?,?,?,?,?,?,?,?,?,?,?,?,?,?,?,?,?,?,?,?,?,?,?,?,?,?,?,?,?,?,?,?,?,?,?,?,?,?,?,?,?,?,?,?,?,?,?,?,?,?,?,?,?,?,?,?,?,?,?,?,?,?,?,?,?,?,?,?,?,?,?,?,?,?,?,?,?,?,?,?,?,?,?,?,?,?,?,?,?,?,?,?,?,?,?,?,?,?,?,?,?,?,?,?,?,?,?,?,?,?,?,?,?,?,?,?,?,?,?,?,?,?,?,?,?,?,?,?,?,?,?,?,?,?,?,?,?,?,?,?,?,?,?,?,?,?,?,?,?,?,?,?,?,?,?,?,?,?,?,?,?,?,?,?,?,?,?,?,?,?,?,?,?,?,?,?,?,?,?,?,?,?,?,?,?,?,?)
prisma:query SELECT `main`.`NhiemVu`.`id`, `main`.`NhiemVu`.`ma`, `main`.`NhiemVu`.`ten`, `main`.`NhiemVu`.`moTa`, `main`.`NhiemVu`.`donViChuTriId`, `main`.`NhiemVu`.`uuTien`, `main`.`NhiemVu`.`thoiHan`, `main`.`NhiemVu`.`giaiDoan`, `main`.`NhiemVu`.`kpi`, `main`.`NhiemVu`.`nguonKiemChung`, `main`.`NhiemVu`.`trangThai`, `main`.`NhiemVu`.`tienDo`, `main`.`NhiemVu`.`lop`, `main`.`NhiemVu`.`phuongAnXuLy`, `main`.`NhiemVu`.`ghiChu`, `main`.`NhiemVu`.`createdAt`, `main`.`NhiemVu`.`updatedAt` FROM `main`.`NhiemVu` WHERE `main`.`NhiemVu`.`id` IN (?,?,?,?,?,?) LIMIT ? OFFSET ?
prisma:query SELECT 1
prisma:query SELECT `main`.`NhiemVu`.`id`, `main`.`NhiemVu`.`ma`, `main`.`NhiemVu`.`ten`, `main`.`NhiemVu`.`moTa`, `main`.`NhiemVu`.`donViChuTriId`, `main`.`NhiemVu`.`uuTien`, `main`.`NhiemVu`.`thoiHan`, `main`.`NhiemVu`.`giaiDoan`, `main`.`NhiemVu`.`kpi`, `main`.`NhiemVu`.`nguonKiemChung`, `main`.`NhiemVu`.`trangThai`, `main`.`NhiemVu`.`tienDo`, `main`.`NhiemVu`.`lop`, `main`.`NhiemVu`.`phuongAnXuLy`, `main`.`NhiemVu`.`ghiChu`, `main`.`NhiemVu`.`createdAt`, `main`.`NhiemVu`.`updatedAt` FROM `main`.`NhiemVu` WHERE 1=1 ORDER BY `main`.`NhiemVu`.`uuTien` ASC, `main`.`NhiemVu`.`thoiHan` ASC LIMIT ? OFFSET ?
prisma:query SELECT `main`.`DonVi`.`id`, `main`.`DonVi`.`ten`, `main`.`DonVi`.`loai`, `main`.`DonVi`.`parentId`, `main`.`DonVi`.`createdAt` FROM `main`.`DonVi` WHERE `main`.`DonVi`.`id` IN (?,?,?) LIMIT ? OFFSET ?
prisma:query SELECT `main`.`_HeThongNhiemVu`.`B`, `main`.`_HeThongNhiemVu`.`A` FROM `main`.`_HeThongNhiemVu` WHERE `main`.`_HeThongNhiemVu`.`B` IN (?,?,?,?,?,?,?,?,?)
prisma:query SELECT `main`.`HeThongSo`.`id`, `main`.`HeThongSo`.`ma`, `main`.`HeThongSo`.`ten`, `main`.`HeThongSo`.`loai`, `main`.`HeThongSo`.`lop`, `main`.`HeThongSo`.`moTa`, `main`.`HeThongSo`.`chuQuan`, `main`.`HeThongSo`.`trangThai`, `main`.`HeThongSo`.`namTrienKhai`, `main`.`HeThongSo`.`donViId`, `main`.`HeThongSo`.`createdAt`, `main`.`HeThongSo`.`updatedAt` FROM `main`.`HeThongSo` WHERE `main`.`HeThongSo`.`id` IN (?,?,?,?,?,?) LIMIT ? OFFSET ?
 GET /api/nhiem-vu 200 in 27ms (next.js: 17ms, application-code: 10ms)
 GET /api/he-thong 200 in 39ms (next.js: 6ms, application-code: 33ms)
prisma:query SELECT `main`.`NhiemVu`.`id`, `main`.`NhiemVu`.`ma`, `main`.`NhiemVu`.`ten`, `main`.`NhiemVu`.`moTa`, `main`.`NhiemVu`.`donViChuTriId`, `main`.`NhiemVu`.`uuTien`, `main`.`NhiemVu`.`thoiHan`, `main`.`NhiemVu`.`giaiDoan`, `main`.`NhiemVu`.`kpi`, `main`.`NhiemVu`.`nguonKiemChung`, `main`.`NhiemVu`.`trangThai`, `main`.`NhiemVu`.`tienDo`, `main`.`NhiemVu`.`lop`, `main`.`NhiemVu`.`phuongAnXuLy`, `main`.`NhiemVu`.`ghiChu`, `main`.`NhiemVu`.`createdAt`, `main`.`NhiemVu`.`updatedAt` FROM `main`.`NhiemVu` WHERE 1=1 ORDER BY `main`.`NhiemVu`.`uuTien` ASC, `main`.`NhiemVu`.`thoiHan` ASC LIMIT ? OFFSET ?
prisma:query SELECT `main`.`DonVi`.`id`, `main`.`DonVi`.`ten`, `main`.`DonVi`.`loai`, `main`.`DonVi`.`parentId`, `main`.`DonVi`.`createdAt` FROM `main`.`DonVi` WHERE `main`.`DonVi`.`id` IN (?,?,?) LIMIT ? OFFSET ?
prisma:query SELECT `main`.`_HeThongNhiemVu`.`B`, `main`.`_HeThongNhiemVu`.`A` FROM `main`.`_HeThongNhiemVu` WHERE `main`.`_HeThongNhiemVu`.`B` IN (?,?,?,?,?,?,?,?,?)
prisma:query SELECT `main`.`HeThongSo`.`id`, `main`.`HeThongSo`.`ma`, `main`.`HeThongSo`.`ten`, `main`.`HeThongSo`.`loai`, `main`.`HeThongSo`.`lop`, `main`.`HeThongSo`.`moTa`, `main`.`HeThongSo`.`chuQuan`, `main`.`HeThongSo`.`trangThai`, `main`.`HeThongSo`.`namTrienKhai`, `main`.`HeThongSo`.`donViId`, `main`.`HeThongSo`.`createdAt`, `main`.`HeThongSo`.`updatedAt` FROM `main`.`HeThongSo` WHERE `main`.`HeThongSo`.`id` IN (?,?,?,?,?,?) LIMIT ? OFFSET ?
 GET /api/nhiem-vu 200 in 25ms (next.js: 5ms, application-code: 20ms)
prisma:query SELECT `main`.`HeThongSo`.`id`, `main`.`HeThongSo`.`ma`, `main`.`HeThongSo`.`ten`, `main`.`HeThongSo`.`loai`, `main`.`HeThongSo`.`lop`, `main`.`HeThongSo`.`moTa`, `main`.`HeThongSo`.`chuQuan`, `main`.`HeThongSo`.`trangThai`, `main`.`HeThongSo`.`namTrienKhai`, `main`.`HeThongSo`.`donViId`, `main`.`HeThongSo`.`createdAt`, `main`.`HeThongSo`.`updatedAt` FROM `main`.`HeThongSo` WHERE 1=1 ORDER BY `main`.`HeThongSo`.`lop` ASC, `main`.`HeThongSo`.`ma` ASC LIMIT ? OFFSET ?
prisma:query SELECT `main`.`DonVi`.`id`, `main`.`DonVi`.`ten`, `main`.`DonVi`.`loai`, `main`.`DonVi`.`parentId`, `main`.`DonVi`.`createdAt` FROM `main`.`DonVi` WHERE `main`.`DonVi`.`id` IN (?,?,?,?) LIMIT ? OFFSET ?
prisma:query SELECT `main`.`_HeThongNhiemVu`.`A`, `main`.`_HeThongNhiemVu`.`B` FROM `main`.`_HeThongNhiemVu` WHERE `main`.`_HeThongNhiemVu`.`A` IN (?,?,?,?,?,?,?,?,?,?,?,?,?,?,?,?,?,?,?,?,?,?,?,?,?,?,?,?,?,?,?,?,?,?,?,?,?,?,?,?,?,?,?,?,?,?,?,?,?,?,?,?,?,?,?,?,?,?,?,?,?,?,?,?,?,?,?,?,?,?,?,?,?,?,?,?,?,?,?,?,?,?,?,?,?,?,?,?,?,?,?,?,?,?,?,?,?,?,?,?,?,?,?,?,?,?,?,?,?,?,?,?,?,?,?,?,?,?,?,?,?,?,?,?,?,?,?,?,?,?,?,?,?,?,?,?,?,?,?,?,?,?,?,?,?,?,?,?,?,?,?,?,?,?,?,?,?,?,?,?,?,?,?,?,?,?,?,?,?,?,?,?,?,?,?,?,?,?,?,?,?,?,?,?,?,?,?,?,?,?,?,?,?,?,?,?,?,?,?,?,?,?,?,?,?,?,?,?,?,?,?,?,?,?,?,?,?,?,?,?,?,?,?,?,?,?,?,?,?,?,?,?,?,?,?,?,?,?,?,?,?,?,?,?,?,?,?,?,?,?,?,?,?,?,?,?,?,?,?,?,?,?,?,?,?,?,?,?,?,?,?,?,?,?,?,?,?,?,?,?,?,?,?,?,?,?,?,?,?,?,?,?,?,?,?,?,?,?,?,?,?,?,?,?,?,?,?,?,?,?,?,?,?,?,?,?,?,?,?,?,?,?,?,?,?,?,?,?,?,?,?,?,?,?,?,?,?,?,?,?,?,?,?,?,?,?,?,?,?,?,?,?,?,?,?,?,?,?,?,?,?,?,?,?,?,?,?,?,?,?,?,?,?,?,?,?,?,?,?,?,?,?,?,?,?,?,?,?,?)
prisma:query SELECT `main`.`NhiemVu`.`id`, `main`.`NhiemVu`.`ma`, `main`.`NhiemVu`.`ten`, `main`.`NhiemVu`.`moTa`, `main`.`NhiemVu`.`donViChuTriId`, `main`.`NhiemVu`.`uuTien`, `main`.`NhiemVu`.`thoiHan`, `main`.`NhiemVu`.`giaiDoan`, `main`.`NhiemVu`.`kpi`, `main`.`NhiemVu`.`nguonKiemChung`, `main`.`NhiemVu`.`trangThai`, `main`.`NhiemVu`.`tienDo`, `main`.`NhiemVu`.`lop`, `main`.`NhiemVu`.`phuongAnXuLy`, `main`.`NhiemVu`.`ghiChu`, `main`.`NhiemVu`.`createdAt`, `main`.`NhiemVu`.`updatedAt` FROM `main`.`NhiemVu` WHERE `main`.`NhiemVu`.`id` IN (?,?,?,?,?,?) LIMIT ? OFFSET ?
 GET /api/he-thong 200 in 42ms (next.js: 4ms, application-code: 38ms)
✓ Compiled in 297ms
 GET /kts/so-do 200 in 45ms (next.js: 16ms, application-code: 30ms)
 GET /kts/so-do 200 in 2.4s (next.js: 5ms, application-code: 2.4s)
prisma:query SELECT 1
prisma:query SELECT `main`.`NhiemVu`.`id`, `main`.`NhiemVu`.`ma`, `main`.`NhiemVu`.`ten`, `main`.`NhiemVu`.`moTa`, `main`.`NhiemVu`.`donViChuTriId`, `main`.`NhiemVu`.`uuTien`, `main`.`NhiemVu`.`thoiHan`, `main`.`NhiemVu`.`giaiDoan`, `main`.`NhiemVu`.`kpi`, `main`.`NhiemVu`.`nguonKiemChung`, `main`.`NhiemVu`.`trangThai`, `main`.`NhiemVu`.`tienDo`, `main`.`NhiemVu`.`lop`, `main`.`NhiemVu`.`phuongAnXuLy`, `main`.`NhiemVu`.`ghiChu`, `main`.`NhiemVu`.`createdAt`, `main`.`NhiemVu`.`updatedAt` FROM `main`.`NhiemVu` WHERE 1=1 ORDER BY `main`.`NhiemVu`.`uuTien` ASC, `main`.`NhiemVu`.`thoiHan` ASC LIMIT ? OFFSET ?
prisma:query SELECT `main`.`DonVi`.`id`, `main`.`DonVi`.`ten`, `main`.`DonVi`.`loai`, `main`.`DonVi`.`parentId`, `main`.`DonVi`.`createdAt` FROM `main`.`DonVi` WHERE `main`.`DonVi`.`id` IN (?,?,?) LIMIT ? OFFSET ?
prisma:query SELECT `main`.`_HeThongNhiemVu`.`B`, `main`.`_HeThongNhiemVu`.`A` FROM `main`.`_HeThongNhiemVu` WHERE `main`.`_HeThongNhiemVu`.`B` IN (?,?,?,?,?,?,?,?,?)
prisma:query SELECT `main`.`HeThongSo`.`id`, `main`.`HeThongSo`.`ma`, `main`.`HeThongSo`.`ten`, `main`.`HeThongSo`.`loai`, `main`.`HeThongSo`.`lop`, `main`.`HeThongSo`.`moTa`, `main`.`HeThongSo`.`chuQuan`, `main`.`HeThongSo`.`trangThai`, `main`.`HeThongSo`.`namTrienKhai`, `main`.`HeThongSo`.`donViId`, `main`.`HeThongSo`.`createdAt`, `main`.`HeThongSo`.`updatedAt` FROM `main`.`HeThongSo` WHERE `main`.`HeThongSo`.`id` IN (?,?,?,?,?,?) LIMIT ? OFFSET ?
 GET /api/nhiem-vu 200 in 22ms (next.js: 4ms, application-code: 18ms)
prisma:query SELECT `main`.`HeThongSo`.`id`, `main`.`HeThongSo`.`ma`, `main`.`HeThongSo`.`ten`, `main`.`HeThongSo`.`loai`, `main`.`HeThongSo`.`lop`, `main`.`HeThongSo`.`moTa`, `main`.`HeThongSo`.`chuQuan`, `main`.`HeThongSo`.`trangThai`, `main`.`HeThongSo`.`namTrienKhai`, `main`.`HeThongSo`.`donViId`, `main`.`HeThongSo`.`createdAt`, `main`.`HeThongSo`.`updatedAt` FROM `main`.`HeThongSo` WHERE 1=1 ORDER BY `main`.`HeThongSo`.`lop` ASC, `main`.`HeThongSo`.`ma` ASC LIMIT ? OFFSET ?
prisma:query SELECT `main`.`DonVi`.`id`, `main`.`DonVi`.`ten`, `main`.`DonVi`.`loai`, `main`.`DonVi`.`parentId`, `main`.`DonVi`.`createdAt` FROM `main`.`DonVi` WHERE `main`.`DonVi`.`id` IN (?,?,?,?) LIMIT ? OFFSET ?
prisma:query SELECT `main`.`_HeThongNhiemVu`.`A`, `main`.`_HeThongNhiemVu`.`B` FROM `main`.`_HeThongNhiemVu` WHERE `main`.`_HeThongNhiemVu`.`A` IN (?,?,?,?,?,?,?,?,?,?,?,?,?,?,?,?,?,?,?,?,?,?,?,?,?,?,?,?,?,?,?,?,?,?,?,?,?,?,?,?,?,?,?,?,?,?,?,?,?,?,?,?,?,?,?,?,?,?,?,?,?,?,?,?,?,?,?,?,?,?,?,?,?,?,?,?,?,?,?,?,?,?,?,?,?,?,?,?,?,?,?,?,?,?,?,?,?,?,?,?,?,?,?,?,?,?,?,?,?,?,?,?,?,?,?,?,?,?,?,?,?,?,?,?,?,?,?,?,?,?,?,?,?,?,?,?,?,?,?,?,?,?,?,?,?,?,?,?,?,?,?,?,?,?,?,?,?,?,?,?,?,?,?,?,?,?,?,?,?,?,?,?,?,?,?,?,?,?,?,?,?,?,?,?,?,?,?,?,?,?,?,?,?,?,?,?,?,?,?,?,?,?,?,?,?,?,?,?,?,?,?,?,?,?,?,?,?,?,?,?,?,?,?,?,?,?,?,?,?,?,?,?,?,?,?,?,?,?,?,?,?,?,?,?,?,?,?,?,?,?,?,?,?,?,?,?,?,?,?,?,?,?,?,?,?,?,?,?,?,?,?,?,?,?,?,?,?,?,?,?,?,?,?,?,?,?,?,?,?,?,?,?,?,?,?,?,?,?,?,?,?,?,?,?,?,?,?,?,?,?,?,?,?,?,?,?,?,?,?,?,?,?,?,?,?,?,?,?,?,?,?,?,?,?,?,?,?,?,?,?,?,?,?,?,?,?,?,?,?,?,?,?,?,?,?,?,?,?,?,?,?,?,?,?,?,?,?,?,?,?,?,?,?,?,?,?,?,?,?,?,?,?,?,?,?,?,?,?,?)
prisma:query SELECT `main`.`NhiemVu`.`id`, `main`.`NhiemVu`.`ma`, `main`.`NhiemVu`.`ten`, `main`.`NhiemVu`.`moTa`, `main`.`NhiemVu`.`donViChuTriId`, `main`.`NhiemVu`.`uuTien`, `main`.`NhiemVu`.`thoiHan`, `main`.`NhiemVu`.`giaiDoan`, `main`.`NhiemVu`.`kpi`, `main`.`NhiemVu`.`nguonKiemChung`, `main`.`NhiemVu`.`trangThai`, `main`.`NhiemVu`.`tienDo`, `main`.`NhiemVu`.`lop`, `main`.`NhiemVu`.`phuongAnXuLy`, `main`.`NhiemVu`.`ghiChu`, `main`.`NhiemVu`.`createdAt`, `main`.`NhiemVu`.`updatedAt` FROM `main`.`NhiemVu` WHERE `main`.`NhiemVu`.`id` IN (?,?,?,?,?,?) LIMIT ? OFFSET ?
prisma:query SELECT 1
prisma:query SELECT `main`.`NhiemVu`.`id`, `main`.`NhiemVu`.`ma`, `main`.`NhiemVu`.`ten`, `main`.`NhiemVu`.`moTa`, `main`.`NhiemVu`.`donViChuTriId`, `main`.`NhiemVu`.`uuTien`, `main`.`NhiemVu`.`thoiHan`, `main`.`NhiemVu`.`giaiDoan`, `main`.`NhiemVu`.`kpi`, `main`.`NhiemVu`.`nguonKiemChung`, `main`.`NhiemVu`.`trangThai`, `main`.`NhiemVu`.`tienDo`, `main`.`NhiemVu`.`lop`, `main`.`NhiemVu`.`phuongAnXuLy`, `main`.`NhiemVu`.`ghiChu`, `main`.`NhiemVu`.`createdAt`, `main`.`NhiemVu`.`updatedAt` FROM `main`.`NhiemVu` WHERE 1=1 ORDER BY `main`.`NhiemVu`.`uuTien` ASC, `main`.`NhiemVu`.`thoiHan` ASC LIMIT ? OFFSET ?
 GET /api/he-thong 200 in 41ms (next.js: 14ms, application-code: 26ms)
prisma:query SELECT `main`.`DonVi`.`id`, `main`.`DonVi`.`ten`, `main`.`DonVi`.`loai`, `main`.`DonVi`.`parentId`, `main`.`DonVi`.`createdAt` FROM `main`.`DonVi` WHERE `main`.`DonVi`.`id` IN (?,?,?) LIMIT ? OFFSET ?
prisma:query SELECT `main`.`_HeThongNhiemVu`.`B`, `main`.`_HeThongNhiemVu`.`A` FROM `main`.`_HeThongNhiemVu` WHERE `main`.`_HeThongNhiemVu`.`B` IN (?,?,?,?,?,?,?,?,?)
prisma:query SELECT `main`.`HeThongSo`.`id`, `main`.`HeThongSo`.`ma`, `main`.`HeThongSo`.`ten`, `main`.`HeThongSo`.`loai`, `main`.`HeThongSo`.`lop`, `main`.`HeThongSo`.`moTa`, `main`.`HeThongSo`.`chuQuan`, `main`.`HeThongSo`.`trangThai`, `main`.`HeThongSo`.`namTrienKhai`, `main`.`HeThongSo`.`donViId`, `main`.`HeThongSo`.`createdAt`, `main`.`HeThongSo`.`updatedAt` FROM `main`.`HeThongSo` WHERE `main`.`HeThongSo`.`id` IN (?,?,?,?,?,?) LIMIT ? OFFSET ?
 GET /api/nhiem-vu 200 in 19ms (next.js: 3ms, application-code: 16ms)
prisma:query SELECT `main`.`HeThongSo`.`id`, `main`.`HeThongSo`.`ma`, `main`.`HeThongSo`.`ten`, `main`.`HeThongSo`.`loai`, `main`.`HeThongSo`.`lop`, `main`.`HeThongSo`.`moTa`, `main`.`HeThongSo`.`chuQuan`, `main`.`HeThongSo`.`trangThai`, `main`.`HeThongSo`.`namTrienKhai`, `main`.`HeThongSo`.`donViId`, `main`.`HeThongSo`.`createdAt`, `main`.`HeThongSo`.`updatedAt` FROM `main`.`HeThongSo` WHERE 1=1 ORDER BY `main`.`HeThongSo`.`lop` ASC, `main`.`HeThongSo`.`ma` ASC LIMIT ? OFFSET ?
prisma:query SELECT `main`.`DonVi`.`id`, `main`.`DonVi`.`ten`, `main`.`DonVi`.`loai`, `main`.`DonVi`.`parentId`, `main`.`DonVi`.`createdAt` FROM `main`.`DonVi` WHERE `main`.`DonVi`.`id` IN (?,?,?,?) LIMIT ? OFFSET ?
prisma:query SELECT `main`.`_HeThongNhiemVu`.`A`, `main`.`_HeThongNhiemVu`.`B` FROM `main`.`_HeThongNhiemVu` WHERE `main`.`_HeThongNhiemVu`.`A` IN (?,?,?,?,?,?,?,?,?,?,?,?,?,?,?,?,?,?,?,?,?,?,?,?,?,?,?,?,?,?,?,?,?,?,?,?,?,?,?,?,?,?,?,?,?,?,?,?,?,?,?,?,?,?,?,?,?,?,?,?,?,?,?,?,?,?,?,?,?,?,?,?,?,?,?,?,?,?,?,?,?,?,?,?,?,?,?,?,?,?,?,?,?,?,?,?,?,?,?,?,?,?,?,?,?,?,?,?,?,?,?,?,?,?,?,?,?,?,?,?,?,?,?,?,?,?,?,?,?,?,?,?,?,?,?,?,?,?,?,?,?,?,?,?,?,?,?,?,?,?,?,?,?,?,?,?,?,?,?,?,?,?,?,?,?,?,?,?,?,?,?,?,?,?,?,?,?,?,?,?,?,?,?,?,?,?,?,?,?,?,?,?,?,?,?,?,?,?,?,?,?,?,?,?,?,?,?,?,?,?,?,?,?,?,?,?,?,?,?,?,?,?,?,?,?,?,?,?,?,?,?,?,?,?,?,?,?,?,?,?,?,?,?,?,?,?,?,?,?,?,?,?,?,?,?,?,?,?,?,?,?,?,?,?,?,?,?,?,?,?,?,?,?,?,?,?,?,?,?,?,?,?,?,?,?,?,?,?,?,?,?,?,?,?,?,?,?,?,?,?,?,?,?,?,?,?,?,?,?,?,?,?,?,?,?,?,?,?,?,?,?,?,?,?,?,?,?,?,?,?,?,?,?,?,?,?,?,?,?,?,?,?,?,?,?,?,?,?,?,?,?,?,?,?,?,?,?,?,?,?,?,?,?,?,?,?,?,?,?,?,?,?,?,?,?,?,?,?,?,?,?,?,?,?,?,?,?,?,?)
prisma:query SELECT `main`.`NhiemVu`.`id`, `main`.`NhiemVu`.`ma`, `main`.`NhiemVu`.`ten`, `main`.`NhiemVu`.`moTa`, `main`.`NhiemVu`.`donViChuTriId`, `main`.`NhiemVu`.`uuTien`, `main`.`NhiemVu`.`thoiHan`, `main`.`NhiemVu`.`giaiDoan`, `main`.`NhiemVu`.`kpi`, `main`.`NhiemVu`.`nguonKiemChung`, `main`.`NhiemVu`.`trangThai`, `main`.`NhiemVu`.`tienDo`, `main`.`NhiemVu`.`lop`, `main`.`NhiemVu`.`phuongAnXuLy`, `main`.`NhiemVu`.`ghiChu`, `main`.`NhiemVu`.`createdAt`, `main`.`NhiemVu`.`updatedAt` FROM `main`.`NhiemVu` WHERE `main`.`NhiemVu`.`id` IN (?,?,?,?,?,?) LIMIT ? OFFSET ?
 GET /api/he-thong 200 in 33ms (next.js: 3ms, application-code: 29ms)
✓ Compiled in 329ms
 GET /kts/so-do 200 in 50ms (next.js: 12ms, application-code: 37ms)
 GET / 200 in 47ms (next.js: 26ms, application-code: 22ms)
 GET / 200 in 33ms (next.js: 9ms, application-code: 24ms)
✓ Compiled in 139ms
 GET /kts/so-do 200 in 42ms (next.js: 14ms, application-code: 29ms)
prisma:query SELECT 1
prisma:query SELECT `main`.`HeThongSo`.`id`, `main`.`HeThongSo`.`ma`, `main`.`HeThongSo`.`ten`, `main`.`HeThongSo`.`loai`, `main`.`HeThongSo`.`lop`, `main`.`HeThongSo`.`moTa`, `main`.`HeThongSo`.`chuQuan`, `main`.`HeThongSo`.`trangThai`, `main`.`HeThongSo`.`namTrienKhai`, `main`.`HeThongSo`.`donViId`, `main`.`HeThongSo`.`createdAt`, `main`.`HeThongSo`.`updatedAt` FROM `main`.`HeThongSo` WHERE 1=1 ORDER BY `main`.`HeThongSo`.`lop` ASC, `main`.`HeThongSo`.`ma` ASC LIMIT ? OFFSET ?
prisma:query SELECT `main`.`DonVi`.`id`, `main`.`DonVi`.`ten`, `main`.`DonVi`.`loai`, `main`.`DonVi`.`parentId`, `main`.`DonVi`.`createdAt` FROM `main`.`DonVi` WHERE `main`.`DonVi`.`id` IN (?,?,?,?) LIMIT ? OFFSET ?
prisma:query SELECT `main`.`_HeThongNhiemVu`.`A`, `main`.`_HeThongNhiemVu`.`B` FROM `main`.`_HeThongNhiemVu` WHERE `main`.`_HeThongNhiemVu`.`A` IN (?,?,?,?,?,?,?,?,?,?,?,?,?,?,?,?,?,?,?,?,?,?,?,?,?,?,?,?,?,?,?,?,?,?,?,?,?,?,?,?,?,?,?,?,?,?,?,?,?,?,?,?,?,?,?,?,?,?,?,?,?,?,?,?,?,?,?,?,?,?,?,?,?,?,?,?,?,?,?,?,?,?,?,?,?,?,?,?,?,?,?,?,?,?,?,?,?,?,?,?,?,?,?,?,?,?,?,?,?,?,?,?,?,?,?,?,?,?,?,?,?,?,?,?,?,?,?,?,?,?,?,?,?,?,?,?,?,?,?,?,?,?,?,?,?,?,?,?,?,?,?,?,?,?,?,?,?,?,?,?,?,?,?,?,?,?,?,?,?,?,?,?,?,?,?,?,?,?,?,?,?,?,?,?,?,?,?,?,?,?,?,?,?,?,?,?,?,?,?,?,?,?,?,?,?,?,?,?,?,?,?,?,?,?,?,?,?,?,?,?,?,?,?,?,?,?,?,?,?,?,?,?,?,?,?,?,?,?,?,?,?,?,?,?,?,?,?,?,?,?,?,?,?,?,?,?,?,?,?,?,?,?,?,?,?,?,?,?,?,?,?,?,?,?,?,?,?,?,?,?,?,?,?,?,?,?,?,?,?,?,?,?,?,?,?,?,?,?,?,?,?,?,?,?,?,?,?,?,?,?,?,?,?,?,?,?,?,?,?,?,?,?,?,?,?,?,?,?,?,?,?,?,?,?,?,?,?,?,?,?,?,?,?,?,?,?,?,?,?,?,?,?,?,?,?,?,?,?,?,?,?,?,?,?,?,?,?,?,?,?,?,?,?,?,?,?,?,?,?,?,?,?,?,?,?,?,?,?,?)
prisma:query SELECT `main`.`NhiemVu`.`id`, `main`.`NhiemVu`.`ma`, `main`.`NhiemVu`.`ten`, `main`.`NhiemVu`.`moTa`, `main`.`NhiemVu`.`donViChuTriId`, `main`.`NhiemVu`.`uuTien`, `main`.`NhiemVu`.`thoiHan`, `main`.`NhiemVu`.`giaiDoan`, `main`.`NhiemVu`.`kpi`, `main`.`NhiemVu`.`nguonKiemChung`, `main`.`NhiemVu`.`trangThai`, `main`.`NhiemVu`.`tienDo`, `main`.`NhiemVu`.`lop`, `main`.`NhiemVu`.`phuongAnXuLy`, `main`.`NhiemVu`.`ghiChu`, `main`.`NhiemVu`.`createdAt`, `main`.`NhiemVu`.`updatedAt` FROM `main`.`NhiemVu` WHERE `main`.`NhiemVu`.`id` IN (?,?,?,?,?,?) LIMIT ? OFFSET ?
prisma:query SELECT 1
prisma:query SELECT `main`.`NhiemVu`.`id`, `main`.`NhiemVu`.`ma`, `main`.`NhiemVu`.`ten`, `main`.`NhiemVu`.`moTa`, `main`.`NhiemVu`.`donViChuTriId`, `main`.`NhiemVu`.`uuTien`, `main`.`NhiemVu`.`thoiHan`, `main`.`NhiemVu`.`giaiDoan`, `main`.`NhiemVu`.`kpi`, `main`.`NhiemVu`.`nguonKiemChung`, `main`.`NhiemVu`.`trangThai`, `main`.`NhiemVu`.`tienDo`, `main`.`NhiemVu`.`lop`, `main`.`NhiemVu`.`phuongAnXuLy`, `main`.`NhiemVu`.`ghiChu`, `main`.`NhiemVu`.`createdAt`, `main`.`NhiemVu`.`updatedAt` FROM `main`.`NhiemVu` WHERE 1=1 ORDER BY `main`.`NhiemVu`.`uuTien` ASC, `main`.`NhiemVu`.`thoiHan` ASC LIMIT ? OFFSET ?
prisma:query SELECT `main`.`DonVi`.`id`, `main`.`DonVi`.`ten`, `main`.`DonVi`.`loai`, `main`.`DonVi`.`parentId`, `main`.`DonVi`.`createdAt` FROM `main`.`DonVi` WHERE `main`.`DonVi`.`id` IN (?,?,?) LIMIT ? OFFSET ?
prisma:query SELECT `main`.`_HeThongNhiemVu`.`B`, `main`.`_HeThongNhiemVu`.`A` FROM `main`.`_HeThongNhiemVu` WHERE `main`.`_HeThongNhiemVu`.`B` IN (?,?,?,?,?,?,?,?,?)
prisma:query SELECT `main`.`HeThongSo`.`id`, `main`.`HeThongSo`.`ma`, `main`.`HeThongSo`.`ten`, `main`.`HeThongSo`.`loai`, `main`.`HeThongSo`.`lop`, `main`.`HeThongSo`.`moTa`, `main`.`HeThongSo`.`chuQuan`, `main`.`HeThongSo`.`trangThai`, `main`.`HeThongSo`.`namTrienKhai`, `main`.`HeThongSo`.`donViId`, `main`.`HeThongSo`.`createdAt`, `main`.`HeThongSo`.`updatedAt` FROM `main`.`HeThongSo` WHERE `main`.`HeThongSo`.`id` IN (?,?,?,?,?,?) LIMIT ? OFFSET ?
 GET /api/nhiem-vu 200 in 29ms (next.js: 19ms, application-code: 10ms)
 GET /api/he-thong 200 in 41ms (next.js: 7ms, application-code: 34ms)
prisma:query SELECT `main`.`NhiemVu`.`id`, `main`.`NhiemVu`.`ma`, `main`.`NhiemVu`.`ten`, `main`.`NhiemVu`.`moTa`, `main`.`NhiemVu`.`donViChuTriId`, `main`.`NhiemVu`.`uuTien`, `main`.`NhiemVu`.`thoiHan`, `main`.`NhiemVu`.`giaiDoan`, `main`.`NhiemVu`.`kpi`, `main`.`NhiemVu`.`nguonKiemChung`, `main`.`NhiemVu`.`trangThai`, `main`.`NhiemVu`.`tienDo`, `main`.`NhiemVu`.`lop`, `main`.`NhiemVu`.`phuongAnXuLy`, `main`.`NhiemVu`.`ghiChu`, `main`.`NhiemVu`.`createdAt`, `main`.`NhiemVu`.`updatedAt` FROM `main`.`NhiemVu` WHERE 1=1 ORDER BY `main`.`NhiemVu`.`uuTien` ASC, `main`.`NhiemVu`.`thoiHan` ASC LIMIT ? OFFSET ?
prisma:query SELECT `main`.`DonVi`.`id`, `main`.`DonVi`.`ten`, `main`.`DonVi`.`loai`, `main`.`DonVi`.`parentId`, `main`.`DonVi`.`createdAt` FROM `main`.`DonVi` WHERE `main`.`DonVi`.`id` IN (?,?,?) LIMIT ? OFFSET ?
prisma:query SELECT `main`.`_HeThongNhiemVu`.`B`, `main`.`_HeThongNhiemVu`.`A` FROM `main`.`_HeThongNhiemVu` WHERE `main`.`_HeThongNhiemVu`.`B` IN (?,?,?,?,?,?,?,?,?)
prisma:query SELECT `main`.`HeThongSo`.`id`, `main`.`HeThongSo`.`ma`, `main`.`HeThongSo`.`ten`, `main`.`HeThongSo`.`loai`, `main`.`HeThongSo`.`lop`, `main`.`HeThongSo`.`moTa`, `main`.`HeThongSo`.`chuQuan`, `main`.`HeThongSo`.`trangThai`, `main`.`HeThongSo`.`namTrienKhai`, `main`.`HeThongSo`.`donViId`, `main`.`HeThongSo`.`createdAt`, `main`.`HeThongSo`.`updatedAt` FROM `main`.`HeThongSo` WHERE `main`.`HeThongSo`.`id` IN (?,?,?,?,?,?) LIMIT ? OFFSET ?
 GET /api/nhiem-vu 200 in 18ms (next.js: 5ms, application-code: 13ms)
prisma:query SELECT `main`.`HeThongSo`.`id`, `main`.`HeThongSo`.`ma`, `main`.`HeThongSo`.`ten`, `main`.`HeThongSo`.`loai`, `main`.`HeThongSo`.`lop`, `main`.`HeThongSo`.`moTa`, `main`.`HeThongSo`.`chuQuan`, `main`.`HeThongSo`.`trangThai`, `main`.`HeThongSo`.`namTrienKhai`, `main`.`HeThongSo`.`donViId`, `main`.`HeThongSo`.`createdAt`, `main`.`HeThongSo`.`updatedAt` FROM `main`.`HeThongSo` WHERE 1=1 ORDER BY `main`.`HeThongSo`.`lop` ASC, `main`.`HeThongSo`.`ma` ASC LIMIT ? OFFSET ?
prisma:query SELECT `main`.`DonVi`.`id`, `main`.`DonVi`.`ten`, `main`.`DonVi`.`loai`, `main`.`DonVi`.`parentId`, `main`.`DonVi`.`createdAt` FROM `main`.`DonVi` WHERE `main`.`DonVi`.`id` IN (?,?,?,?) LIMIT ? OFFSET ?
prisma:query SELECT `main`.`_HeThongNhiemVu`.`A`, `main`.`_HeThongNhiemVu`.`B` FROM `main`.`_HeThongNhiemVu` WHERE `main`.`_HeThongNhiemVu`.`A` IN (?,?,?,?,?,?,?,?,?,?,?,?,?,?,?,?,?,?,?,?,?,?,?,?,?,?,?,?,?,?,?,?,?,?,?,?,?,?,?,?,?,?,?,?,?,?,?,?,?,?,?,?,?,?,?,?,?,?,?,?,?,?,?,?,?,?,?,?,?,?,?,?,?,?,?,?,?,?,?,?,?,?,?,?,?,?,?,?,?,?,?,?,?,?,?,?,?,?,?,?,?,?,?,?,?,?,?,?,?,?,?,?,?,?,?,?,?,?,?,?,?,?,?,?,?,?,?,?,?,?,?,?,?,?,?,?,?,?,?,?,?,?,?,?,?,?,?,?,?,?,?,?,?,?,?,?,?,?,?,?,?,?,?,?,?,?,?,?,?,?,?,?,?,?,?,?,?,?,?,?,?,?,?,?,?,?,?,?,?,?,?,?,?,?,?,?,?,?,?,?,?,?,?,?,?,?,?,?,?,?,?,?,?,?,?,?,?,?,?,?,?,?,?,?,?,?,?,?,?,?,?,?,?,?,?,?,?,?,?,?,?,?,?,?,?,?,?,?,?,?,?,?,?,?,?,?,?,?,?,?,?,?,?,?,?,?,?,?,?,?,?,?,?,?,?,?,?,?,?,?,?,?,?,?,?,?,?,?,?,?,?,?,?,?,?,?,?,?,?,?,?,?,?,?,?,?,?,?,?,?,?,?,?,?,?,?,?,?,?,?,?,?,?,?,?,?,?,?,?,?,?,?,?,?,?,?,?,?,?,?,?,?,?,?,?,?,?,?,?,?,?,?,?,?,?,?,?,?,?,?,?,?,?,?,?,?,?,?,?,?,?,?,?,?,?,?,?,?,?,?,?,?,?,?,?,?,?,?,?)
prisma:query SELECT `main`.`NhiemVu`.`id`, `main`.`NhiemVu`.`ma`, `main`.`NhiemVu`.`ten`, `main`.`NhiemVu`.`moTa`, `main`.`NhiemVu`.`donViChuTriId`, `main`.`NhiemVu`.`uuTien`, `main`.`NhiemVu`.`thoiHan`, `main`.`NhiemVu`.`giaiDoan`, `main`.`NhiemVu`.`kpi`, `main`.`NhiemVu`.`nguonKiemChung`, `main`.`NhiemVu`.`trangThai`, `main`.`NhiemVu`.`tienDo`, `main`.`NhiemVu`.`lop`, `main`.`NhiemVu`.`phuongAnXuLy`, `main`.`NhiemVu`.`ghiChu`, `main`.`NhiemVu`.`createdAt`, `main`.`NhiemVu`.`updatedAt` FROM `main`.`NhiemVu` WHERE `main`.`NhiemVu`.`id` IN (?,?,?,?,?,?) LIMIT ? OFFSET ?
 GET /api/he-thong 200 in 37ms (next.js: 4ms, application-code: 33ms)
✓ Compiled in 156ms
 GET /kts/so-do 200 in 55ms (next.js: 14ms, application-code: 41ms)
✓ Compiled in 137ms
 GET /kts/so-do 200 in 45ms (next.js: 13ms, application-code: 32ms)
 GET /api/auth/session 200 in 83ms (next.js: 55ms, application-code: 28ms)
 GET /api/auth/session 200 in 11ms (next.js: 3ms, application-code: 8ms)
 GET /api/auth/session 200 in 48ms (next.js: 22ms, application-code: 26ms)
 GET /api/auth/session 200 in 21ms (next.js: 5ms, application-code: 16ms)
 GET /kts/hien-trang 200 in 45ms (next.js: 9ms, application-code: 36ms)
prisma:query SELECT 1
prisma:query SELECT `main`.`HeThongSo`.`id`, `main`.`HeThongSo`.`ma`, `main`.`HeThongSo`.`ten`, `main`.`HeThongSo`.`loai`, `main`.`HeThongSo`.`lop`, `main`.`HeThongSo`.`moTa`, `main`.`HeThongSo`.`chuQuan`, `main`.`HeThongSo`.`trangThai`, `main`.`HeThongSo`.`namTrienKhai`, `main`.`HeThongSo`.`donViId`, `main`.`HeThongSo`.`createdAt`, `main`.`HeThongSo`.`updatedAt` FROM `main`.`HeThongSo` WHERE 1=1 ORDER BY `main`.`HeThongSo`.`lop` ASC, `main`.`HeThongSo`.`ma` ASC LIMIT ? OFFSET ?
prisma:query SELECT `main`.`DonVi`.`id`, `main`.`DonVi`.`ten`, `main`.`DonVi`.`loai`, `main`.`DonVi`.`parentId`, `main`.`DonVi`.`createdAt` FROM `main`.`DonVi` WHERE `main`.`DonVi`.`id` IN (?,?,?,?) LIMIT ? OFFSET ?
prisma:query SELECT `main`.`_HeThongNhiemVu`.`A`, `main`.`_HeThongNhiemVu`.`B` FROM `main`.`_HeThongNhiemVu` WHERE `main`.`_HeThongNhiemVu`.`A` IN (?,?,?,?,?,?,?,?,?,?,?,?,?,?,?,?,?,?,?,?,?,?,?,?,?,?,?,?,?,?,?,?,?,?,?,?,?,?,?,?,?,?,?,?,?,?,?,?,?,?,?,?,?,?,?,?,?,?,?,?,?,?,?,?,?,?,?,?,?,?,?,?,?,?,?,?,?,?,?,?,?,?,?,?,?,?,?,?,?,?,?,?,?,?,?,?,?,?,?,?,?,?,?,?,?,?,?,?,?,?,?,?,?,?,?,?,?,?,?,?,?,?,?,?,?,?,?,?,?,?,?,?,?,?,?,?,?,?,?,?,?,?,?,?,?,?,?,?,?,?,?,?,?,?,?,?,?,?,?,?,?,?,?,?,?,?,?,?,?,?,?,?,?,?,?,?,?,?,?,?,?,?,?,?,?,?,?,?,?,?,?,?,?,?,?,?,?,?,?,?,?,?,?,?,?,?,?,?,?,?,?,?,?,?,?,?,?,?,?,?,?,?,?,?,?,?,?,?,?,?,?,?,?,?,?,?,?,?,?,?,?,?,?,?,?,?,?,?,?,?,?,?,?,?,?,?,?,?,?,?,?,?,?,?,?,?,?,?,?,?,?,?,?,?,?,?,?,?,?,?,?,?,?,?,?,?,?,?,?,?,?,?,?,?,?,?,?,?,?,?,?,?,?,?,?,?,?,?,?,?,?,?,?,?,?,?,?,?,?,?,?,?,?,?,?,?,?,?,?,?,?,?,?,?,?,?,?,?,?,?,?,?,?,?,?,?,?,?,?,?,?,?,?,?,?,?,?,?,?,?,?,?,?,?,?,?,?,?,?,?,?,?,?,?,?,?,?,?,?,?,?,?,?,?,?,?,?,?,?)
prisma:query SELECT `main`.`NhiemVu`.`id`, `main`.`NhiemVu`.`ma`, `main`.`NhiemVu`.`ten`, `main`.`NhiemVu`.`moTa`, `main`.`NhiemVu`.`donViChuTriId`, `main`.`NhiemVu`.`uuTien`, `main`.`NhiemVu`.`thoiHan`, `main`.`NhiemVu`.`giaiDoan`, `main`.`NhiemVu`.`kpi`, `main`.`NhiemVu`.`nguonKiemChung`, `main`.`NhiemVu`.`trangThai`, `main`.`NhiemVu`.`tienDo`, `main`.`NhiemVu`.`lop`, `main`.`NhiemVu`.`phuongAnXuLy`, `main`.`NhiemVu`.`ghiChu`, `main`.`NhiemVu`.`createdAt`, `main`.`NhiemVu`.`updatedAt` FROM `main`.`NhiemVu` WHERE `main`.`NhiemVu`.`id` IN (?,?,?,?,?,?) LIMIT ? OFFSET ?
 GET /api/he-thong 200 in 43ms (next.js: 7ms, application-code: 36ms)
prisma:query SELECT `main`.`HeThongSo`.`id`, `main`.`HeThongSo`.`ma`, `main`.`HeThongSo`.`ten`, `main`.`HeThongSo`.`loai`, `main`.`HeThongSo`.`lop`, `main`.`HeThongSo`.`moTa`, `main`.`HeThongSo`.`chuQuan`, `main`.`HeThongSo`.`trangThai`, `main`.`HeThongSo`.`namTrienKhai`, `main`.`HeThongSo`.`donViId`, `main`.`HeThongSo`.`createdAt`, `main`.`HeThongSo`.`updatedAt` FROM `main`.`HeThongSo` WHERE 1=1 ORDER BY `main`.`HeThongSo`.`lop` ASC, `main`.`HeThongSo`.`ma` ASC LIMIT ? OFFSET ?
prisma:query SELECT `main`.`DonVi`.`id`, `main`.`DonVi`.`ten`, `main`.`DonVi`.`loai`, `main`.`DonVi`.`parentId`, `main`.`DonVi`.`createdAt` FROM `main`.`DonVi` WHERE `main`.`DonVi`.`id` IN (?,?,?,?) LIMIT ? OFFSET ?
prisma:query SELECT `main`.`_HeThongNhiemVu`.`A`, `main`.`_HeThongNhiemVu`.`B` FROM `main`.`_HeThongNhiemVu` WHERE `main`.`_HeThongNhiemVu`.`A` IN (?,?,?,?,?,?,?,?,?,?,?,?,?,?,?,?,?,?,?,?,?,?,?,?,?,?,?,?,?,?,?,?,?,?,?,?,?,?,?,?,?,?,?,?,?,?,?,?,?,?,?,?,?,?,?,?,?,?,?,?,?,?,?,?,?,?,?,?,?,?,?,?,?,?,?,?,?,?,?,?,?,?,?,?,?,?,?,?,?,?,?,?,?,?,?,?,?,?,?,?,?,?,?,?,?,?,?,?,?,?,?,?,?,?,?,?,?,?,?,?,?,?,?,?,?,?,?,?,?,?,?,?,?,?,?,?,?,?,?,?,?,?,?,?,?,?,?,?,?,?,?,?,?,?,?,?,?,?,?,?,?,?,?,?,?,?,?,?,?,?,?,?,?,?,?,?,?,?,?,?,?,?,?,?,?,?,?,?,?,?,?,?,?,?,?,?,?,?,?,?,?,?,?,?,?,?,?,?,?,?,?,?,?,?,?,?,?,?,?,?,?,?,?,?,?,?,?,?,?,?,?,?,?,?,?,?,?,?,?,?,?,?,?,?,?,?,?,?,?,?,?,?,?,?,?,?,?,?,?,?,?,?,?,?,?,?,?,?,?,?,?,?,?,?,?,?,?,?,?,?,?,?,?,?,?,?,?,?,?,?,?,?,?,?,?,?,?,?,?,?,?,?,?,?,?,?,?,?,?,?,?,?,?,?,?,?,?,?,?,?,?,?,?,?,?,?,?,?,?,?,?,?,?,?,?,?,?,?,?,?,?,?,?,?,?,?,?,?,?,?,?,?,?,?,?,?,?,?,?,?,?,?,?,?,?,?,?,?,?,?,?,?,?,?,?,?,?,?,?,?,?,?,?,?,?,?,?,?,?)
prisma:query SELECT `main`.`NhiemVu`.`id`, `main`.`NhiemVu`.`ma`, `main`.`NhiemVu`.`ten`, `main`.`NhiemVu`.`moTa`, `main`.`NhiemVu`.`donViChuTriId`, `main`.`NhiemVu`.`uuTien`, `main`.`NhiemVu`.`thoiHan`, `main`.`NhiemVu`.`giaiDoan`, `main`.`NhiemVu`.`kpi`, `main`.`NhiemVu`.`nguonKiemChung`, `main`.`NhiemVu`.`trangThai`, `main`.`NhiemVu`.`tienDo`, `main`.`NhiemVu`.`lop`, `main`.`NhiemVu`.`phuongAnXuLy`, `main`.`NhiemVu`.`ghiChu`, `main`.`NhiemVu`.`createdAt`, `main`.`NhiemVu`.`updatedAt` FROM `main`.`NhiemVu` WHERE `main`.`NhiemVu`.`id` IN (?,?,?,?,?,?) LIMIT ? OFFSET ?
 GET /api/he-thong 200 in 38ms (next.js: 5ms, application-code: 33ms)
[browser] Warning: [antd: Modal] `destroyOnClose` is deprecated. Please use `destroyOnHidden` instead. 
    at Array.forEach (<anonymous>) (<anonymous>)
[browser] Warning: [antd: Descriptions] `labelStyle` is deprecated. Please use `styles.label` instead. 
    at Array.forEach (<anonymous>) (<anonymous>)
 GET /kts/lo-trinh 200 in 38ms (next.js: 13ms, application-code: 25ms)
prisma:query SELECT 1
prisma:query SELECT `main`.`NhiemVu`.`id`, `main`.`NhiemVu`.`ma`, `main`.`NhiemVu`.`ten`, `main`.`NhiemVu`.`moTa`, `main`.`NhiemVu`.`donViChuTriId`, `main`.`NhiemVu`.`uuTien`, `main`.`NhiemVu`.`thoiHan`, `main`.`NhiemVu`.`giaiDoan`, `main`.`NhiemVu`.`kpi`, `main`.`NhiemVu`.`nguonKiemChung`, `main`.`NhiemVu`.`trangThai`, `main`.`NhiemVu`.`tienDo`, `main`.`NhiemVu`.`lop`, `main`.`NhiemVu`.`phuongAnXuLy`, `main`.`NhiemVu`.`ghiChu`, `main`.`NhiemVu`.`createdAt`, `main`.`NhiemVu`.`updatedAt` FROM `main`.`NhiemVu` WHERE 1=1 ORDER BY `main`.`NhiemVu`.`uuTien` ASC, `main`.`NhiemVu`.`thoiHan` ASC LIMIT ? OFFSET ?
prisma:query SELECT `main`.`DonVi`.`id`, `main`.`DonVi`.`ten`, `main`.`DonVi`.`loai`, `main`.`DonVi`.`parentId`, `main`.`DonVi`.`createdAt` FROM `main`.`DonVi` WHERE `main`.`DonVi`.`id` IN (?,?,?) LIMIT ? OFFSET ?
prisma:query SELECT `main`.`_HeThongNhiemVu`.`B`, `main`.`_HeThongNhiemVu`.`A` FROM `main`.`_HeThongNhiemVu` WHERE `main`.`_HeThongNhiemVu`.`B` IN (?,?,?,?,?,?,?,?,?)
prisma:query SELECT `main`.`HeThongSo`.`id`, `main`.`HeThongSo`.`ma`, `main`.`HeThongSo`.`ten`, `main`.`HeThongSo`.`loai`, `main`.`HeThongSo`.`lop`, `main`.`HeThongSo`.`moTa`, `main`.`HeThongSo`.`chuQuan`, `main`.`HeThongSo`.`trangThai`, `main`.`HeThongSo`.`namTrienKhai`, `main`.`HeThongSo`.`donViId`, `main`.`HeThongSo`.`createdAt`, `main`.`HeThongSo`.`updatedAt` FROM `main`.`HeThongSo` WHERE `main`.`HeThongSo`.`id` IN (?,?,?,?,?,?) LIMIT ? OFFSET ?
 GET /api/nhiem-vu 200 in 21ms (next.js: 8ms, application-code: 14ms)
prisma:query SELECT `main`.`NhiemVu`.`id`, `main`.`NhiemVu`.`ma`, `main`.`NhiemVu`.`ten`, `main`.`NhiemVu`.`moTa`, `main`.`NhiemVu`.`donViChuTriId`, `main`.`NhiemVu`.`uuTien`, `main`.`NhiemVu`.`thoiHan`, `main`.`NhiemVu`.`giaiDoan`, `main`.`NhiemVu`.`kpi`, `main`.`NhiemVu`.`nguonKiemChung`, `main`.`NhiemVu`.`trangThai`, `main`.`NhiemVu`.`tienDo`, `main`.`NhiemVu`.`lop`, `main`.`NhiemVu`.`phuongAnXuLy`, `main`.`NhiemVu`.`ghiChu`, `main`.`NhiemVu`.`createdAt`, `main`.`NhiemVu`.`updatedAt` FROM `main`.`NhiemVu` WHERE 1=1 ORDER BY `main`.`NhiemVu`.`uuTien` ASC, `main`.`NhiemVu`.`thoiHan` ASC LIMIT ? OFFSET ?
prisma:query SELECT `main`.`DonVi`.`id`, `main`.`DonVi`.`ten`, `main`.`DonVi`.`loai`, `main`.`DonVi`.`parentId`, `main`.`DonVi`.`createdAt` FROM `main`.`DonVi` WHERE `main`.`DonVi`.`id` IN (?,?,?) LIMIT ? OFFSET ?
prisma:query SELECT `main`.`_HeThongNhiemVu`.`B`, `main`.`_HeThongNhiemVu`.`A` FROM `main`.`_HeThongNhiemVu` WHERE `main`.`_HeThongNhiemVu`.`B` IN (?,?,?,?,?,?,?,?,?)
prisma:query SELECT `main`.`HeThongSo`.`id`, `main`.`HeThongSo`.`ma`, `main`.`HeThongSo`.`ten`, `main`.`HeThongSo`.`loai`, `main`.`HeThongSo`.`lop`, `main`.`HeThongSo`.`moTa`, `main`.`HeThongSo`.`chuQuan`, `main`.`HeThongSo`.`trangThai`, `main`.`HeThongSo`.`namTrienKhai`, `main`.`HeThongSo`.`donViId`, `main`.`HeThongSo`.`createdAt`, `main`.`HeThongSo`.`updatedAt` FROM `main`.`HeThongSo` WHERE `main`.`HeThongSo`.`id` IN (?,?,?,?,?,?) LIMIT ? OFFSET ?
 GET /api/nhiem-vu 200 in 19ms (next.js: 7ms, application-code: 12ms)
[browser] Warning: [antd: Timeline] `mode=left|right` is deprecated. Please use `mode=start|end` instead. 
[browser] Warning: [antd: Timeline] `items.label` is deprecated. Please use `items.title` instead. 
    at Array.forEach (<anonymous>) (<anonymous>)
[browser] Warning: [antd: Timeline] `items.children` is deprecated. Please use `items.content` instead. 
    at Array.forEach (<anonymous>) (<anonymous>)
 GET /kts/hien-trang 200 in 29ms (next.js: 6ms, application-code: 24ms)
prisma:query SELECT `main`.`HeThongSo`.`id`, `main`.`HeThongSo`.`ma`, `main`.`HeThongSo`.`ten`, `main`.`HeThongSo`.`loai`, `main`.`HeThongSo`.`lop`, `main`.`HeThongSo`.`moTa`, `main`.`HeThongSo`.`chuQuan`, `main`.`HeThongSo`.`trangThai`, `main`.`HeThongSo`.`namTrienKhai`, `main`.`HeThongSo`.`donViId`, `main`.`HeThongSo`.`createdAt`, `main`.`HeThongSo`.`updatedAt` FROM `main`.`HeThongSo` WHERE 1=1 ORDER BY `main`.`HeThongSo`.`lop` ASC, `main`.`HeThongSo`.`ma` ASC LIMIT ? OFFSET ?
prisma:query SELECT `main`.`DonVi`.`id`, `main`.`DonVi`.`ten`, `main`.`DonVi`.`loai`, `main`.`DonVi`.`parentId`, `main`.`DonVi`.`createdAt` FROM `main`.`DonVi` WHERE `main`.`DonVi`.`id` IN (?,?,?,?) LIMIT ? OFFSET ?
prisma:query SELECT `main`.`_HeThongNhiemVu`.`A`, `main`.`_HeThongNhiemVu`.`B` FROM `main`.`_HeThongNhiemVu` WHERE `main`.`_HeThongNhiemVu`.`A` IN (?,?,?,?,?,?,?,?,?,?,?,?,?,?,?,?,?,?,?,?,?,?,?,?,?,?,?,?,?,?,?,?,?,?,?,?,?,?,?,?,?,?,?,?,?,?,?,?,?,?,?,?,?,?,?,?,?,?,?,?,?,?,?,?,?,?,?,?,?,?,?,?,?,?,?,?,?,?,?,?,?,?,?,?,?,?,?,?,?,?,?,?,?,?,?,?,?,?,?,?,?,?,?,?,?,?,?,?,?,?,?,?,?,?,?,?,?,?,?,?,?,?,?,?,?,?,?,?,?,?,?,?,?,?,?,?,?,?,?,?,?,?,?,?,?,?,?,?,?,?,?,?,?,?,?,?,?,?,?,?,?,?,?,?,?,?,?,?,?,?,?,?,?,?,?,?,?,?,?,?,?,?,?,?,?,?,?,?,?,?,?,?,?,?,?,?,?,?,?,?,?,?,?,?,?,?,?,?,?,?,?,?,?,?,?,?,?,?,?,?,?,?,?,?,?,?,?,?,?,?,?,?,?,?,?,?,?,?,?,?,?,?,?,?,?,?,?,?,?,?,?,?,?,?,?,?,?,?,?,?,?,?,?,?,?,?,?,?,?,?,?,?,?,?,?,?,?,?,?,?,?,?,?,?,?,?,?,?,?,?,?,?,?,?,?,?,?,?,?,?,?,?,?,?,?,?,?,?,?,?,?,?,?,?,?,?,?,?,?,?,?,?,?,?,?,?,?,?,?,?,?,?,?,?,?,?,?,?,?,?,?,?,?,?,?,?,?,?,?,?,?,?,?,?,?,?,?,?,?,?,?,?,?,?,?,?,?,?,?,?,?,?,?,?,?,?,?,?,?,?,?,?,?,?,?,?,?,?,?)
prisma:query SELECT `main`.`NhiemVu`.`id`, `main`.`NhiemVu`.`ma`, `main`.`NhiemVu`.`ten`, `main`.`NhiemVu`.`moTa`, `main`.`NhiemVu`.`donViChuTriId`, `main`.`NhiemVu`.`uuTien`, `main`.`NhiemVu`.`thoiHan`, `main`.`NhiemVu`.`giaiDoan`, `main`.`NhiemVu`.`kpi`, `main`.`NhiemVu`.`nguonKiemChung`, `main`.`NhiemVu`.`trangThai`, `main`.`NhiemVu`.`tienDo`, `main`.`NhiemVu`.`lop`, `main`.`NhiemVu`.`phuongAnXuLy`, `main`.`NhiemVu`.`ghiChu`, `main`.`NhiemVu`.`createdAt`, `main`.`NhiemVu`.`updatedAt` FROM `main`.`NhiemVu` WHERE `main`.`NhiemVu`.`id` IN (?,?,?,?,?,?) LIMIT ? OFFSET ?
 GET /api/he-thong 200 in 38ms (next.js: 4ms, application-code: 34ms)
prisma:query SELECT `main`.`HeThongSo`.`id`, `main`.`HeThongSo`.`ma`, `main`.`HeThongSo`.`ten`, `main`.`HeThongSo`.`loai`, `main`.`HeThongSo`.`lop`, `main`.`HeThongSo`.`moTa`, `main`.`HeThongSo`.`chuQuan`, `main`.`HeThongSo`.`trangThai`, `main`.`HeThongSo`.`namTrienKhai`, `main`.`HeThongSo`.`donViId`, `main`.`HeThongSo`.`createdAt`, `main`.`HeThongSo`.`updatedAt` FROM `main`.`HeThongSo` WHERE 1=1 ORDER BY `main`.`HeThongSo`.`lop` ASC, `main`.`HeThongSo`.`ma` ASC LIMIT ? OFFSET ?
prisma:query SELECT `main`.`DonVi`.`id`, `main`.`DonVi`.`ten`, `main`.`DonVi`.`loai`, `main`.`DonVi`.`parentId`, `main`.`DonVi`.`createdAt` FROM `main`.`DonVi` WHERE `main`.`DonVi`.`id` IN (?,?,?,?) LIMIT ? OFFSET ?
prisma:query SELECT `main`.`_HeThongNhiemVu`.`A`, `main`.`_HeThongNhiemVu`.`B` FROM `main`.`_HeThongNhiemVu` WHERE `main`.`_HeThongNhiemVu`.`A` IN (?,?,?,?,?,?,?,?,?,?,?,?,?,?,?,?,?,?,?,?,?,?,?,?,?,?,?,?,?,?,?,?,?,?,?,?,?,?,?,?,?,?,?,?,?,?,?,?,?,?,?,?,?,?,?,?,?,?,?,?,?,?,?,?,?,?,?,?,?,?,?,?,?,?,?,?,?,?,?,?,?,?,?,?,?,?,?,?,?,?,?,?,?,?,?,?,?,?,?,?,?,?,?,?,?,?,?,?,?,?,?,?,?,?,?,?,?,?,?,?,?,?,?,?,?,?,?,?,?,?,?,?,?,?,?,?,?,?,?,?,?,?,?,?,?,?,?,?,?,?,?,?,?,?,?,?,?,?,?,?,?,?,?,?,?,?,?,?,?,?,?,?,?,?,?,?,?,?,?,?,?,?,?,?,?,?,?,?,?,?,?,?,?,?,?,?,?,?,?,?,?,?,?,?,?,?,?,?,?,?,?,?,?,?,?,?,?,?,?,?,?,?,?,?,?,?,?,?,?,?,?,?,?,?,?,?,?,?,?,?,?,?,?,?,?,?,?,?,?,?,?,?,?,?,?,?,?,?,?,?,?,?,?,?,?,?,?,?,?,?,?,?,?,?,?,?,?,?,?,?,?,?,?,?,?,?,?,?,?,?,?,?,?,?,?,?,?,?,?,?,?,?,?,?,?,?,?,?,?,?,?,?,?,?,?,?,?,?,?,?,?,?,?,?,?,?,?,?,?,?,?,?,?,?,?,?,?,?,?,?,?,?,?,?,?,?,?,?,?,?,?,?,?,?,?,?,?,?,?,?,?,?,?,?,?,?,?,?,?,?,?,?,?,?,?,?,?,?,?,?,?,?,?,?,?,?,?,?,?)
prisma:query SELECT `main`.`NhiemVu`.`id`, `main`.`NhiemVu`.`ma`, `main`.`NhiemVu`.`ten`, `main`.`NhiemVu`.`moTa`, `main`.`NhiemVu`.`donViChuTriId`, `main`.`NhiemVu`.`uuTien`, `main`.`NhiemVu`.`thoiHan`, `main`.`NhiemVu`.`giaiDoan`, `main`.`NhiemVu`.`kpi`, `main`.`NhiemVu`.`nguonKiemChung`, `main`.`NhiemVu`.`trangThai`, `main`.`NhiemVu`.`tienDo`, `main`.`NhiemVu`.`lop`, `main`.`NhiemVu`.`phuongAnXuLy`, `main`.`NhiemVu`.`ghiChu`, `main`.`NhiemVu`.`createdAt`, `main`.`NhiemVu`.`updatedAt` FROM `main`.`NhiemVu` WHERE `main`.`NhiemVu`.`id` IN (?,?,?,?,?,?) LIMIT ? OFFSET ?
 GET /api/he-thong 200 in 46ms (next.js: 5ms, application-code: 41ms)
 GET /kts/lo-trinh 200 in 36ms (next.js: 7ms, application-code: 29ms)
prisma:query SELECT `main`.`NhiemVu`.`id`, `main`.`NhiemVu`.`ma`, `main`.`NhiemVu`.`ten`, `main`.`NhiemVu`.`moTa`, `main`.`NhiemVu`.`donViChuTriId`, `main`.`NhiemVu`.`uuTien`, `main`.`NhiemVu`.`thoiHan`, `main`.`NhiemVu`.`giaiDoan`, `main`.`NhiemVu`.`kpi`, `main`.`NhiemVu`.`nguonKiemChung`, `main`.`NhiemVu`.`trangThai`, `main`.`NhiemVu`.`tienDo`, `main`.`NhiemVu`.`lop`, `main`.`NhiemVu`.`phuongAnXuLy`, `main`.`NhiemVu`.`ghiChu`, `main`.`NhiemVu`.`createdAt`, `main`.`NhiemVu`.`updatedAt` FROM `main`.`NhiemVu` WHERE 1=1 ORDER BY `main`.`NhiemVu`.`uuTien` ASC, `main`.`NhiemVu`.`thoiHan` ASC LIMIT ? OFFSET ?
prisma:query SELECT `main`.`DonVi`.`id`, `main`.`DonVi`.`ten`, `main`.`DonVi`.`loai`, `main`.`DonVi`.`parentId`, `main`.`DonVi`.`createdAt` FROM `main`.`DonVi` WHERE `main`.`DonVi`.`id` IN (?,?,?) LIMIT ? OFFSET ?
prisma:query SELECT `main`.`_HeThongNhiemVu`.`B`, `main`.`_HeThongNhiemVu`.`A` FROM `main`.`_HeThongNhiemVu` WHERE `main`.`_HeThongNhiemVu`.`B` IN (?,?,?,?,?,?,?,?,?)
prisma:query SELECT `main`.`HeThongSo`.`id`, `main`.`HeThongSo`.`ma`, `main`.`HeThongSo`.`ten`, `main`.`HeThongSo`.`loai`, `main`.`HeThongSo`.`lop`, `main`.`HeThongSo`.`moTa`, `main`.`HeThongSo`.`chuQuan`, `main`.`HeThongSo`.`trangThai`, `main`.`HeThongSo`.`namTrienKhai`, `main`.`HeThongSo`.`donViId`, `main`.`HeThongSo`.`createdAt`, `main`.`HeThongSo`.`updatedAt` FROM `main`.`HeThongSo` WHERE `main`.`HeThongSo`.`id` IN (?,?,?,?,?,?) LIMIT ? OFFSET ?
 GET /api/nhiem-vu 200 in 15ms (next.js: 5ms, application-code: 11ms)
prisma:query SELECT `main`.`NhiemVu`.`id`, `main`.`NhiemVu`.`ma`, `main`.`NhiemVu`.`ten`, `main`.`NhiemVu`.`moTa`, `main`.`NhiemVu`.`donViChuTriId`, `main`.`NhiemVu`.`uuTien`, `main`.`NhiemVu`.`thoiHan`, `main`.`NhiemVu`.`giaiDoan`, `main`.`NhiemVu`.`kpi`, `main`.`NhiemVu`.`nguonKiemChung`, `main`.`NhiemVu`.`trangThai`, `main`.`NhiemVu`.`tienDo`, `main`.`NhiemVu`.`lop`, `main`.`NhiemVu`.`phuongAnXuLy`, `main`.`NhiemVu`.`ghiChu`, `main`.`NhiemVu`.`createdAt`, `main`.`NhiemVu`.`updatedAt` FROM `main`.`NhiemVu` WHERE 1=1 ORDER BY `main`.`NhiemVu`.`uuTien` ASC, `main`.`NhiemVu`.`thoiHan` ASC LIMIT ? OFFSET ?
prisma:query SELECT `main`.`DonVi`.`id`, `main`.`DonVi`.`ten`, `main`.`DonVi`.`loai`, `main`.`DonVi`.`parentId`, `main`.`DonVi`.`createdAt` FROM `main`.`DonVi` WHERE `main`.`DonVi`.`id` IN (?,?,?) LIMIT ? OFFSET ?
prisma:query SELECT `main`.`_HeThongNhiemVu`.`B`, `main`.`_HeThongNhiemVu`.`A` FROM `main`.`_HeThongNhiemVu` WHERE `main`.`_HeThongNhiemVu`.`B` IN (?,?,?,?,?,?,?,?,?)
prisma:query SELECT `main`.`HeThongSo`.`id`, `main`.`HeThongSo`.`ma`, `main`.`HeThongSo`.`ten`, `main`.`HeThongSo`.`loai`, `main`.`HeThongSo`.`lop`, `main`.`HeThongSo`.`moTa`, `main`.`HeThongSo`.`chuQuan`, `main`.`HeThongSo`.`trangThai`, `main`.`HeThongSo`.`namTrienKhai`, `main`.`HeThongSo`.`donViId`, `main`.`HeThongSo`.`createdAt`, `main`.`HeThongSo`.`updatedAt` FROM `main`.`HeThongSo` WHERE `main`.`HeThongSo`.`id` IN (?,?,?,?,?,?) LIMIT ? OFFSET ?
 GET /api/nhiem-vu 200 in 20ms (next.js: 6ms, application-code: 14ms)
 GET /kts/hien-trang 200 in 34ms (next.js: 7ms, application-code: 27ms)
prisma:query SELECT 1
prisma:query SELECT `main`.`HeThongSo`.`id`, `main`.`HeThongSo`.`ma`, `main`.`HeThongSo`.`ten`, `main`.`HeThongSo`.`loai`, `main`.`HeThongSo`.`lop`, `main`.`HeThongSo`.`moTa`, `main`.`HeThongSo`.`chuQuan`, `main`.`HeThongSo`.`trangThai`, `main`.`HeThongSo`.`namTrienKhai`, `main`.`HeThongSo`.`donViId`, `main`.`HeThongSo`.`createdAt`, `main`.`HeThongSo`.`updatedAt` FROM `main`.`HeThongSo` WHERE 1=1 ORDER BY `main`.`HeThongSo`.`lop` ASC, `main`.`HeThongSo`.`ma` ASC LIMIT ? OFFSET ?
prisma:query SELECT `main`.`DonVi`.`id`, `main`.`DonVi`.`ten`, `main`.`DonVi`.`loai`, `main`.`DonVi`.`parentId`, `main`.`DonVi`.`createdAt` FROM `main`.`DonVi` WHERE `main`.`DonVi`.`id` IN (?,?,?,?) LIMIT ? OFFSET ?
prisma:query SELECT `main`.`_HeThongNhiemVu`.`A`, `main`.`_HeThongNhiemVu`.`B` FROM `main`.`_HeThongNhiemVu` WHERE `main`.`_HeThongNhiemVu`.`A` IN (?,?,?,?,?,?,?,?,?,?,?,?,?,?,?,?,?,?,?,?,?,?,?,?,?,?,?,?,?,?,?,?,?,?,?,?,?,?,?,?,?,?,?,?,?,?,?,?,?,?,?,?,?,?,?,?,?,?,?,?,?,?,?,?,?,?,?,?,?,?,?,?,?,?,?,?,?,?,?,?,?,?,?,?,?,?,?,?,?,?,?,?,?,?,?,?,?,?,?,?,?,?,?,?,?,?,?,?,?,?,?,?,?,?,?,?,?,?,?,?,?,?,?,?,?,?,?,?,?,?,?,?,?,?,?,?,?,?,?,?,?,?,?,?,?,?,?,?,?,?,?,?,?,?,?,?,?,?,?,?,?,?,?,?,?,?,?,?,?,?,?,?,?,?,?,?,?,?,?,?,?,?,?,?,?,?,?,?,?,?,?,?,?,?,?,?,?,?,?,?,?,?,?,?,?,?,?,?,?,?,?,?,?,?,?,?,?,?,?,?,?,?,?,?,?,?,?,?,?,?,?,?,?,?,?,?,?,?,?,?,?,?,?,?,?,?,?,?,?,?,?,?,?,?,?,?,?,?,?,?,?,?,?,?,?,?,?,?,?,?,?,?,?,?,?,?,?,?,?,?,?,?,?,?,?,?,?,?,?,?,?,?,?,?,?,?,?,?,?,?,?,?,?,?,?,?,?,?,?,?,?,?,?,?,?,?,?,?,?,?,?,?,?,?,?,?,?,?,?,?,?,?,?,?,?,?,?,?,?,?,?,?,?,?,?,?,?,?,?,?,?,?,?,?,?,?,?,?,?,?,?,?,?,?,?,?,?,?,?,?,?,?,?,?,?,?,?,?,?,?,?,?,?,?,?,?,?,?,?)
prisma:query SELECT `main`.`NhiemVu`.`id`, `main`.`NhiemVu`.`ma`, `main`.`NhiemVu`.`ten`, `main`.`NhiemVu`.`moTa`, `main`.`NhiemVu`.`donViChuTriId`, `main`.`NhiemVu`.`uuTien`, `main`.`NhiemVu`.`thoiHan`, `main`.`NhiemVu`.`giaiDoan`, `main`.`NhiemVu`.`kpi`, `main`.`NhiemVu`.`nguonKiemChung`, `main`.`NhiemVu`.`trangThai`, `main`.`NhiemVu`.`tienDo`, `main`.`NhiemVu`.`lop`, `main`.`NhiemVu`.`phuongAnXuLy`, `main`.`NhiemVu`.`ghiChu`, `main`.`NhiemVu`.`createdAt`, `main`.`NhiemVu`.`updatedAt` FROM `main`.`NhiemVu` WHERE `main`.`NhiemVu`.`id` IN (?,?,?,?,?,?) LIMIT ? OFFSET ?
 GET /api/he-thong 200 in 41ms (next.js: 5ms, application-code: 36ms)
prisma:query SELECT `main`.`HeThongSo`.`id`, `main`.`HeThongSo`.`ma`, `main`.`HeThongSo`.`ten`, `main`.`HeThongSo`.`loai`, `main`.`HeThongSo`.`lop`, `main`.`HeThongSo`.`moTa`, `main`.`HeThongSo`.`chuQuan`, `main`.`HeThongSo`.`trangThai`, `main`.`HeThongSo`.`namTrienKhai`, `main`.`HeThongSo`.`donViId`, `main`.`HeThongSo`.`createdAt`, `main`.`HeThongSo`.`updatedAt` FROM `main`.`HeThongSo` WHERE 1=1 ORDER BY `main`.`HeThongSo`.`lop` ASC, `main`.`HeThongSo`.`ma` ASC LIMIT ? OFFSET ?
prisma:query SELECT `main`.`DonVi`.`id`, `main`.`DonVi`.`ten`, `main`.`DonVi`.`loai`, `main`.`DonVi`.`parentId`, `main`.`DonVi`.`createdAt` FROM `main`.`DonVi` WHERE `main`.`DonVi`.`id` IN (?,?,?,?) LIMIT ? OFFSET ?
prisma:query SELECT `main`.`_HeThongNhiemVu`.`A`, `main`.`_HeThongNhiemVu`.`B` FROM `main`.`_HeThongNhiemVu` WHERE `main`.`_HeThongNhiemVu`.`A` IN (?,?,?,?,?,?,?,?,?,?,?,?,?,?,?,?,?,?,?,?,?,?,?,?,?,?,?,?,?,?,?,?,?,?,?,?,?,?,?,?,?,?,?,?,?,?,?,?,?,?,?,?,?,?,?,?,?,?,?,?,?,?,?,?,?,?,?,?,?,?,?,?,?,?,?,?,?,?,?,?,?,?,?,?,?,?,?,?,?,?,?,?,?,?,?,?,?,?,?,?,?,?,?,?,?,?,?,?,?,?,?,?,?,?,?,?,?,?,?,?,?,?,?,?,?,?,?,?,?,?,?,?,?,?,?,?,?,?,?,?,?,?,?,?,?,?,?,?,?,?,?,?,?,?,?,?,?,?,?,?,?,?,?,?,?,?,?,?,?,?,?,?,?,?,?,?,?,?,?,?,?,?,?,?,?,?,?,?,?,?,?,?,?,?,?,?,?,?,?,?,?,?,?,?,?,?,?,?,?,?,?,?,?,?,?,?,?,?,?,?,?,?,?,?,?,?,?,?,?,?,?,?,?,?,?,?,?,?,?,?,?,?,?,?,?,?,?,?,?,?,?,?,?,?,?,?,?,?,?,?,?,?,?,?,?,?,?,?,?,?,?,?,?,?,?,?,?,?,?,?,?,?,?,?,?,?,?,?,?,?,?,?,?,?,?,?,?,?,?,?,?,?,?,?,?,?,?,?,?,?,?,?,?,?,?,?,?,?,?,?,?,?,?,?,?,?,?,?,?,?,?,?,?,?,?,?,?,?,?,?,?,?,?,?,?,?,?,?,?,?,?,?,?,?,?,?,?,?,?,?,?,?,?,?,?,?,?,?,?,?,?,?,?,?,?,?,?,?,?,?,?,?,?,?,?,?,?,?,?)
prisma:query SELECT `main`.`NhiemVu`.`id`, `main`.`NhiemVu`.`ma`, `main`.`NhiemVu`.`ten`, `main`.`NhiemVu`.`moTa`, `main`.`NhiemVu`.`donViChuTriId`, `main`.`NhiemVu`.`uuTien`, `main`.`NhiemVu`.`thoiHan`, `main`.`NhiemVu`.`giaiDoan`, `main`.`NhiemVu`.`kpi`, `main`.`NhiemVu`.`nguonKiemChung`, `main`.`NhiemVu`.`trangThai`, `main`.`NhiemVu`.`tienDo`, `main`.`NhiemVu`.`lop`, `main`.`NhiemVu`.`phuongAnXuLy`, `main`.`NhiemVu`.`ghiChu`, `main`.`NhiemVu`.`createdAt`, `main`.`NhiemVu`.`updatedAt` FROM `main`.`NhiemVu` WHERE `main`.`NhiemVu`.`id` IN (?,?,?,?,?,?) LIMIT ? OFFSET ?
 GET /api/he-thong 200 in 37ms (next.js: 4ms, application-code: 33ms)
 GET /kts/so-do 200 in 35ms (next.js: 7ms, application-code: 28ms)
prisma:query SELECT `main`.`HeThongSo`.`id`, `main`.`HeThongSo`.`ma`, `main`.`HeThongSo`.`ten`, `main`.`HeThongSo`.`loai`, `main`.`HeThongSo`.`lop`, `main`.`HeThongSo`.`moTa`, `main`.`HeThongSo`.`chuQuan`, `main`.`HeThongSo`.`trangThai`, `main`.`HeThongSo`.`namTrienKhai`, `main`.`HeThongSo`.`donViId`, `main`.`HeThongSo`.`createdAt`, `main`.`HeThongSo`.`updatedAt` FROM `main`.`HeThongSo` WHERE 1=1 ORDER BY `main`.`HeThongSo`.`lop` ASC, `main`.`HeThongSo`.`ma` ASC LIMIT ? OFFSET ?
prisma:query SELECT `main`.`DonVi`.`id`, `main`.`DonVi`.`ten`, `main`.`DonVi`.`loai`, `main`.`DonVi`.`parentId`, `main`.`DonVi`.`createdAt` FROM `main`.`DonVi` WHERE `main`.`DonVi`.`id` IN (?,?,?,?) LIMIT ? OFFSET ?
prisma:query SELECT `main`.`_HeThongNhiemVu`.`A`, `main`.`_HeThongNhiemVu`.`B` FROM `main`.`_HeThongNhiemVu` WHERE `main`.`_HeThongNhiemVu`.`A` IN (?,?,?,?,?,?,?,?,?,?,?,?,?,?,?,?,?,?,?,?,?,?,?,?,?,?,?,?,?,?,?,?,?,?,?,?,?,?,?,?,?,?,?,?,?,?,?,?,?,?,?,?,?,?,?,?,?,?,?,?,?,?,?,?,?,?,?,?,?,?,?,?,?,?,?,?,?,?,?,?,?,?,?,?,?,?,?,?,?,?,?,?,?,?,?,?,?,?,?,?,?,?,?,?,?,?,?,?,?,?,?,?,?,?,?,?,?,?,?,?,?,?,?,?,?,?,?,?,?,?,?,?,?,?,?,?,?,?,?,?,?,?,?,?,?,?,?,?,?,?,?,?,?,?,?,?,?,?,?,?,?,?,?,?,?,?,?,?,?,?,?,?,?,?,?,?,?,?,?,?,?,?,?,?,?,?,?,?,?,?,?,?,?,?,?,?,?,?,?,?,?,?,?,?,?,?,?,?,?,?,?,?,?,?,?,?,?,?,?,?,?,?,?,?,?,?,?,?,?,?,?,?,?,?,?,?,?,?,?,?,?,?,?,?,?,?,?,?,?,?,?,?,?,?,?,?,?,?,?,?,?,?,?,?,?,?,?,?,?,?,?,?,?,?,?,?,?,?,?,?,?,?,?,?,?,?,?,?,?,?,?,?,?,?,?,?,?,?,?,?,?,?,?,?,?,?,?,?,?,?,?,?,?,?,?,?,?,?,?,?,?,?,?,?,?,?,?,?,?,?,?,?,?,?,?,?,?,?,?,?,?,?,?,?,?,?,?,?,?,?,?,?,?,?,?,?,?,?,?,?,?,?,?,?,?,?,?,?,?,?,?,?,?,?,?,?,?,?,?,?,?,?,?,?,?,?,?,?,?)
prisma:query SELECT `main`.`NhiemVu`.`id`, `main`.`NhiemVu`.`ma`, `main`.`NhiemVu`.`ten`, `main`.`NhiemVu`.`moTa`, `main`.`NhiemVu`.`donViChuTriId`, `main`.`NhiemVu`.`uuTien`, `main`.`NhiemVu`.`thoiHan`, `main`.`NhiemVu`.`giaiDoan`, `main`.`NhiemVu`.`kpi`, `main`.`NhiemVu`.`nguonKiemChung`, `main`.`NhiemVu`.`trangThai`, `main`.`NhiemVu`.`tienDo`, `main`.`NhiemVu`.`lop`, `main`.`NhiemVu`.`phuongAnXuLy`, `main`.`NhiemVu`.`ghiChu`, `main`.`NhiemVu`.`createdAt`, `main`.`NhiemVu`.`updatedAt` FROM `main`.`NhiemVu` WHERE `main`.`NhiemVu`.`id` IN (?,?,?,?,?,?) LIMIT ? OFFSET ?
prisma:query SELECT 1
prisma:query SELECT `main`.`NhiemVu`.`id`, `main`.`NhiemVu`.`ma`, `main`.`NhiemVu`.`ten`, `main`.`NhiemVu`.`moTa`, `main`.`NhiemVu`.`donViChuTriId`, `main`.`NhiemVu`.`uuTien`, `main`.`NhiemVu`.`thoiHan`, `main`.`NhiemVu`.`giaiDoan`, `main`.`NhiemVu`.`kpi`, `main`.`NhiemVu`.`nguonKiemChung`, `main`.`NhiemVu`.`trangThai`, `main`.`NhiemVu`.`tienDo`, `main`.`NhiemVu`.`lop`, `main`.`NhiemVu`.`phuongAnXuLy`, `main`.`NhiemVu`.`ghiChu`, `main`.`NhiemVu`.`createdAt`, `main`.`NhiemVu`.`updatedAt` FROM `main`.`NhiemVu` WHERE 1=1 ORDER BY `main`.`NhiemVu`.`uuTien` ASC, `main`.`NhiemVu`.`thoiHan` ASC LIMIT ? OFFSET ?
prisma:query SELECT `main`.`DonVi`.`id`, `main`.`DonVi`.`ten`, `main`.`DonVi`.`loai`, `main`.`DonVi`.`parentId`, `main`.`DonVi`.`createdAt` FROM `main`.`DonVi` WHERE `main`.`DonVi`.`id` IN (?,?,?) LIMIT ? OFFSET ?
prisma:query SELECT `main`.`_HeThongNhiemVu`.`B`, `main`.`_HeThongNhiemVu`.`A` FROM `main`.`_HeThongNhiemVu` WHERE `main`.`_HeThongNhiemVu`.`B` IN (?,?,?,?,?,?,?,?,?)
prisma:query SELECT `main`.`HeThongSo`.`id`, `main`.`HeThongSo`.`ma`, `main`.`HeThongSo`.`ten`, `main`.`HeThongSo`.`loai`, `main`.`HeThongSo`.`lop`, `main`.`HeThongSo`.`moTa`, `main`.`HeThongSo`.`chuQuan`, `main`.`HeThongSo`.`trangThai`, `main`.`HeThongSo`.`namTrienKhai`, `main`.`HeThongSo`.`donViId`, `main`.`HeThongSo`.`createdAt`, `main`.`HeThongSo`.`updatedAt` FROM `main`.`HeThongSo` WHERE `main`.`HeThongSo`.`id` IN (?,?,?,?,?,?) LIMIT ? OFFSET ?
 GET /api/nhiem-vu 200 in 55ms (next.js: 20ms, application-code: 35ms)
 GET /api/he-thong 200 in 67ms (next.js: 9ms, application-code: 59ms)
prisma:query SELECT `main`.`NhiemVu`.`id`, `main`.`NhiemVu`.`ma`, `main`.`NhiemVu`.`ten`, `main`.`NhiemVu`.`moTa`, `main`.`NhiemVu`.`donViChuTriId`, `main`.`NhiemVu`.`uuTien`, `main`.`NhiemVu`.`thoiHan`, `main`.`NhiemVu`.`giaiDoan`, `main`.`NhiemVu`.`kpi`, `main`.`NhiemVu`.`nguonKiemChung`, `main`.`NhiemVu`.`trangThai`, `main`.`NhiemVu`.`tienDo`, `main`.`NhiemVu`.`lop`, `main`.`NhiemVu`.`phuongAnXuLy`, `main`.`NhiemVu`.`ghiChu`, `main`.`NhiemVu`.`createdAt`, `main`.`NhiemVu`.`updatedAt` FROM `main`.`NhiemVu` WHERE 1=1 ORDER BY `main`.`NhiemVu`.`uuTien` ASC, `main`.`NhiemVu`.`thoiHan` ASC LIMIT ? OFFSET ?
prisma:query SELECT `main`.`DonVi`.`id`, `main`.`DonVi`.`ten`, `main`.`DonVi`.`loai`, `main`.`DonVi`.`parentId`, `main`.`DonVi`.`createdAt` FROM `main`.`DonVi` WHERE `main`.`DonVi`.`id` IN (?,?,?) LIMIT ? OFFSET ?
prisma:query SELECT `main`.`_HeThongNhiemVu`.`B`, `main`.`_HeThongNhiemVu`.`A` FROM `main`.`_HeThongNhiemVu` WHERE `main`.`_HeThongNhiemVu`.`B` IN (?,?,?,?,?,?,?,?,?)
prisma:query SELECT `main`.`HeThongSo`.`id`, `main`.`HeThongSo`.`ma`, `main`.`HeThongSo`.`ten`, `main`.`HeThongSo`.`loai`, `main`.`HeThongSo`.`lop`, `main`.`HeThongSo`.`moTa`, `main`.`HeThongSo`.`chuQuan`, `main`.`HeThongSo`.`trangThai`, `main`.`HeThongSo`.`namTrienKhai`, `main`.`HeThongSo`.`donViId`, `main`.`HeThongSo`.`createdAt`, `main`.`HeThongSo`.`updatedAt` FROM `main`.`HeThongSo` WHERE `main`.`HeThongSo`.`id` IN (?,?,?,?,?,?) LIMIT ? OFFSET ?
 GET /api/nhiem-vu 200 in 26ms (next.js: 5ms, application-code: 21ms)
prisma:query SELECT `main`.`HeThongSo`.`id`, `main`.`HeThongSo`.`ma`, `main`.`HeThongSo`.`ten`, `main`.`HeThongSo`.`loai`, `main`.`HeThongSo`.`lop`, `main`.`HeThongSo`.`moTa`, `main`.`HeThongSo`.`chuQuan`, `main`.`HeThongSo`.`trangThai`, `main`.`HeThongSo`.`namTrienKhai`, `main`.`HeThongSo`.`donViId`, `main`.`HeThongSo`.`createdAt`, `main`.`HeThongSo`.`updatedAt` FROM `main`.`HeThongSo` WHERE 1=1 ORDER BY `main`.`HeThongSo`.`lop` ASC, `main`.`HeThongSo`.`ma` ASC LIMIT ? OFFSET ?
prisma:query SELECT `main`.`DonVi`.`id`, `main`.`DonVi`.`ten`, `main`.`DonVi`.`loai`, `main`.`DonVi`.`parentId`, `main`.`DonVi`.`createdAt` FROM `main`.`DonVi` WHERE `main`.`DonVi`.`id` IN (?,?,?,?) LIMIT ? OFFSET ?
prisma:query SELECT `main`.`_HeThongNhiemVu`.`A`, `main`.`_HeThongNhiemVu`.`B` FROM `main`.`_HeThongNhiemVu` WHERE `main`.`_HeThongNhiemVu`.`A` IN (?,?,?,?,?,?,?,?,?,?,?,?,?,?,?,?,?,?,?,?,?,?,?,?,?,?,?,?,?,?,?,?,?,?,?,?,?,?,?,?,?,?,?,?,?,?,?,?,?,?,?,?,?,?,?,?,?,?,?,?,?,?,?,?,?,?,?,?,?,?,?,?,?,?,?,?,?,?,?,?,?,?,?,?,?,?,?,?,?,?,?,?,?,?,?,?,?,?,?,?,?,?,?,?,?,?,?,?,?,?,?,?,?,?,?,?,?,?,?,?,?,?,?,?,?,?,?,?,?,?,?,?,?,?,?,?,?,?,?,?,?,?,?,?,?,?,?,?,?,?,?,?,?,?,?,?,?,?,?,?,?,?,?,?,?,?,?,?,?,?,?,?,?,?,?,?,?,?,?,?,?,?,?,?,?,?,?,?,?,?,?,?,?,?,?,?,?,?,?,?,?,?,?,?,?,?,?,?,?,?,?,?,?,?,?,?,?,?,?,?,?,?,?,?,?,?,?,?,?,?,?,?,?,?,?,?,?,?,?,?,?,?,?,?,?,?,?,?,?,?,?,?,?,?,?,?,?,?,?,?,?,?,?,?,?,?,?,?,?,?,?,?,?,?,?,?,?,?,?,?,?,?,?,?,?,?,?,?,?,?,?,?,?,?,?,?,?,?,?,?,?,?,?,?,?,?,?,?,?,?,?,?,?,?,?,?,?,?,?,?,?,?,?,?,?,?,?,?,?,?,?,?,?,?,?,?,?,?,?,?,?,?,?,?,?,?,?,?,?,?,?,?,?,?,?,?,?,?,?,?,?,?,?,?,?,?,?,?,?,?,?,?,?,?,?,?,?,?,?,?,?,?,?,?,?,?,?,?,?)
prisma:query SELECT `main`.`NhiemVu`.`id`, `main`.`NhiemVu`.`ma`, `main`.`NhiemVu`.`ten`, `main`.`NhiemVu`.`moTa`, `main`.`NhiemVu`.`donViChuTriId`, `main`.`NhiemVu`.`uuTien`, `main`.`NhiemVu`.`thoiHan`, `main`.`NhiemVu`.`giaiDoan`, `main`.`NhiemVu`.`kpi`, `main`.`NhiemVu`.`nguonKiemChung`, `main`.`NhiemVu`.`trangThai`, `main`.`NhiemVu`.`tienDo`, `main`.`NhiemVu`.`lop`, `main`.`NhiemVu`.`phuongAnXuLy`, `main`.`NhiemVu`.`ghiChu`, `main`.`NhiemVu`.`createdAt`, `main`.`NhiemVu`.`updatedAt` FROM `main`.`NhiemVu` WHERE `main`.`NhiemVu`.`id` IN (?,?,?,?,?,?) LIMIT ? OFFSET ?
 GET /api/he-thong 200 in 56ms (next.js: 17ms, application-code: 39ms)
 GET /kts/so-do 200 in 84ms (next.js: 17ms, application-code: 67ms)
 GET /admin/he-thong 200 in 85ms (next.js: 49ms, application-code: 36ms)
 GET /api/auth/session 200 in 34ms (next.js: 20ms, application-code: 14ms)
 GET /api/auth/session 200 in 17ms (next.js: 3ms, application-code: 13ms)
 GET /api/auth/session 200 in 33ms (next.js: 16ms, application-code: 16ms)
 GET /api/auth/session 200 in 16ms (next.js: 4ms, application-code: 12ms)
 GET /kts/so-do 200 in 48ms (next.js: 12ms, application-code: 36ms)
✓ Compiled in 160ms
 GET /admin/he-thong 200 in 48ms (next.js: 30ms, application-code: 18ms)
 GET /kts/so-do 200 in 117ms (next.js: 8ms, application-code: 109ms)
prisma:query SELECT 1
prisma:query SELECT `main`.`HeThongSo`.`id`, `main`.`HeThongSo`.`ma`, `main`.`HeThongSo`.`ten`, `main`.`HeThongSo`.`loai`, `main`.`HeThongSo`.`lop`, `main`.`HeThongSo`.`moTa`, `main`.`HeThongSo`.`chuQuan`, `main`.`HeThongSo`.`trangThai`, `main`.`HeThongSo`.`namTrienKhai`, `main`.`HeThongSo`.`donViId`, `main`.`HeThongSo`.`createdAt`, `main`.`HeThongSo`.`updatedAt` FROM `main`.`HeThongSo` WHERE 1=1 ORDER BY `main`.`HeThongSo`.`lop` ASC, `main`.`HeThongSo`.`ma` ASC LIMIT ? OFFSET ?
prisma:query SELECT `main`.`DonVi`.`id`, `main`.`DonVi`.`ten`, `main`.`DonVi`.`loai`, `main`.`DonVi`.`parentId`, `main`.`DonVi`.`createdAt` FROM `main`.`DonVi` WHERE `main`.`DonVi`.`id` IN (?,?,?,?) LIMIT ? OFFSET ?
prisma:query SELECT `main`.`_HeThongNhiemVu`.`A`, `main`.`_HeThongNhiemVu`.`B` FROM `main`.`_HeThongNhiemVu` WHERE `main`.`_HeThongNhiemVu`.`A` IN (?,?,?,?,?,?,?,?,?,?,?,?,?,?,?,?,?,?,?,?,?,?,?,?,?,?,?,?,?,?,?,?,?,?,?,?,?,?,?,?,?,?,?,?,?,?,?,?,?,?,?,?,?,?,?,?,?,?,?,?,?,?,?,?,?,?,?,?,?,?,?,?,?,?,?,?,?,?,?,?,?,?,?,?,?,?,?,?,?,?,?,?,?,?,?,?,?,?,?,?,?,?,?,?,?,?,?,?,?,?,?,?,?,?,?,?,?,?,?,?,?,?,?,?,?,?,?,?,?,?,?,?,?,?,?,?,?,?,?,?,?,?,?,?,?,?,?,?,?,?,?,?,?,?,?,?,?,?,?,?,?,?,?,?,?,?,?,?,?,?,?,?,?,?,?,?,?,?,?,?,?,?,?,?,?,?,?,?,?,?,?,?,?,?,?,?,?,?,?,?,?,?,?,?,?,?,?,?,?,?,?,?,?,?,?,?,?,?,?,?,?,?,?,?,?,?,?,?,?,?,?,?,?,?,?,?,?,?,?,?,?,?,?,?,?,?,?,?,?,?,?,?,?,?,?,?,?,?,?,?,?,?,?,?,?,?,?,?,?,?,?,?,?,?,?,?,?,?,?,?,?,?,?,?,?,?,?,?,?,?,?,?,?,?,?,?,?,?,?,?,?,?,?,?,?,?,?,?,?,?,?,?,?,?,?,?,?,?,?,?,?,?,?,?,?,?,?,?,?,?,?,?,?,?,?,?,?,?,?,?,?,?,?,?,?,?,?,?,?,?,?,?,?,?,?,?,?,?,?,?,?,?,?,?,?,?,?,?,?,?,?,?,?,?,?,?,?,?,?,?,?,?,?,?,?,?,?,?,?)
prisma:query SELECT `main`.`NhiemVu`.`id`, `main`.`NhiemVu`.`ma`, `main`.`NhiemVu`.`ten`, `main`.`NhiemVu`.`moTa`, `main`.`NhiemVu`.`donViChuTriId`, `main`.`NhiemVu`.`uuTien`, `main`.`NhiemVu`.`thoiHan`, `main`.`NhiemVu`.`giaiDoan`, `main`.`NhiemVu`.`kpi`, `main`.`NhiemVu`.`nguonKiemChung`, `main`.`NhiemVu`.`trangThai`, `main`.`NhiemVu`.`tienDo`, `main`.`NhiemVu`.`lop`, `main`.`NhiemVu`.`phuongAnXuLy`, `main`.`NhiemVu`.`ghiChu`, `main`.`NhiemVu`.`createdAt`, `main`.`NhiemVu`.`updatedAt` FROM `main`.`NhiemVu` WHERE `main`.`NhiemVu`.`id` IN (?,?,?,?,?,?) LIMIT ? OFFSET ?
prisma:query SELECT 1
prisma:query SELECT `main`.`NhiemVu`.`id`, `main`.`NhiemVu`.`ma`, `main`.`NhiemVu`.`ten`, `main`.`NhiemVu`.`moTa`, `main`.`NhiemVu`.`donViChuTriId`, `main`.`NhiemVu`.`uuTien`, `main`.`NhiemVu`.`thoiHan`, `main`.`NhiemVu`.`giaiDoan`, `main`.`NhiemVu`.`kpi`, `main`.`NhiemVu`.`nguonKiemChung`, `main`.`NhiemVu`.`trangThai`, `main`.`NhiemVu`.`tienDo`, `main`.`NhiemVu`.`lop`, `main`.`NhiemVu`.`phuongAnXuLy`, `main`.`NhiemVu`.`ghiChu`, `main`.`NhiemVu`.`createdAt`, `main`.`NhiemVu`.`updatedAt` FROM `main`.`NhiemVu` WHERE 1=1 ORDER BY `main`.`NhiemVu`.`uuTien` ASC, `main`.`NhiemVu`.`thoiHan` ASC LIMIT ? OFFSET ?
prisma:query SELECT `main`.`DonVi`.`id`, `main`.`DonVi`.`ten`, `main`.`DonVi`.`loai`, `main`.`DonVi`.`parentId`, `main`.`DonVi`.`createdAt` FROM `main`.`DonVi` WHERE `main`.`DonVi`.`id` IN (?,?,?) LIMIT ? OFFSET ?
prisma:query SELECT `main`.`_HeThongNhiemVu`.`B`, `main`.`_HeThongNhiemVu`.`A` FROM `main`.`_HeThongNhiemVu` WHERE `main`.`_HeThongNhiemVu`.`B` IN (?,?,?,?,?,?,?,?,?)
prisma:query SELECT `main`.`HeThongSo`.`id`, `main`.`HeThongSo`.`ma`, `main`.`HeThongSo`.`ten`, `main`.`HeThongSo`.`loai`, `main`.`HeThongSo`.`lop`, `main`.`HeThongSo`.`moTa`, `main`.`HeThongSo`.`chuQuan`, `main`.`HeThongSo`.`trangThai`, `main`.`HeThongSo`.`namTrienKhai`, `main`.`HeThongSo`.`donViId`, `main`.`HeThongSo`.`createdAt`, `main`.`HeThongSo`.`updatedAt` FROM `main`.`HeThongSo` WHERE `main`.`HeThongSo`.`id` IN (?,?,?,?,?,?) LIMIT ? OFFSET ?
 GET /api/nhiem-vu 200 in 30ms (next.js: 17ms, application-code: 14ms)
 GET /api/he-thong 200 in 46ms (next.js: 6ms, application-code: 39ms)
prisma:query SELECT `main`.`NhiemVu`.`id`, `main`.`NhiemVu`.`ma`, `main`.`NhiemVu`.`ten`, `main`.`NhiemVu`.`moTa`, `main`.`NhiemVu`.`donViChuTriId`, `main`.`NhiemVu`.`uuTien`, `main`.`NhiemVu`.`thoiHan`, `main`.`NhiemVu`.`giaiDoan`, `main`.`NhiemVu`.`kpi`, `main`.`NhiemVu`.`nguonKiemChung`, `main`.`NhiemVu`.`trangThai`, `main`.`NhiemVu`.`tienDo`, `main`.`NhiemVu`.`lop`, `main`.`NhiemVu`.`phuongAnXuLy`, `main`.`NhiemVu`.`ghiChu`, `main`.`NhiemVu`.`createdAt`, `main`.`NhiemVu`.`updatedAt` FROM `main`.`NhiemVu` WHERE 1=1 ORDER BY `main`.`NhiemVu`.`uuTien` ASC, `main`.`NhiemVu`.`thoiHan` ASC LIMIT ? OFFSET ?
prisma:query SELECT `main`.`DonVi`.`id`, `main`.`DonVi`.`ten`, `main`.`DonVi`.`loai`, `main`.`DonVi`.`parentId`, `main`.`DonVi`.`createdAt` FROM `main`.`DonVi` WHERE `main`.`DonVi`.`id` IN (?,?,?) LIMIT ? OFFSET ?
prisma:query SELECT `main`.`_HeThongNhiemVu`.`B`, `main`.`_HeThongNhiemVu`.`A` FROM `main`.`_HeThongNhiemVu` WHERE `main`.`_HeThongNhiemVu`.`B` IN (?,?,?,?,?,?,?,?,?)
prisma:query SELECT `main`.`HeThongSo`.`id`, `main`.`HeThongSo`.`ma`, `main`.`HeThongSo`.`ten`, `main`.`HeThongSo`.`loai`, `main`.`HeThongSo`.`lop`, `main`.`HeThongSo`.`moTa`, `main`.`HeThongSo`.`chuQuan`, `main`.`HeThongSo`.`trangThai`, `main`.`HeThongSo`.`namTrienKhai`, `main`.`HeThongSo`.`donViId`, `main`.`HeThongSo`.`createdAt`, `main`.`HeThongSo`.`updatedAt` FROM `main`.`HeThongSo` WHERE `main`.`HeThongSo`.`id` IN (?,?,?,?,?,?) LIMIT ? OFFSET ?
 GET /api/nhiem-vu 200 in 29ms (next.js: 5ms, application-code: 24ms)
prisma:query SELECT `main`.`HeThongSo`.`id`, `main`.`HeThongSo`.`ma`, `main`.`HeThongSo`.`ten`, `main`.`HeThongSo`.`loai`, `main`.`HeThongSo`.`lop`, `main`.`HeThongSo`.`moTa`, `main`.`HeThongSo`.`chuQuan`, `main`.`HeThongSo`.`trangThai`, `main`.`HeThongSo`.`namTrienKhai`, `main`.`HeThongSo`.`donViId`, `main`.`HeThongSo`.`createdAt`, `main`.`HeThongSo`.`updatedAt` FROM `main`.`HeThongSo` WHERE 1=1 ORDER BY `main`.`HeThongSo`.`lop` ASC, `main`.`HeThongSo`.`ma` ASC LIMIT ? OFFSET ?
prisma:query SELECT `main`.`DonVi`.`id`, `main`.`DonVi`.`ten`, `main`.`DonVi`.`loai`, `main`.`DonVi`.`parentId`, `main`.`DonVi`.`createdAt` FROM `main`.`DonVi` WHERE `main`.`DonVi`.`id` IN (?,?,?,?) LIMIT ? OFFSET ?
prisma:query SELECT `main`.`_HeThongNhiemVu`.`A`, `main`.`_HeThongNhiemVu`.`B` FROM `main`.`_HeThongNhiemVu` WHERE `main`.`_HeThongNhiemVu`.`A` IN (?,?,?,?,?,?,?,?,?,?,?,?,?,?,?,?,?,?,?,?,?,?,?,?,?,?,?,?,?,?,?,?,?,?,?,?,?,?,?,?,?,?,?,?,?,?,?,?,?,?,?,?,?,?,?,?,?,?,?,?,?,?,?,?,?,?,?,?,?,?,?,?,?,?,?,?,?,?,?,?,?,?,?,?,?,?,?,?,?,?,?,?,?,?,?,?,?,?,?,?,?,?,?,?,?,?,?,?,?,?,?,?,?,?,?,?,?,?,?,?,?,?,?,?,?,?,?,?,?,?,?,?,?,?,?,?,?,?,?,?,?,?,?,?,?,?,?,?,?,?,?,?,?,?,?,?,?,?,?,?,?,?,?,?,?,?,?,?,?,?,?,?,?,?,?,?,?,?,?,?,?,?,?,?,?,?,?,?,?,?,?,?,?,?,?,?,?,?,?,?,?,?,?,?,?,?,?,?,?,?,?,?,?,?,?,?,?,?,?,?,?,?,?,?,?,?,?,?,?,?,?,?,?,?,?,?,?,?,?,?,?,?,?,?,?,?,?,?,?,?,?,?,?,?,?,?,?,?,?,?,?,?,?,?,?,?,?,?,?,?,?,?,?,?,?,?,?,?,?,?,?,?,?,?,?,?,?,?,?,?,?,?,?,?,?,?,?,?,?,?,?,?,?,?,?,?,?,?,?,?,?,?,?,?,?,?,?,?,?,?,?,?,?,?,?,?,?,?,?,?,?,?,?,?,?,?,?,?,?,?,?,?,?,?,?,?,?,?,?,?,?,?,?,?,?,?,?,?,?,?,?,?,?,?,?,?,?,?,?,?,?,?,?,?,?,?,?,?,?,?,?,?,?,?,?,?,?,?,?)
prisma:query SELECT `main`.`NhiemVu`.`id`, `main`.`NhiemVu`.`ma`, `main`.`NhiemVu`.`ten`, `main`.`NhiemVu`.`moTa`, `main`.`NhiemVu`.`donViChuTriId`, `main`.`NhiemVu`.`uuTien`, `main`.`NhiemVu`.`thoiHan`, `main`.`NhiemVu`.`giaiDoan`, `main`.`NhiemVu`.`kpi`, `main`.`NhiemVu`.`nguonKiemChung`, `main`.`NhiemVu`.`trangThai`, `main`.`NhiemVu`.`tienDo`, `main`.`NhiemVu`.`lop`, `main`.`NhiemVu`.`phuongAnXuLy`, `main`.`NhiemVu`.`ghiChu`, `main`.`NhiemVu`.`createdAt`, `main`.`NhiemVu`.`updatedAt` FROM `main`.`NhiemVu` WHERE `main`.`NhiemVu`.`id` IN (?,?,?,?,?,?) LIMIT ? OFFSET ?
 GET /api/he-thong 200 in 57ms (next.js: 18ms, application-code: 38ms)
 GET /api/auth/session 200 in 48ms (next.js: 19ms, application-code: 28ms)
 GET /api/auth/session 200 in 18ms (next.js: 4ms, application-code: 14ms)
 GET /kts/so-do 200 in 63ms (next.js: 6ms, application-code: 57ms)
prisma:query SELECT 1
prisma:query SELECT `main`.`HeThongSo`.`id`, `main`.`HeThongSo`.`ma`, `main`.`HeThongSo`.`ten`, `main`.`HeThongSo`.`loai`, `main`.`HeThongSo`.`lop`, `main`.`HeThongSo`.`moTa`, `main`.`HeThongSo`.`chuQuan`, `main`.`HeThongSo`.`trangThai`, `main`.`HeThongSo`.`namTrienKhai`, `main`.`HeThongSo`.`donViId`, `main`.`HeThongSo`.`createdAt`, `main`.`HeThongSo`.`updatedAt` FROM `main`.`HeThongSo` WHERE 1=1 ORDER BY `main`.`HeThongSo`.`lop` ASC, `main`.`HeThongSo`.`ma` ASC LIMIT ? OFFSET ?
prisma:query SELECT `main`.`DonVi`.`id`, `main`.`DonVi`.`ten`, `main`.`DonVi`.`loai`, `main`.`DonVi`.`parentId`, `main`.`DonVi`.`createdAt` FROM `main`.`DonVi` WHERE `main`.`DonVi`.`id` IN (?,?,?,?) LIMIT ? OFFSET ?
prisma:query SELECT `main`.`_HeThongNhiemVu`.`A`, `main`.`_HeThongNhiemVu`.`B` FROM `main`.`_HeThongNhiemVu` WHERE `main`.`_HeThongNhiemVu`.`A` IN (?,?,?,?,?,?,?,?,?,?,?,?,?,?,?,?,?,?,?,?,?,?,?,?,?,?,?,?,?,?,?,?,?,?,?,?,?,?,?,?,?,?,?,?,?,?,?,?,?,?,?,?,?,?,?,?,?,?,?,?,?,?,?,?,?,?,?,?,?,?,?,?,?,?,?,?,?,?,?,?,?,?,?,?,?,?,?,?,?,?,?,?,?,?,?,?,?,?,?,?,?,?,?,?,?,?,?,?,?,?,?,?,?,?,?,?,?,?,?,?,?,?,?,?,?,?,?,?,?,?,?,?,?,?,?,?,?,?,?,?,?,?,?,?,?,?,?,?,?,?,?,?,?,?,?,?,?,?,?,?,?,?,?,?,?,?,?,?,?,?,?,?,?,?,?,?,?,?,?,?,?,?,?,?,?,?,?,?,?,?,?,?,?,?,?,?,?,?,?,?,?,?,?,?,?,?,?,?,?,?,?,?,?,?,?,?,?,?,?,?,?,?,?,?,?,?,?,?,?,?,?,?,?,?,?,?,?,?,?,?,?,?,?,?,?,?,?,?,?,?,?,?,?,?,?,?,?,?,?,?,?,?,?,?,?,?,?,?,?,?,?,?,?,?,?,?,?,?,?,?,?,?,?,?,?,?,?,?,?,?,?,?,?,?,?,?,?,?,?,?,?,?,?,?,?,?,?,?,?,?,?,?,?,?,?,?,?,?,?,?,?,?,?,?,?,?,?,?,?,?,?,?,?,?,?,?,?,?,?,?,?,?,?,?,?,?,?,?,?,?,?,?,?,?,?,?,?,?,?,?,?,?,?,?,?,?,?,?,?,?,?,?,?,?,?,?,?,?,?,?,?,?,?,?,?,?,?,?,?)
prisma:query SELECT `main`.`NhiemVu`.`id`, `main`.`NhiemVu`.`ma`, `main`.`NhiemVu`.`ten`, `main`.`NhiemVu`.`moTa`, `main`.`NhiemVu`.`donViChuTriId`, `main`.`NhiemVu`.`uuTien`, `main`.`NhiemVu`.`thoiHan`, `main`.`NhiemVu`.`giaiDoan`, `main`.`NhiemVu`.`kpi`, `main`.`NhiemVu`.`nguonKiemChung`, `main`.`NhiemVu`.`trangThai`, `main`.`NhiemVu`.`tienDo`, `main`.`NhiemVu`.`lop`, `main`.`NhiemVu`.`phuongAnXuLy`, `main`.`NhiemVu`.`ghiChu`, `main`.`NhiemVu`.`createdAt`, `main`.`NhiemVu`.`updatedAt` FROM `main`.`NhiemVu` WHERE `main`.`NhiemVu`.`id` IN (?,?,?,?,?,?) LIMIT ? OFFSET ?
prisma:query SELECT 1
prisma:query SELECT `main`.`NhiemVu`.`id`, `main`.`NhiemVu`.`ma`, `main`.`NhiemVu`.`ten`, `main`.`NhiemVu`.`moTa`, `main`.`NhiemVu`.`donViChuTriId`, `main`.`NhiemVu`.`uuTien`, `main`.`NhiemVu`.`thoiHan`, `main`.`NhiemVu`.`giaiDoan`, `main`.`NhiemVu`.`kpi`, `main`.`NhiemVu`.`nguonKiemChung`, `main`.`NhiemVu`.`trangThai`, `main`.`NhiemVu`.`tienDo`, `main`.`NhiemVu`.`lop`, `main`.`NhiemVu`.`phuongAnXuLy`, `main`.`NhiemVu`.`ghiChu`, `main`.`NhiemVu`.`createdAt`, `main`.`NhiemVu`.`updatedAt` FROM `main`.`NhiemVu` WHERE 1=1 ORDER BY `main`.`NhiemVu`.`uuTien` ASC, `main`.`NhiemVu`.`thoiHan` ASC LIMIT ? OFFSET ?
prisma:query SELECT `main`.`DonVi`.`id`, `main`.`DonVi`.`ten`, `main`.`DonVi`.`loai`, `main`.`DonVi`.`parentId`, `main`.`DonVi`.`createdAt` FROM `main`.`DonVi` WHERE `main`.`DonVi`.`id` IN (?,?,?) LIMIT ? OFFSET ?
prisma:query SELECT `main`.`_HeThongNhiemVu`.`B`, `main`.`_HeThongNhiemVu`.`A` FROM `main`.`_HeThongNhiemVu` WHERE `main`.`_HeThongNhiemVu`.`B` IN (?,?,?,?,?,?,?,?,?)
prisma:query SELECT `main`.`HeThongSo`.`id`, `main`.`HeThongSo`.`ma`, `main`.`HeThongSo`.`ten`, `main`.`HeThongSo`.`loai`, `main`.`HeThongSo`.`lop`, `main`.`HeThongSo`.`moTa`, `main`.`HeThongSo`.`chuQuan`, `main`.`HeThongSo`.`trangThai`, `main`.`HeThongSo`.`namTrienKhai`, `main`.`HeThongSo`.`donViId`, `main`.`HeThongSo`.`createdAt`, `main`.`HeThongSo`.`updatedAt` FROM `main`.`HeThongSo` WHERE `main`.`HeThongSo`.`id` IN (?,?,?,?,?,?) LIMIT ? OFFSET ?
 GET /api/nhiem-vu 200 in 33ms (next.js: 20ms, application-code: 13ms)
 GET /api/he-thong 200 in 47ms (next.js: 7ms, application-code: 40ms)
prisma:query SELECT `main`.`NhiemVu`.`id`, `main`.`NhiemVu`.`ma`, `main`.`NhiemVu`.`ten`, `main`.`NhiemVu`.`moTa`, `main`.`NhiemVu`.`donViChuTriId`, `main`.`NhiemVu`.`uuTien`, `main`.`NhiemVu`.`thoiHan`, `main`.`NhiemVu`.`giaiDoan`, `main`.`NhiemVu`.`kpi`, `main`.`NhiemVu`.`nguonKiemChung`, `main`.`NhiemVu`.`trangThai`, `main`.`NhiemVu`.`tienDo`, `main`.`NhiemVu`.`lop`, `main`.`NhiemVu`.`phuongAnXuLy`, `main`.`NhiemVu`.`ghiChu`, `main`.`NhiemVu`.`createdAt`, `main`.`NhiemVu`.`updatedAt` FROM `main`.`NhiemVu` WHERE 1=1 ORDER BY `main`.`NhiemVu`.`uuTien` ASC, `main`.`NhiemVu`.`thoiHan` ASC LIMIT ? OFFSET ?
prisma:query SELECT `main`.`DonVi`.`id`, `main`.`DonVi`.`ten`, `main`.`DonVi`.`loai`, `main`.`DonVi`.`parentId`, `main`.`DonVi`.`createdAt` FROM `main`.`DonVi` WHERE `main`.`DonVi`.`id` IN (?,?,?) LIMIT ? OFFSET ?
prisma:query SELECT `main`.`_HeThongNhiemVu`.`B`, `main`.`_HeThongNhiemVu`.`A` FROM `main`.`_HeThongNhiemVu` WHERE `main`.`_HeThongNhiemVu`.`B` IN (?,?,?,?,?,?,?,?,?)
prisma:query SELECT `main`.`HeThongSo`.`id`, `main`.`HeThongSo`.`ma`, `main`.`HeThongSo`.`ten`, `main`.`HeThongSo`.`loai`, `main`.`HeThongSo`.`lop`, `main`.`HeThongSo`.`moTa`, `main`.`HeThongSo`.`chuQuan`, `main`.`HeThongSo`.`trangThai`, `main`.`HeThongSo`.`namTrienKhai`, `main`.`HeThongSo`.`donViId`, `main`.`HeThongSo`.`createdAt`, `main`.`HeThongSo`.`updatedAt` FROM `main`.`HeThongSo` WHERE `main`.`HeThongSo`.`id` IN (?,?,?,?,?,?) LIMIT ? OFFSET ?
 GET /api/nhiem-vu 200 in 29ms (next.js: 6ms, application-code: 23ms)
prisma:query SELECT `main`.`HeThongSo`.`id`, `main`.`HeThongSo`.`ma`, `main`.`HeThongSo`.`ten`, `main`.`HeThongSo`.`loai`, `main`.`HeThongSo`.`lop`, `main`.`HeThongSo`.`moTa`, `main`.`HeThongSo`.`chuQuan`, `main`.`HeThongSo`.`trangThai`, `main`.`HeThongSo`.`namTrienKhai`, `main`.`HeThongSo`.`donViId`, `main`.`HeThongSo`.`createdAt`, `main`.`HeThongSo`.`updatedAt` FROM `main`.`HeThongSo` WHERE 1=1 ORDER BY `main`.`HeThongSo`.`lop` ASC, `main`.`HeThongSo`.`ma` ASC LIMIT ? OFFSET ?
prisma:query SELECT `main`.`DonVi`.`id`, `main`.`DonVi`.`ten`, `main`.`DonVi`.`loai`, `main`.`DonVi`.`parentId`, `main`.`DonVi`.`createdAt` FROM `main`.`DonVi` WHERE `main`.`DonVi`.`id` IN (?,?,?,?) LIMIT ? OFFSET ?
prisma:query SELECT `main`.`_HeThongNhiemVu`.`A`, `main`.`_HeThongNhiemVu`.`B` FROM `main`.`_HeThongNhiemVu` WHERE `main`.`_HeThongNhiemVu`.`A` IN (?,?,?,?,?,?,?,?,?,?,?,?,?,?,?,?,?,?,?,?,?,?,?,?,?,?,?,?,?,?,?,?,?,?,?,?,?,?,?,?,?,?,?,?,?,?,?,?,?,?,?,?,?,?,?,?,?,?,?,?,?,?,?,?,?,?,?,?,?,?,?,?,?,?,?,?,?,?,?,?,?,?,?,?,?,?,?,?,?,?,?,?,?,?,?,?,?,?,?,?,?,?,?,?,?,?,?,?,?,?,?,?,?,?,?,?,?,?,?,?,?,?,?,?,?,?,?,?,?,?,?,?,?,?,?,?,?,?,?,?,?,?,?,?,?,?,?,?,?,?,?,?,?,?,?,?,?,?,?,?,?,?,?,?,?,?,?,?,?,?,?,?,?,?,?,?,?,?,?,?,?,?,?,?,?,?,?,?,?,?,?,?,?,?,?,?,?,?,?,?,?,?,?,?,?,?,?,?,?,?,?,?,?,?,?,?,?,?,?,?,?,?,?,?,?,?,?,?,?,?,?,?,?,?,?,?,?,?,?,?,?,?,?,?,?,?,?,?,?,?,?,?,?,?,?,?,?,?,?,?,?,?,?,?,?,?,?,?,?,?,?,?,?,?,?,?,?,?,?,?,?,?,?,?,?,?,?,?,?,?,?,?,?,?,?,?,?,?,?,?,?,?,?,?,?,?,?,?,?,?,?,?,?,?,?,?,?,?,?,?,?,?,?,?,?,?,?,?,?,?,?,?,?,?,?,?,?,?,?,?,?,?,?,?,?,?,?,?,?,?,?,?,?,?,?,?,?,?,?,?,?,?,?,?,?,?,?,?,?,?,?,?,?,?,?,?,?,?,?,?,?,?,?,?,?,?,?,?,?)
prisma:query SELECT `main`.`NhiemVu`.`id`, `main`.`NhiemVu`.`ma`, `main`.`NhiemVu`.`ten`, `main`.`NhiemVu`.`moTa`, `main`.`NhiemVu`.`donViChuTriId`, `main`.`NhiemVu`.`uuTien`, `main`.`NhiemVu`.`thoiHan`, `main`.`NhiemVu`.`giaiDoan`, `main`.`NhiemVu`.`kpi`, `main`.`NhiemVu`.`nguonKiemChung`, `main`.`NhiemVu`.`trangThai`, `main`.`NhiemVu`.`tienDo`, `main`.`NhiemVu`.`lop`, `main`.`NhiemVu`.`phuongAnXuLy`, `main`.`NhiemVu`.`ghiChu`, `main`.`NhiemVu`.`createdAt`, `main`.`NhiemVu`.`updatedAt` FROM `main`.`NhiemVu` WHERE `main`.`NhiemVu`.`id` IN (?,?,?,?,?,?) LIMIT ? OFFSET ?
 GET /api/he-thong 200 in 42ms (next.js: 4ms, application-code: 38ms)
✓ Compiled in 139ms
 GET /kts/so-do 200 in 27ms (next.js: 8ms, application-code: 19ms)
 GET /kts/so-do 200 in 42ms (next.js: 13ms, application-code: 29ms)
✓ Compiled in 122ms
✓ Compiled in 128ms
 GET /admin/he-thong 200 in 75ms (next.js: 15ms, application-code: 60ms)
 GET /kts/so-do 200 in 75ms (next.js: 41ms, application-code: 34ms)
 GET /kts/so-do 200 in 74ms (next.js: 7ms, application-code: 67ms)
prisma:query SELECT 1
prisma:query SELECT `main`.`HeThongSo`.`id`, `main`.`HeThongSo`.`ma`, `main`.`HeThongSo`.`ten`, `main`.`HeThongSo`.`loai`, `main`.`HeThongSo`.`lop`, `main`.`HeThongSo`.`moTa`, `main`.`HeThongSo`.`chuQuan`, `main`.`HeThongSo`.`trangThai`, `main`.`HeThongSo`.`namTrienKhai`, `main`.`HeThongSo`.`donViId`, `main`.`HeThongSo`.`createdAt`, `main`.`HeThongSo`.`updatedAt` FROM `main`.`HeThongSo` WHERE 1=1 ORDER BY `main`.`HeThongSo`.`lop` ASC, `main`.`HeThongSo`.`ma` ASC LIMIT ? OFFSET ?
prisma:query SELECT `main`.`DonVi`.`id`, `main`.`DonVi`.`ten`, `main`.`DonVi`.`loai`, `main`.`DonVi`.`parentId`, `main`.`DonVi`.`createdAt` FROM `main`.`DonVi` WHERE `main`.`DonVi`.`id` IN (?,?,?,?) LIMIT ? OFFSET ?
prisma:query SELECT `main`.`_HeThongNhiemVu`.`A`, `main`.`_HeThongNhiemVu`.`B` FROM `main`.`_HeThongNhiemVu` WHERE `main`.`_HeThongNhiemVu`.`A` IN (?,?,?,?,?,?,?,?,?,?,?,?,?,?,?,?,?,?,?,?,?,?,?,?,?,?,?,?,?,?,?,?,?,?,?,?,?,?,?,?,?,?,?,?,?,?,?,?,?,?,?,?,?,?,?,?,?,?,?,?,?,?,?,?,?,?,?,?,?,?,?,?,?,?,?,?,?,?,?,?,?,?,?,?,?,?,?,?,?,?,?,?,?,?,?,?,?,?,?,?,?,?,?,?,?,?,?,?,?,?,?,?,?,?,?,?,?,?,?,?,?,?,?,?,?,?,?,?,?,?,?,?,?,?,?,?,?,?,?,?,?,?,?,?,?,?,?,?,?,?,?,?,?,?,?,?,?,?,?,?,?,?,?,?,?,?,?,?,?,?,?,?,?,?,?,?,?,?,?,?,?,?,?,?,?,?,?,?,?,?,?,?,?,?,?,?,?,?,?,?,?,?,?,?,?,?,?,?,?,?,?,?,?,?,?,?,?,?,?,?,?,?,?,?,?,?,?,?,?,?,?,?,?,?,?,?,?,?,?,?,?,?,?,?,?,?,?,?,?,?,?,?,?,?,?,?,?,?,?,?,?,?,?,?,?,?,?,?,?,?,?,?,?,?,?,?,?,?,?,?,?,?,?,?,?,?,?,?,?,?,?,?,?,?,?,?,?,?,?,?,?,?,?,?,?,?,?,?,?,?,?,?,?,?,?,?,?,?,?,?,?,?,?,?,?,?,?,?,?,?,?,?,?,?,?,?,?,?,?,?,?,?,?,?,?,?,?,?,?,?,?,?,?,?,?,?,?,?,?,?,?,?,?,?,?,?,?,?,?,?,?,?,?,?,?,?,?,?,?,?,?,?,?,?,?,?,?,?,?)
prisma:query SELECT `main`.`NhiemVu`.`id`, `main`.`NhiemVu`.`ma`, `main`.`NhiemVu`.`ten`, `main`.`NhiemVu`.`moTa`, `main`.`NhiemVu`.`donViChuTriId`, `main`.`NhiemVu`.`uuTien`, `main`.`NhiemVu`.`thoiHan`, `main`.`NhiemVu`.`giaiDoan`, `main`.`NhiemVu`.`kpi`, `main`.`NhiemVu`.`nguonKiemChung`, `main`.`NhiemVu`.`trangThai`, `main`.`NhiemVu`.`tienDo`, `main`.`NhiemVu`.`lop`, `main`.`NhiemVu`.`phuongAnXuLy`, `main`.`NhiemVu`.`ghiChu`, `main`.`NhiemVu`.`createdAt`, `main`.`NhiemVu`.`updatedAt` FROM `main`.`NhiemVu` WHERE `main`.`NhiemVu`.`id` IN (?,?,?,?,?,?) LIMIT ? OFFSET ?
prisma:query SELECT 1
prisma:query SELECT `main`.`NhiemVu`.`id`, `main`.`NhiemVu`.`ma`, `main`.`NhiemVu`.`ten`, `main`.`NhiemVu`.`moTa`, `main`.`NhiemVu`.`donViChuTriId`, `main`.`NhiemVu`.`uuTien`, `main`.`NhiemVu`.`thoiHan`, `main`.`NhiemVu`.`giaiDoan`, `main`.`NhiemVu`.`kpi`, `main`.`NhiemVu`.`nguonKiemChung`, `main`.`NhiemVu`.`trangThai`, `main`.`NhiemVu`.`tienDo`, `main`.`NhiemVu`.`lop`, `main`.`NhiemVu`.`phuongAnXuLy`, `main`.`NhiemVu`.`ghiChu`, `main`.`NhiemVu`.`createdAt`, `main`.`NhiemVu`.`updatedAt` FROM `main`.`NhiemVu` WHERE 1=1 ORDER BY `main`.`NhiemVu`.`uuTien` ASC, `main`.`NhiemVu`.`thoiHan` ASC LIMIT ? OFFSET ?
prisma:query SELECT `main`.`DonVi`.`id`, `main`.`DonVi`.`ten`, `main`.`DonVi`.`loai`, `main`.`DonVi`.`parentId`, `main`.`DonVi`.`createdAt` FROM `main`.`DonVi` WHERE `main`.`DonVi`.`id` IN (?,?,?) LIMIT ? OFFSET ?
prisma:query SELECT `main`.`_HeThongNhiemVu`.`B`, `main`.`_HeThongNhiemVu`.`A` FROM `main`.`_HeThongNhiemVu` WHERE `main`.`_HeThongNhiemVu`.`B` IN (?,?,?,?,?,?,?,?,?)
prisma:query SELECT `main`.`HeThongSo`.`id`, `main`.`HeThongSo`.`ma`, `main`.`HeThongSo`.`ten`, `main`.`HeThongSo`.`loai`, `main`.`HeThongSo`.`lop`, `main`.`HeThongSo`.`moTa`, `main`.`HeThongSo`.`chuQuan`, `main`.`HeThongSo`.`trangThai`, `main`.`HeThongSo`.`namTrienKhai`, `main`.`HeThongSo`.`donViId`, `main`.`HeThongSo`.`createdAt`, `main`.`HeThongSo`.`updatedAt` FROM `main`.`HeThongSo` WHERE `main`.`HeThongSo`.`id` IN (?,?,?,?,?,?) LIMIT ? OFFSET ?
 GET /api/nhiem-vu 200 in 27ms (next.js: 13ms, application-code: 14ms)
 GET /api/he-thong 200 in 42ms (next.js: 4ms, application-code: 38ms)
prisma:query SELECT `main`.`NhiemVu`.`id`, `main`.`NhiemVu`.`ma`, `main`.`NhiemVu`.`ten`, `main`.`NhiemVu`.`moTa`, `main`.`NhiemVu`.`donViChuTriId`, `main`.`NhiemVu`.`uuTien`, `main`.`NhiemVu`.`thoiHan`, `main`.`NhiemVu`.`giaiDoan`, `main`.`NhiemVu`.`kpi`, `main`.`NhiemVu`.`nguonKiemChung`, `main`.`NhiemVu`.`trangThai`, `main`.`NhiemVu`.`tienDo`, `main`.`NhiemVu`.`lop`, `main`.`NhiemVu`.`phuongAnXuLy`, `main`.`NhiemVu`.`ghiChu`, `main`.`NhiemVu`.`createdAt`, `main`.`NhiemVu`.`updatedAt` FROM `main`.`NhiemVu` WHERE 1=1 ORDER BY `main`.`NhiemVu`.`uuTien` ASC, `main`.`NhiemVu`.`thoiHan` ASC LIMIT ? OFFSET ?
prisma:query SELECT `main`.`DonVi`.`id`, `main`.`DonVi`.`ten`, `main`.`DonVi`.`loai`, `main`.`DonVi`.`parentId`, `main`.`DonVi`.`createdAt` FROM `main`.`DonVi` WHERE `main`.`DonVi`.`id` IN (?,?,?) LIMIT ? OFFSET ?
prisma:query SELECT `main`.`_HeThongNhiemVu`.`B`, `main`.`_HeThongNhiemVu`.`A` FROM `main`.`_HeThongNhiemVu` WHERE `main`.`_HeThongNhiemVu`.`B` IN (?,?,?,?,?,?,?,?,?)
prisma:query SELECT `main`.`HeThongSo`.`id`, `main`.`HeThongSo`.`ma`, `main`.`HeThongSo`.`ten`, `main`.`HeThongSo`.`loai`, `main`.`HeThongSo`.`lop`, `main`.`HeThongSo`.`moTa`, `main`.`HeThongSo`.`chuQuan`, `main`.`HeThongSo`.`trangThai`, `main`.`HeThongSo`.`namTrienKhai`, `main`.`HeThongSo`.`donViId`, `main`.`HeThongSo`.`createdAt`, `main`.`HeThongSo`.`updatedAt` FROM `main`.`HeThongSo` WHERE `main`.`HeThongSo`.`id` IN (?,?,?,?,?,?) LIMIT ? OFFSET ?
 GET /api/nhiem-vu 200 in 30ms (next.js: 5ms, application-code: 25ms)
prisma:query SELECT `main`.`HeThongSo`.`id`, `main`.`HeThongSo`.`ma`, `main`.`HeThongSo`.`ten`, `main`.`HeThongSo`.`loai`, `main`.`HeThongSo`.`lop`, `main`.`HeThongSo`.`moTa`, `main`.`HeThongSo`.`chuQuan`, `main`.`HeThongSo`.`trangThai`, `main`.`HeThongSo`.`namTrienKhai`, `main`.`HeThongSo`.`donViId`, `main`.`HeThongSo`.`createdAt`, `main`.`HeThongSo`.`updatedAt` FROM `main`.`HeThongSo` WHERE 1=1 ORDER BY `main`.`HeThongSo`.`lop` ASC, `main`.`HeThongSo`.`ma` ASC LIMIT ? OFFSET ?
prisma:query SELECT `main`.`DonVi`.`id`, `main`.`DonVi`.`ten`, `main`.`DonVi`.`loai`, `main`.`DonVi`.`parentId`, `main`.`DonVi`.`createdAt` FROM `main`.`DonVi` WHERE `main`.`DonVi`.`id` IN (?,?,?,?) LIMIT ? OFFSET ?
prisma:query SELECT `main`.`_HeThongNhiemVu`.`A`, `main`.`_HeThongNhiemVu`.`B` FROM `main`.`_HeThongNhiemVu` WHERE `main`.`_HeThongNhiemVu`.`A` IN (?,?,?,?,?,?,?,?,?,?,?,?,?,?,?,?,?,?,?,?,?,?,?,?,?,?,?,?,?,?,?,?,?,?,?,?,?,?,?,?,?,?,?,?,?,?,?,?,?,?,?,?,?,?,?,?,?,?,?,?,?,?,?,?,?,?,?,?,?,?,?,?,?,?,?,?,?,?,?,?,?,?,?,?,?,?,?,?,?,?,?,?,?,?,?,?,?,?,?,?,?,?,?,?,?,?,?,?,?,?,?,?,?,?,?,?,?,?,?,?,?,?,?,?,?,?,?,?,?,?,?,?,?,?,?,?,?,?,?,?,?,?,?,?,?,?,?,?,?,?,?,?,?,?,?,?,?,?,?,?,?,?,?,?,?,?,?,?,?,?,?,?,?,?,?,?,?,?,?,?,?,?,?,?,?,?,?,?,?,?,?,?,?,?,?,?,?,?,?,?,?,?,?,?,?,?,?,?,?,?,?,?,?,?,?,?,?,?,?,?,?,?,?,?,?,?,?,?,?,?,?,?,?,?,?,?,?,?,?,?,?,?,?,?,?,?,?,?,?,?,?,?,?,?,?,?,?,?,?,?,?,?,?,?,?,?,?,?,?,?,?,?,?,?,?,?,?,?,?,?,?,?,?,?,?,?,?,?,?,?,?,?,?,?,?,?,?,?,?,?,?,?,?,?,?,?,?,?,?,?,?,?,?,?,?,?,?,?,?,?,?,?,?,?,?,?,?,?,?,?,?,?,?,?,?,?,?,?,?,?,?,?,?,?,?,?,?,?,?,?,?,?,?,?,?,?,?,?,?,?,?,?,?,?,?,?,?,?,?,?,?,?,?,?,?,?,?,?,?,?,?,?,?,?,?,?,?,?,?)
prisma:query SELECT `main`.`NhiemVu`.`id`, `main`.`NhiemVu`.`ma`, `main`.`NhiemVu`.`ten`, `main`.`NhiemVu`.`moTa`, `main`.`NhiemVu`.`donViChuTriId`, `main`.`NhiemVu`.`uuTien`, `main`.`NhiemVu`.`thoiHan`, `main`.`NhiemVu`.`giaiDoan`, `main`.`NhiemVu`.`kpi`, `main`.`NhiemVu`.`nguonKiemChung`, `main`.`NhiemVu`.`trangThai`, `main`.`NhiemVu`.`tienDo`, `main`.`NhiemVu`.`lop`, `main`.`NhiemVu`.`phuongAnXuLy`, `main`.`NhiemVu`.`ghiChu`, `main`.`NhiemVu`.`createdAt`, `main`.`NhiemVu`.`updatedAt` FROM `main`.`NhiemVu` WHERE `main`.`NhiemVu`.`id` IN (?,?,?,?,?,?) LIMIT ? OFFSET ?
 GET /api/he-thong 200 in 52ms (next.js: 17ms, application-code: 34ms)
✓ Compiled in 132ms
 GET /kts/so-do 200 in 75ms (next.js: 43ms, application-code: 32ms)
 GET /admin/he-thong 200 in 77ms (next.js: 16ms, application-code: 60ms)
 GET /kts/hien-trang 200 in 45ms (next.js: 13ms, application-code: 32ms)
prisma:query SELECT 1
prisma:query SELECT `main`.`HeThongSo`.`id`, `main`.`HeThongSo`.`ma`, `main`.`HeThongSo`.`ten`, `main`.`HeThongSo`.`loai`, `main`.`HeThongSo`.`lop`, `main`.`HeThongSo`.`moTa`, `main`.`HeThongSo`.`chuQuan`, `main`.`HeThongSo`.`trangThai`, `main`.`HeThongSo`.`namTrienKhai`, `main`.`HeThongSo`.`donViId`, `main`.`HeThongSo`.`createdAt`, `main`.`HeThongSo`.`updatedAt` FROM `main`.`HeThongSo` WHERE 1=1 ORDER BY `main`.`HeThongSo`.`lop` ASC, `main`.`HeThongSo`.`ma` ASC LIMIT ? OFFSET ?
prisma:query SELECT `main`.`DonVi`.`id`, `main`.`DonVi`.`ten`, `main`.`DonVi`.`loai`, `main`.`DonVi`.`parentId`, `main`.`DonVi`.`createdAt` FROM `main`.`DonVi` WHERE `main`.`DonVi`.`id` IN (?,?,?,?) LIMIT ? OFFSET ?
prisma:query SELECT `main`.`_HeThongNhiemVu`.`A`, `main`.`_HeThongNhiemVu`.`B` FROM `main`.`_HeThongNhiemVu` WHERE `main`.`_HeThongNhiemVu`.`A` IN (?,?,?,?,?,?,?,?,?,?,?,?,?,?,?,?,?,?,?,?,?,?,?,?,?,?,?,?,?,?,?,?,?,?,?,?,?,?,?,?,?,?,?,?,?,?,?,?,?,?,?,?,?,?,?,?,?,?,?,?,?,?,?,?,?,?,?,?,?,?,?,?,?,?,?,?,?,?,?,?,?,?,?,?,?,?,?,?,?,?,?,?,?,?,?,?,?,?,?,?,?,?,?,?,?,?,?,?,?,?,?,?,?,?,?,?,?,?,?,?,?,?,?,?,?,?,?,?,?,?,?,?,?,?,?,?,?,?,?,?,?,?,?,?,?,?,?,?,?,?,?,?,?,?,?,?,?,?,?,?,?,?,?,?,?,?,?,?,?,?,?,?,?,?,?,?,?,?,?,?,?,?,?,?,?,?,?,?,?,?,?,?,?,?,?,?,?,?,?,?,?,?,?,?,?,?,?,?,?,?,?,?,?,?,?,?,?,?,?,?,?,?,?,?,?,?,?,?,?,?,?,?,?,?,?,?,?,?,?,?,?,?,?,?,?,?,?,?,?,?,?,?,?,?,?,?,?,?,?,?,?,?,?,?,?,?,?,?,?,?,?,?,?,?,?,?,?,?,?,?,?,?,?,?,?,?,?,?,?,?,?,?,?,?,?,?,?,?,?,?,?,?,?,?,?,?,?,?,?,?,?,?,?,?,?,?,?,?,?,?,?,?,?,?,?,?,?,?,?,?,?,?,?,?,?,?,?,?,?,?,?,?,?,?,?,?,?,?,?,?,?,?,?,?,?,?,?,?,?,?,?,?,?,?,?,?,?,?,?,?,?,?,?,?,?,?,?,?,?,?,?,?,?,?,?,?,?,?,?)
prisma:query SELECT `main`.`NhiemVu`.`id`, `main`.`NhiemVu`.`ma`, `main`.`NhiemVu`.`ten`, `main`.`NhiemVu`.`moTa`, `main`.`NhiemVu`.`donViChuTriId`, `main`.`NhiemVu`.`uuTien`, `main`.`NhiemVu`.`thoiHan`, `main`.`NhiemVu`.`giaiDoan`, `main`.`NhiemVu`.`kpi`, `main`.`NhiemVu`.`nguonKiemChung`, `main`.`NhiemVu`.`trangThai`, `main`.`NhiemVu`.`tienDo`, `main`.`NhiemVu`.`lop`, `main`.`NhiemVu`.`phuongAnXuLy`, `main`.`NhiemVu`.`ghiChu`, `main`.`NhiemVu`.`createdAt`, `main`.`NhiemVu`.`updatedAt` FROM `main`.`NhiemVu` WHERE `main`.`NhiemVu`.`id` IN (?,?,?,?,?,?) LIMIT ? OFFSET ?
 GET /api/he-thong 200 in 59ms (next.js: 6ms, application-code: 52ms)
prisma:query SELECT `main`.`HeThongSo`.`id`, `main`.`HeThongSo`.`ma`, `main`.`HeThongSo`.`ten`, `main`.`HeThongSo`.`loai`, `main`.`HeThongSo`.`lop`, `main`.`HeThongSo`.`moTa`, `main`.`HeThongSo`.`chuQuan`, `main`.`HeThongSo`.`trangThai`, `main`.`HeThongSo`.`namTrienKhai`, `main`.`HeThongSo`.`donViId`, `main`.`HeThongSo`.`createdAt`, `main`.`HeThongSo`.`updatedAt` FROM `main`.`HeThongSo` WHERE 1=1 ORDER BY `main`.`HeThongSo`.`lop` ASC, `main`.`HeThongSo`.`ma` ASC LIMIT ? OFFSET ?
prisma:query SELECT `main`.`DonVi`.`id`, `main`.`DonVi`.`ten`, `main`.`DonVi`.`loai`, `main`.`DonVi`.`parentId`, `main`.`DonVi`.`createdAt` FROM `main`.`DonVi` WHERE `main`.`DonVi`.`id` IN (?,?,?,?) LIMIT ? OFFSET ?
prisma:query SELECT `main`.`_HeThongNhiemVu`.`A`, `main`.`_HeThongNhiemVu`.`B` FROM `main`.`_HeThongNhiemVu` WHERE `main`.`_HeThongNhiemVu`.`A` IN (?,?,?,?,?,?,?,?,?,?,?,?,?,?,?,?,?,?,?,?,?,?,?,?,?,?,?,?,?,?,?,?,?,?,?,?,?,?,?,?,?,?,?,?,?,?,?,?,?,?,?,?,?,?,?,?,?,?,?,?,?,?,?,?,?,?,?,?,?,?,?,?,?,?,?,?,?,?,?,?,?,?,?,?,?,?,?,?,?,?,?,?,?,?,?,?,?,?,?,?,?,?,?,?,?,?,?,?,?,?,?,?,?,?,?,?,?,?,?,?,?,?,?,?,?,?,?,?,?,?,?,?,?,?,?,?,?,?,?,?,?,?,?,?,?,?,?,?,?,?,?,?,?,?,?,?,?,?,?,?,?,?,?,?,?,?,?,?,?,?,?,?,?,?,?,?,?,?,?,?,?,?,?,?,?,?,?,?,?,?,?,?,?,?,?,?,?,?,?,?,?,?,?,?,?,?,?,?,?,?,?,?,?,?,?,?,?,?,?,?,?,?,?,?,?,?,?,?,?,?,?,?,?,?,?,?,?,?,?,?,?,?,?,?,?,?,?,?,?,?,?,?,?,?,?,?,?,?,?,?,?,?,?,?,?,?,?,?,?,?,?,?,?,?,?,?,?,?,?,?,?,?,?,?,?,?,?,?,?,?,?,?,?,?,?,?,?,?,?,?,?,?,?,?,?,?,?,?,?,?,?,?,?,?,?,?,?,?,?,?,?,?,?,?,?,?,?,?,?,?,?,?,?,?,?,?,?,?,?,?,?,?,?,?,?,?,?,?,?,?,?,?,?,?,?,?,?,?,?,?,?,?,?,?,?,?,?,?,?,?,?,?,?,?,?,?,?,?,?,?,?,?,?,?,?,?,?,?,?)
prisma:query SELECT `main`.`NhiemVu`.`id`, `main`.`NhiemVu`.`ma`, `main`.`NhiemVu`.`ten`, `main`.`NhiemVu`.`moTa`, `main`.`NhiemVu`.`donViChuTriId`, `main`.`NhiemVu`.`uuTien`, `main`.`NhiemVu`.`thoiHan`, `main`.`NhiemVu`.`giaiDoan`, `main`.`NhiemVu`.`kpi`, `main`.`NhiemVu`.`nguonKiemChung`, `main`.`NhiemVu`.`trangThai`, `main`.`NhiemVu`.`tienDo`, `main`.`NhiemVu`.`lop`, `main`.`NhiemVu`.`phuongAnXuLy`, `main`.`NhiemVu`.`ghiChu`, `main`.`NhiemVu`.`createdAt`, `main`.`NhiemVu`.`updatedAt` FROM `main`.`NhiemVu` WHERE `main`.`NhiemVu`.`id` IN (?,?,?,?,?,?) LIMIT ? OFFSET ?
 GET /api/he-thong 200 in 41ms (next.js: 4ms, application-code: 37ms)
[browser] Warning: [antd: Modal] `destroyOnClose` is deprecated. Please use `destroyOnHidden` instead. 
    at Array.forEach (<anonymous>) (<anonymous>)
 GET /kts/so-do 200 in 32ms (next.js: 8ms, application-code: 25ms)
prisma:query SELECT 1
prisma:query SELECT `main`.`NhiemVu`.`id`, `main`.`NhiemVu`.`ma`, `main`.`NhiemVu`.`ten`, `main`.`NhiemVu`.`moTa`, `main`.`NhiemVu`.`donViChuTriId`, `main`.`NhiemVu`.`uuTien`, `main`.`NhiemVu`.`thoiHan`, `main`.`NhiemVu`.`giaiDoan`, `main`.`NhiemVu`.`kpi`, `main`.`NhiemVu`.`nguonKiemChung`, `main`.`NhiemVu`.`trangThai`, `main`.`NhiemVu`.`tienDo`, `main`.`NhiemVu`.`lop`, `main`.`NhiemVu`.`phuongAnXuLy`, `main`.`NhiemVu`.`ghiChu`, `main`.`NhiemVu`.`createdAt`, `main`.`NhiemVu`.`updatedAt` FROM `main`.`NhiemVu` WHERE 1=1 ORDER BY `main`.`NhiemVu`.`uuTien` ASC, `main`.`NhiemVu`.`thoiHan` ASC LIMIT ? OFFSET ?
prisma:query SELECT `main`.`DonVi`.`id`, `main`.`DonVi`.`ten`, `main`.`DonVi`.`loai`, `main`.`DonVi`.`parentId`, `main`.`DonVi`.`createdAt` FROM `main`.`DonVi` WHERE `main`.`DonVi`.`id` IN (?,?,?) LIMIT ? OFFSET ?
prisma:query SELECT `main`.`_HeThongNhiemVu`.`B`, `main`.`_HeThongNhiemVu`.`A` FROM `main`.`_HeThongNhiemVu` WHERE `main`.`_HeThongNhiemVu`.`B` IN (?,?,?,?,?,?,?,?,?)
prisma:query SELECT `main`.`HeThongSo`.`id`, `main`.`HeThongSo`.`ma`, `main`.`HeThongSo`.`ten`, `main`.`HeThongSo`.`loai`, `main`.`HeThongSo`.`lop`, `main`.`HeThongSo`.`moTa`, `main`.`HeThongSo`.`chuQuan`, `main`.`HeThongSo`.`trangThai`, `main`.`HeThongSo`.`namTrienKhai`, `main`.`HeThongSo`.`donViId`, `main`.`HeThongSo`.`createdAt`, `main`.`HeThongSo`.`updatedAt` FROM `main`.`HeThongSo` WHERE `main`.`HeThongSo`.`id` IN (?,?,?,?,?,?) LIMIT ? OFFSET ?
 GET /api/nhiem-vu 200 in 30ms (next.js: 5ms, application-code: 25ms)
prisma:query SELECT `main`.`HeThongSo`.`id`, `main`.`HeThongSo`.`ma`, `main`.`HeThongSo`.`ten`, `main`.`HeThongSo`.`loai`, `main`.`HeThongSo`.`lop`, `main`.`HeThongSo`.`moTa`, `main`.`HeThongSo`.`chuQuan`, `main`.`HeThongSo`.`trangThai`, `main`.`HeThongSo`.`namTrienKhai`, `main`.`HeThongSo`.`donViId`, `main`.`HeThongSo`.`createdAt`, `main`.`HeThongSo`.`updatedAt` FROM `main`.`HeThongSo` WHERE 1=1 ORDER BY `main`.`HeThongSo`.`lop` ASC, `main`.`HeThongSo`.`ma` ASC LIMIT ? OFFSET ?
prisma:query SELECT `main`.`DonVi`.`id`, `main`.`DonVi`.`ten`, `main`.`DonVi`.`loai`, `main`.`DonVi`.`parentId`, `main`.`DonVi`.`createdAt` FROM `main`.`DonVi` WHERE `main`.`DonVi`.`id` IN (?,?,?,?) LIMIT ? OFFSET ?
prisma:query SELECT `main`.`_HeThongNhiemVu`.`A`, `main`.`_HeThongNhiemVu`.`B` FROM `main`.`_HeThongNhiemVu` WHERE `main`.`_HeThongNhiemVu`.`A` IN (?,?,?,?,?,?,?,?,?,?,?,?,?,?,?,?,?,?,?,?,?,?,?,?,?,?,?,?,?,?,?,?,?,?,?,?,?,?,?,?,?,?,?,?,?,?,?,?,?,?,?,?,?,?,?,?,?,?,?,?,?,?,?,?,?,?,?,?,?,?,?,?,?,?,?,?,?,?,?,?,?,?,?,?,?,?,?,?,?,?,?,?,?,?,?,?,?,?,?,?,?,?,?,?,?,?,?,?,?,?,?,?,?,?,?,?,?,?,?,?,?,?,?,?,?,?,?,?,?,?,?,?,?,?,?,?,?,?,?,?,?,?,?,?,?,?,?,?,?,?,?,?,?,?,?,?,?,?,?,?,?,?,?,?,?,?,?,?,?,?,?,?,?,?,?,?,?,?,?,?,?,?,?,?,?,?,?,?,?,?,?,?,?,?,?,?,?,?,?,?,?,?,?,?,?,?,?,?,?,?,?,?,?,?,?,?,?,?,?,?,?,?,?,?,?,?,?,?,?,?,?,?,?,?,?,?,?,?,?,?,?,?,?,?,?,?,?,?,?,?,?,?,?,?,?,?,?,?,?,?,?,?,?,?,?,?,?,?,?,?,?,?,?,?,?,?,?,?,?,?,?,?,?,?,?,?,?,?,?,?,?,?,?,?,?,?,?,?,?,?,?,?,?,?,?,?,?,?,?,?,?,?,?,?,?,?,?,?,?,?,?,?,?,?,?,?,?,?,?,?,?,?,?,?,?,?,?,?,?,?,?,?,?,?,?,?,?,?,?,?,?,?,?,?,?,?,?,?,?,?,?,?,?,?,?,?,?,?,?,?,?,?,?,?,?,?,?,?,?,?,?,?,?,?,?,?,?,?,?)
prisma:query SELECT `main`.`NhiemVu`.`id`, `main`.`NhiemVu`.`ma`, `main`.`NhiemVu`.`ten`, `main`.`NhiemVu`.`moTa`, `main`.`NhiemVu`.`donViChuTriId`, `main`.`NhiemVu`.`uuTien`, `main`.`NhiemVu`.`thoiHan`, `main`.`NhiemVu`.`giaiDoan`, `main`.`NhiemVu`.`kpi`, `main`.`NhiemVu`.`nguonKiemChung`, `main`.`NhiemVu`.`trangThai`, `main`.`NhiemVu`.`tienDo`, `main`.`NhiemVu`.`lop`, `main`.`NhiemVu`.`phuongAnXuLy`, `main`.`NhiemVu`.`ghiChu`, `main`.`NhiemVu`.`createdAt`, `main`.`NhiemVu`.`updatedAt` FROM `main`.`NhiemVu` WHERE `main`.`NhiemVu`.`id` IN (?,?,?,?,?,?) LIMIT ? OFFSET ?
 GET /api/he-thong 200 in 55ms (next.js: 19ms, application-code: 35ms)
prisma:query SELECT `main`.`NhiemVu`.`id`, `main`.`NhiemVu`.`ma`, `main`.`NhiemVu`.`ten`, `main`.`NhiemVu`.`moTa`, `main`.`NhiemVu`.`donViChuTriId`, `main`.`NhiemVu`.`uuTien`, `main`.`NhiemVu`.`thoiHan`, `main`.`NhiemVu`.`giaiDoan`, `main`.`NhiemVu`.`kpi`, `main`.`NhiemVu`.`nguonKiemChung`, `main`.`NhiemVu`.`trangThai`, `main`.`NhiemVu`.`tienDo`, `main`.`NhiemVu`.`lop`, `main`.`NhiemVu`.`phuongAnXuLy`, `main`.`NhiemVu`.`ghiChu`, `main`.`NhiemVu`.`createdAt`, `main`.`NhiemVu`.`updatedAt` FROM `main`.`NhiemVu` WHERE 1=1 ORDER BY `main`.`NhiemVu`.`uuTien` ASC, `main`.`NhiemVu`.`thoiHan` ASC LIMIT ? OFFSET ?
prisma:query SELECT `main`.`DonVi`.`id`, `main`.`DonVi`.`ten`, `main`.`DonVi`.`loai`, `main`.`DonVi`.`parentId`, `main`.`DonVi`.`createdAt` FROM `main`.`DonVi` WHERE `main`.`DonVi`.`id` IN (?,?,?) LIMIT ? OFFSET ?
prisma:query SELECT `main`.`_HeThongNhiemVu`.`B`, `main`.`_HeThongNhiemVu`.`A` FROM `main`.`_HeThongNhiemVu` WHERE `main`.`_HeThongNhiemVu`.`B` IN (?,?,?,?,?,?,?,?,?)
prisma:query SELECT `main`.`HeThongSo`.`id`, `main`.`HeThongSo`.`ma`, `main`.`HeThongSo`.`ten`, `main`.`HeThongSo`.`loai`, `main`.`HeThongSo`.`lop`, `main`.`HeThongSo`.`moTa`, `main`.`HeThongSo`.`chuQuan`, `main`.`HeThongSo`.`trangThai`, `main`.`HeThongSo`.`namTrienKhai`, `main`.`HeThongSo`.`donViId`, `main`.`HeThongSo`.`createdAt`, `main`.`HeThongSo`.`updatedAt` FROM `main`.`HeThongSo` WHERE `main`.`HeThongSo`.`id` IN (?,?,?,?,?,?) LIMIT ? OFFSET ?
 GET /api/nhiem-vu 200 in 24ms (next.js: 6ms, application-code: 18ms)
prisma:query SELECT `main`.`HeThongSo`.`id`, `main`.`HeThongSo`.`ma`, `main`.`HeThongSo`.`ten`, `main`.`HeThongSo`.`loai`, `main`.`HeThongSo`.`lop`, `main`.`HeThongSo`.`moTa`, `main`.`HeThongSo`.`chuQuan`, `main`.`HeThongSo`.`trangThai`, `main`.`HeThongSo`.`namTrienKhai`, `main`.`HeThongSo`.`donViId`, `main`.`HeThongSo`.`createdAt`, `main`.`HeThongSo`.`updatedAt` FROM `main`.`HeThongSo` WHERE 1=1 ORDER BY `main`.`HeThongSo`.`lop` ASC, `main`.`HeThongSo`.`ma` ASC LIMIT ? OFFSET ?
prisma:query SELECT `main`.`DonVi`.`id`, `main`.`DonVi`.`ten`, `main`.`DonVi`.`loai`, `main`.`DonVi`.`parentId`, `main`.`DonVi`.`createdAt` FROM `main`.`DonVi` WHERE `main`.`DonVi`.`id` IN (?,?,?,?) LIMIT ? OFFSET ?
prisma:query SELECT `main`.`_HeThongNhiemVu`.`A`, `main`.`_HeThongNhiemVu`.`B` FROM `main`.`_HeThongNhiemVu` WHERE `main`.`_HeThongNhiemVu`.`A` IN (?,?,?,?,?,?,?,?,?,?,?,?,?,?,?,?,?,?,?,?,?,?,?,?,?,?,?,?,?,?,?,?,?,?,?,?,?,?,?,?,?,?,?,?,?,?,?,?,?,?,?,?,?,?,?,?,?,?,?,?,?,?,?,?,?,?,?,?,?,?,?,?,?,?,?,?,?,?,?,?,?,?,?,?,?,?,?,?,?,?,?,?,?,?,?,?,?,?,?,?,?,?,?,?,?,?,?,?,?,?,?,?,?,?,?,?,?,?,?,?,?,?,?,?,?,?,?,?,?,?,?,?,?,?,?,?,?,?,?,?,?,?,?,?,?,?,?,?,?,?,?,?,?,?,?,?,?,?,?,?,?,?,?,?,?,?,?,?,?,?,?,?,?,?,?,?,?,?,?,?,?,?,?,?,?,?,?,?,?,?,?,?,?,?,?,?,?,?,?,?,?,?,?,?,?,?,?,?,?,?,?,?,?,?,?,?,?,?,?,?,?,?,?,?,?,?,?,?,?,?,?,?,?,?,?,?,?,?,?,?,?,?,?,?,?,?,?,?,?,?,?,?,?,?,?,?,?,?,?,?,?,?,?,?,?,?,?,?,?,?,?,?,?,?,?,?,?,?,?,?,?,?,?,?,?,?,?,?,?,?,?,?,?,?,?,?,?,?,?,?,?,?,?,?,?,?,?,?,?,?,?,?,?,?,?,?,?,?,?,?,?,?,?,?,?,?,?,?,?,?,?,?,?,?,?,?,?,?,?,?,?,?,?,?,?,?,?,?,?,?,?,?,?,?,?,?,?,?,?,?,?,?,?,?,?,?,?,?,?,?,?,?,?,?,?,?,?,?,?,?,?,?,?,?,?,?,?,?,?)
prisma:query SELECT `main`.`NhiemVu`.`id`, `main`.`NhiemVu`.`ma`, `main`.`NhiemVu`.`ten`, `main`.`NhiemVu`.`moTa`, `main`.`NhiemVu`.`donViChuTriId`, `main`.`NhiemVu`.`uuTien`, `main`.`NhiemVu`.`thoiHan`, `main`.`NhiemVu`.`giaiDoan`, `main`.`NhiemVu`.`kpi`, `main`.`NhiemVu`.`nguonKiemChung`, `main`.`NhiemVu`.`trangThai`, `main`.`NhiemVu`.`tienDo`, `main`.`NhiemVu`.`lop`, `main`.`NhiemVu`.`phuongAnXuLy`, `main`.`NhiemVu`.`ghiChu`, `main`.`NhiemVu`.`createdAt`, `main`.`NhiemVu`.`updatedAt` FROM `main`.`NhiemVu` WHERE `main`.`NhiemVu`.`id` IN (?,?,?,?,?,?) LIMIT ? OFFSET ?
 GET /api/he-thong 200 in 33ms (next.js: 4ms, application-code: 29ms)
 GET / 200 in 39ms (next.js: 12ms, application-code: 27ms)
 GET /kts/so-do 200 in 44ms (next.js: 9ms, application-code: 35ms)
prisma:query SELECT 1
prisma:query SELECT `main`.`NhiemVu`.`id`, `main`.`NhiemVu`.`ma`, `main`.`NhiemVu`.`ten`, `main`.`NhiemVu`.`moTa`, `main`.`NhiemVu`.`donViChuTriId`, `main`.`NhiemVu`.`uuTien`, `main`.`NhiemVu`.`thoiHan`, `main`.`NhiemVu`.`giaiDoan`, `main`.`NhiemVu`.`kpi`, `main`.`NhiemVu`.`nguonKiemChung`, `main`.`NhiemVu`.`trangThai`, `main`.`NhiemVu`.`tienDo`, `main`.`NhiemVu`.`lop`, `main`.`NhiemVu`.`phuongAnXuLy`, `main`.`NhiemVu`.`ghiChu`, `main`.`NhiemVu`.`createdAt`, `main`.`NhiemVu`.`updatedAt` FROM `main`.`NhiemVu` WHERE 1=1 ORDER BY `main`.`NhiemVu`.`uuTien` ASC, `main`.`NhiemVu`.`thoiHan` ASC LIMIT ? OFFSET ?
prisma:query SELECT `main`.`DonVi`.`id`, `main`.`DonVi`.`ten`, `main`.`DonVi`.`loai`, `main`.`DonVi`.`parentId`, `main`.`DonVi`.`createdAt` FROM `main`.`DonVi` WHERE `main`.`DonVi`.`id` IN (?,?,?) LIMIT ? OFFSET ?
prisma:query SELECT `main`.`_HeThongNhiemVu`.`B`, `main`.`_HeThongNhiemVu`.`A` FROM `main`.`_HeThongNhiemVu` WHERE `main`.`_HeThongNhiemVu`.`B` IN (?,?,?,?,?,?,?,?,?)
prisma:query SELECT `main`.`HeThongSo`.`id`, `main`.`HeThongSo`.`ma`, `main`.`HeThongSo`.`ten`, `main`.`HeThongSo`.`loai`, `main`.`HeThongSo`.`lop`, `main`.`HeThongSo`.`moTa`, `main`.`HeThongSo`.`chuQuan`, `main`.`HeThongSo`.`trangThai`, `main`.`HeThongSo`.`namTrienKhai`, `main`.`HeThongSo`.`donViId`, `main`.`HeThongSo`.`createdAt`, `main`.`HeThongSo`.`updatedAt` FROM `main`.`HeThongSo` WHERE `main`.`HeThongSo`.`id` IN (?,?,?,?,?,?) LIMIT ? OFFSET ?
 GET /api/nhiem-vu 200 in 30ms (next.js: 7ms, application-code: 23ms)
prisma:query SELECT `main`.`HeThongSo`.`id`, `main`.`HeThongSo`.`ma`, `main`.`HeThongSo`.`ten`, `main`.`HeThongSo`.`loai`, `main`.`HeThongSo`.`lop`, `main`.`HeThongSo`.`moTa`, `main`.`HeThongSo`.`chuQuan`, `main`.`HeThongSo`.`trangThai`, `main`.`HeThongSo`.`namTrienKhai`, `main`.`HeThongSo`.`donViId`, `main`.`HeThongSo`.`createdAt`, `main`.`HeThongSo`.`updatedAt` FROM `main`.`HeThongSo` WHERE 1=1 ORDER BY `main`.`HeThongSo`.`lop` ASC, `main`.`HeThongSo`.`ma` ASC LIMIT ? OFFSET ?
prisma:query SELECT `main`.`DonVi`.`id`, `main`.`DonVi`.`ten`, `main`.`DonVi`.`loai`, `main`.`DonVi`.`parentId`, `main`.`DonVi`.`createdAt` FROM `main`.`DonVi` WHERE `main`.`DonVi`.`id` IN (?,?,?,?) LIMIT ? OFFSET ?
prisma:query SELECT `main`.`_HeThongNhiemVu`.`A`, `main`.`_HeThongNhiemVu`.`B` FROM `main`.`_HeThongNhiemVu` WHERE `main`.`_HeThongNhiemVu`.`A` IN (?,?,?,?,?,?,?,?,?,?,?,?,?,?,?,?,?,?,?,?,?,?,?,?,?,?,?,?,?,?,?,?,?,?,?,?,?,?,?,?,?,?,?,?,?,?,?,?,?,?,?,?,?,?,?,?,?,?,?,?,?,?,?,?,?,?,?,?,?,?,?,?,?,?,?,?,?,?,?,?,?,?,?,?,?,?,?,?,?,?,?,?,?,?,?,?,?,?,?,?,?,?,?,?,?,?,?,?,?,?,?,?,?,?,?,?,?,?,?,?,?,?,?,?,?,?,?,?,?,?,?,?,?,?,?,?,?,?,?,?,?,?,?,?,?,?,?,?,?,?,?,?,?,?,?,?,?,?,?,?,?,?,?,?,?,?,?,?,?,?,?,?,?,?,?,?,?,?,?,?,?,?,?,?,?,?,?,?,?,?,?,?,?,?,?,?,?,?,?,?,?,?,?,?,?,?,?,?,?,?,?,?,?,?,?,?,?,?,?,?,?,?,?,?,?,?,?,?,?,?,?,?,?,?,?,?,?,?,?,?,?,?,?,?,?,?,?,?,?,?,?,?,?,?,?,?,?,?,?,?,?,?,?,?,?,?,?,?,?,?,?,?,?,?,?,?,?,?,?,?,?,?,?,?,?,?,?,?,?,?,?,?,?,?,?,?,?,?,?,?,?,?,?,?,?,?,?,?,?,?,?,?,?,?,?,?,?,?,?,?,?,?,?,?,?,?,?,?,?,?,?,?,?,?,?,?,?,?,?,?,?,?,?,?,?,?,?,?,?,?,?,?,?,?,?,?,?,?,?,?,?,?,?,?,?,?,?,?,?,?,?,?,?,?,?,?,?,?,?,?,?,?,?,?,?,?,?,?,?)
prisma:query SELECT `main`.`NhiemVu`.`id`, `main`.`NhiemVu`.`ma`, `main`.`NhiemVu`.`ten`, `main`.`NhiemVu`.`moTa`, `main`.`NhiemVu`.`donViChuTriId`, `main`.`NhiemVu`.`uuTien`, `main`.`NhiemVu`.`thoiHan`, `main`.`NhiemVu`.`giaiDoan`, `main`.`NhiemVu`.`kpi`, `main`.`NhiemVu`.`nguonKiemChung`, `main`.`NhiemVu`.`trangThai`, `main`.`NhiemVu`.`tienDo`, `main`.`NhiemVu`.`lop`, `main`.`NhiemVu`.`phuongAnXuLy`, `main`.`NhiemVu`.`ghiChu`, `main`.`NhiemVu`.`createdAt`, `main`.`NhiemVu`.`updatedAt` FROM `main`.`NhiemVu` WHERE `main`.`NhiemVu`.`id` IN (?,?,?,?,?,?) LIMIT ? OFFSET ?
prisma:query SELECT 1
 GET /api/he-thong 200 in 52ms (next.js: 20ms, application-code: 32ms)
prisma:query SELECT `main`.`NhiemVu`.`id`, `main`.`NhiemVu`.`ma`, `main`.`NhiemVu`.`ten`, `main`.`NhiemVu`.`moTa`, `main`.`NhiemVu`.`donViChuTriId`, `main`.`NhiemVu`.`uuTien`, `main`.`NhiemVu`.`thoiHan`, `main`.`NhiemVu`.`giaiDoan`, `main`.`NhiemVu`.`kpi`, `main`.`NhiemVu`.`nguonKiemChung`, `main`.`NhiemVu`.`trangThai`, `main`.`NhiemVu`.`tienDo`, `main`.`NhiemVu`.`lop`, `main`.`NhiemVu`.`phuongAnXuLy`, `main`.`NhiemVu`.`ghiChu`, `main`.`NhiemVu`.`createdAt`, `main`.`NhiemVu`.`updatedAt` FROM `main`.`NhiemVu` WHERE 1=1 ORDER BY `main`.`NhiemVu`.`uuTien` ASC, `main`.`NhiemVu`.`thoiHan` ASC LIMIT ? OFFSET ?
prisma:query SELECT `main`.`DonVi`.`id`, `main`.`DonVi`.`ten`, `main`.`DonVi`.`loai`, `main`.`DonVi`.`parentId`, `main`.`DonVi`.`createdAt` FROM `main`.`DonVi` WHERE `main`.`DonVi`.`id` IN (?,?,?) LIMIT ? OFFSET ?
prisma:query SELECT `main`.`_HeThongNhiemVu`.`B`, `main`.`_HeThongNhiemVu`.`A` FROM `main`.`_HeThongNhiemVu` WHERE `main`.`_HeThongNhiemVu`.`B` IN (?,?,?,?,?,?,?,?,?)
prisma:query SELECT `main`.`HeThongSo`.`id`, `main`.`HeThongSo`.`ma`, `main`.`HeThongSo`.`ten`, `main`.`HeThongSo`.`loai`, `main`.`HeThongSo`.`lop`, `main`.`HeThongSo`.`moTa`, `main`.`HeThongSo`.`chuQuan`, `main`.`HeThongSo`.`trangThai`, `main`.`HeThongSo`.`namTrienKhai`, `main`.`HeThongSo`.`donViId`, `main`.`HeThongSo`.`createdAt`, `main`.`HeThongSo`.`updatedAt` FROM `main`.`HeThongSo` WHERE `main`.`HeThongSo`.`id` IN (?,?,?,?,?,?) LIMIT ? OFFSET ?
 GET /api/nhiem-vu 200 in 23ms (next.js: 4ms, application-code: 19ms)
prisma:query SELECT `main`.`HeThongSo`.`id`, `main`.`HeThongSo`.`ma`, `main`.`HeThongSo`.`ten`, `main`.`HeThongSo`.`loai`, `main`.`HeThongSo`.`lop`, `main`.`HeThongSo`.`moTa`, `main`.`HeThongSo`.`chuQuan`, `main`.`HeThongSo`.`trangThai`, `main`.`HeThongSo`.`namTrienKhai`, `main`.`HeThongSo`.`donViId`, `main`.`HeThongSo`.`createdAt`, `main`.`HeThongSo`.`updatedAt` FROM `main`.`HeThongSo` WHERE 1=1 ORDER BY `main`.`HeThongSo`.`lop` ASC, `main`.`HeThongSo`.`ma` ASC LIMIT ? OFFSET ?
prisma:query SELECT `main`.`DonVi`.`id`, `main`.`DonVi`.`ten`, `main`.`DonVi`.`loai`, `main`.`DonVi`.`parentId`, `main`.`DonVi`.`createdAt` FROM `main`.`DonVi` WHERE `main`.`DonVi`.`id` IN (?,?,?,?) LIMIT ? OFFSET ?
prisma:query SELECT `main`.`_HeThongNhiemVu`.`A`, `main`.`_HeThongNhiemVu`.`B` FROM `main`.`_HeThongNhiemVu` WHERE `main`.`_HeThongNhiemVu`.`A` IN (?,?,?,?,?,?,?,?,?,?,?,?,?,?,?,?,?,?,?,?,?,?,?,?,?,?,?,?,?,?,?,?,?,?,?,?,?,?,?,?,?,?,?,?,?,?,?,?,?,?,?,?,?,?,?,?,?,?,?,?,?,?,?,?,?,?,?,?,?,?,?,?,?,?,?,?,?,?,?,?,?,?,?,?,?,?,?,?,?,?,?,?,?,?,?,?,?,?,?,?,?,?,?,?,?,?,?,?,?,?,?,?,?,?,?,?,?,?,?,?,?,?,?,?,?,?,?,?,?,?,?,?,?,?,?,?,?,?,?,?,?,?,?,?,?,?,?,?,?,?,?,?,?,?,?,?,?,?,?,?,?,?,?,?,?,?,?,?,?,?,?,?,?,?,?,?,?,?,?,?,?,?,?,?,?,?,?,?,?,?,?,?,?,?,?,?,?,?,?,?,?,?,?,?,?,?,?,?,?,?,?,?,?,?,?,?,?,?,?,?,?,?,?,?,?,?,?,?,?,?,?,?,?,?,?,?,?,?,?,?,?,?,?,?,?,?,?,?,?,?,?,?,?,?,?,?,?,?,?,?,?,?,?,?,?,?,?,?,?,?,?,?,?,?,?,?,?,?,?,?,?,?,?,?,?,?,?,?,?,?,?,?,?,?,?,?,?,?,?,?,?,?,?,?,?,?,?,?,?,?,?,?,?,?,?,?,?,?,?,?,?,?,?,?,?,?,?,?,?,?,?,?,?,?,?,?,?,?,?,?,?,?,?,?,?,?,?,?,?,?,?,?,?,?,?,?,?,?,?,?,?,?,?,?,?,?,?,?,?,?,?,?,?,?,?,?,?,?,?,?,?,?,?,?,?,?,?,?,?)
prisma:query SELECT `main`.`NhiemVu`.`id`, `main`.`NhiemVu`.`ma`, `main`.`NhiemVu`.`ten`, `main`.`NhiemVu`.`moTa`, `main`.`NhiemVu`.`donViChuTriId`, `main`.`NhiemVu`.`uuTien`, `main`.`NhiemVu`.`thoiHan`, `main`.`NhiemVu`.`giaiDoan`, `main`.`NhiemVu`.`kpi`, `main`.`NhiemVu`.`nguonKiemChung`, `main`.`NhiemVu`.`trangThai`, `main`.`NhiemVu`.`tienDo`, `main`.`NhiemVu`.`lop`, `main`.`NhiemVu`.`phuongAnXuLy`, `main`.`NhiemVu`.`ghiChu`, `main`.`NhiemVu`.`createdAt`, `main`.`NhiemVu`.`updatedAt` FROM `main`.`NhiemVu` WHERE `main`.`NhiemVu`.`id` IN (?,?,?,?,?,?) LIMIT ? OFFSET ?
 GET /api/he-thong 200 in 34ms (next.js: 5ms, application-code: 29ms)
 GET /kts/so-do 200 in 41ms (next.js: 12ms, application-code: 29ms)
✓ Compiled in 98ms
 GET /api/auth/session 200 in 35ms (next.js: 18ms, application-code: 16ms)
 GET /api/auth/session 200 in 31ms (next.js: 7ms, application-code: 24ms)
 GET /api/auth/session 200 in 35ms (next.js: 13ms, application-code: 22ms)
 GET /api/auth/session 200 in 30ms (next.js: 9ms, application-code: 21ms)
 GET /api/auth/session 200 in 35ms (next.js: 21ms, application-code: 14ms)
 GET /api/auth/session 200 in 17ms (next.js: 4ms, application-code: 13ms)
 GET /kts/hien-trang 200 in 46ms (next.js: 11ms, application-code: 34ms)
prisma:query SELECT 1
prisma:query SELECT `main`.`HeThongSo`.`id`, `main`.`HeThongSo`.`ma`, `main`.`HeThongSo`.`ten`, `main`.`HeThongSo`.`loai`, `main`.`HeThongSo`.`lop`, `main`.`HeThongSo`.`moTa`, `main`.`HeThongSo`.`chuQuan`, `main`.`HeThongSo`.`trangThai`, `main`.`HeThongSo`.`namTrienKhai`, `main`.`HeThongSo`.`donViId`, `main`.`HeThongSo`.`createdAt`, `main`.`HeThongSo`.`updatedAt` FROM `main`.`HeThongSo` WHERE 1=1 ORDER BY `main`.`HeThongSo`.`lop` ASC, `main`.`HeThongSo`.`ma` ASC LIMIT ? OFFSET ?
prisma:query SELECT `main`.`DonVi`.`id`, `main`.`DonVi`.`ten`, `main`.`DonVi`.`loai`, `main`.`DonVi`.`parentId`, `main`.`DonVi`.`createdAt` FROM `main`.`DonVi` WHERE `main`.`DonVi`.`id` IN (?,?,?,?) LIMIT ? OFFSET ?
prisma:query SELECT `main`.`_HeThongNhiemVu`.`A`, `main`.`_HeThongNhiemVu`.`B` FROM `main`.`_HeThongNhiemVu` WHERE `main`.`_HeThongNhiemVu`.`A` IN (?,?,?,?,?,?,?,?,?,?,?,?,?,?,?,?,?,?,?,?,?,?,?,?,?,?,?,?,?,?,?,?,?,?,?,?,?,?,?,?,?,?,?,?,?,?,?,?,?,?,?,?,?,?,?,?,?,?,?,?,?,?,?,?,?,?,?,?,?,?,?,?,?,?,?,?,?,?,?,?,?,?,?,?,?,?,?,?,?,?,?,?,?,?,?,?,?,?,?,?,?,?,?,?,?,?,?,?,?,?,?,?,?,?,?,?,?,?,?,?,?,?,?,?,?,?,?,?,?,?,?,?,?,?,?,?,?,?,?,?,?,?,?,?,?,?,?,?,?,?,?,?,?,?,?,?,?,?,?,?,?,?,?,?,?,?,?,?,?,?,?,?,?,?,?,?,?,?,?,?,?,?,?,?,?,?,?,?,?,?,?,?,?,?,?,?,?,?,?,?,?,?,?,?,?,?,?,?,?,?,?,?,?,?,?,?,?,?,?,?,?,?,?,?,?,?,?,?,?,?,?,?,?,?,?,?,?,?,?,?,?,?,?,?,?,?,?,?,?,?,?,?,?,?,?,?,?,?,?,?,?,?,?,?,?,?,?,?,?,?,?,?,?,?,?,?,?,?,?,?,?,?,?,?,?,?,?,?,?,?,?,?,?,?,?,?,?,?,?,?,?,?,?,?,?,?,?,?,?,?,?,?,?,?,?,?,?,?,?,?,?,?,?,?,?,?,?,?,?,?,?,?,?,?,?,?,?,?,?,?,?,?,?,?,?,?,?,?,?,?,?,?,?,?,?,?,?,?,?,?,?,?,?,?,?,?,?,?,?,?,?,?,?,?,?,?,?,?,?,?,?,?,?,?,?,?,?,?,?)
prisma:query SELECT `main`.`NhiemVu`.`id`, `main`.`NhiemVu`.`ma`, `main`.`NhiemVu`.`ten`, `main`.`NhiemVu`.`moTa`, `main`.`NhiemVu`.`donViChuTriId`, `main`.`NhiemVu`.`uuTien`, `main`.`NhiemVu`.`thoiHan`, `main`.`NhiemVu`.`giaiDoan`, `main`.`NhiemVu`.`kpi`, `main`.`NhiemVu`.`nguonKiemChung`, `main`.`NhiemVu`.`trangThai`, `main`.`NhiemVu`.`tienDo`, `main`.`NhiemVu`.`lop`, `main`.`NhiemVu`.`phuongAnXuLy`, `main`.`NhiemVu`.`ghiChu`, `main`.`NhiemVu`.`createdAt`, `main`.`NhiemVu`.`updatedAt` FROM `main`.`NhiemVu` WHERE `main`.`NhiemVu`.`id` IN (?,?,?,?,?,?) LIMIT ? OFFSET ?
 GET /api/he-thong 200 in 48ms (next.js: 12ms, application-code: 36ms)
prisma:query SELECT `main`.`HeThongSo`.`id`, `main`.`HeThongSo`.`ma`, `main`.`HeThongSo`.`ten`, `main`.`HeThongSo`.`loai`, `main`.`HeThongSo`.`lop`, `main`.`HeThongSo`.`moTa`, `main`.`HeThongSo`.`chuQuan`, `main`.`HeThongSo`.`trangThai`, `main`.`HeThongSo`.`namTrienKhai`, `main`.`HeThongSo`.`donViId`, `main`.`HeThongSo`.`createdAt`, `main`.`HeThongSo`.`updatedAt` FROM `main`.`HeThongSo` WHERE 1=1 ORDER BY `main`.`HeThongSo`.`lop` ASC, `main`.`HeThongSo`.`ma` ASC LIMIT ? OFFSET ?
prisma:query SELECT `main`.`DonVi`.`id`, `main`.`DonVi`.`ten`, `main`.`DonVi`.`loai`, `main`.`DonVi`.`parentId`, `main`.`DonVi`.`createdAt` FROM `main`.`DonVi` WHERE `main`.`DonVi`.`id` IN (?,?,?,?) LIMIT ? OFFSET ?
prisma:query SELECT `main`.`_HeThongNhiemVu`.`A`, `main`.`_HeThongNhiemVu`.`B` FROM `main`.`_HeThongNhiemVu` WHERE `main`.`_HeThongNhiemVu`.`A` IN (?,?,?,?,?,?,?,?,?,?,?,?,?,?,?,?,?,?,?,?,?,?,?,?,?,?,?,?,?,?,?,?,?,?,?,?,?,?,?,?,?,?,?,?,?,?,?,?,?,?,?,?,?,?,?,?,?,?,?,?,?,?,?,?,?,?,?,?,?,?,?,?,?,?,?,?,?,?,?,?,?,?,?,?,?,?,?,?,?,?,?,?,?,?,?,?,?,?,?,?,?,?,?,?,?,?,?,?,?,?,?,?,?,?,?,?,?,?,?,?,?,?,?,?,?,?,?,?,?,?,?,?,?,?,?,?,?,?,?,?,?,?,?,?,?,?,?,?,?,?,?,?,?,?,?,?,?,?,?,?,?,?,?,?,?,?,?,?,?,?,?,?,?,?,?,?,?,?,?,?,?,?,?,?,?,?,?,?,?,?,?,?,?,?,?,?,?,?,?,?,?,?,?,?,?,?,?,?,?,?,?,?,?,?,?,?,?,?,?,?,?,?,?,?,?,?,?,?,?,?,?,?,?,?,?,?,?,?,?,?,?,?,?,?,?,?,?,?,?,?,?,?,?,?,?,?,?,?,?,?,?,?,?,?,?,?,?,?,?,?,?,?,?,?,?,?,?,?,?,?,?,?,?,?,?,?,?,?,?,?,?,?,?,?,?,?,?,?,?,?,?,?,?,?,?,?,?,?,?,?,?,?,?,?,?,?,?,?,?,?,?,?,?,?,?,?,?,?,?,?,?,?,?,?,?,?,?,?,?,?,?,?,?,?,?,?,?,?,?,?,?,?,?,?,?,?,?,?,?,?,?,?,?,?,?,?,?,?,?,?,?,?,?,?,?,?,?,?,?,?,?,?,?,?,?,?,?,?,?)
prisma:query SELECT `main`.`NhiemVu`.`id`, `main`.`NhiemVu`.`ma`, `main`.`NhiemVu`.`ten`, `main`.`NhiemVu`.`moTa`, `main`.`NhiemVu`.`donViChuTriId`, `main`.`NhiemVu`.`uuTien`, `main`.`NhiemVu`.`thoiHan`, `main`.`NhiemVu`.`giaiDoan`, `main`.`NhiemVu`.`kpi`, `main`.`NhiemVu`.`nguonKiemChung`, `main`.`NhiemVu`.`trangThai`, `main`.`NhiemVu`.`tienDo`, `main`.`NhiemVu`.`lop`, `main`.`NhiemVu`.`phuongAnXuLy`, `main`.`NhiemVu`.`ghiChu`, `main`.`NhiemVu`.`createdAt`, `main`.`NhiemVu`.`updatedAt` FROM `main`.`NhiemVu` WHERE `main`.`NhiemVu`.`id` IN (?,?,?,?,?,?) LIMIT ? OFFSET ?
 GET /api/he-thong 200 in 34ms (next.js: 4ms, application-code: 30ms)
[browser] Warning: [antd: Descriptions] `labelStyle` is deprecated. Please use `styles.label` instead. 
    at Array.forEach (<anonymous>) (<anonymous>)
 GET /kts/lo-trinh 200 in 77ms (next.js: 42ms, application-code: 36ms)
prisma:query SELECT 1
prisma:query SELECT `main`.`NhiemVu`.`id`, `main`.`NhiemVu`.`ma`, `main`.`NhiemVu`.`ten`, `main`.`NhiemVu`.`moTa`, `main`.`NhiemVu`.`donViChuTriId`, `main`.`NhiemVu`.`uuTien`, `main`.`NhiemVu`.`thoiHan`, `main`.`NhiemVu`.`giaiDoan`, `main`.`NhiemVu`.`kpi`, `main`.`NhiemVu`.`nguonKiemChung`, `main`.`NhiemVu`.`trangThai`, `main`.`NhiemVu`.`tienDo`, `main`.`NhiemVu`.`lop`, `main`.`NhiemVu`.`phuongAnXuLy`, `main`.`NhiemVu`.`ghiChu`, `main`.`NhiemVu`.`createdAt`, `main`.`NhiemVu`.`updatedAt` FROM `main`.`NhiemVu` WHERE 1=1 ORDER BY `main`.`NhiemVu`.`uuTien` ASC, `main`.`NhiemVu`.`thoiHan` ASC LIMIT ? OFFSET ?
prisma:query SELECT `main`.`DonVi`.`id`, `main`.`DonVi`.`ten`, `main`.`DonVi`.`loai`, `main`.`DonVi`.`parentId`, `main`.`DonVi`.`createdAt` FROM `main`.`DonVi` WHERE `main`.`DonVi`.`id` IN (?,?,?) LIMIT ? OFFSET ?
prisma:query SELECT `main`.`_HeThongNhiemVu`.`B`, `main`.`_HeThongNhiemVu`.`A` FROM `main`.`_HeThongNhiemVu` WHERE `main`.`_HeThongNhiemVu`.`B` IN (?,?,?,?,?,?,?,?,?)
prisma:query SELECT `main`.`HeThongSo`.`id`, `main`.`HeThongSo`.`ma`, `main`.`HeThongSo`.`ten`, `main`.`HeThongSo`.`loai`, `main`.`HeThongSo`.`lop`, `main`.`HeThongSo`.`moTa`, `main`.`HeThongSo`.`chuQuan`, `main`.`HeThongSo`.`trangThai`, `main`.`HeThongSo`.`namTrienKhai`, `main`.`HeThongSo`.`donViId`, `main`.`HeThongSo`.`createdAt`, `main`.`HeThongSo`.`updatedAt` FROM `main`.`HeThongSo` WHERE `main`.`HeThongSo`.`id` IN (?,?,?,?,?,?) LIMIT ? OFFSET ?
 GET /api/nhiem-vu 200 in 28ms (next.js: 8ms, application-code: 20ms)
prisma:query SELECT `main`.`NhiemVu`.`id`, `main`.`NhiemVu`.`ma`, `main`.`NhiemVu`.`ten`, `main`.`NhiemVu`.`moTa`, `main`.`NhiemVu`.`donViChuTriId`, `main`.`NhiemVu`.`uuTien`, `main`.`NhiemVu`.`thoiHan`, `main`.`NhiemVu`.`giaiDoan`, `main`.`NhiemVu`.`kpi`, `main`.`NhiemVu`.`nguonKiemChung`, `main`.`NhiemVu`.`trangThai`, `main`.`NhiemVu`.`tienDo`, `main`.`NhiemVu`.`lop`, `main`.`NhiemVu`.`phuongAnXuLy`, `main`.`NhiemVu`.`ghiChu`, `main`.`NhiemVu`.`createdAt`, `main`.`NhiemVu`.`updatedAt` FROM `main`.`NhiemVu` WHERE 1=1 ORDER BY `main`.`NhiemVu`.`uuTien` ASC, `main`.`NhiemVu`.`thoiHan` ASC LIMIT ? OFFSET ?
prisma:query SELECT `main`.`DonVi`.`id`, `main`.`DonVi`.`ten`, `main`.`DonVi`.`loai`, `main`.`DonVi`.`parentId`, `main`.`DonVi`.`createdAt` FROM `main`.`DonVi` WHERE `main`.`DonVi`.`id` IN (?,?,?) LIMIT ? OFFSET ?
prisma:query SELECT `main`.`_HeThongNhiemVu`.`B`, `main`.`_HeThongNhiemVu`.`A` FROM `main`.`_HeThongNhiemVu` WHERE `main`.`_HeThongNhiemVu`.`B` IN (?,?,?,?,?,?,?,?,?)
prisma:query SELECT `main`.`HeThongSo`.`id`, `main`.`HeThongSo`.`ma`, `main`.`HeThongSo`.`ten`, `main`.`HeThongSo`.`loai`, `main`.`HeThongSo`.`lop`, `main`.`HeThongSo`.`moTa`, `main`.`HeThongSo`.`chuQuan`, `main`.`HeThongSo`.`trangThai`, `main`.`HeThongSo`.`namTrienKhai`, `main`.`HeThongSo`.`donViId`, `main`.`HeThongSo`.`createdAt`, `main`.`HeThongSo`.`updatedAt` FROM `main`.`HeThongSo` WHERE `main`.`HeThongSo`.`id` IN (?,?,?,?,?,?) LIMIT ? OFFSET ?
 GET /api/nhiem-vu 200 in 17ms (next.js: 5ms, application-code: 11ms)
 GET /api/auth/session 200 in 36ms (next.js: 18ms, application-code: 18ms)
 GET /api/auth/session 200 in 21ms (next.js: 8ms, application-code: 14ms)
 GET /api/auth/session 200 in 33ms (next.js: 18ms, application-code: 15ms)
 GET /api/auth/session 200 in 18ms (next.js: 5ms, application-code: 13ms)
 GET /api/auth/session 200 in 32ms (next.js: 15ms, application-code: 17ms)
 GET /api/auth/session 200 in 16ms (next.js: 4ms, application-code: 13ms)
 GET /api/auth/session 200 in 32ms (next.js: 17ms, application-code: 15ms)
 GET /api/auth/session 200 in 16ms (next.js: 5ms, application-code: 11ms)
 GET /api/auth/session 200 in 40ms (next.js: 21ms, application-code: 19ms)
 GET /api/auth/session 200 in 17ms (next.js: 4ms, application-code: 13ms)
[browser] Warning: [antd: Timeline] `mode=left|right` is deprecated. Please use `mode=start|end` instead. 
[browser] Warning: [antd: Timeline] `items.label` is deprecated. Please use `items.title` instead. 
    at Array.forEach (<anonymous>) (<anonymous>)
[browser] Warning: [antd: Timeline] `items.children` is deprecated. Please use `items.content` instead. 
    at Array.forEach (<anonymous>) (<anonymous>)
 GET /kts/hien-trang 200 in 38ms (next.js: 8ms, application-code: 30ms)
prisma:query SELECT 1
prisma:query SELECT `main`.`HeThongSo`.`id`, `main`.`HeThongSo`.`ma`, `main`.`HeThongSo`.`ten`, `main`.`HeThongSo`.`loai`, `main`.`HeThongSo`.`lop`, `main`.`HeThongSo`.`moTa`, `main`.`HeThongSo`.`chuQuan`, `main`.`HeThongSo`.`trangThai`, `main`.`HeThongSo`.`namTrienKhai`, `main`.`HeThongSo`.`donViId`, `main`.`HeThongSo`.`createdAt`, `main`.`HeThongSo`.`updatedAt` FROM `main`.`HeThongSo` WHERE 1=1 ORDER BY `main`.`HeThongSo`.`lop` ASC, `main`.`HeThongSo`.`ma` ASC LIMIT ? OFFSET ?
prisma:query SELECT `main`.`DonVi`.`id`, `main`.`DonVi`.`ten`, `main`.`DonVi`.`loai`, `main`.`DonVi`.`parentId`, `main`.`DonVi`.`createdAt` FROM `main`.`DonVi` WHERE `main`.`DonVi`.`id` IN (?,?,?,?) LIMIT ? OFFSET ?
prisma:query SELECT `main`.`_HeThongNhiemVu`.`A`, `main`.`_HeThongNhiemVu`.`B` FROM `main`.`_HeThongNhiemVu` WHERE `main`.`_HeThongNhiemVu`.`A` IN (?,?,?,?,?,?,?,?,?,?,?,?,?,?,?,?,?,?,?,?,?,?,?,?,?,?,?,?,?,?,?,?,?,?,?,?,?,?,?,?,?,?,?,?,?,?,?,?,?,?,?,?,?,?,?,?,?,?,?,?,?,?,?,?,?,?,?,?,?,?,?,?,?,?,?,?,?,?,?,?,?,?,?,?,?,?,?,?,?,?,?,?,?,?,?,?,?,?,?,?,?,?,?,?,?,?,?,?,?,?,?,?,?,?,?,?,?,?,?,?,?,?,?,?,?,?,?,?,?,?,?,?,?,?,?,?,?,?,?,?,?,?,?,?,?,?,?,?,?,?,?,?,?,?,?,?,?,?,?,?,?,?,?,?,?,?,?,?,?,?,?,?,?,?,?,?,?,?,?,?,?,?,?,?,?,?,?,?,?,?,?,?,?,?,?,?,?,?,?,?,?,?,?,?,?,?,?,?,?,?,?,?,?,?,?,?,?,?,?,?,?,?,?,?,?,?,?,?,?,?,?,?,?,?,?,?,?,?,?,?,?,?,?,?,?,?,?,?,?,?,?,?,?,?,?,?,?,?,?,?,?,?,?,?,?,?,?,?,?,?,?,?,?,?,?,?,?,?,?,?,?,?,?,?,?,?,?,?,?,?,?,?,?,?,?,?,?,?,?,?,?,?,?,?,?,?,?,?,?,?,?,?,?,?,?,?,?,?,?,?,?,?,?,?,?,?,?,?,?,?,?,?,?,?,?,?,?,?,?,?,?,?,?,?,?,?,?,?,?,?,?,?,?,?,?,?,?,?,?,?,?,?,?,?,?,?,?,?,?,?,?,?,?,?,?,?,?,?,?,?,?,?,?,?,?,?,?,?,?)
prisma:query SELECT `main`.`NhiemVu`.`id`, `main`.`NhiemVu`.`ma`, `main`.`NhiemVu`.`ten`, `main`.`NhiemVu`.`moTa`, `main`.`NhiemVu`.`donViChuTriId`, `main`.`NhiemVu`.`uuTien`, `main`.`NhiemVu`.`thoiHan`, `main`.`NhiemVu`.`giaiDoan`, `main`.`NhiemVu`.`kpi`, `main`.`NhiemVu`.`nguonKiemChung`, `main`.`NhiemVu`.`trangThai`, `main`.`NhiemVu`.`tienDo`, `main`.`NhiemVu`.`lop`, `main`.`NhiemVu`.`phuongAnXuLy`, `main`.`NhiemVu`.`ghiChu`, `main`.`NhiemVu`.`createdAt`, `main`.`NhiemVu`.`updatedAt` FROM `main`.`NhiemVu` WHERE `main`.`NhiemVu`.`id` IN (?,?,?,?,?,?) LIMIT ? OFFSET ?
 GET /api/he-thong 200 in 38ms (next.js: 4ms, application-code: 34ms)
prisma:query SELECT `main`.`HeThongSo`.`id`, `main`.`HeThongSo`.`ma`, `main`.`HeThongSo`.`ten`, `main`.`HeThongSo`.`loai`, `main`.`HeThongSo`.`lop`, `main`.`HeThongSo`.`moTa`, `main`.`HeThongSo`.`chuQuan`, `main`.`HeThongSo`.`trangThai`, `main`.`HeThongSo`.`namTrienKhai`, `main`.`HeThongSo`.`donViId`, `main`.`HeThongSo`.`createdAt`, `main`.`HeThongSo`.`updatedAt` FROM `main`.`HeThongSo` WHERE 1=1 ORDER BY `main`.`HeThongSo`.`lop` ASC, `main`.`HeThongSo`.`ma` ASC LIMIT ? OFFSET ?
prisma:query SELECT `main`.`DonVi`.`id`, `main`.`DonVi`.`ten`, `main`.`DonVi`.`loai`, `main`.`DonVi`.`parentId`, `main`.`DonVi`.`createdAt` FROM `main`.`DonVi` WHERE `main`.`DonVi`.`id` IN (?,?,?,?) LIMIT ? OFFSET ?
prisma:query SELECT `main`.`_HeThongNhiemVu`.`A`, `main`.`_HeThongNhiemVu`.`B` FROM `main`.`_HeThongNhiemVu` WHERE `main`.`_HeThongNhiemVu`.`A` IN (?,?,?,?,?,?,?,?,?,?,?,?,?,?,?,?,?,?,?,?,?,?,?,?,?,?,?,?,?,?,?,?,?,?,?,?,?,?,?,?,?,?,?,?,?,?,?,?,?,?,?,?,?,?,?,?,?,?,?,?,?,?,?,?,?,?,?,?,?,?,?,?,?,?,?,?,?,?,?,?,?,?,?,?,?,?,?,?,?,?,?,?,?,?,?,?,?,?,?,?,?,?,?,?,?,?,?,?,?,?,?,?,?,?,?,?,?,?,?,?,?,?,?,?,?,?,?,?,?,?,?,?,?,?,?,?,?,?,?,?,?,?,?,?,?,?,?,?,?,?,?,?,?,?,?,?,?,?,?,?,?,?,?,?,?,?,?,?,?,?,?,?,?,?,?,?,?,?,?,?,?,?,?,?,?,?,?,?,?,?,?,?,?,?,?,?,?,?,?,?,?,?,?,?,?,?,?,?,?,?,?,?,?,?,?,?,?,?,?,?,?,?,?,?,?,?,?,?,?,?,?,?,?,?,?,?,?,?,?,?,?,?,?,?,?,?,?,?,?,?,?,?,?,?,?,?,?,?,?,?,?,?,?,?,?,?,?,?,?,?,?,?,?,?,?,?,?,?,?,?,?,?,?,?,?,?,?,?,?,?,?,?,?,?,?,?,?,?,?,?,?,?,?,?,?,?,?,?,?,?,?,?,?,?,?,?,?,?,?,?,?,?,?,?,?,?,?,?,?,?,?,?,?,?,?,?,?,?,?,?,?,?,?,?,?,?,?,?,?,?,?,?,?,?,?,?,?,?,?,?,?,?,?,?,?,?,?,?,?,?,?,?,?,?,?,?,?,?,?,?,?,?,?,?,?,?,?,?,?)
prisma:query SELECT `main`.`NhiemVu`.`id`, `main`.`NhiemVu`.`ma`, `main`.`NhiemVu`.`ten`, `main`.`NhiemVu`.`moTa`, `main`.`NhiemVu`.`donViChuTriId`, `main`.`NhiemVu`.`uuTien`, `main`.`NhiemVu`.`thoiHan`, `main`.`NhiemVu`.`giaiDoan`, `main`.`NhiemVu`.`kpi`, `main`.`NhiemVu`.`nguonKiemChung`, `main`.`NhiemVu`.`trangThai`, `main`.`NhiemVu`.`tienDo`, `main`.`NhiemVu`.`lop`, `main`.`NhiemVu`.`phuongAnXuLy`, `main`.`NhiemVu`.`ghiChu`, `main`.`NhiemVu`.`createdAt`, `main`.`NhiemVu`.`updatedAt` FROM `main`.`NhiemVu` WHERE `main`.`NhiemVu`.`id` IN (?,?,?,?,?,?) LIMIT ? OFFSET ?
 GET /api/he-thong 200 in 40ms (next.js: 4ms, application-code: 36ms)
 GET /kts/lo-trinh 200 in 36ms (next.js: 10ms, application-code: 25ms)
prisma:query SELECT `main`.`NhiemVu`.`id`, `main`.`NhiemVu`.`ma`, `main`.`NhiemVu`.`ten`, `main`.`NhiemVu`.`moTa`, `main`.`NhiemVu`.`donViChuTriId`, `main`.`NhiemVu`.`uuTien`, `main`.`NhiemVu`.`thoiHan`, `main`.`NhiemVu`.`giaiDoan`, `main`.`NhiemVu`.`kpi`, `main`.`NhiemVu`.`nguonKiemChung`, `main`.`NhiemVu`.`trangThai`, `main`.`NhiemVu`.`tienDo`, `main`.`NhiemVu`.`lop`, `main`.`NhiemVu`.`phuongAnXuLy`, `main`.`NhiemVu`.`ghiChu`, `main`.`NhiemVu`.`createdAt`, `main`.`NhiemVu`.`updatedAt` FROM `main`.`NhiemVu` WHERE 1=1 ORDER BY `main`.`NhiemVu`.`uuTien` ASC, `main`.`NhiemVu`.`thoiHan` ASC LIMIT ? OFFSET ?
prisma:query SELECT `main`.`DonVi`.`id`, `main`.`DonVi`.`ten`, `main`.`DonVi`.`loai`, `main`.`DonVi`.`parentId`, `main`.`DonVi`.`createdAt` FROM `main`.`DonVi` WHERE `main`.`DonVi`.`id` IN (?,?,?) LIMIT ? OFFSET ?
prisma:query SELECT `main`.`_HeThongNhiemVu`.`B`, `main`.`_HeThongNhiemVu`.`A` FROM `main`.`_HeThongNhiemVu` WHERE `main`.`_HeThongNhiemVu`.`B` IN (?,?,?,?,?,?,?,?,?)
prisma:query SELECT `main`.`HeThongSo`.`id`, `main`.`HeThongSo`.`ma`, `main`.`HeThongSo`.`ten`, `main`.`HeThongSo`.`loai`, `main`.`HeThongSo`.`lop`, `main`.`HeThongSo`.`moTa`, `main`.`HeThongSo`.`chuQuan`, `main`.`HeThongSo`.`trangThai`, `main`.`HeThongSo`.`namTrienKhai`, `main`.`HeThongSo`.`donViId`, `main`.`HeThongSo`.`createdAt`, `main`.`HeThongSo`.`updatedAt` FROM `main`.`HeThongSo` WHERE `main`.`HeThongSo`.`id` IN (?,?,?,?,?,?) LIMIT ? OFFSET ?
 GET /api/nhiem-vu 200 in 19ms (next.js: 6ms, application-code: 14ms)
prisma:query SELECT `main`.`NhiemVu`.`id`, `main`.`NhiemVu`.`ma`, `main`.`NhiemVu`.`ten`, `main`.`NhiemVu`.`moTa`, `main`.`NhiemVu`.`donViChuTriId`, `main`.`NhiemVu`.`uuTien`, `main`.`NhiemVu`.`thoiHan`, `main`.`NhiemVu`.`giaiDoan`, `main`.`NhiemVu`.`kpi`, `main`.`NhiemVu`.`nguonKiemChung`, `main`.`NhiemVu`.`trangThai`, `main`.`NhiemVu`.`tienDo`, `main`.`NhiemVu`.`lop`, `main`.`NhiemVu`.`phuongAnXuLy`, `main`.`NhiemVu`.`ghiChu`, `main`.`NhiemVu`.`createdAt`, `main`.`NhiemVu`.`updatedAt` FROM `main`.`NhiemVu` WHERE 1=1 ORDER BY `main`.`NhiemVu`.`uuTien` ASC, `main`.`NhiemVu`.`thoiHan` ASC LIMIT ? OFFSET ?
prisma:query SELECT `main`.`DonVi`.`id`, `main`.`DonVi`.`ten`, `main`.`DonVi`.`loai`, `main`.`DonVi`.`parentId`, `main`.`DonVi`.`createdAt` FROM `main`.`DonVi` WHERE `main`.`DonVi`.`id` IN (?,?,?) LIMIT ? OFFSET ?
prisma:query SELECT `main`.`_HeThongNhiemVu`.`B`, `main`.`_HeThongNhiemVu`.`A` FROM `main`.`_HeThongNhiemVu` WHERE `main`.`_HeThongNhiemVu`.`B` IN (?,?,?,?,?,?,?,?,?)
prisma:query SELECT `main`.`HeThongSo`.`id`, `main`.`HeThongSo`.`ma`, `main`.`HeThongSo`.`ten`, `main`.`HeThongSo`.`loai`, `main`.`HeThongSo`.`lop`, `main`.`HeThongSo`.`moTa`, `main`.`HeThongSo`.`chuQuan`, `main`.`HeThongSo`.`trangThai`, `main`.`HeThongSo`.`namTrienKhai`, `main`.`HeThongSo`.`donViId`, `main`.`HeThongSo`.`createdAt`, `main`.`HeThongSo`.`updatedAt` FROM `main`.`HeThongSo` WHERE `main`.`HeThongSo`.`id` IN (?,?,?,?,?,?) LIMIT ? OFFSET ?
 GET /api/nhiem-vu 200 in 18ms (next.js: 7ms, application-code: 11ms)
 GET /kts/hien-trang 200 in 38ms (next.js: 8ms, application-code: 30ms)
prisma:query SELECT `main`.`HeThongSo`.`id`, `main`.`HeThongSo`.`ma`, `main`.`HeThongSo`.`ten`, `main`.`HeThongSo`.`loai`, `main`.`HeThongSo`.`lop`, `main`.`HeThongSo`.`moTa`, `main`.`HeThongSo`.`chuQuan`, `main`.`HeThongSo`.`trangThai`, `main`.`HeThongSo`.`namTrienKhai`, `main`.`HeThongSo`.`donViId`, `main`.`HeThongSo`.`createdAt`, `main`.`HeThongSo`.`updatedAt` FROM `main`.`HeThongSo` WHERE 1=1 ORDER BY `main`.`HeThongSo`.`lop` ASC, `main`.`HeThongSo`.`ma` ASC LIMIT ? OFFSET ?
prisma:query SELECT `main`.`DonVi`.`id`, `main`.`DonVi`.`ten`, `main`.`DonVi`.`loai`, `main`.`DonVi`.`parentId`, `main`.`DonVi`.`createdAt` FROM `main`.`DonVi` WHERE `main`.`DonVi`.`id` IN (?,?,?,?) LIMIT ? OFFSET ?
prisma:query SELECT `main`.`_HeThongNhiemVu`.`A`, `main`.`_HeThongNhiemVu`.`B` FROM `main`.`_HeThongNhiemVu` WHERE `main`.`_HeThongNhiemVu`.`A` IN (?,?,?,?,?,?,?,?,?,?,?,?,?,?,?,?,?,?,?,?,?,?,?,?,?,?,?,?,?,?,?,?,?,?,?,?,?,?,?,?,?,?,?,?,?,?,?,?,?,?,?,?,?,?,?,?,?,?,?,?,?,?,?,?,?,?,?,?,?,?,?,?,?,?,?,?,?,?,?,?,?,?,?,?,?,?,?,?,?,?,?,?,?,?,?,?,?,?,?,?,?,?,?,?,?,?,?,?,?,?,?,?,?,?,?,?,?,?,?,?,?,?,?,?,?,?,?,?,?,?,?,?,?,?,?,?,?,?,?,?,?,?,?,?,?,?,?,?,?,?,?,?,?,?,?,?,?,?,?,?,?,?,?,?,?,?,?,?,?,?,?,?,?,?,?,?,?,?,?,?,?,?,?,?,?,?,?,?,?,?,?,?,?,?,?,?,?,?,?,?,?,?,?,?,?,?,?,?,?,?,?,?,?,?,?,?,?,?,?,?,?,?,?,?,?,?,?,?,?,?,?,?,?,?,?,?,?,?,?,?,?,?,?,?,?,?,?,?,?,?,?,?,?,?,?,?,?,?,?,?,?,?,?,?,?,?,?,?,?,?,?,?,?,?,?,?,?,?,?,?,?,?,?,?,?,?,?,?,?,?,?,?,?,?,?,?,?,?,?,?,?,?,?,?,?,?,?,?,?,?,?,?,?,?,?,?,?,?,?,?,?,?,?,?,?,?,?,?,?,?,?,?,?,?,?,?,?,?,?,?,?,?,?,?,?,?,?,?,?,?,?,?,?,?,?,?,?,?,?,?,?,?,?,?,?,?,?,?,?,?,?,?,?,?,?,?,?,?,?,?,?,?,?,?,?,?,?,?,?)
prisma:query SELECT `main`.`NhiemVu`.`id`, `main`.`NhiemVu`.`ma`, `main`.`NhiemVu`.`ten`, `main`.`NhiemVu`.`moTa`, `main`.`NhiemVu`.`donViChuTriId`, `main`.`NhiemVu`.`uuTien`, `main`.`NhiemVu`.`thoiHan`, `main`.`NhiemVu`.`giaiDoan`, `main`.`NhiemVu`.`kpi`, `main`.`NhiemVu`.`nguonKiemChung`, `main`.`NhiemVu`.`trangThai`, `main`.`NhiemVu`.`tienDo`, `main`.`NhiemVu`.`lop`, `main`.`NhiemVu`.`phuongAnXuLy`, `main`.`NhiemVu`.`ghiChu`, `main`.`NhiemVu`.`createdAt`, `main`.`NhiemVu`.`updatedAt` FROM `main`.`NhiemVu` WHERE `main`.`NhiemVu`.`id` IN (?,?,?,?,?,?) LIMIT ? OFFSET ?
 GET /api/he-thong 200 in 37ms (next.js: 4ms, application-code: 33ms)
prisma:query SELECT `main`.`HeThongSo`.`id`, `main`.`HeThongSo`.`ma`, `main`.`HeThongSo`.`ten`, `main`.`HeThongSo`.`loai`, `main`.`HeThongSo`.`lop`, `main`.`HeThongSo`.`moTa`, `main`.`HeThongSo`.`chuQuan`, `main`.`HeThongSo`.`trangThai`, `main`.`HeThongSo`.`namTrienKhai`, `main`.`HeThongSo`.`donViId`, `main`.`HeThongSo`.`createdAt`, `main`.`HeThongSo`.`updatedAt` FROM `main`.`HeThongSo` WHERE 1=1 ORDER BY `main`.`HeThongSo`.`lop` ASC, `main`.`HeThongSo`.`ma` ASC LIMIT ? OFFSET ?
prisma:query SELECT `main`.`DonVi`.`id`, `main`.`DonVi`.`ten`, `main`.`DonVi`.`loai`, `main`.`DonVi`.`parentId`, `main`.`DonVi`.`createdAt` FROM `main`.`DonVi` WHERE `main`.`DonVi`.`id` IN (?,?,?,?) LIMIT ? OFFSET ?
prisma:query SELECT `main`.`_HeThongNhiemVu`.`A`, `main`.`_HeThongNhiemVu`.`B` FROM `main`.`_HeThongNhiemVu` WHERE `main`.`_HeThongNhiemVu`.`A` IN (?,?,?,?,?,?,?,?,?,?,?,?,?,?,?,?,?,?,?,?,?,?,?,?,?,?,?,?,?,?,?,?,?,?,?,?,?,?,?,?,?,?,?,?,?,?,?,?,?,?,?,?,?,?,?,?,?,?,?,?,?,?,?,?,?,?,?,?,?,?,?,?,?,?,?,?,?,?,?,?,?,?,?,?,?,?,?,?,?,?,?,?,?,?,?,?,?,?,?,?,?,?,?,?,?,?,?,?,?,?,?,?,?,?,?,?,?,?,?,?,?,?,?,?,?,?,?,?,?,?,?,?,?,?,?,?,?,?,?,?,?,?,?,?,?,?,?,?,?,?,?,?,?,?,?,?,?,?,?,?,?,?,?,?,?,?,?,?,?,?,?,?,?,?,?,?,?,?,?,?,?,?,?,?,?,?,?,?,?,?,?,?,?,?,?,?,?,?,?,?,?,?,?,?,?,?,?,?,?,?,?,?,?,?,?,?,?,?,?,?,?,?,?,?,?,?,?,?,?,?,?,?,?,?,?,?,?,?,?,?,?,?,?,?,?,?,?,?,?,?,?,?,?,?,?,?,?,?,?,?,?,?,?,?,?,?,?,?,?,?,?,?,?,?,?,?,?,?,?,?,?,?,?,?,?,?,?,?,?,?,?,?,?,?,?,?,?,?,?,?,?,?,?,?,?,?,?,?,?,?,?,?,?,?,?,?,?,?,?,?,?,?,?,?,?,?,?,?,?,?,?,?,?,?,?,?,?,?,?,?,?,?,?,?,?,?,?,?,?,?,?,?,?,?,?,?,?,?,?,?,?,?,?,?,?,?,?,?,?,?,?,?,?,?,?,?,?,?,?,?,?,?,?,?,?,?,?,?,?)
prisma:query SELECT `main`.`NhiemVu`.`id`, `main`.`NhiemVu`.`ma`, `main`.`NhiemVu`.`ten`, `main`.`NhiemVu`.`moTa`, `main`.`NhiemVu`.`donViChuTriId`, `main`.`NhiemVu`.`uuTien`, `main`.`NhiemVu`.`thoiHan`, `main`.`NhiemVu`.`giaiDoan`, `main`.`NhiemVu`.`kpi`, `main`.`NhiemVu`.`nguonKiemChung`, `main`.`NhiemVu`.`trangThai`, `main`.`NhiemVu`.`tienDo`, `main`.`NhiemVu`.`lop`, `main`.`NhiemVu`.`phuongAnXuLy`, `main`.`NhiemVu`.`ghiChu`, `main`.`NhiemVu`.`createdAt`, `main`.`NhiemVu`.`updatedAt` FROM `main`.`NhiemVu` WHERE `main`.`NhiemVu`.`id` IN (?,?,?,?,?,?) LIMIT ? OFFSET ?
 GET /api/he-thong 200 in 38ms (next.js: 5ms, application-code: 33ms)
 GET /kts/lo-trinh 200 in 34ms (next.js: 8ms, application-code: 26ms)
prisma:query SELECT `main`.`NhiemVu`.`id`, `main`.`NhiemVu`.`ma`, `main`.`NhiemVu`.`ten`, `main`.`NhiemVu`.`moTa`, `main`.`NhiemVu`.`donViChuTriId`, `main`.`NhiemVu`.`uuTien`, `main`.`NhiemVu`.`thoiHan`, `main`.`NhiemVu`.`giaiDoan`, `main`.`NhiemVu`.`kpi`, `main`.`NhiemVu`.`nguonKiemChung`, `main`.`NhiemVu`.`trangThai`, `main`.`NhiemVu`.`tienDo`, `main`.`NhiemVu`.`lop`, `main`.`NhiemVu`.`phuongAnXuLy`, `main`.`NhiemVu`.`ghiChu`, `main`.`NhiemVu`.`createdAt`, `main`.`NhiemVu`.`updatedAt` FROM `main`.`NhiemVu` WHERE 1=1 ORDER BY `main`.`NhiemVu`.`uuTien` ASC, `main`.`NhiemVu`.`thoiHan` ASC LIMIT ? OFFSET ?
prisma:query SELECT `main`.`DonVi`.`id`, `main`.`DonVi`.`ten`, `main`.`DonVi`.`loai`, `main`.`DonVi`.`parentId`, `main`.`DonVi`.`createdAt` FROM `main`.`DonVi` WHERE `main`.`DonVi`.`id` IN (?,?,?) LIMIT ? OFFSET ?
prisma:query SELECT `main`.`_HeThongNhiemVu`.`B`, `main`.`_HeThongNhiemVu`.`A` FROM `main`.`_HeThongNhiemVu` WHERE `main`.`_HeThongNhiemVu`.`B` IN (?,?,?,?,?,?,?,?,?)
prisma:query SELECT `main`.`HeThongSo`.`id`, `main`.`HeThongSo`.`ma`, `main`.`HeThongSo`.`ten`, `main`.`HeThongSo`.`loai`, `main`.`HeThongSo`.`lop`, `main`.`HeThongSo`.`moTa`, `main`.`HeThongSo`.`chuQuan`, `main`.`HeThongSo`.`trangThai`, `main`.`HeThongSo`.`namTrienKhai`, `main`.`HeThongSo`.`donViId`, `main`.`HeThongSo`.`createdAt`, `main`.`HeThongSo`.`updatedAt` FROM `main`.`HeThongSo` WHERE `main`.`HeThongSo`.`id` IN (?,?,?,?,?,?) LIMIT ? OFFSET ?
 GET /api/nhiem-vu 200 in 34ms (next.js: 7ms, application-code: 27ms)
prisma:query SELECT `main`.`NhiemVu`.`id`, `main`.`NhiemVu`.`ma`, `main`.`NhiemVu`.`ten`, `main`.`NhiemVu`.`moTa`, `main`.`NhiemVu`.`donViChuTriId`, `main`.`NhiemVu`.`uuTien`, `main`.`NhiemVu`.`thoiHan`, `main`.`NhiemVu`.`giaiDoan`, `main`.`NhiemVu`.`kpi`, `main`.`NhiemVu`.`nguonKiemChung`, `main`.`NhiemVu`.`trangThai`, `main`.`NhiemVu`.`tienDo`, `main`.`NhiemVu`.`lop`, `main`.`NhiemVu`.`phuongAnXuLy`, `main`.`NhiemVu`.`ghiChu`, `main`.`NhiemVu`.`createdAt`, `main`.`NhiemVu`.`updatedAt` FROM `main`.`NhiemVu` WHERE 1=1 ORDER BY `main`.`NhiemVu`.`uuTien` ASC, `main`.`NhiemVu`.`thoiHan` ASC LIMIT ? OFFSET ?
prisma:query SELECT `main`.`DonVi`.`id`, `main`.`DonVi`.`ten`, `main`.`DonVi`.`loai`, `main`.`DonVi`.`parentId`, `main`.`DonVi`.`createdAt` FROM `main`.`DonVi` WHERE `main`.`DonVi`.`id` IN (?,?,?) LIMIT ? OFFSET ?
prisma:query SELECT `main`.`_HeThongNhiemVu`.`B`, `main`.`_HeThongNhiemVu`.`A` FROM `main`.`_HeThongNhiemVu` WHERE `main`.`_HeThongNhiemVu`.`B` IN (?,?,?,?,?,?,?,?,?)
prisma:query SELECT `main`.`HeThongSo`.`id`, `main`.`HeThongSo`.`ma`, `main`.`HeThongSo`.`ten`, `main`.`HeThongSo`.`loai`, `main`.`HeThongSo`.`lop`, `main`.`HeThongSo`.`moTa`, `main`.`HeThongSo`.`chuQuan`, `main`.`HeThongSo`.`trangThai`, `main`.`HeThongSo`.`namTrienKhai`, `main`.`HeThongSo`.`donViId`, `main`.`HeThongSo`.`createdAt`, `main`.`HeThongSo`.`updatedAt` FROM `main`.`HeThongSo` WHERE `main`.`HeThongSo`.`id` IN (?,?,?,?,?,?) LIMIT ? OFFSET ?
 GET /api/nhiem-vu 200 in 16ms (next.js: 5ms, application-code: 10ms)
 GET /kts/so-do 200 in 53ms (next.js: 26ms, application-code: 27ms)
prisma:query SELECT 1
prisma:query SELECT `main`.`NhiemVu`.`id`, `main`.`NhiemVu`.`ma`, `main`.`NhiemVu`.`ten`, `main`.`NhiemVu`.`moTa`, `main`.`NhiemVu`.`donViChuTriId`, `main`.`NhiemVu`.`uuTien`, `main`.`NhiemVu`.`thoiHan`, `main`.`NhiemVu`.`giaiDoan`, `main`.`NhiemVu`.`kpi`, `main`.`NhiemVu`.`nguonKiemChung`, `main`.`NhiemVu`.`trangThai`, `main`.`NhiemVu`.`tienDo`, `main`.`NhiemVu`.`lop`, `main`.`NhiemVu`.`phuongAnXuLy`, `main`.`NhiemVu`.`ghiChu`, `main`.`NhiemVu`.`createdAt`, `main`.`NhiemVu`.`updatedAt` FROM `main`.`NhiemVu` WHERE 1=1 ORDER BY `main`.`NhiemVu`.`uuTien` ASC, `main`.`NhiemVu`.`thoiHan` ASC LIMIT ? OFFSET ?
prisma:query SELECT `main`.`DonVi`.`id`, `main`.`DonVi`.`ten`, `main`.`DonVi`.`loai`, `main`.`DonVi`.`parentId`, `main`.`DonVi`.`createdAt` FROM `main`.`DonVi` WHERE `main`.`DonVi`.`id` IN (?,?,?) LIMIT ? OFFSET ?
prisma:query SELECT `main`.`_HeThongNhiemVu`.`B`, `main`.`_HeThongNhiemVu`.`A` FROM `main`.`_HeThongNhiemVu` WHERE `main`.`_HeThongNhiemVu`.`B` IN (?,?,?,?,?,?,?,?,?)
prisma:query SELECT `main`.`HeThongSo`.`id`, `main`.`HeThongSo`.`ma`, `main`.`HeThongSo`.`ten`, `main`.`HeThongSo`.`loai`, `main`.`HeThongSo`.`lop`, `main`.`HeThongSo`.`moTa`, `main`.`HeThongSo`.`chuQuan`, `main`.`HeThongSo`.`trangThai`, `main`.`HeThongSo`.`namTrienKhai`, `main`.`HeThongSo`.`donViId`, `main`.`HeThongSo`.`createdAt`, `main`.`HeThongSo`.`updatedAt` FROM `main`.`HeThongSo` WHERE `main`.`HeThongSo`.`id` IN (?,?,?,?,?,?) LIMIT ? OFFSET ?
 GET /api/nhiem-vu 200 in 27ms (next.js: 6ms, application-code: 21ms)
prisma:query SELECT `main`.`HeThongSo`.`id`, `main`.`HeThongSo`.`ma`, `main`.`HeThongSo`.`ten`, `main`.`HeThongSo`.`loai`, `main`.`HeThongSo`.`lop`, `main`.`HeThongSo`.`moTa`, `main`.`HeThongSo`.`chuQuan`, `main`.`HeThongSo`.`trangThai`, `main`.`HeThongSo`.`namTrienKhai`, `main`.`HeThongSo`.`donViId`, `main`.`HeThongSo`.`createdAt`, `main`.`HeThongSo`.`updatedAt` FROM `main`.`HeThongSo` WHERE 1=1 ORDER BY `main`.`HeThongSo`.`lop` ASC, `main`.`HeThongSo`.`ma` ASC LIMIT ? OFFSET ?
prisma:query SELECT `main`.`DonVi`.`id`, `main`.`DonVi`.`ten`, `main`.`DonVi`.`loai`, `main`.`DonVi`.`parentId`, `main`.`DonVi`.`createdAt` FROM `main`.`DonVi` WHERE `main`.`DonVi`.`id` IN (?,?,?,?) LIMIT ? OFFSET ?
prisma:query SELECT `main`.`_HeThongNhiemVu`.`A`, `main`.`_HeThongNhiemVu`.`B` FROM `main`.`_HeThongNhiemVu` WHERE `main`.`_HeThongNhiemVu`.`A` IN (?,?,?,?,?,?,?,?,?,?,?,?,?,?,?,?,?,?,?,?,?,?,?,?,?,?,?,?,?,?,?,?,?,?,?,?,?,?,?,?,?,?,?,?,?,?,?,?,?,?,?,?,?,?,?,?,?,?,?,?,?,?,?,?,?,?,?,?,?,?,?,?,?,?,?,?,?,?,?,?,?,?,?,?,?,?,?,?,?,?,?,?,?,?,?,?,?,?,?,?,?,?,?,?,?,?,?,?,?,?,?,?,?,?,?,?,?,?,?,?,?,?,?,?,?,?,?,?,?,?,?,?,?,?,?,?,?,?,?,?,?,?,?,?,?,?,?,?,?,?,?,?,?,?,?,?,?,?,?,?,?,?,?,?,?,?,?,?,?,?,?,?,?,?,?,?,?,?,?,?,?,?,?,?,?,?,?,?,?,?,?,?,?,?,?,?,?,?,?,?,?,?,?,?,?,?,?,?,?,?,?,?,?,?,?,?,?,?,?,?,?,?,?,?,?,?,?,?,?,?,?,?,?,?,?,?,?,?,?,?,?,?,?,?,?,?,?,?,?,?,?,?,?,?,?,?,?,?,?,?,?,?,?,?,?,?,?,?,?,?,?,?,?,?,?,?,?,?,?,?,?,?,?,?,?,?,?,?,?,?,?,?,?,?,?,?,?,?,?,?,?,?,?,?,?,?,?,?,?,?,?,?,?,?,?,?,?,?,?,?,?,?,?,?,?,?,?,?,?,?,?,?,?,?,?,?,?,?,?,?,?,?,?,?,?,?,?,?,?,?,?,?,?,?,?,?,?,?,?,?,?,?,?,?,?,?,?,?,?,?,?,?,?,?,?,?,?,?,?,?,?,?,?,?,?,?,?,?,?)
prisma:query SELECT `main`.`NhiemVu`.`id`, `main`.`NhiemVu`.`ma`, `main`.`NhiemVu`.`ten`, `main`.`NhiemVu`.`moTa`, `main`.`NhiemVu`.`donViChuTriId`, `main`.`NhiemVu`.`uuTien`, `main`.`NhiemVu`.`thoiHan`, `main`.`NhiemVu`.`giaiDoan`, `main`.`NhiemVu`.`kpi`, `main`.`NhiemVu`.`nguonKiemChung`, `main`.`NhiemVu`.`trangThai`, `main`.`NhiemVu`.`tienDo`, `main`.`NhiemVu`.`lop`, `main`.`NhiemVu`.`phuongAnXuLy`, `main`.`NhiemVu`.`ghiChu`, `main`.`NhiemVu`.`createdAt`, `main`.`NhiemVu`.`updatedAt` FROM `main`.`NhiemVu` WHERE `main`.`NhiemVu`.`id` IN (?,?,?,?,?,?) LIMIT ? OFFSET ?
prisma:query SELECT 1
prisma:query SELECT `main`.`NhiemVu`.`id`, `main`.`NhiemVu`.`ma`, `main`.`NhiemVu`.`ten`, `main`.`NhiemVu`.`moTa`, `main`.`NhiemVu`.`donViChuTriId`, `main`.`NhiemVu`.`uuTien`, `main`.`NhiemVu`.`thoiHan`, `main`.`NhiemVu`.`giaiDoan`, `main`.`NhiemVu`.`kpi`, `main`.`NhiemVu`.`nguonKiemChung`, `main`.`NhiemVu`.`trangThai`, `main`.`NhiemVu`.`tienDo`, `main`.`NhiemVu`.`lop`, `main`.`NhiemVu`.`phuongAnXuLy`, `main`.`NhiemVu`.`ghiChu`, `main`.`NhiemVu`.`createdAt`, `main`.`NhiemVu`.`updatedAt` FROM `main`.`NhiemVu` WHERE 1=1 ORDER BY `main`.`NhiemVu`.`uuTien` ASC, `main`.`NhiemVu`.`thoiHan` ASC LIMIT ? OFFSET ?
prisma:query SELECT `main`.`DonVi`.`id`, `main`.`DonVi`.`ten`, `main`.`DonVi`.`loai`, `main`.`DonVi`.`parentId`, `main`.`DonVi`.`createdAt` FROM `main`.`DonVi` WHERE `main`.`DonVi`.`id` IN (?,?,?) LIMIT ? OFFSET ?
prisma:query SELECT `main`.`_HeThongNhiemVu`.`B`, `main`.`_HeThongNhiemVu`.`A` FROM `main`.`_HeThongNhiemVu` WHERE `main`.`_HeThongNhiemVu`.`B` IN (?,?,?,?,?,?,?,?,?)
prisma:query SELECT `main`.`HeThongSo`.`id`, `main`.`HeThongSo`.`ma`, `main`.`HeThongSo`.`ten`, `main`.`HeThongSo`.`loai`, `main`.`HeThongSo`.`lop`, `main`.`HeThongSo`.`moTa`, `main`.`HeThongSo`.`chuQuan`, `main`.`HeThongSo`.`trangThai`, `main`.`HeThongSo`.`namTrienKhai`, `main`.`HeThongSo`.`donViId`, `main`.`HeThongSo`.`createdAt`, `main`.`HeThongSo`.`updatedAt` FROM `main`.`HeThongSo` WHERE `main`.`HeThongSo`.`id` IN (?,?,?,?,?,?) LIMIT ? OFFSET ?
 GET /api/he-thong 200 in 55ms (next.js: 17ms, application-code: 38ms)
 GET /api/nhiem-vu 200 in 29ms (next.js: 7ms, application-code: 22ms)
prisma:query SELECT `main`.`HeThongSo`.`id`, `main`.`HeThongSo`.`ma`, `main`.`HeThongSo`.`ten`, `main`.`HeThongSo`.`loai`, `main`.`HeThongSo`.`lop`, `main`.`HeThongSo`.`moTa`, `main`.`HeThongSo`.`chuQuan`, `main`.`HeThongSo`.`trangThai`, `main`.`HeThongSo`.`namTrienKhai`, `main`.`HeThongSo`.`donViId`, `main`.`HeThongSo`.`createdAt`, `main`.`HeThongSo`.`updatedAt` FROM `main`.`HeThongSo` WHERE 1=1 ORDER BY `main`.`HeThongSo`.`lop` ASC, `main`.`HeThongSo`.`ma` ASC LIMIT ? OFFSET ?
prisma:query SELECT `main`.`DonVi`.`id`, `main`.`DonVi`.`ten`, `main`.`DonVi`.`loai`, `main`.`DonVi`.`parentId`, `main`.`DonVi`.`createdAt` FROM `main`.`DonVi` WHERE `main`.`DonVi`.`id` IN (?,?,?,?) LIMIT ? OFFSET ?
prisma:query SELECT `main`.`_HeThongNhiemVu`.`A`, `main`.`_HeThongNhiemVu`.`B` FROM `main`.`_HeThongNhiemVu` WHERE `main`.`_HeThongNhiemVu`.`A` IN (?,?,?,?,?,?,?,?,?,?,?,?,?,?,?,?,?,?,?,?,?,?,?,?,?,?,?,?,?,?,?,?,?,?,?,?,?,?,?,?,?,?,?,?,?,?,?,?,?,?,?,?,?,?,?,?,?,?,?,?,?,?,?,?,?,?,?,?,?,?,?,?,?,?,?,?,?,?,?,?,?,?,?,?,?,?,?,?,?,?,?,?,?,?,?,?,?,?,?,?,?,?,?,?,?,?,?,?,?,?,?,?,?,?,?,?,?,?,?,?,?,?,?,?,?,?,?,?,?,?,?,?,?,?,?,?,?,?,?,?,?,?,?,?,?,?,?,?,?,?,?,?,?,?,?,?,?,?,?,?,?,?,?,?,?,?,?,?,?,?,?,?,?,?,?,?,?,?,?,?,?,?,?,?,?,?,?,?,?,?,?,?,?,?,?,?,?,?,?,?,?,?,?,?,?,?,?,?,?,?,?,?,?,?,?,?,?,?,?,?,?,?,?,?,?,?,?,?,?,?,?,?,?,?,?,?,?,?,?,?,?,?,?,?,?,?,?,?,?,?,?,?,?,?,?,?,?,?,?,?,?,?,?,?,?,?,?,?,?,?,?,?,?,?,?,?,?,?,?,?,?,?,?,?,?,?,?,?,?,?,?,?,?,?,?,?,?,?,?,?,?,?,?,?,?,?,?,?,?,?,?,?,?,?,?,?,?,?,?,?,?,?,?,?,?,?,?,?,?,?,?,?,?,?,?,?,?,?,?,?,?,?,?,?,?,?,?,?,?,?,?,?,?,?,?,?,?,?,?,?,?,?,?,?,?,?,?,?,?,?,?,?,?,?,?,?,?,?,?,?,?,?,?,?,?,?,?,?,?)
prisma:query SELECT `main`.`NhiemVu`.`id`, `main`.`NhiemVu`.`ma`, `main`.`NhiemVu`.`ten`, `main`.`NhiemVu`.`moTa`, `main`.`NhiemVu`.`donViChuTriId`, `main`.`NhiemVu`.`uuTien`, `main`.`NhiemVu`.`thoiHan`, `main`.`NhiemVu`.`giaiDoan`, `main`.`NhiemVu`.`kpi`, `main`.`NhiemVu`.`nguonKiemChung`, `main`.`NhiemVu`.`trangThai`, `main`.`NhiemVu`.`tienDo`, `main`.`NhiemVu`.`lop`, `main`.`NhiemVu`.`phuongAnXuLy`, `main`.`NhiemVu`.`ghiChu`, `main`.`NhiemVu`.`createdAt`, `main`.`NhiemVu`.`updatedAt` FROM `main`.`NhiemVu` WHERE `main`.`NhiemVu`.`id` IN (?,?,?,?,?,?) LIMIT ? OFFSET ?
 GET /api/he-thong 200 in 31ms (next.js: 5ms, application-code: 26ms)
 GET /api/auth/session 200 in 41ms (next.js: 20ms, application-code: 20ms)
 GET /api/auth/session 200 in 16ms (next.js: 3ms, application-code: 12ms)
 GET /admin/import 200 in 218ms (next.js: 179ms, application-code: 39ms)
 GET /admin/nhiem-vu 200 in 125ms (next.js: 108ms, application-code: 17ms)
prisma:query SELECT 1
prisma:query SELECT `main`.`NhiemVu`.`id`, `main`.`NhiemVu`.`ma`, `main`.`NhiemVu`.`ten`, `main`.`NhiemVu`.`moTa`, `main`.`NhiemVu`.`donViChuTriId`, `main`.`NhiemVu`.`uuTien`, `main`.`NhiemVu`.`thoiHan`, `main`.`NhiemVu`.`giaiDoan`, `main`.`NhiemVu`.`kpi`, `main`.`NhiemVu`.`nguonKiemChung`, `main`.`NhiemVu`.`trangThai`, `main`.`NhiemVu`.`tienDo`, `main`.`NhiemVu`.`lop`, `main`.`NhiemVu`.`phuongAnXuLy`, `main`.`NhiemVu`.`ghiChu`, `main`.`NhiemVu`.`createdAt`, `main`.`NhiemVu`.`updatedAt` FROM `main`.`NhiemVu` WHERE 1=1 ORDER BY `main`.`NhiemVu`.`uuTien` ASC, `main`.`NhiemVu`.`thoiHan` ASC LIMIT ? OFFSET ?
prisma:query SELECT `main`.`DonVi`.`id`, `main`.`DonVi`.`ten`, `main`.`DonVi`.`loai`, `main`.`DonVi`.`parentId`, `main`.`DonVi`.`createdAt` FROM `main`.`DonVi` WHERE `main`.`DonVi`.`id` IN (?,?,?) LIMIT ? OFFSET ?
prisma:query SELECT `main`.`_HeThongNhiemVu`.`B`, `main`.`_HeThongNhiemVu`.`A` FROM `main`.`_HeThongNhiemVu` WHERE `main`.`_HeThongNhiemVu`.`B` IN (?,?,?,?,?,?,?,?,?)
prisma:query SELECT `main`.`HeThongSo`.`id`, `main`.`HeThongSo`.`ma`, `main`.`HeThongSo`.`ten`, `main`.`HeThongSo`.`loai`, `main`.`HeThongSo`.`lop`, `main`.`HeThongSo`.`moTa`, `main`.`HeThongSo`.`chuQuan`, `main`.`HeThongSo`.`trangThai`, `main`.`HeThongSo`.`namTrienKhai`, `main`.`HeThongSo`.`donViId`, `main`.`HeThongSo`.`createdAt`, `main`.`HeThongSo`.`updatedAt` FROM `main`.`HeThongSo` WHERE `main`.`HeThongSo`.`id` IN (?,?,?,?,?,?) LIMIT ? OFFSET ?
 GET /api/nhiem-vu 200 in 358ms (next.js: 7ms, application-code: 351ms)
prisma:query SELECT `main`.`DonVi`.`id`, `main`.`DonVi`.`ten`, `main`.`DonVi`.`loai`, `main`.`DonVi`.`parentId`, `main`.`DonVi`.`createdAt` FROM `main`.`DonVi` WHERE 1=1 ORDER BY `main`.`DonVi`.`loai` ASC, `main`.`DonVi`.`ten` ASC LIMIT ? OFFSET ?
prisma:query SELECT `main`.`HeThongSo`.`id`, `main`.`HeThongSo`.`ma`, `main`.`HeThongSo`.`ten`, `main`.`HeThongSo`.`loai`, `main`.`HeThongSo`.`lop`, `main`.`HeThongSo`.`moTa`, `main`.`HeThongSo`.`chuQuan`, `main`.`HeThongSo`.`trangThai`, `main`.`HeThongSo`.`namTrienKhai`, `main`.`HeThongSo`.`donViId`, `main`.`HeThongSo`.`createdAt`, `main`.`HeThongSo`.`updatedAt` FROM `main`.`HeThongSo` WHERE 1=1 ORDER BY `main`.`HeThongSo`.`lop` ASC, `main`.`HeThongSo`.`ma` ASC LIMIT ? OFFSET ?
 GET /api/don-vi 200 in 361ms (next.js: 336ms, application-code: 25ms)
prisma:query SELECT `main`.`DonVi`.`id`, `main`.`DonVi`.`ten`, `main`.`DonVi`.`loai`, `main`.`DonVi`.`parentId`, `main`.`DonVi`.`createdAt` FROM `main`.`DonVi` WHERE `main`.`DonVi`.`id` IN (?,?,?,?) LIMIT ? OFFSET ?
prisma:query SELECT `main`.`_HeThongNhiemVu`.`A`, `main`.`_HeThongNhiemVu`.`B` FROM `main`.`_HeThongNhiemVu` WHERE `main`.`_HeThongNhiemVu`.`A` IN (?,?,?,?,?,?,?,?,?,?,?,?,?,?,?,?,?,?,?,?,?,?,?,?,?,?,?,?,?,?,?,?,?,?,?,?,?,?,?,?,?,?,?,?,?,?,?,?,?,?,?,?,?,?,?,?,?,?,?,?,?,?,?,?,?,?,?,?,?,?,?,?,?,?,?,?,?,?,?,?,?,?,?,?,?,?,?,?,?,?,?,?,?,?,?,?,?,?,?,?,?,?,?,?,?,?,?,?,?,?,?,?,?,?,?,?,?,?,?,?,?,?,?,?,?,?,?,?,?,?,?,?,?,?,?,?,?,?,?,?,?,?,?,?,?,?,?,?,?,?,?,?,?,?,?,?,?,?,?,?,?,?,?,?,?,?,?,?,?,?,?,?,?,?,?,?,?,?,?,?,?,?,?,?,?,?,?,?,?,?,?,?,?,?,?,?,?,?,?,?,?,?,?,?,?,?,?,?,?,?,?,?,?,?,?,?,?,?,?,?,?,?,?,?,?,?,?,?,?,?,?,?,?,?,?,?,?,?,?,?,?,?,?,?,?,?,?,?,?,?,?,?,?,?,?,?,?,?,?,?,?,?,?,?,?,?,?,?,?,?,?,?,?,?,?,?,?,?,?,?,?,?,?,?,?,?,?,?,?,?,?,?,?,?,?,?,?,?,?,?,?,?,?,?,?,?,?,?,?,?,?,?,?,?,?,?,?,?,?,?,?,?,?,?,?,?,?,?,?,?,?,?,?,?,?,?,?,?,?,?,?,?,?,?,?,?,?,?,?,?,?,?,?,?,?,?,?,?,?,?,?,?,?,?,?,?,?,?,?,?,?,?,?,?,?,?,?,?,?,?,?,?,?,?,?,?,?,?,?)
prisma:query SELECT `main`.`NhiemVu`.`id`, `main`.`NhiemVu`.`ma`, `main`.`NhiemVu`.`ten`, `main`.`NhiemVu`.`moTa`, `main`.`NhiemVu`.`donViChuTriId`, `main`.`NhiemVu`.`uuTien`, `main`.`NhiemVu`.`thoiHan`, `main`.`NhiemVu`.`giaiDoan`, `main`.`NhiemVu`.`kpi`, `main`.`NhiemVu`.`nguonKiemChung`, `main`.`NhiemVu`.`trangThai`, `main`.`NhiemVu`.`tienDo`, `main`.`NhiemVu`.`lop`, `main`.`NhiemVu`.`phuongAnXuLy`, `main`.`NhiemVu`.`ghiChu`, `main`.`NhiemVu`.`createdAt`, `main`.`NhiemVu`.`updatedAt` FROM `main`.`NhiemVu` WHERE `main`.`NhiemVu`.`id` IN (?,?,?,?,?,?) LIMIT ? OFFSET ?
 GET /api/he-thong 200 in 378ms (next.js: 333ms, application-code: 45ms)
prisma:query SELECT `main`.`NhiemVu`.`id`, `main`.`NhiemVu`.`ma`, `main`.`NhiemVu`.`ten`, `main`.`NhiemVu`.`moTa`, `main`.`NhiemVu`.`donViChuTriId`, `main`.`NhiemVu`.`uuTien`, `main`.`NhiemVu`.`thoiHan`, `main`.`NhiemVu`.`giaiDoan`, `main`.`NhiemVu`.`kpi`, `main`.`NhiemVu`.`nguonKiemChung`, `main`.`NhiemVu`.`trangThai`, `main`.`NhiemVu`.`tienDo`, `main`.`NhiemVu`.`lop`, `main`.`NhiemVu`.`phuongAnXuLy`, `main`.`NhiemVu`.`ghiChu`, `main`.`NhiemVu`.`createdAt`, `main`.`NhiemVu`.`updatedAt` FROM `main`.`NhiemVu` WHERE 1=1 ORDER BY `main`.`NhiemVu`.`uuTien` ASC, `main`.`NhiemVu`.`thoiHan` ASC LIMIT ? OFFSET ?
prisma:query SELECT `main`.`DonVi`.`id`, `main`.`DonVi`.`ten`, `main`.`DonVi`.`loai`, `main`.`DonVi`.`parentId`, `main`.`DonVi`.`createdAt` FROM `main`.`DonVi` WHERE `main`.`DonVi`.`id` IN (?,?,?) LIMIT ? OFFSET ?
prisma:query SELECT `main`.`_HeThongNhiemVu`.`B`, `main`.`_HeThongNhiemVu`.`A` FROM `main`.`_HeThongNhiemVu` WHERE `main`.`_HeThongNhiemVu`.`B` IN (?,?,?,?,?,?,?,?,?)
prisma:query SELECT `main`.`HeThongSo`.`id`, `main`.`HeThongSo`.`ma`, `main`.`HeThongSo`.`ten`, `main`.`HeThongSo`.`loai`, `main`.`HeThongSo`.`lop`, `main`.`HeThongSo`.`moTa`, `main`.`HeThongSo`.`chuQuan`, `main`.`HeThongSo`.`trangThai`, `main`.`HeThongSo`.`namTrienKhai`, `main`.`HeThongSo`.`donViId`, `main`.`HeThongSo`.`createdAt`, `main`.`HeThongSo`.`updatedAt` FROM `main`.`HeThongSo` WHERE `main`.`HeThongSo`.`id` IN (?,?,?,?,?,?) LIMIT ? OFFSET ?
prisma:query SELECT `main`.`DonVi`.`id`, `main`.`DonVi`.`ten`, `main`.`DonVi`.`loai`, `main`.`DonVi`.`parentId`, `main`.`DonVi`.`createdAt` FROM `main`.`DonVi` WHERE 1=1 ORDER BY `main`.`DonVi`.`loai` ASC, `main`.`DonVi`.`ten` ASC LIMIT ? OFFSET ?
 GET /api/nhiem-vu 200 in 31ms (next.js: 6ms, application-code: 25ms)
 GET /api/don-vi 200 in 31ms (next.js: 12ms, application-code: 18ms)
prisma:query SELECT `main`.`HeThongSo`.`id`, `main`.`HeThongSo`.`ma`, `main`.`HeThongSo`.`ten`, `main`.`HeThongSo`.`loai`, `main`.`HeThongSo`.`lop`, `main`.`HeThongSo`.`moTa`, `main`.`HeThongSo`.`chuQuan`, `main`.`HeThongSo`.`trangThai`, `main`.`HeThongSo`.`namTrienKhai`, `main`.`HeThongSo`.`donViId`, `main`.`HeThongSo`.`createdAt`, `main`.`HeThongSo`.`updatedAt` FROM `main`.`HeThongSo` WHERE 1=1 ORDER BY `main`.`HeThongSo`.`lop` ASC, `main`.`HeThongSo`.`ma` ASC LIMIT ? OFFSET ?
prisma:query SELECT `main`.`DonVi`.`id`, `main`.`DonVi`.`ten`, `main`.`DonVi`.`loai`, `main`.`DonVi`.`parentId`, `main`.`DonVi`.`createdAt` FROM `main`.`DonVi` WHERE `main`.`DonVi`.`id` IN (?,?,?,?) LIMIT ? OFFSET ?
prisma:query SELECT `main`.`_HeThongNhiemVu`.`A`, `main`.`_HeThongNhiemVu`.`B` FROM `main`.`_HeThongNhiemVu` WHERE `main`.`_HeThongNhiemVu`.`A` IN (?,?,?,?,?,?,?,?,?,?,?,?,?,?,?,?,?,?,?,?,?,?,?,?,?,?,?,?,?,?,?,?,?,?,?,?,?,?,?,?,?,?,?,?,?,?,?,?,?,?,?,?,?,?,?,?,?,?,?,?,?,?,?,?,?,?,?,?,?,?,?,?,?,?,?,?,?,?,?,?,?,?,?,?,?,?,?,?,?,?,?,?,?,?,?,?,?,?,?,?,?,?,?,?,?,?,?,?,?,?,?,?,?,?,?,?,?,?,?,?,?,?,?,?,?,?,?,?,?,?,?,?,?,?,?,?,?,?,?,?,?,?,?,?,?,?,?,?,?,?,?,?,?,?,?,?,?,?,?,?,?,?,?,?,?,?,?,?,?,?,?,?,?,?,?,?,?,?,?,?,?,?,?,?,?,?,?,?,?,?,?,?,?,?,?,?,?,?,?,?,?,?,?,?,?,?,?,?,?,?,?,?,?,?,?,?,?,?,?,?,?,?,?,?,?,?,?,?,?,?,?,?,?,?,?,?,?,?,?,?,?,?,?,?,?,?,?,?,?,?,?,?,?,?,?,?,?,?,?,?,?,?,?,?,?,?,?,?,?,?,?,?,?,?,?,?,?,?,?,?,?,?,?,?,?,?,?,?,?,?,?,?,?,?,?,?,?,?,?,?,?,?,?,?,?,?,?,?,?,?,?,?,?,?,?,?,?,?,?,?,?,?,?,?,?,?,?,?,?,?,?,?,?,?,?,?,?,?,?,?,?,?,?,?,?,?,?,?,?,?,?,?,?,?,?,?,?,?,?,?,?,?,?,?,?,?,?,?,?,?,?,?,?,?,?,?,?,?,?,?,?,?,?,?,?,?,?,?,?)
prisma:query SELECT `main`.`NhiemVu`.`id`, `main`.`NhiemVu`.`ma`, `main`.`NhiemVu`.`ten`, `main`.`NhiemVu`.`moTa`, `main`.`NhiemVu`.`donViChuTriId`, `main`.`NhiemVu`.`uuTien`, `main`.`NhiemVu`.`thoiHan`, `main`.`NhiemVu`.`giaiDoan`, `main`.`NhiemVu`.`kpi`, `main`.`NhiemVu`.`nguonKiemChung`, `main`.`NhiemVu`.`trangThai`, `main`.`NhiemVu`.`tienDo`, `main`.`NhiemVu`.`lop`, `main`.`NhiemVu`.`phuongAnXuLy`, `main`.`NhiemVu`.`ghiChu`, `main`.`NhiemVu`.`createdAt`, `main`.`NhiemVu`.`updatedAt` FROM `main`.`NhiemVu` WHERE `main`.`NhiemVu`.`id` IN (?,?,?,?,?,?) LIMIT ? OFFSET ?
 GET /api/he-thong 200 in 33ms (next.js: 3ms, application-code: 30ms)
 GET /api/auth/session 200 in 32ms (next.js: 15ms, application-code: 17ms)
 GET /api/auth/session 200 in 25ms (next.js: 11ms, application-code: 15ms)
 GET /api/auth/session 200 in 28ms (next.js: 11ms, application-code: 17ms)
 GET /api/auth/session 200 in 18ms (next.js: 4ms, application-code: 14ms)
 GET /api/auth/session 200 in 30ms (next.js: 12ms, application-code: 17ms)
 GET /api/auth/session 200 in 17ms (next.js: 4ms, application-code: 14ms)
 GET / 200 in 66ms (next.js: 14ms, application-code: 52ms)
 GET / 200 in 30ms (next.js: 9ms, application-code: 21ms)
 GET / 200 in 34ms (next.js: 10ms, application-code: 24ms)
 GET /api/auth/session 200 in 1581ms (next.js: 1529ms, application-code: 52ms)
 GET /api/auth/session 200 in 22ms (next.js: 4ms, application-code: 17ms)
 GET /kts/hien-trang 200 in 78ms (next.js: 12ms, application-code: 66ms)
 GET /kts/hien-trang 200 in 38ms (next.js: 11ms, application-code: 27ms)
 GET /kts/lo-trinh 200 in 87ms (next.js: 32ms, application-code: 55ms)
 GET /kts/hien-trang 200 in 44ms (next.js: 8ms, application-code: 36ms)
 GET /api/auth/session 200 in 41ms (next.js: 19ms, application-code: 21ms)
 GET /api/auth/session 200 in 19ms (next.js: 4ms, application-code: 15ms)
 GET /admin/khung 200 in 292ms (next.js: 238ms, application-code: 55ms)
prisma:query SELECT 1
prisma:query SELECT `main`.`KhungKTS`.`id`, `main`.`KhungKTS`.`tenKhung`, `main`.`KhungKTS`.`phienBan`, `main`.`KhungKTS`.`ngayBanHanh`, `main`.`KhungKTS`.`giaiDoanApDung`, `main`.`KhungKTS`.`mucTieu`, `main`.`KhungKTS`.`boiCanh`, `main`.`KhungKTS`.`nguyenTac`, `main`.`KhungKTS`.`daiDienPhuTrach`, `main`.`KhungKTS`.`trangThai`, `main`.`KhungKTS`.`updatedAt`, `main`.`KhungKTS`.`createdAt` FROM `main`.`KhungKTS` WHERE 1=1 ORDER BY `main`.`KhungKTS`.`createdAt` DESC LIMIT ? OFFSET ?
 GET /api/kts 200 in 313ms (next.js: 275ms, application-code: 39ms)
prisma:query SELECT `main`.`KhungKTS`.`id`, `main`.`KhungKTS`.`tenKhung`, `main`.`KhungKTS`.`phienBan`, `main`.`KhungKTS`.`ngayBanHanh`, `main`.`KhungKTS`.`giaiDoanApDung`, `main`.`KhungKTS`.`mucTieu`, `main`.`KhungKTS`.`boiCanh`, `main`.`KhungKTS`.`nguyenTac`, `main`.`KhungKTS`.`daiDienPhuTrach`, `main`.`KhungKTS`.`trangThai`, `main`.`KhungKTS`.`updatedAt`, `main`.`KhungKTS`.`createdAt` FROM `main`.`KhungKTS` WHERE 1=1 ORDER BY `main`.`KhungKTS`.`createdAt` DESC LIMIT ? OFFSET ?
 GET /api/kts 200 in 12ms (next.js: 3ms, application-code: 9ms)
 GET /kts/hien-trang 200 in 37ms (next.js: 8ms, application-code: 29ms)
 GET /kts/lo-trinh 200 in 46ms (next.js: 8ms, application-code: 39ms)
 GET /kts/hien-trang 200 in 38ms (next.js: 9ms, application-code: 29ms)
 GET /kts/lo-trinh 200 in 41ms (next.js: 9ms, application-code: 32ms)
 GET /kts/lo-trinh 200 in 40ms (next.js: 8ms, application-code: 32ms)
 GET /kts/lo-trinh 200 in 47ms (next.js: 9ms, application-code: 38ms)
