
> kts-vinhlong@0.1.0 dev
> next dev

▲ Next.js 16.3.5 (Turbopack)
- Local:         http://localhost:3000
- Network:       http://169.254.83.107:3000
- Environments: .env
✓ Ready in 547ms
✓ Running next.config.ts took 147ms

 GET / 200 in 895ms (next.js: 297ms, application-code: 598ms)
 GET /kts/so-do 200 in 72ms (next.js: 34ms, application-code: 39ms)
[browser] Warning: [antd: Spin] `tip` is deprecated. Please use `description` instead. 
prisma:query SELECT `main`.`NhiemVu`.`id`, `main`.`NhiemVu`.`ma`, `main`.`NhiemVu`.`ten`, `main`.`NhiemVu`.`moTa`, `main`.`NhiemVu`.`donViChuTriId`, `main`.`NhiemVu`.`uuTien`, `main`.`NhiemVu`.`thoiHan`, `main`.`NhiemVu`.`giaiDoan`, `main`.`NhiemVu`.`kpi`, `main`.`NhiemVu`.`nguonKiemChung`, `main`.`NhiemVu`.`trangThai`, `main`.`NhiemVu`.`tienDo`, `main`.`NhiemVu`.`lop`, `main`.`NhiemVu`.`phuongAnXuLy`, `main`.`NhiemVu`.`ghiChu`, `main`.`NhiemVu`.`createdAt`, `main`.`NhiemVu`.`updatedAt` FROM `main`.`NhiemVu` WHERE 1=1 ORDER BY `main`.`NhiemVu`.`uuTien` ASC, `main`.`NhiemVu`.`thoiHan` ASC LIMIT ? OFFSET ?
prisma:query SELECT `main`.`DonVi`.`id`, `main`.`DonVi`.`ten`, `main`.`DonVi`.`loai`, `main`.`DonVi`.`parentId`, `main`.`DonVi`.`createdAt` FROM `main`.`DonVi` WHERE `main`.`DonVi`.`id` IN (?,?,?) LIMIT ? OFFSET ?
prisma:query SELECT `main`.`_HeThongNhiemVu`.`B`, `main`.`_HeThongNhiemVu`.`A` FROM `main`.`_HeThongNhiemVu` WHERE `main`.`_HeThongNhiemVu`.`B` IN (?,?,?,?,?,?,?,?,?)
prisma:query SELECT `main`.`HeThongSo`.`id`, `main`.`HeThongSo`.`ma`, `main`.`HeThongSo`.`ten`, `main`.`HeThongSo`.`loai`, `main`.`HeThongSo`.`lop`, `main`.`HeThongSo`.`moTa`, `main`.`HeThongSo`.`chuQuan`, `main`.`HeThongSo`.`trangThai`, `main`.`HeThongSo`.`namTrienKhai`, `main`.`HeThongSo`.`donViId`, `main`.`HeThongSo`.`createdAt`, `main`.`HeThongSo`.`updatedAt` FROM `main`.`HeThongSo` WHERE 1=1 ORDER BY `main`.`HeThongSo`.`lop` ASC, `main`.`HeThongSo`.`ma` ASC LIMIT ? OFFSET ?
prisma:query SELECT `main`.`HeThongSo`.`id`, `main`.`HeThongSo`.`ma`, `main`.`HeThongSo`.`ten`, `main`.`HeThongSo`.`loai`, `main`.`HeThongSo`.`lop`, `main`.`HeThongSo`.`moTa`, `main`.`HeThongSo`.`chuQuan`, `main`.`HeThongSo`.`trangThai`, `main`.`HeThongSo`.`namTrienKhai`, `main`.`HeThongSo`.`donViId`, `main`.`HeThongSo`.`createdAt`, `main`.`HeThongSo`.`updatedAt` FROM `main`.`HeThongSo` WHERE `main`.`HeThongSo`.`id` IN (?,?,?,?,?,?) LIMIT ? OFFSET ?
 GET /api/nhiem-vu 200 in 304ms (next.js: 250ms, application-code: 54ms)
prisma:query SELECT `main`.`DonVi`.`id`, `main`.`DonVi`.`ten`, `main`.`DonVi`.`loai`, `main`.`DonVi`.`parentId`, `main`.`DonVi`.`createdAt` FROM `main`.`DonVi` WHERE `main`.`DonVi`.`id` IN (?,?,?,?) LIMIT ? OFFSET ?
prisma:query SELECT `main`.`_HeThongNhiemVu`.`A`, `main`.`_HeThongNhiemVu`.`B` FROM `main`.`_HeThongNhiemVu` WHERE `main`.`_HeThongNhiemVu`.`A` IN (?,?,?,?,?,?,?,?,?,?,?,?,?,?,?,?,?,?,?,?,?,?,?,?,?,?,?,?,?,?,?,?,?,?,?,?,?,?,?,?,?,?,?,?,?,?,?,?,?,?,?,?,?,?,?,?,?,?,?,?,?,?,?,?,?,?,?,?,?,?,?,?,?,?,?,?,?,?,?,?,?,?,?,?,?,?,?,?,?,?,?,?,?,?,?,?,?,?,?,?,?,?,?,?,?,?,?,?,?,?,?,?,?,?,?,?,?,?,?,?,?,?,?,?,?,?,?,?,?,?,?,?,?,?,?,?,?,?,?,?,?,?,?,?,?,?,?,?,?,?,?,?,?,?,?,?,?,?,?,?,?,?,?,?,?,?,?,?,?,?,?,?,?,?,?,?,?,?,?,?,?,?,?,?,?,?,?,?,?,?,?,?,?,?,?,?,?,?,?,?,?,?,?,?,?,?,?,?,?,?,?,?,?,?,?,?,?,?,?,?,?,?,?,?,?,?,?,?,?,?,?,?,?,?,?,?,?,?,?,?,?,?,?,?,?,?,?,?,?,?,?,?,?,?,?,?,?,?,?,?,?,?,?,?,?,?,?,?,?,?,?,?,?,?,?,?,?,?,?,?,?,?,?,?,?,?,?,?,?,?,?,?,?,?,?,?,?,?,?,?,?,?,?,?,?,?,?,?,?,?,?,?,?,?,?,?,?,?,?,?,?,?,?,?,?,?,?,?,?,?,?,?,?,?,?,?,?,?,?,?,?,?,?,?,?,?,?,?,?,?,?,?,?,?,?,?,?,?,?,?,?,?,?,?,?,?,?,?,?,?,?,?,?,?,?,?,?,?,?,?,?,?,?,?,?,?,?,?,?)
prisma:query SELECT `main`.`NhiemVu`.`id`, `main`.`NhiemVu`.`ma`, `main`.`NhiemVu`.`ten`, `main`.`NhiemVu`.`moTa`, `main`.`NhiemVu`.`donViChuTriId`, `main`.`NhiemVu`.`uuTien`, `main`.`NhiemVu`.`thoiHan`, `main`.`NhiemVu`.`giaiDoan`, `main`.`NhiemVu`.`kpi`, `main`.`NhiemVu`.`nguonKiemChung`, `main`.`NhiemVu`.`trangThai`, `main`.`NhiemVu`.`tienDo`, `main`.`NhiemVu`.`lop`, `main`.`NhiemVu`.`phuongAnXuLy`, `main`.`NhiemVu`.`ghiChu`, `main`.`NhiemVu`.`createdAt`, `main`.`NhiemVu`.`updatedAt` FROM `main`.`NhiemVu` WHERE `main`.`NhiemVu`.`id` IN (?,?,?,?,?,?) LIMIT ? OFFSET ?
 GET /api/he-thong 200 in 323ms (next.js: 109ms, application-code: 214ms)
prisma:query SELECT `main`.`NhiemVu`.`id`, `main`.`NhiemVu`.`ma`, `main`.`NhiemVu`.`ten`, `main`.`NhiemVu`.`moTa`, `main`.`NhiemVu`.`donViChuTriId`, `main`.`NhiemVu`.`uuTien`, `main`.`NhiemVu`.`thoiHan`, `main`.`NhiemVu`.`giaiDoan`, `main`.`NhiemVu`.`kpi`, `main`.`NhiemVu`.`nguonKiemChung`, `main`.`NhiemVu`.`trangThai`, `main`.`NhiemVu`.`tienDo`, `main`.`NhiemVu`.`lop`, `main`.`NhiemVu`.`phuongAnXuLy`, `main`.`NhiemVu`.`ghiChu`, `main`.`NhiemVu`.`createdAt`, `main`.`NhiemVu`.`updatedAt` FROM `main`.`NhiemVu` WHERE 1=1 ORDER BY `main`.`NhiemVu`.`uuTien` ASC, `main`.`NhiemVu`.`thoiHan` ASC LIMIT ? OFFSET ?
prisma:query SELECT `main`.`DonVi`.`id`, `main`.`DonVi`.`ten`, `main`.`DonVi`.`loai`, `main`.`DonVi`.`parentId`, `main`.`DonVi`.`createdAt` FROM `main`.`DonVi` WHERE `main`.`DonVi`.`id` IN (?,?,?) LIMIT ? OFFSET ?
prisma:query SELECT `main`.`_HeThongNhiemVu`.`B`, `main`.`_HeThongNhiemVu`.`A` FROM `main`.`_HeThongNhiemVu` WHERE `main`.`_HeThongNhiemVu`.`B` IN (?,?,?,?,?,?,?,?,?)
prisma:query SELECT `main`.`HeThongSo`.`id`, `main`.`HeThongSo`.`ma`, `main`.`HeThongSo`.`ten`, `main`.`HeThongSo`.`loai`, `main`.`HeThongSo`.`lop`, `main`.`HeThongSo`.`moTa`, `main`.`HeThongSo`.`chuQuan`, `main`.`HeThongSo`.`trangThai`, `main`.`HeThongSo`.`namTrienKhai`, `main`.`HeThongSo`.`donViId`, `main`.`HeThongSo`.`createdAt`, `main`.`HeThongSo`.`updatedAt` FROM `main`.`HeThongSo` WHERE `main`.`HeThongSo`.`id` IN (?,?,?,?,?,?) LIMIT ? OFFSET ?
 GET /api/nhiem-vu 200 in 36ms (next.js: 20ms, application-code: 16ms)
prisma:query SELECT `main`.`HeThongSo`.`id`, `main`.`HeThongSo`.`ma`, `main`.`HeThongSo`.`ten`, `main`.`HeThongSo`.`loai`, `main`.`HeThongSo`.`lop`, `main`.`HeThongSo`.`moTa`, `main`.`HeThongSo`.`chuQuan`, `main`.`HeThongSo`.`trangThai`, `main`.`HeThongSo`.`namTrienKhai`, `main`.`HeThongSo`.`donViId`, `main`.`HeThongSo`.`createdAt`, `main`.`HeThongSo`.`updatedAt` FROM `main`.`HeThongSo` WHERE 1=1 ORDER BY `main`.`HeThongSo`.`lop` ASC, `main`.`HeThongSo`.`ma` ASC LIMIT ? OFFSET ?
prisma:query SELECT `main`.`DonVi`.`id`, `main`.`DonVi`.`ten`, `main`.`DonVi`.`loai`, `main`.`DonVi`.`parentId`, `main`.`DonVi`.`createdAt` FROM `main`.`DonVi` WHERE `main`.`DonVi`.`id` IN (?,?,?,?) LIMIT ? OFFSET ?
prisma:query SELECT `main`.`_HeThongNhiemVu`.`A`, `main`.`_HeThongNhiemVu`.`B` FROM `main`.`_HeThongNhiemVu` WHERE `main`.`_HeThongNhiemVu`.`A` IN (?,?,?,?,?,?,?,?,?,?,?,?,?,?,?,?,?,?,?,?,?,?,?,?,?,?,?,?,?,?,?,?,?,?,?,?,?,?,?,?,?,?,?,?,?,?,?,?,?,?,?,?,?,?,?,?,?,?,?,?,?,?,?,?,?,?,?,?,?,?,?,?,?,?,?,?,?,?,?,?,?,?,?,?,?,?,?,?,?,?,?,?,?,?,?,?,?,?,?,?,?,?,?,?,?,?,?,?,?,?,?,?,?,?,?,?,?,?,?,?,?,?,?,?,?,?,?,?,?,?,?,?,?,?,?,?,?,?,?,?,?,?,?,?,?,?,?,?,?,?,?,?,?,?,?,?,?,?,?,?,?,?,?,?,?,?,?,?,?,?,?,?,?,?,?,?,?,?,?,?,?,?,?,?,?,?,?,?,?,?,?,?,?,?,?,?,?,?,?,?,?,?,?,?,?,?,?,?,?,?,?,?,?,?,?,?,?,?,?,?,?,?,?,?,?,?,?,?,?,?,?,?,?,?,?,?,?,?,?,?,?,?,?,?,?,?,?,?,?,?,?,?,?,?,?,?,?,?,?,?,?,?,?,?,?,?,?,?,?,?,?,?,?,?,?,?,?,?,?,?,?,?,?,?,?,?,?,?,?,?,?,?,?,?,?,?,?,?,?,?,?,?,?,?,?,?,?,?,?,?,?,?,?,?,?,?,?,?,?,?,?,?,?,?,?,?,?,?,?,?,?,?,?,?,?,?,?,?,?,?,?,?,?,?,?,?,?,?,?,?,?,?,?,?,?,?,?,?,?,?,?,?,?,?,?,?,?,?,?,?,?,?,?,?,?,?,?,?,?,?,?,?,?,?,?,?,?,?,?)
prisma:query SELECT `main`.`NhiemVu`.`id`, `main`.`NhiemVu`.`ma`, `main`.`NhiemVu`.`ten`, `main`.`NhiemVu`.`moTa`, `main`.`NhiemVu`.`donViChuTriId`, `main`.`NhiemVu`.`uuTien`, `main`.`NhiemVu`.`thoiHan`, `main`.`NhiemVu`.`giaiDoan`, `main`.`NhiemVu`.`kpi`, `main`.`NhiemVu`.`nguonKiemChung`, `main`.`NhiemVu`.`trangThai`, `main`.`NhiemVu`.`tienDo`, `main`.`NhiemVu`.`lop`, `main`.`NhiemVu`.`phuongAnXuLy`, `main`.`NhiemVu`.`ghiChu`, `main`.`NhiemVu`.`createdAt`, `main`.`NhiemVu`.`updatedAt` FROM `main`.`NhiemVu` WHERE `main`.`NhiemVu`.`id` IN (?,?,?,?,?,?) LIMIT ? OFFSET ?
 GET /api/he-thong 200 in 54ms (next.js: 11ms, application-code: 43ms)
 GET /kts/lo-trinh 200 in 76ms (next.js: 42ms, application-code: 33ms)
prisma:query SELECT 1
prisma:query SELECT `main`.`NhiemVu`.`id`, `main`.`NhiemVu`.`ma`, `main`.`NhiemVu`.`ten`, `main`.`NhiemVu`.`moTa`, `main`.`NhiemVu`.`donViChuTriId`, `main`.`NhiemVu`.`uuTien`, `main`.`NhiemVu`.`thoiHan`, `main`.`NhiemVu`.`giaiDoan`, `main`.`NhiemVu`.`kpi`, `main`.`NhiemVu`.`nguonKiemChung`, `main`.`NhiemVu`.`trangThai`, `main`.`NhiemVu`.`tienDo`, `main`.`NhiemVu`.`lop`, `main`.`NhiemVu`.`phuongAnXuLy`, `main`.`NhiemVu`.`ghiChu`, `main`.`NhiemVu`.`createdAt`, `main`.`NhiemVu`.`updatedAt` FROM `main`.`NhiemVu` WHERE 1=1 ORDER BY `main`.`NhiemVu`.`uuTien` ASC, `main`.`NhiemVu`.`thoiHan` ASC LIMIT ? OFFSET ?
prisma:query SELECT `main`.`DonVi`.`id`, `main`.`DonVi`.`ten`, `main`.`DonVi`.`loai`, `main`.`DonVi`.`parentId`, `main`.`DonVi`.`createdAt` FROM `main`.`DonVi` WHERE `main`.`DonVi`.`id` IN (?,?,?) LIMIT ? OFFSET ?
prisma:query SELECT `main`.`_HeThongNhiemVu`.`B`, `main`.`_HeThongNhiemVu`.`A` FROM `main`.`_HeThongNhiemVu` WHERE `main`.`_HeThongNhiemVu`.`B` IN (?,?,?,?,?,?,?,?,?)
prisma:query SELECT `main`.`HeThongSo`.`id`, `main`.`HeThongSo`.`ma`, `main`.`HeThongSo`.`ten`, `main`.`HeThongSo`.`loai`, `main`.`HeThongSo`.`lop`, `main`.`HeThongSo`.`moTa`, `main`.`HeThongSo`.`chuQuan`, `main`.`HeThongSo`.`trangThai`, `main`.`HeThongSo`.`namTrienKhai`, `main`.`HeThongSo`.`donViId`, `main`.`HeThongSo`.`createdAt`, `main`.`HeThongSo`.`updatedAt` FROM `main`.`HeThongSo` WHERE `main`.`HeThongSo`.`id` IN (?,?,?,?,?,?) LIMIT ? OFFSET ?
 GET /api/nhiem-vu 200 in 36ms (next.js: 14ms, application-code: 21ms)
prisma:query SELECT `main`.`NhiemVu`.`id`, `main`.`NhiemVu`.`ma`, `main`.`NhiemVu`.`ten`, `main`.`NhiemVu`.`moTa`, `main`.`NhiemVu`.`donViChuTriId`, `main`.`NhiemVu`.`uuTien`, `main`.`NhiemVu`.`thoiHan`, `main`.`NhiemVu`.`giaiDoan`, `main`.`NhiemVu`.`kpi`, `main`.`NhiemVu`.`nguonKiemChung`, `main`.`NhiemVu`.`trangThai`, `main`.`NhiemVu`.`tienDo`, `main`.`NhiemVu`.`lop`, `main`.`NhiemVu`.`phuongAnXuLy`, `main`.`NhiemVu`.`ghiChu`, `main`.`NhiemVu`.`createdAt`, `main`.`NhiemVu`.`updatedAt` FROM `main`.`NhiemVu` WHERE 1=1 ORDER BY `main`.`NhiemVu`.`uuTien` ASC, `main`.`NhiemVu`.`thoiHan` ASC LIMIT ? OFFSET ?
prisma:query SELECT `main`.`DonVi`.`id`, `main`.`DonVi`.`ten`, `main`.`DonVi`.`loai`, `main`.`DonVi`.`parentId`, `main`.`DonVi`.`createdAt` FROM `main`.`DonVi` WHERE `main`.`DonVi`.`id` IN (?,?,?) LIMIT ? OFFSET ?
prisma:query SELECT `main`.`_HeThongNhiemVu`.`B`, `main`.`_HeThongNhiemVu`.`A` FROM `main`.`_HeThongNhiemVu` WHERE `main`.`_HeThongNhiemVu`.`B` IN (?,?,?,?,?,?,?,?,?)
prisma:query SELECT `main`.`HeThongSo`.`id`, `main`.`HeThongSo`.`ma`, `main`.`HeThongSo`.`ten`, `main`.`HeThongSo`.`loai`, `main`.`HeThongSo`.`lop`, `main`.`HeThongSo`.`moTa`, `main`.`HeThongSo`.`chuQuan`, `main`.`HeThongSo`.`trangThai`, `main`.`HeThongSo`.`namTrienKhai`, `main`.`HeThongSo`.`donViId`, `main`.`HeThongSo`.`createdAt`, `main`.`HeThongSo`.`updatedAt` FROM `main`.`HeThongSo` WHERE `main`.`HeThongSo`.`id` IN (?,?,?,?,?,?) LIMIT ? OFFSET ?
 GET /api/nhiem-vu 200 in 28ms (next.js: 9ms, application-code: 19ms)
[browser] Warning: [antd: Modal] `destroyOnClose` is deprecated. Please use `destroyOnHidden` instead. 
    at Array.forEach (<anonymous>) (<anonymous>)
 GET /kts/so-do 200 in 37ms (next.js: 9ms, application-code: 27ms)
prisma:query SELECT `main`.`HeThongSo`.`id`, `main`.`HeThongSo`.`ma`, `main`.`HeThongSo`.`ten`, `main`.`HeThongSo`.`loai`, `main`.`HeThongSo`.`lop`, `main`.`HeThongSo`.`moTa`, `main`.`HeThongSo`.`chuQuan`, `main`.`HeThongSo`.`trangThai`, `main`.`HeThongSo`.`namTrienKhai`, `main`.`HeThongSo`.`donViId`, `main`.`HeThongSo`.`createdAt`, `main`.`HeThongSo`.`updatedAt` FROM `main`.`HeThongSo` WHERE 1=1 ORDER BY `main`.`HeThongSo`.`lop` ASC, `main`.`HeThongSo`.`ma` ASC LIMIT ? OFFSET ?
prisma:query SELECT `main`.`DonVi`.`id`, `main`.`DonVi`.`ten`, `main`.`DonVi`.`loai`, `main`.`DonVi`.`parentId`, `main`.`DonVi`.`createdAt` FROM `main`.`DonVi` WHERE `main`.`DonVi`.`id` IN (?,?,?,?) LIMIT ? OFFSET ?
prisma:query SELECT `main`.`_HeThongNhiemVu`.`A`, `main`.`_HeThongNhiemVu`.`B` FROM `main`.`_HeThongNhiemVu` WHERE `main`.`_HeThongNhiemVu`.`A` IN (?,?,?,?,?,?,?,?,?,?,?,?,?,?,?,?,?,?,?,?,?,?,?,?,?,?,?,?,?,?,?,?,?,?,?,?,?,?,?,?,?,?,?,?,?,?,?,?,?,?,?,?,?,?,?,?,?,?,?,?,?,?,?,?,?,?,?,?,?,?,?,?,?,?,?,?,?,?,?,?,?,?,?,?,?,?,?,?,?,?,?,?,?,?,?,?,?,?,?,?,?,?,?,?,?,?,?,?,?,?,?,?,?,?,?,?,?,?,?,?,?,?,?,?,?,?,?,?,?,?,?,?,?,?,?,?,?,?,?,?,?,?,?,?,?,?,?,?,?,?,?,?,?,?,?,?,?,?,?,?,?,?,?,?,?,?,?,?,?,?,?,?,?,?,?,?,?,?,?,?,?,?,?,?,?,?,?,?,?,?,?,?,?,?,?,?,?,?,?,?,?,?,?,?,?,?,?,?,?,?,?,?,?,?,?,?,?,?,?,?,?,?,?,?,?,?,?,?,?,?,?,?,?,?,?,?,?,?,?,?,?,?,?,?,?,?,?,?,?,?,?,?,?,?,?,?,?,?,?,?,?,?,?,?,?,?,?,?,?,?,?,?,?,?,?,?,?,?,?,?,?,?,?,?,?,?,?,?,?,?,?,?,?,?,?,?,?,?,?,?,?,?,?,?,?,?,?,?,?,?,?,?,?,?,?,?,?,?,?,?,?,?,?,?,?,?,?,?,?,?,?,?,?,?,?,?,?,?,?,?,?,?,?,?,?,?,?,?,?,?,?,?,?,?,?,?,?,?,?,?,?,?,?,?,?,?,?,?,?,?,?,?,?,?,?,?,?,?,?,?,?,?,?,?,?,?,?,?,?)
prisma:query SELECT `main`.`NhiemVu`.`id`, `main`.`NhiemVu`.`ma`, `main`.`NhiemVu`.`ten`, `main`.`NhiemVu`.`moTa`, `main`.`NhiemVu`.`donViChuTriId`, `main`.`NhiemVu`.`uuTien`, `main`.`NhiemVu`.`thoiHan`, `main`.`NhiemVu`.`giaiDoan`, `main`.`NhiemVu`.`kpi`, `main`.`NhiemVu`.`nguonKiemChung`, `main`.`NhiemVu`.`trangThai`, `main`.`NhiemVu`.`tienDo`, `main`.`NhiemVu`.`lop`, `main`.`NhiemVu`.`phuongAnXuLy`, `main`.`NhiemVu`.`ghiChu`, `main`.`NhiemVu`.`createdAt`, `main`.`NhiemVu`.`updatedAt` FROM `main`.`NhiemVu` WHERE `main`.`NhiemVu`.`id` IN (?,?,?,?,?,?) LIMIT ? OFFSET ?
prisma:query SELECT 1
prisma:query SELECT `main`.`NhiemVu`.`id`, `main`.`NhiemVu`.`ma`, `main`.`NhiemVu`.`ten`, `main`.`NhiemVu`.`moTa`, `main`.`NhiemVu`.`donViChuTriId`, `main`.`NhiemVu`.`uuTien`, `main`.`NhiemVu`.`thoiHan`, `main`.`NhiemVu`.`giaiDoan`, `main`.`NhiemVu`.`kpi`, `main`.`NhiemVu`.`nguonKiemChung`, `main`.`NhiemVu`.`trangThai`, `main`.`NhiemVu`.`tienDo`, `main`.`NhiemVu`.`lop`, `main`.`NhiemVu`.`phuongAnXuLy`, `main`.`NhiemVu`.`ghiChu`, `main`.`NhiemVu`.`createdAt`, `main`.`NhiemVu`.`updatedAt` FROM `main`.`NhiemVu` WHERE 1=1 ORDER BY `main`.`NhiemVu`.`uuTien` ASC, `main`.`NhiemVu`.`thoiHan` ASC LIMIT ? OFFSET ?
prisma:query SELECT `main`.`DonVi`.`id`, `main`.`DonVi`.`ten`, `main`.`DonVi`.`loai`, `main`.`DonVi`.`parentId`, `main`.`DonVi`.`createdAt` FROM `main`.`DonVi` WHERE `main`.`DonVi`.`id` IN (?,?,?) LIMIT ? OFFSET ?
prisma:query SELECT `main`.`_HeThongNhiemVu`.`B`, `main`.`_HeThongNhiemVu`.`A` FROM `main`.`_HeThongNhiemVu` WHERE `main`.`_HeThongNhiemVu`.`B` IN (?,?,?,?,?,?,?,?,?)
prisma:query SELECT `main`.`HeThongSo`.`id`, `main`.`HeThongSo`.`ma`, `main`.`HeThongSo`.`ten`, `main`.`HeThongSo`.`loai`, `main`.`HeThongSo`.`lop`, `main`.`HeThongSo`.`moTa`, `main`.`HeThongSo`.`chuQuan`, `main`.`HeThongSo`.`trangThai`, `main`.`HeThongSo`.`namTrienKhai`, `main`.`HeThongSo`.`donViId`, `main`.`HeThongSo`.`createdAt`, `main`.`HeThongSo`.`updatedAt` FROM `main`.`HeThongSo` WHERE `main`.`HeThongSo`.`id` IN (?,?,?,?,?,?) LIMIT ? OFFSET ?
 GET /api/nhiem-vu 200 in 32ms (next.js: 18ms, application-code: 14ms)
 GET /api/he-thong 200 in 45ms (next.js: 8ms, application-code: 37ms)
prisma:query SELECT `main`.`NhiemVu`.`id`, `main`.`NhiemVu`.`ma`, `main`.`NhiemVu`.`ten`, `main`.`NhiemVu`.`moTa`, `main`.`NhiemVu`.`donViChuTriId`, `main`.`NhiemVu`.`uuTien`, `main`.`NhiemVu`.`thoiHan`, `main`.`NhiemVu`.`giaiDoan`, `main`.`NhiemVu`.`kpi`, `main`.`NhiemVu`.`nguonKiemChung`, `main`.`NhiemVu`.`trangThai`, `main`.`NhiemVu`.`tienDo`, `main`.`NhiemVu`.`lop`, `main`.`NhiemVu`.`phuongAnXuLy`, `main`.`NhiemVu`.`ghiChu`, `main`.`NhiemVu`.`createdAt`, `main`.`NhiemVu`.`updatedAt` FROM `main`.`NhiemVu` WHERE 1=1 ORDER BY `main`.`NhiemVu`.`uuTien` ASC, `main`.`NhiemVu`.`thoiHan` ASC LIMIT ? OFFSET ?
prisma:query SELECT `main`.`DonVi`.`id`, `main`.`DonVi`.`ten`, `main`.`DonVi`.`loai`, `main`.`DonVi`.`parentId`, `main`.`DonVi`.`createdAt` FROM `main`.`DonVi` WHERE `main`.`DonVi`.`id` IN (?,?,?) LIMIT ? OFFSET ?
prisma:query SELECT `main`.`_HeThongNhiemVu`.`B`, `main`.`_HeThongNhiemVu`.`A` FROM `main`.`_HeThongNhiemVu` WHERE `main`.`_HeThongNhiemVu`.`B` IN (?,?,?,?,?,?,?,?,?)
prisma:query SELECT `main`.`HeThongSo`.`id`, `main`.`HeThongSo`.`ma`, `main`.`HeThongSo`.`ten`, `main`.`HeThongSo`.`loai`, `main`.`HeThongSo`.`lop`, `main`.`HeThongSo`.`moTa`, `main`.`HeThongSo`.`chuQuan`, `main`.`HeThongSo`.`trangThai`, `main`.`HeThongSo`.`namTrienKhai`, `main`.`HeThongSo`.`donViId`, `main`.`HeThongSo`.`createdAt`, `main`.`HeThongSo`.`updatedAt` FROM `main`.`HeThongSo` WHERE `main`.`HeThongSo`.`id` IN (?,?,?,?,?,?) LIMIT ? OFFSET ?
 GET /api/nhiem-vu 200 in 28ms (next.js: 6ms, application-code: 22ms)
prisma:query SELECT `main`.`HeThongSo`.`id`, `main`.`HeThongSo`.`ma`, `main`.`HeThongSo`.`ten`, `main`.`HeThongSo`.`loai`, `main`.`HeThongSo`.`lop`, `main`.`HeThongSo`.`moTa`, `main`.`HeThongSo`.`chuQuan`, `main`.`HeThongSo`.`trangThai`, `main`.`HeThongSo`.`namTrienKhai`, `main`.`HeThongSo`.`donViId`, `main`.`HeThongSo`.`createdAt`, `main`.`HeThongSo`.`updatedAt` FROM `main`.`HeThongSo` WHERE 1=1 ORDER BY `main`.`HeThongSo`.`lop` ASC, `main`.`HeThongSo`.`ma` ASC LIMIT ? OFFSET ?
prisma:query SELECT `main`.`DonVi`.`id`, `main`.`DonVi`.`ten`, `main`.`DonVi`.`loai`, `main`.`DonVi`.`parentId`, `main`.`DonVi`.`createdAt` FROM `main`.`DonVi` WHERE `main`.`DonVi`.`id` IN (?,?,?,?) LIMIT ? OFFSET ?
prisma:query SELECT `main`.`_HeThongNhiemVu`.`A`, `main`.`_HeThongNhiemVu`.`B` FROM `main`.`_HeThongNhiemVu` WHERE `main`.`_HeThongNhiemVu`.`A` IN (?,?,?,?,?,?,?,?,?,?,?,?,?,?,?,?,?,?,?,?,?,?,?,?,?,?,?,?,?,?,?,?,?,?,?,?,?,?,?,?,?,?,?,?,?,?,?,?,?,?,?,?,?,?,?,?,?,?,?,?,?,?,?,?,?,?,?,?,?,?,?,?,?,?,?,?,?,?,?,?,?,?,?,?,?,?,?,?,?,?,?,?,?,?,?,?,?,?,?,?,?,?,?,?,?,?,?,?,?,?,?,?,?,?,?,?,?,?,?,?,?,?,?,?,?,?,?,?,?,?,?,?,?,?,?,?,?,?,?,?,?,?,?,?,?,?,?,?,?,?,?,?,?,?,?,?,?,?,?,?,?,?,?,?,?,?,?,?,?,?,?,?,?,?,?,?,?,?,?,?,?,?,?,?,?,?,?,?,?,?,?,?,?,?,?,?,?,?,?,?,?,?,?,?,?,?,?,?,?,?,?,?,?,?,?,?,?,?,?,?,?,?,?,?,?,?,?,?,?,?,?,?,?,?,?,?,?,?,?,?,?,?,?,?,?,?,?,?,?,?,?,?,?,?,?,?,?,?,?,?,?,?,?,?,?,?,?,?,?,?,?,?,?,?,?,?,?,?,?,?,?,?,?,?,?,?,?,?,?,?,?,?,?,?,?,?,?,?,?,?,?,?,?,?,?,?,?,?,?,?,?,?,?,?,?,?,?,?,?,?,?,?,?,?,?,?,?,?,?,?,?,?,?,?,?,?,?,?,?,?,?,?,?,?,?,?,?,?,?,?,?,?,?,?,?,?,?,?,?,?,?,?,?,?,?,?,?,?,?,?,?,?,?,?,?,?,?,?,?,?,?,?,?,?,?,?,?,?,?)
prisma:query SELECT `main`.`NhiemVu`.`id`, `main`.`NhiemVu`.`ma`, `main`.`NhiemVu`.`ten`, `main`.`NhiemVu`.`moTa`, `main`.`NhiemVu`.`donViChuTriId`, `main`.`NhiemVu`.`uuTien`, `main`.`NhiemVu`.`thoiHan`, `main`.`NhiemVu`.`giaiDoan`, `main`.`NhiemVu`.`kpi`, `main`.`NhiemVu`.`nguonKiemChung`, `main`.`NhiemVu`.`trangThai`, `main`.`NhiemVu`.`tienDo`, `main`.`NhiemVu`.`lop`, `main`.`NhiemVu`.`phuongAnXuLy`, `main`.`NhiemVu`.`ghiChu`, `main`.`NhiemVu`.`createdAt`, `main`.`NhiemVu`.`updatedAt` FROM `main`.`NhiemVu` WHERE `main`.`NhiemVu`.`id` IN (?,?,?,?,?,?) LIMIT ? OFFSET ?
 GET /api/he-thong 200 in 51ms (next.js: 16ms, application-code: 35ms)
 GET /kts/lo-trinh 200 in 41ms (next.js: 9ms, application-code: 32ms)
prisma:query SELECT 1
prisma:query SELECT `main`.`NhiemVu`.`id`, `main`.`NhiemVu`.`ma`, `main`.`NhiemVu`.`ten`, `main`.`NhiemVu`.`moTa`, `main`.`NhiemVu`.`donViChuTriId`, `main`.`NhiemVu`.`uuTien`, `main`.`NhiemVu`.`thoiHan`, `main`.`NhiemVu`.`giaiDoan`, `main`.`NhiemVu`.`kpi`, `main`.`NhiemVu`.`nguonKiemChung`, `main`.`NhiemVu`.`trangThai`, `main`.`NhiemVu`.`tienDo`, `main`.`NhiemVu`.`lop`, `main`.`NhiemVu`.`phuongAnXuLy`, `main`.`NhiemVu`.`ghiChu`, `main`.`NhiemVu`.`createdAt`, `main`.`NhiemVu`.`updatedAt` FROM `main`.`NhiemVu` WHERE 1=1 ORDER BY `main`.`NhiemVu`.`uuTien` ASC, `main`.`NhiemVu`.`thoiHan` ASC LIMIT ? OFFSET ?
prisma:query SELECT `main`.`DonVi`.`id`, `main`.`DonVi`.`ten`, `main`.`DonVi`.`loai`, `main`.`DonVi`.`parentId`, `main`.`DonVi`.`createdAt` FROM `main`.`DonVi` WHERE `main`.`DonVi`.`id` IN (?,?,?) LIMIT ? OFFSET ?
prisma:query SELECT `main`.`_HeThongNhiemVu`.`B`, `main`.`_HeThongNhiemVu`.`A` FROM `main`.`_HeThongNhiemVu` WHERE `main`.`_HeThongNhiemVu`.`B` IN (?,?,?,?,?,?,?,?,?)
prisma:query SELECT `main`.`HeThongSo`.`id`, `main`.`HeThongSo`.`ma`, `main`.`HeThongSo`.`ten`, `main`.`HeThongSo`.`loai`, `main`.`HeThongSo`.`lop`, `main`.`HeThongSo`.`moTa`, `main`.`HeThongSo`.`chuQuan`, `main`.`HeThongSo`.`trangThai`, `main`.`HeThongSo`.`namTrienKhai`, `main`.`HeThongSo`.`donViId`, `main`.`HeThongSo`.`createdAt`, `main`.`HeThongSo`.`updatedAt` FROM `main`.`HeThongSo` WHERE `main`.`HeThongSo`.`id` IN (?,?,?,?,?,?) LIMIT ? OFFSET ?
 GET /api/nhiem-vu 200 in 36ms (next.js: 8ms, application-code: 28ms)
prisma:query SELECT `main`.`NhiemVu`.`id`, `main`.`NhiemVu`.`ma`, `main`.`NhiemVu`.`ten`, `main`.`NhiemVu`.`moTa`, `main`.`NhiemVu`.`donViChuTriId`, `main`.`NhiemVu`.`uuTien`, `main`.`NhiemVu`.`thoiHan`, `main`.`NhiemVu`.`giaiDoan`, `main`.`NhiemVu`.`kpi`, `main`.`NhiemVu`.`nguonKiemChung`, `main`.`NhiemVu`.`trangThai`, `main`.`NhiemVu`.`tienDo`, `main`.`NhiemVu`.`lop`, `main`.`NhiemVu`.`phuongAnXuLy`, `main`.`NhiemVu`.`ghiChu`, `main`.`NhiemVu`.`createdAt`, `main`.`NhiemVu`.`updatedAt` FROM `main`.`NhiemVu` WHERE 1=1 ORDER BY `main`.`NhiemVu`.`uuTien` ASC, `main`.`NhiemVu`.`thoiHan` ASC LIMIT ? OFFSET ?
prisma:query SELECT `main`.`DonVi`.`id`, `main`.`DonVi`.`ten`, `main`.`DonVi`.`loai`, `main`.`DonVi`.`parentId`, `main`.`DonVi`.`createdAt` FROM `main`.`DonVi` WHERE `main`.`DonVi`.`id` IN (?,?,?) LIMIT ? OFFSET ?
prisma:query SELECT `main`.`_HeThongNhiemVu`.`B`, `main`.`_HeThongNhiemVu`.`A` FROM `main`.`_HeThongNhiemVu` WHERE `main`.`_HeThongNhiemVu`.`B` IN (?,?,?,?,?,?,?,?,?)
prisma:query SELECT `main`.`HeThongSo`.`id`, `main`.`HeThongSo`.`ma`, `main`.`HeThongSo`.`ten`, `main`.`HeThongSo`.`loai`, `main`.`HeThongSo`.`lop`, `main`.`HeThongSo`.`moTa`, `main`.`HeThongSo`.`chuQuan`, `main`.`HeThongSo`.`trangThai`, `main`.`HeThongSo`.`namTrienKhai`, `main`.`HeThongSo`.`donViId`, `main`.`HeThongSo`.`createdAt`, `main`.`HeThongSo`.`updatedAt` FROM `main`.`HeThongSo` WHERE `main`.`HeThongSo`.`id` IN (?,?,?,?,?,?) LIMIT ? OFFSET ?
 GET /api/nhiem-vu 200 in 22ms (next.js: 8ms, application-code: 14ms)
[browser] Warning: [antd: Timeline] `mode=left|right` is deprecated. Please use `mode=start|end` instead. 
[browser] Warning: [antd: Timeline] `items.label` is deprecated. Please use `items.title` instead. 
    at Array.forEach (<anonymous>) (<anonymous>)
[browser] Warning: [antd: Timeline] `items.children` is deprecated. Please use `items.content` instead. 
    at Array.forEach (<anonymous>) (<anonymous>)
 GET /kts/lo-trinh 200 in 30ms (next.js: 8ms, application-code: 21ms)
✓ Compiled in 576ms
 GET /kts/lo-trinh 200 in 321ms (next.js: 7ms, application-code: 313ms)
prisma:query SELECT 1
prisma:query SELECT `main`.`NhiemVu`.`id`, `main`.`NhiemVu`.`ma`, `main`.`NhiemVu`.`ten`, `main`.`NhiemVu`.`moTa`, `main`.`NhiemVu`.`donViChuTriId`, `main`.`NhiemVu`.`uuTien`, `main`.`NhiemVu`.`thoiHan`, `main`.`NhiemVu`.`giaiDoan`, `main`.`NhiemVu`.`kpi`, `main`.`NhiemVu`.`nguonKiemChung`, `main`.`NhiemVu`.`trangThai`, `main`.`NhiemVu`.`tienDo`, `main`.`NhiemVu`.`lop`, `main`.`NhiemVu`.`phuongAnXuLy`, `main`.`NhiemVu`.`ghiChu`, `main`.`NhiemVu`.`createdAt`, `main`.`NhiemVu`.`updatedAt` FROM `main`.`NhiemVu` WHERE 1=1 ORDER BY `main`.`NhiemVu`.`uuTien` ASC, `main`.`NhiemVu`.`thoiHan` ASC LIMIT ? OFFSET ?
prisma:query SELECT `main`.`DonVi`.`id`, `main`.`DonVi`.`ten`, `main`.`DonVi`.`loai`, `main`.`DonVi`.`parentId`, `main`.`DonVi`.`createdAt` FROM `main`.`DonVi` WHERE `main`.`DonVi`.`id` IN (?,?,?) LIMIT ? OFFSET ?
prisma:query SELECT `main`.`_HeThongNhiemVu`.`B`, `main`.`_HeThongNhiemVu`.`A` FROM `main`.`_HeThongNhiemVu` WHERE `main`.`_HeThongNhiemVu`.`B` IN (?,?,?,?,?,?,?,?,?)
prisma:query SELECT `main`.`HeThongSo`.`id`, `main`.`HeThongSo`.`ma`, `main`.`HeThongSo`.`ten`, `main`.`HeThongSo`.`loai`, `main`.`HeThongSo`.`lop`, `main`.`HeThongSo`.`moTa`, `main`.`HeThongSo`.`chuQuan`, `main`.`HeThongSo`.`trangThai`, `main`.`HeThongSo`.`namTrienKhai`, `main`.`HeThongSo`.`donViId`, `main`.`HeThongSo`.`createdAt`, `main`.`HeThongSo`.`updatedAt` FROM `main`.`HeThongSo` WHERE `main`.`HeThongSo`.`id` IN (?,?,?,?,?,?) LIMIT ? OFFSET ?
 GET /api/nhiem-vu 200 in 21ms (next.js: 4ms, application-code: 16ms)
prisma:query SELECT `main`.`NhiemVu`.`id`, `main`.`NhiemVu`.`ma`, `main`.`NhiemVu`.`ten`, `main`.`NhiemVu`.`moTa`, `main`.`NhiemVu`.`donViChuTriId`, `main`.`NhiemVu`.`uuTien`, `main`.`NhiemVu`.`thoiHan`, `main`.`NhiemVu`.`giaiDoan`, `main`.`NhiemVu`.`kpi`, `main`.`NhiemVu`.`nguonKiemChung`, `main`.`NhiemVu`.`trangThai`, `main`.`NhiemVu`.`tienDo`, `main`.`NhiemVu`.`lop`, `main`.`NhiemVu`.`phuongAnXuLy`, `main`.`NhiemVu`.`ghiChu`, `main`.`NhiemVu`.`createdAt`, `main`.`NhiemVu`.`updatedAt` FROM `main`.`NhiemVu` WHERE 1=1 ORDER BY `main`.`NhiemVu`.`uuTien` ASC, `main`.`NhiemVu`.`thoiHan` ASC LIMIT ? OFFSET ?
prisma:query SELECT `main`.`DonVi`.`id`, `main`.`DonVi`.`ten`, `main`.`DonVi`.`loai`, `main`.`DonVi`.`parentId`, `main`.`DonVi`.`createdAt` FROM `main`.`DonVi` WHERE `main`.`DonVi`.`id` IN (?,?,?) LIMIT ? OFFSET ?
prisma:query SELECT `main`.`_HeThongNhiemVu`.`B`, `main`.`_HeThongNhiemVu`.`A` FROM `main`.`_HeThongNhiemVu` WHERE `main`.`_HeThongNhiemVu`.`B` IN (?,?,?,?,?,?,?,?,?)
prisma:query SELECT `main`.`HeThongSo`.`id`, `main`.`HeThongSo`.`ma`, `main`.`HeThongSo`.`ten`, `main`.`HeThongSo`.`loai`, `main`.`HeThongSo`.`lop`, `main`.`HeThongSo`.`moTa`, `main`.`HeThongSo`.`chuQuan`, `main`.`HeThongSo`.`trangThai`, `main`.`HeThongSo`.`namTrienKhai`, `main`.`HeThongSo`.`donViId`, `main`.`HeThongSo`.`createdAt`, `main`.`HeThongSo`.`updatedAt` FROM `main`.`HeThongSo` WHERE `main`.`HeThongSo`.`id` IN (?,?,?,?,?,?) LIMIT ? OFFSET ?
 GET /api/nhiem-vu 200 in 18ms (next.js: 5ms, application-code: 13ms)
[browser] Warning: [antd: Modal] `destroyOnClose` is deprecated. Please use `destroyOnHidden` instead. 
    at Array.forEach (<anonymous>) (<anonymous>)
[browser] Warning: [antd: Descriptions] `labelStyle` is deprecated. Please use `styles.label` instead. 
    at Array.forEach (<anonymous>) (<anonymous>)
 GET /kts/hien-trang 200 in 71ms (next.js: 32ms, application-code: 38ms)
prisma:query SELECT 1
prisma:query SELECT `main`.`HeThongSo`.`id`, `main`.`HeThongSo`.`ma`, `main`.`HeThongSo`.`ten`, `main`.`HeThongSo`.`loai`, `main`.`HeThongSo`.`lop`, `main`.`HeThongSo`.`moTa`, `main`.`HeThongSo`.`chuQuan`, `main`.`HeThongSo`.`trangThai`, `main`.`HeThongSo`.`namTrienKhai`, `main`.`HeThongSo`.`donViId`, `main`.`HeThongSo`.`createdAt`, `main`.`HeThongSo`.`updatedAt` FROM `main`.`HeThongSo` WHERE 1=1 ORDER BY `main`.`HeThongSo`.`lop` ASC, `main`.`HeThongSo`.`ma` ASC LIMIT ? OFFSET ?
prisma:query SELECT `main`.`DonVi`.`id`, `main`.`DonVi`.`ten`, `main`.`DonVi`.`loai`, `main`.`DonVi`.`parentId`, `main`.`DonVi`.`createdAt` FROM `main`.`DonVi` WHERE `main`.`DonVi`.`id` IN (?,?,?,?) LIMIT ? OFFSET ?
prisma:query SELECT `main`.`_HeThongNhiemVu`.`A`, `main`.`_HeThongNhiemVu`.`B` FROM `main`.`_HeThongNhiemVu` WHERE `main`.`_HeThongNhiemVu`.`A` IN (?,?,?,?,?,?,?,?,?,?,?,?,?,?,?,?,?,?,?,?,?,?,?,?,?,?,?,?,?,?,?,?,?,?,?,?,?,?,?,?,?,?,?,?,?,?,?,?,?,?,?,?,?,?,?,?,?,?,?,?,?,?,?,?,?,?,?,?,?,?,?,?,?,?,?,?,?,?,?,?,?,?,?,?,?,?,?,?,?,?,?,?,?,?,?,?,?,?,?,?,?,?,?,?,?,?,?,?,?,?,?,?,?,?,?,?,?,?,?,?,?,?,?,?,?,?,?,?,?,?,?,?,?,?,?,?,?,?,?,?,?,?,?,?,?,?,?,?,?,?,?,?,?,?,?,?,?,?,?,?,?,?,?,?,?,?,?,?,?,?,?,?,?,?,?,?,?,?,?,?,?,?,?,?,?,?,?,?,?,?,?,?,?,?,?,?,?,?,?,?,?,?,?,?,?,?,?,?,?,?,?,?,?,?,?,?,?,?,?,?,?,?,?,?,?,?,?,?,?,?,?,?,?,?,?,?,?,?,?,?,?,?,?,?,?,?,?,?,?,?,?,?,?,?,?,?,?,?,?,?,?,?,?,?,?,?,?,?,?,?,?,?,?,?,?,?,?,?,?,?,?,?,?,?,?,?,?,?,?,?,?,?,?,?,?,?,?,?,?,?,?,?,?,?,?,?,?,?,?,?,?,?,?,?,?,?,?,?,?,?,?,?,?,?,?,?,?,?,?,?,?,?,?,?,?,?,?,?,?,?,?,?,?,?,?,?,?,?,?,?,?,?,?,?,?,?,?,?,?,?,?,?,?,?,?,?,?,?,?,?,?,?,?,?,?,?,?,?,?,?,?,?,?,?,?,?,?,?,?)
prisma:query SELECT `main`.`NhiemVu`.`id`, `main`.`NhiemVu`.`ma`, `main`.`NhiemVu`.`ten`, `main`.`NhiemVu`.`moTa`, `main`.`NhiemVu`.`donViChuTriId`, `main`.`NhiemVu`.`uuTien`, `main`.`NhiemVu`.`thoiHan`, `main`.`NhiemVu`.`giaiDoan`, `main`.`NhiemVu`.`kpi`, `main`.`NhiemVu`.`nguonKiemChung`, `main`.`NhiemVu`.`trangThai`, `main`.`NhiemVu`.`tienDo`, `main`.`NhiemVu`.`lop`, `main`.`NhiemVu`.`phuongAnXuLy`, `main`.`NhiemVu`.`ghiChu`, `main`.`NhiemVu`.`createdAt`, `main`.`NhiemVu`.`updatedAt` FROM `main`.`NhiemVu` WHERE `main`.`NhiemVu`.`id` IN (?,?,?,?,?,?) LIMIT ? OFFSET ?
 GET /api/he-thong 200 in 46ms (next.js: 9ms, application-code: 37ms)
prisma:query SELECT `main`.`HeThongSo`.`id`, `main`.`HeThongSo`.`ma`, `main`.`HeThongSo`.`ten`, `main`.`HeThongSo`.`loai`, `main`.`HeThongSo`.`lop`, `main`.`HeThongSo`.`moTa`, `main`.`HeThongSo`.`chuQuan`, `main`.`HeThongSo`.`trangThai`, `main`.`HeThongSo`.`namTrienKhai`, `main`.`HeThongSo`.`donViId`, `main`.`HeThongSo`.`createdAt`, `main`.`HeThongSo`.`updatedAt` FROM `main`.`HeThongSo` WHERE 1=1 ORDER BY `main`.`HeThongSo`.`lop` ASC, `main`.`HeThongSo`.`ma` ASC LIMIT ? OFFSET ?
prisma:query SELECT `main`.`DonVi`.`id`, `main`.`DonVi`.`ten`, `main`.`DonVi`.`loai`, `main`.`DonVi`.`parentId`, `main`.`DonVi`.`createdAt` FROM `main`.`DonVi` WHERE `main`.`DonVi`.`id` IN (?,?,?,?) LIMIT ? OFFSET ?
prisma:query SELECT `main`.`_HeThongNhiemVu`.`A`, `main`.`_HeThongNhiemVu`.`B` FROM `main`.`_HeThongNhiemVu` WHERE `main`.`_HeThongNhiemVu`.`A` IN (?,?,?,?,?,?,?,?,?,?,?,?,?,?,?,?,?,?,?,?,?,?,?,?,?,?,?,?,?,?,?,?,?,?,?,?,?,?,?,?,?,?,?,?,?,?,?,?,?,?,?,?,?,?,?,?,?,?,?,?,?,?,?,?,?,?,?,?,?,?,?,?,?,?,?,?,?,?,?,?,?,?,?,?,?,?,?,?,?,?,?,?,?,?,?,?,?,?,?,?,?,?,?,?,?,?,?,?,?,?,?,?,?,?,?,?,?,?,?,?,?,?,?,?,?,?,?,?,?,?,?,?,?,?,?,?,?,?,?,?,?,?,?,?,?,?,?,?,?,?,?,?,?,?,?,?,?,?,?,?,?,?,?,?,?,?,?,?,?,?,?,?,?,?,?,?,?,?,?,?,?,?,?,?,?,?,?,?,?,?,?,?,?,?,?,?,?,?,?,?,?,?,?,?,?,?,?,?,?,?,?,?,?,?,?,?,?,?,?,?,?,?,?,?,?,?,?,?,?,?,?,?,?,?,?,?,?,?,?,?,?,?,?,?,?,?,?,?,?,?,?,?,?,?,?,?,?,?,?,?,?,?,?,?,?,?,?,?,?,?,?,?,?,?,?,?,?,?,?,?,?,?,?,?,?,?,?,?,?,?,?,?,?,?,?,?,?,?,?,?,?,?,?,?,?,?,?,?,?,?,?,?,?,?,?,?,?,?,?,?,?,?,?,?,?,?,?,?,?,?,?,?,?,?,?,?,?,?,?,?,?,?,?,?,?,?,?,?,?,?,?,?,?,?,?,?,?,?,?,?,?,?,?,?,?,?,?,?,?,?,?,?,?,?,?,?,?,?,?,?,?,?,?,?,?,?,?,?,?)
prisma:query SELECT `main`.`NhiemVu`.`id`, `main`.`NhiemVu`.`ma`, `main`.`NhiemVu`.`ten`, `main`.`NhiemVu`.`moTa`, `main`.`NhiemVu`.`donViChuTriId`, `main`.`NhiemVu`.`uuTien`, `main`.`NhiemVu`.`thoiHan`, `main`.`NhiemVu`.`giaiDoan`, `main`.`NhiemVu`.`kpi`, `main`.`NhiemVu`.`nguonKiemChung`, `main`.`NhiemVu`.`trangThai`, `main`.`NhiemVu`.`tienDo`, `main`.`NhiemVu`.`lop`, `main`.`NhiemVu`.`phuongAnXuLy`, `main`.`NhiemVu`.`ghiChu`, `main`.`NhiemVu`.`createdAt`, `main`.`NhiemVu`.`updatedAt` FROM `main`.`NhiemVu` WHERE `main`.`NhiemVu`.`id` IN (?,?,?,?,?,?) LIMIT ? OFFSET ?
 GET /api/he-thong 200 in 37ms (next.js: 5ms, application-code: 32ms)
 GET /kts/hien-trang 200 in 39ms (next.js: 10ms, application-code: 29ms)
 GET /kts/hien-trang 200 in 38ms (next.js: 8ms, application-code: 30ms)
✓ Compiled in 144ms
 GET /kts/so-do 200 in 51ms (next.js: 25ms, application-code: 26ms)
prisma:query SELECT 1
prisma:query SELECT `main`.`HeThongSo`.`id`, `main`.`HeThongSo`.`ma`, `main`.`HeThongSo`.`ten`, `main`.`HeThongSo`.`loai`, `main`.`HeThongSo`.`lop`, `main`.`HeThongSo`.`moTa`, `main`.`HeThongSo`.`chuQuan`, `main`.`HeThongSo`.`trangThai`, `main`.`HeThongSo`.`namTrienKhai`, `main`.`HeThongSo`.`donViId`, `main`.`HeThongSo`.`createdAt`, `main`.`HeThongSo`.`updatedAt` FROM `main`.`HeThongSo` WHERE 1=1 ORDER BY `main`.`HeThongSo`.`lop` ASC, `main`.`HeThongSo`.`ma` ASC LIMIT ? OFFSET ?
prisma:query SELECT `main`.`DonVi`.`id`, `main`.`DonVi`.`ten`, `main`.`DonVi`.`loai`, `main`.`DonVi`.`parentId`, `main`.`DonVi`.`createdAt` FROM `main`.`DonVi` WHERE `main`.`DonVi`.`id` IN (?,?,?,?) LIMIT ? OFFSET ?
prisma:query SELECT `main`.`_HeThongNhiemVu`.`A`, `main`.`_HeThongNhiemVu`.`B` FROM `main`.`_HeThongNhiemVu` WHERE `main`.`_HeThongNhiemVu`.`A` IN (?,?,?,?,?,?,?,?,?,?,?,?,?,?,?,?,?,?,?,?,?,?,?,?,?,?,?,?,?,?,?,?,?,?,?,?,?,?,?,?,?,?,?,?,?,?,?,?,?,?,?,?,?,?,?,?,?,?,?,?,?,?,?,?,?,?,?,?,?,?,?,?,?,?,?,?,?,?,?,?,?,?,?,?,?,?,?,?,?,?,?,?,?,?,?,?,?,?,?,?,?,?,?,?,?,?,?,?,?,?,?,?,?,?,?,?,?,?,?,?,?,?,?,?,?,?,?,?,?,?,?,?,?,?,?,?,?,?,?,?,?,?,?,?,?,?,?,?,?,?,?,?,?,?,?,?,?,?,?,?,?,?,?,?,?,?,?,?,?,?,?,?,?,?,?,?,?,?,?,?,?,?,?,?,?,?,?,?,?,?,?,?,?,?,?,?,?,?,?,?,?,?,?,?,?,?,?,?,?,?,?,?,?,?,?,?,?,?,?,?,?,?,?,?,?,?,?,?,?,?,?,?,?,?,?,?,?,?,?,?,?,?,?,?,?,?,?,?,?,?,?,?,?,?,?,?,?,?,?,?,?,?,?,?,?,?,?,?,?,?,?,?,?,?,?,?,?,?,?,?,?,?,?,?,?,?,?,?,?,?,?,?,?,?,?,?,?,?,?,?,?,?,?,?,?,?,?,?,?,?,?,?,?,?,?,?,?,?,?,?,?,?,?,?,?,?,?,?,?,?,?,?,?,?,?,?,?,?,?,?,?,?,?,?,?,?,?,?,?,?,?,?,?,?,?,?,?,?,?,?,?,?,?,?,?,?,?,?,?,?,?,?,?,?,?,?,?,?,?,?,?,?,?,?,?,?,?,?,?)
prisma:query SELECT `main`.`NhiemVu`.`id`, `main`.`NhiemVu`.`ma`, `main`.`NhiemVu`.`ten`, `main`.`NhiemVu`.`moTa`, `main`.`NhiemVu`.`donViChuTriId`, `main`.`NhiemVu`.`uuTien`, `main`.`NhiemVu`.`thoiHan`, `main`.`NhiemVu`.`giaiDoan`, `main`.`NhiemVu`.`kpi`, `main`.`NhiemVu`.`nguonKiemChung`, `main`.`NhiemVu`.`trangThai`, `main`.`NhiemVu`.`tienDo`, `main`.`NhiemVu`.`lop`, `main`.`NhiemVu`.`phuongAnXuLy`, `main`.`NhiemVu`.`ghiChu`, `main`.`NhiemVu`.`createdAt`, `main`.`NhiemVu`.`updatedAt` FROM `main`.`NhiemVu` WHERE `main`.`NhiemVu`.`id` IN (?,?,?,?,?,?) LIMIT ? OFFSET ?
prisma:query SELECT 1
prisma:query SELECT `main`.`NhiemVu`.`id`, `main`.`NhiemVu`.`ma`, `main`.`NhiemVu`.`ten`, `main`.`NhiemVu`.`moTa`, `main`.`NhiemVu`.`donViChuTriId`, `main`.`NhiemVu`.`uuTien`, `main`.`NhiemVu`.`thoiHan`, `main`.`NhiemVu`.`giaiDoan`, `main`.`NhiemVu`.`kpi`, `main`.`NhiemVu`.`nguonKiemChung`, `main`.`NhiemVu`.`trangThai`, `main`.`NhiemVu`.`tienDo`, `main`.`NhiemVu`.`lop`, `main`.`NhiemVu`.`phuongAnXuLy`, `main`.`NhiemVu`.`ghiChu`, `main`.`NhiemVu`.`createdAt`, `main`.`NhiemVu`.`updatedAt` FROM `main`.`NhiemVu` WHERE 1=1 ORDER BY `main`.`NhiemVu`.`uuTien` ASC, `main`.`NhiemVu`.`thoiHan` ASC LIMIT ? OFFSET ?
prisma:query SELECT `main`.`DonVi`.`id`, `main`.`DonVi`.`ten`, `main`.`DonVi`.`loai`, `main`.`DonVi`.`parentId`, `main`.`DonVi`.`createdAt` FROM `main`.`DonVi` WHERE `main`.`DonVi`.`id` IN (?,?,?) LIMIT ? OFFSET ?
prisma:query SELECT `main`.`_HeThongNhiemVu`.`B`, `main`.`_HeThongNhiemVu`.`A` FROM `main`.`_HeThongNhiemVu` WHERE `main`.`_HeThongNhiemVu`.`B` IN (?,?,?,?,?,?,?,?,?)
prisma:query SELECT `main`.`HeThongSo`.`id`, `main`.`HeThongSo`.`ma`, `main`.`HeThongSo`.`ten`, `main`.`HeThongSo`.`loai`, `main`.`HeThongSo`.`lop`, `main`.`HeThongSo`.`moTa`, `main`.`HeThongSo`.`chuQuan`, `main`.`HeThongSo`.`trangThai`, `main`.`HeThongSo`.`namTrienKhai`, `main`.`HeThongSo`.`donViId`, `main`.`HeThongSo`.`createdAt`, `main`.`HeThongSo`.`updatedAt` FROM `main`.`HeThongSo` WHERE `main`.`HeThongSo`.`id` IN (?,?,?,?,?,?) LIMIT ? OFFSET ?
 GET /api/nhiem-vu 200 in 29ms (next.js: 17ms, application-code: 12ms)
 GET /api/he-thong 200 in 41ms (next.js: 9ms, application-code: 32ms)
[browser] Warning: [antd: Spin] `tip` is deprecated. Please use `description` instead. 
prisma:query SELECT `main`.`NhiemVu`.`id`, `main`.`NhiemVu`.`ma`, `main`.`NhiemVu`.`ten`, `main`.`NhiemVu`.`moTa`, `main`.`NhiemVu`.`donViChuTriId`, `main`.`NhiemVu`.`uuTien`, `main`.`NhiemVu`.`thoiHan`, `main`.`NhiemVu`.`giaiDoan`, `main`.`NhiemVu`.`kpi`, `main`.`NhiemVu`.`nguonKiemChung`, `main`.`NhiemVu`.`trangThai`, `main`.`NhiemVu`.`tienDo`, `main`.`NhiemVu`.`lop`, `main`.`NhiemVu`.`phuongAnXuLy`, `main`.`NhiemVu`.`ghiChu`, `main`.`NhiemVu`.`createdAt`, `main`.`NhiemVu`.`updatedAt` FROM `main`.`NhiemVu` WHERE 1=1 ORDER BY `main`.`NhiemVu`.`uuTien` ASC, `main`.`NhiemVu`.`thoiHan` ASC LIMIT ? OFFSET ?
prisma:query SELECT `main`.`DonVi`.`id`, `main`.`DonVi`.`ten`, `main`.`DonVi`.`loai`, `main`.`DonVi`.`parentId`, `main`.`DonVi`.`createdAt` FROM `main`.`DonVi` WHERE `main`.`DonVi`.`id` IN (?,?,?) LIMIT ? OFFSET ?
prisma:query SELECT `main`.`_HeThongNhiemVu`.`B`, `main`.`_HeThongNhiemVu`.`A` FROM `main`.`_HeThongNhiemVu` WHERE `main`.`_HeThongNhiemVu`.`B` IN (?,?,?,?,?,?,?,?,?)
prisma:query SELECT `main`.`HeThongSo`.`id`, `main`.`HeThongSo`.`ma`, `main`.`HeThongSo`.`ten`, `main`.`HeThongSo`.`loai`, `main`.`HeThongSo`.`lop`, `main`.`HeThongSo`.`moTa`, `main`.`HeThongSo`.`chuQuan`, `main`.`HeThongSo`.`trangThai`, `main`.`HeThongSo`.`namTrienKhai`, `main`.`HeThongSo`.`donViId`, `main`.`HeThongSo`.`createdAt`, `main`.`HeThongSo`.`updatedAt` FROM `main`.`HeThongSo` WHERE `main`.`HeThongSo`.`id` IN (?,?,?,?,?,?) LIMIT ? OFFSET ?
 GET /api/nhiem-vu 200 in 27ms (next.js: 5ms, application-code: 22ms)
prisma:query SELECT `main`.`HeThongSo`.`id`, `main`.`HeThongSo`.`ma`, `main`.`HeThongSo`.`ten`, `main`.`HeThongSo`.`loai`, `main`.`HeThongSo`.`lop`, `main`.`HeThongSo`.`moTa`, `main`.`HeThongSo`.`chuQuan`, `main`.`HeThongSo`.`trangThai`, `main`.`HeThongSo`.`namTrienKhai`, `main`.`HeThongSo`.`donViId`, `main`.`HeThongSo`.`createdAt`, `main`.`HeThongSo`.`updatedAt` FROM `main`.`HeThongSo` WHERE 1=1 ORDER BY `main`.`HeThongSo`.`lop` ASC, `main`.`HeThongSo`.`ma` ASC LIMIT ? OFFSET ?
prisma:query SELECT `main`.`DonVi`.`id`, `main`.`DonVi`.`ten`, `main`.`DonVi`.`loai`, `main`.`DonVi`.`parentId`, `main`.`DonVi`.`createdAt` FROM `main`.`DonVi` WHERE `main`.`DonVi`.`id` IN (?,?,?,?) LIMIT ? OFFSET ?
prisma:query SELECT `main`.`_HeThongNhiemVu`.`A`, `main`.`_HeThongNhiemVu`.`B` FROM `main`.`_HeThongNhiemVu` WHERE `main`.`_HeThongNhiemVu`.`A` IN (?,?,?,?,?,?,?,?,?,?,?,?,?,?,?,?,?,?,?,?,?,?,?,?,?,?,?,?,?,?,?,?,?,?,?,?,?,?,?,?,?,?,?,?,?,?,?,?,?,?,?,?,?,?,?,?,?,?,?,?,?,?,?,?,?,?,?,?,?,?,?,?,?,?,?,?,?,?,?,?,?,?,?,?,?,?,?,?,?,?,?,?,?,?,?,?,?,?,?,?,?,?,?,?,?,?,?,?,?,?,?,?,?,?,?,?,?,?,?,?,?,?,?,?,?,?,?,?,?,?,?,?,?,?,?,?,?,?,?,?,?,?,?,?,?,?,?,?,?,?,?,?,?,?,?,?,?,?,?,?,?,?,?,?,?,?,?,?,?,?,?,?,?,?,?,?,?,?,?,?,?,?,?,?,?,?,?,?,?,?,?,?,?,?,?,?,?,?,?,?,?,?,?,?,?,?,?,?,?,?,?,?,?,?,?,?,?,?,?,?,?,?,?,?,?,?,?,?,?,?,?,?,?,?,?,?,?,?,?,?,?,?,?,?,?,?,?,?,?,?,?,?,?,?,?,?,?,?,?,?,?,?,?,?,?,?,?,?,?,?,?,?,?,?,?,?,?,?,?,?,?,?,?,?,?,?,?,?,?,?,?,?,?,?,?,?,?,?,?,?,?,?,?,?,?,?,?,?,?,?,?,?,?,?,?,?,?,?,?,?,?,?,?,?,?,?,?,?,?,?,?,?,?,?,?,?,?,?,?,?,?,?,?,?,?,?,?,?,?,?,?,?,?,?,?,?,?,?,?,?,?,?,?,?,?,?,?,?,?,?,?,?,?,?,?,?,?,?,?,?,?,?,?,?,?,?,?,?,?)
prisma:query SELECT `main`.`NhiemVu`.`id`, `main`.`NhiemVu`.`ma`, `main`.`NhiemVu`.`ten`, `main`.`NhiemVu`.`moTa`, `main`.`NhiemVu`.`donViChuTriId`, `main`.`NhiemVu`.`uuTien`, `main`.`NhiemVu`.`thoiHan`, `main`.`NhiemVu`.`giaiDoan`, `main`.`NhiemVu`.`kpi`, `main`.`NhiemVu`.`nguonKiemChung`, `main`.`NhiemVu`.`trangThai`, `main`.`NhiemVu`.`tienDo`, `main`.`NhiemVu`.`lop`, `main`.`NhiemVu`.`phuongAnXuLy`, `main`.`NhiemVu`.`ghiChu`, `main`.`NhiemVu`.`createdAt`, `main`.`NhiemVu`.`updatedAt` FROM `main`.`NhiemVu` WHERE `main`.`NhiemVu`.`id` IN (?,?,?,?,?,?) LIMIT ? OFFSET ?
 GET /api/he-thong 200 in 52ms (next.js: 13ms, application-code: 39ms)
 GET /kts/hien-trang 200 in 46ms (next.js: 20ms, application-code: 27ms)
prisma:query SELECT 1
prisma:query SELECT `main`.`HeThongSo`.`id`, `main`.`HeThongSo`.`ma`, `main`.`HeThongSo`.`ten`, `main`.`HeThongSo`.`loai`, `main`.`HeThongSo`.`lop`, `main`.`HeThongSo`.`moTa`, `main`.`HeThongSo`.`chuQuan`, `main`.`HeThongSo`.`trangThai`, `main`.`HeThongSo`.`namTrienKhai`, `main`.`HeThongSo`.`donViId`, `main`.`HeThongSo`.`createdAt`, `main`.`HeThongSo`.`updatedAt` FROM `main`.`HeThongSo` WHERE 1=1 ORDER BY `main`.`HeThongSo`.`lop` ASC, `main`.`HeThongSo`.`ma` ASC LIMIT ? OFFSET ?
prisma:query SELECT `main`.`DonVi`.`id`, `main`.`DonVi`.`ten`, `main`.`DonVi`.`loai`, `main`.`DonVi`.`parentId`, `main`.`DonVi`.`createdAt` FROM `main`.`DonVi` WHERE `main`.`DonVi`.`id` IN (?,?,?,?) LIMIT ? OFFSET ?
prisma:query SELECT `main`.`_HeThongNhiemVu`.`A`, `main`.`_HeThongNhiemVu`.`B` FROM `main`.`_HeThongNhiemVu` WHERE `main`.`_HeThongNhiemVu`.`A` IN (?,?,?,?,?,?,?,?,?,?,?,?,?,?,?,?,?,?,?,?,?,?,?,?,?,?,?,?,?,?,?,?,?,?,?,?,?,?,?,?,?,?,?,?,?,?,?,?,?,?,?,?,?,?,?,?,?,?,?,?,?,?,?,?,?,?,?,?,?,?,?,?,?,?,?,?,?,?,?,?,?,?,?,?,?,?,?,?,?,?,?,?,?,?,?,?,?,?,?,?,?,?,?,?,?,?,?,?,?,?,?,?,?,?,?,?,?,?,?,?,?,?,?,?,?,?,?,?,?,?,?,?,?,?,?,?,?,?,?,?,?,?,?,?,?,?,?,?,?,?,?,?,?,?,?,?,?,?,?,?,?,?,?,?,?,?,?,?,?,?,?,?,?,?,?,?,?,?,?,?,?,?,?,?,?,?,?,?,?,?,?,?,?,?,?,?,?,?,?,?,?,?,?,?,?,?,?,?,?,?,?,?,?,?,?,?,?,?,?,?,?,?,?,?,?,?,?,?,?,?,?,?,?,?,?,?,?,?,?,?,?,?,?,?,?,?,?,?,?,?,?,?,?,?,?,?,?,?,?,?,?,?,?,?,?,?,?,?,?,?,?,?,?,?,?,?,?,?,?,?,?,?,?,?,?,?,?,?,?,?,?,?,?,?,?,?,?,?,?,?,?,?,?,?,?,?,?,?,?,?,?,?,?,?,?,?,?,?,?,?,?,?,?,?,?,?,?,?,?,?,?,?,?,?,?,?,?,?,?,?,?,?,?,?,?,?,?,?,?,?,?,?,?,?,?,?,?,?,?,?,?,?,?,?,?,?,?,?,?,?,?,?,?,?,?,?,?,?,?,?,?,?,?,?,?,?,?,?,?)
prisma:query SELECT `main`.`NhiemVu`.`id`, `main`.`NhiemVu`.`ma`, `main`.`NhiemVu`.`ten`, `main`.`NhiemVu`.`moTa`, `main`.`NhiemVu`.`donViChuTriId`, `main`.`NhiemVu`.`uuTien`, `main`.`NhiemVu`.`thoiHan`, `main`.`NhiemVu`.`giaiDoan`, `main`.`NhiemVu`.`kpi`, `main`.`NhiemVu`.`nguonKiemChung`, `main`.`NhiemVu`.`trangThai`, `main`.`NhiemVu`.`tienDo`, `main`.`NhiemVu`.`lop`, `main`.`NhiemVu`.`phuongAnXuLy`, `main`.`NhiemVu`.`ghiChu`, `main`.`NhiemVu`.`createdAt`, `main`.`NhiemVu`.`updatedAt` FROM `main`.`NhiemVu` WHERE `main`.`NhiemVu`.`id` IN (?,?,?,?,?,?) LIMIT ? OFFSET ?
 GET /api/he-thong 200 in 42ms (next.js: 8ms, application-code: 34ms)
prisma:query SELECT `main`.`HeThongSo`.`id`, `main`.`HeThongSo`.`ma`, `main`.`HeThongSo`.`ten`, `main`.`HeThongSo`.`loai`, `main`.`HeThongSo`.`lop`, `main`.`HeThongSo`.`moTa`, `main`.`HeThongSo`.`chuQuan`, `main`.`HeThongSo`.`trangThai`, `main`.`HeThongSo`.`namTrienKhai`, `main`.`HeThongSo`.`donViId`, `main`.`HeThongSo`.`createdAt`, `main`.`HeThongSo`.`updatedAt` FROM `main`.`HeThongSo` WHERE 1=1 ORDER BY `main`.`HeThongSo`.`lop` ASC, `main`.`HeThongSo`.`ma` ASC LIMIT ? OFFSET ?
prisma:query SELECT `main`.`DonVi`.`id`, `main`.`DonVi`.`ten`, `main`.`DonVi`.`loai`, `main`.`DonVi`.`parentId`, `main`.`DonVi`.`createdAt` FROM `main`.`DonVi` WHERE `main`.`DonVi`.`id` IN (?,?,?,?) LIMIT ? OFFSET ?
prisma:query SELECT `main`.`_HeThongNhiemVu`.`A`, `main`.`_HeThongNhiemVu`.`B` FROM `main`.`_HeThongNhiemVu` WHERE `main`.`_HeThongNhiemVu`.`A` IN (?,?,?,?,?,?,?,?,?,?,?,?,?,?,?,?,?,?,?,?,?,?,?,?,?,?,?,?,?,?,?,?,?,?,?,?,?,?,?,?,?,?,?,?,?,?,?,?,?,?,?,?,?,?,?,?,?,?,?,?,?,?,?,?,?,?,?,?,?,?,?,?,?,?,?,?,?,?,?,?,?,?,?,?,?,?,?,?,?,?,?,?,?,?,?,?,?,?,?,?,?,?,?,?,?,?,?,?,?,?,?,?,?,?,?,?,?,?,?,?,?,?,?,?,?,?,?,?,?,?,?,?,?,?,?,?,?,?,?,?,?,?,?,?,?,?,?,?,?,?,?,?,?,?,?,?,?,?,?,?,?,?,?,?,?,?,?,?,?,?,?,?,?,?,?,?,?,?,?,?,?,?,?,?,?,?,?,?,?,?,?,?,?,?,?,?,?,?,?,?,?,?,?,?,?,?,?,?,?,?,?,?,?,?,?,?,?,?,?,?,?,?,?,?,?,?,?,?,?,?,?,?,?,?,?,?,?,?,?,?,?,?,?,?,?,?,?,?,?,?,?,?,?,?,?,?,?,?,?,?,?,?,?,?,?,?,?,?,?,?,?,?,?,?,?,?,?,?,?,?,?,?,?,?,?,?,?,?,?,?,?,?,?,?,?,?,?,?,?,?,?,?,?,?,?,?,?,?,?,?,?,?,?,?,?,?,?,?,?,?,?,?,?,?,?,?,?,?,?,?,?,?,?,?,?,?,?,?,?,?,?,?,?,?,?,?,?,?,?,?,?,?,?,?,?,?,?,?,?,?,?,?,?,?,?,?,?,?,?,?,?,?,?,?,?,?,?,?,?,?,?,?,?,?,?,?,?,?,?)
prisma:query SELECT `main`.`NhiemVu`.`id`, `main`.`NhiemVu`.`ma`, `main`.`NhiemVu`.`ten`, `main`.`NhiemVu`.`moTa`, `main`.`NhiemVu`.`donViChuTriId`, `main`.`NhiemVu`.`uuTien`, `main`.`NhiemVu`.`thoiHan`, `main`.`NhiemVu`.`giaiDoan`, `main`.`NhiemVu`.`kpi`, `main`.`NhiemVu`.`nguonKiemChung`, `main`.`NhiemVu`.`trangThai`, `main`.`NhiemVu`.`tienDo`, `main`.`NhiemVu`.`lop`, `main`.`NhiemVu`.`phuongAnXuLy`, `main`.`NhiemVu`.`ghiChu`, `main`.`NhiemVu`.`createdAt`, `main`.`NhiemVu`.`updatedAt` FROM `main`.`NhiemVu` WHERE `main`.`NhiemVu`.`id` IN (?,?,?,?,?,?) LIMIT ? OFFSET ?
 GET /api/he-thong 200 in 41ms (next.js: 5ms, application-code: 36ms)
 GET /kts/lo-trinh 200 in 42ms (next.js: 19ms, application-code: 23ms)
prisma:query SELECT 1
prisma:query SELECT `main`.`NhiemVu`.`id`, `main`.`NhiemVu`.`ma`, `main`.`NhiemVu`.`ten`, `main`.`NhiemVu`.`moTa`, `main`.`NhiemVu`.`donViChuTriId`, `main`.`NhiemVu`.`uuTien`, `main`.`NhiemVu`.`thoiHan`, `main`.`NhiemVu`.`giaiDoan`, `main`.`NhiemVu`.`kpi`, `main`.`NhiemVu`.`nguonKiemChung`, `main`.`NhiemVu`.`trangThai`, `main`.`NhiemVu`.`tienDo`, `main`.`NhiemVu`.`lop`, `main`.`NhiemVu`.`phuongAnXuLy`, `main`.`NhiemVu`.`ghiChu`, `main`.`NhiemVu`.`createdAt`, `main`.`NhiemVu`.`updatedAt` FROM `main`.`NhiemVu` WHERE 1=1 ORDER BY `main`.`NhiemVu`.`uuTien` ASC, `main`.`NhiemVu`.`thoiHan` ASC LIMIT ? OFFSET ?
prisma:query SELECT `main`.`DonVi`.`id`, `main`.`DonVi`.`ten`, `main`.`DonVi`.`loai`, `main`.`DonVi`.`parentId`, `main`.`DonVi`.`createdAt` FROM `main`.`DonVi` WHERE `main`.`DonVi`.`id` IN (?,?,?) LIMIT ? OFFSET ?
prisma:query SELECT `main`.`_HeThongNhiemVu`.`B`, `main`.`_HeThongNhiemVu`.`A` FROM `main`.`_HeThongNhiemVu` WHERE `main`.`_HeThongNhiemVu`.`B` IN (?,?,?,?,?,?,?,?,?)
prisma:query SELECT `main`.`HeThongSo`.`id`, `main`.`HeThongSo`.`ma`, `main`.`HeThongSo`.`ten`, `main`.`HeThongSo`.`loai`, `main`.`HeThongSo`.`lop`, `main`.`HeThongSo`.`moTa`, `main`.`HeThongSo`.`chuQuan`, `main`.`HeThongSo`.`trangThai`, `main`.`HeThongSo`.`namTrienKhai`, `main`.`HeThongSo`.`donViId`, `main`.`HeThongSo`.`createdAt`, `main`.`HeThongSo`.`updatedAt` FROM `main`.`HeThongSo` WHERE `main`.`HeThongSo`.`id` IN (?,?,?,?,?,?) LIMIT ? OFFSET ?
 GET /api/nhiem-vu 200 in 18ms (next.js: 6ms, application-code: 13ms)
prisma:query SELECT `main`.`NhiemVu`.`id`, `main`.`NhiemVu`.`ma`, `main`.`NhiemVu`.`ten`, `main`.`NhiemVu`.`moTa`, `main`.`NhiemVu`.`donViChuTriId`, `main`.`NhiemVu`.`uuTien`, `main`.`NhiemVu`.`thoiHan`, `main`.`NhiemVu`.`giaiDoan`, `main`.`NhiemVu`.`kpi`, `main`.`NhiemVu`.`nguonKiemChung`, `main`.`NhiemVu`.`trangThai`, `main`.`NhiemVu`.`tienDo`, `main`.`NhiemVu`.`lop`, `main`.`NhiemVu`.`phuongAnXuLy`, `main`.`NhiemVu`.`ghiChu`, `main`.`NhiemVu`.`createdAt`, `main`.`NhiemVu`.`updatedAt` FROM `main`.`NhiemVu` WHERE 1=1 ORDER BY `main`.`NhiemVu`.`uuTien` ASC, `main`.`NhiemVu`.`thoiHan` ASC LIMIT ? OFFSET ?
prisma:query SELECT `main`.`DonVi`.`id`, `main`.`DonVi`.`ten`, `main`.`DonVi`.`loai`, `main`.`DonVi`.`parentId`, `main`.`DonVi`.`createdAt` FROM `main`.`DonVi` WHERE `main`.`DonVi`.`id` IN (?,?,?) LIMIT ? OFFSET ?
prisma:query SELECT `main`.`_HeThongNhiemVu`.`B`, `main`.`_HeThongNhiemVu`.`A` FROM `main`.`_HeThongNhiemVu` WHERE `main`.`_HeThongNhiemVu`.`B` IN (?,?,?,?,?,?,?,?,?)
prisma:query SELECT `main`.`HeThongSo`.`id`, `main`.`HeThongSo`.`ma`, `main`.`HeThongSo`.`ten`, `main`.`HeThongSo`.`loai`, `main`.`HeThongSo`.`lop`, `main`.`HeThongSo`.`moTa`, `main`.`HeThongSo`.`chuQuan`, `main`.`HeThongSo`.`trangThai`, `main`.`HeThongSo`.`namTrienKhai`, `main`.`HeThongSo`.`donViId`, `main`.`HeThongSo`.`createdAt`, `main`.`HeThongSo`.`updatedAt` FROM `main`.`HeThongSo` WHERE `main`.`HeThongSo`.`id` IN (?,?,?,?,?,?) LIMIT ? OFFSET ?
 GET /api/nhiem-vu 200 in 18ms (next.js: 5ms, application-code: 13ms)
 GET /kts/so-do 200 in 35ms (next.js: 9ms, application-code: 27ms)
prisma:query SELECT 1
prisma:query SELECT `main`.`NhiemVu`.`id`, `main`.`NhiemVu`.`ma`, `main`.`NhiemVu`.`ten`, `main`.`NhiemVu`.`moTa`, `main`.`NhiemVu`.`donViChuTriId`, `main`.`NhiemVu`.`uuTien`, `main`.`NhiemVu`.`thoiHan`, `main`.`NhiemVu`.`giaiDoan`, `main`.`NhiemVu`.`kpi`, `main`.`NhiemVu`.`nguonKiemChung`, `main`.`NhiemVu`.`trangThai`, `main`.`NhiemVu`.`tienDo`, `main`.`NhiemVu`.`lop`, `main`.`NhiemVu`.`phuongAnXuLy`, `main`.`NhiemVu`.`ghiChu`, `main`.`NhiemVu`.`createdAt`, `main`.`NhiemVu`.`updatedAt` FROM `main`.`NhiemVu` WHERE 1=1 ORDER BY `main`.`NhiemVu`.`uuTien` ASC, `main`.`NhiemVu`.`thoiHan` ASC LIMIT ? OFFSET ?
prisma:query SELECT `main`.`DonVi`.`id`, `main`.`DonVi`.`ten`, `main`.`DonVi`.`loai`, `main`.`DonVi`.`parentId`, `main`.`DonVi`.`createdAt` FROM `main`.`DonVi` WHERE `main`.`DonVi`.`id` IN (?,?,?) LIMIT ? OFFSET ?
prisma:query SELECT `main`.`_HeThongNhiemVu`.`B`, `main`.`_HeThongNhiemVu`.`A` FROM `main`.`_HeThongNhiemVu` WHERE `main`.`_HeThongNhiemVu`.`B` IN (?,?,?,?,?,?,?,?,?)
prisma:query SELECT `main`.`HeThongSo`.`id`, `main`.`HeThongSo`.`ma`, `main`.`HeThongSo`.`ten`, `main`.`HeThongSo`.`loai`, `main`.`HeThongSo`.`lop`, `main`.`HeThongSo`.`moTa`, `main`.`HeThongSo`.`chuQuan`, `main`.`HeThongSo`.`trangThai`, `main`.`HeThongSo`.`namTrienKhai`, `main`.`HeThongSo`.`donViId`, `main`.`HeThongSo`.`createdAt`, `main`.`HeThongSo`.`updatedAt` FROM `main`.`HeThongSo` WHERE `main`.`HeThongSo`.`id` IN (?,?,?,?,?,?) LIMIT ? OFFSET ?
 GET /api/nhiem-vu 200 in 25ms (next.js: 4ms, application-code: 21ms)
prisma:query SELECT `main`.`HeThongSo`.`id`, `main`.`HeThongSo`.`ma`, `main`.`HeThongSo`.`ten`, `main`.`HeThongSo`.`loai`, `main`.`HeThongSo`.`lop`, `main`.`HeThongSo`.`moTa`, `main`.`HeThongSo`.`chuQuan`, `main`.`HeThongSo`.`trangThai`, `main`.`HeThongSo`.`namTrienKhai`, `main`.`HeThongSo`.`donViId`, `main`.`HeThongSo`.`createdAt`, `main`.`HeThongSo`.`updatedAt` FROM `main`.`HeThongSo` WHERE 1=1 ORDER BY `main`.`HeThongSo`.`lop` ASC, `main`.`HeThongSo`.`ma` ASC LIMIT ? OFFSET ?
prisma:query SELECT `main`.`DonVi`.`id`, `main`.`DonVi`.`ten`, `main`.`DonVi`.`loai`, `main`.`DonVi`.`parentId`, `main`.`DonVi`.`createdAt` FROM `main`.`DonVi` WHERE `main`.`DonVi`.`id` IN (?,?,?,?) LIMIT ? OFFSET ?
prisma:query SELECT `main`.`_HeThongNhiemVu`.`A`, `main`.`_HeThongNhiemVu`.`B` FROM `main`.`_HeThongNhiemVu` WHERE `main`.`_HeThongNhiemVu`.`A` IN (?,?,?,?,?,?,?,?,?,?,?,?,?,?,?,?,?,?,?,?,?,?,?,?,?,?,?,?,?,?,?,?,?,?,?,?,?,?,?,?,?,?,?,?,?,?,?,?,?,?,?,?,?,?,?,?,?,?,?,?,?,?,?,?,?,?,?,?,?,?,?,?,?,?,?,?,?,?,?,?,?,?,?,?,?,?,?,?,?,?,?,?,?,?,?,?,?,?,?,?,?,?,?,?,?,?,?,?,?,?,?,?,?,?,?,?,?,?,?,?,?,?,?,?,?,?,?,?,?,?,?,?,?,?,?,?,?,?,?,?,?,?,?,?,?,?,?,?,?,?,?,?,?,?,?,?,?,?,?,?,?,?,?,?,?,?,?,?,?,?,?,?,?,?,?,?,?,?,?,?,?,?,?,?,?,?,?,?,?,?,?,?,?,?,?,?,?,?,?,?,?,?,?,?,?,?,?,?,?,?,?,?,?,?,?,?,?,?,?,?,?,?,?,?,?,?,?,?,?,?,?,?,?,?,?,?,?,?,?,?,?,?,?,?,?,?,?,?,?,?,?,?,?,?,?,?,?,?,?,?,?,?,?,?,?,?,?,?,?,?,?,?,?,?,?,?,?,?,?,?,?,?,?,?,?,?,?,?,?,?,?,?,?,?,?,?,?,?,?,?,?,?,?,?,?,?,?,?,?,?,?,?,?,?,?,?,?,?,?,?,?,?,?,?,?,?,?,?,?,?,?,?,?,?,?,?,?,?,?,?,?,?,?,?,?,?,?,?,?,?,?,?,?,?,?,?,?,?,?,?,?,?,?,?,?,?,?,?,?,?,?,?,?,?,?,?,?,?,?,?,?,?,?,?,?,?,?,?,?)
prisma:query SELECT `main`.`NhiemVu`.`id`, `main`.`NhiemVu`.`ma`, `main`.`NhiemVu`.`ten`, `main`.`NhiemVu`.`moTa`, `main`.`NhiemVu`.`donViChuTriId`, `main`.`NhiemVu`.`uuTien`, `main`.`NhiemVu`.`thoiHan`, `main`.`NhiemVu`.`giaiDoan`, `main`.`NhiemVu`.`kpi`, `main`.`NhiemVu`.`nguonKiemChung`, `main`.`NhiemVu`.`trangThai`, `main`.`NhiemVu`.`tienDo`, `main`.`NhiemVu`.`lop`, `main`.`NhiemVu`.`phuongAnXuLy`, `main`.`NhiemVu`.`ghiChu`, `main`.`NhiemVu`.`createdAt`, `main`.`NhiemVu`.`updatedAt` FROM `main`.`NhiemVu` WHERE `main`.`NhiemVu`.`id` IN (?,?,?,?,?,?) LIMIT ? OFFSET ?
prisma:query SELECT 1
prisma:query SELECT `main`.`NhiemVu`.`id`, `main`.`NhiemVu`.`ma`, `main`.`NhiemVu`.`ten`, `main`.`NhiemVu`.`moTa`, `main`.`NhiemVu`.`donViChuTriId`, `main`.`NhiemVu`.`uuTien`, `main`.`NhiemVu`.`thoiHan`, `main`.`NhiemVu`.`giaiDoan`, `main`.`NhiemVu`.`kpi`, `main`.`NhiemVu`.`nguonKiemChung`, `main`.`NhiemVu`.`trangThai`, `main`.`NhiemVu`.`tienDo`, `main`.`NhiemVu`.`lop`, `main`.`NhiemVu`.`phuongAnXuLy`, `main`.`NhiemVu`.`ghiChu`, `main`.`NhiemVu`.`createdAt`, `main`.`NhiemVu`.`updatedAt` FROM `main`.`NhiemVu` WHERE 1=1 ORDER BY `main`.`NhiemVu`.`uuTien` ASC, `main`.`NhiemVu`.`thoiHan` ASC LIMIT ? OFFSET ?
prisma:query SELECT `main`.`DonVi`.`id`, `main`.`DonVi`.`ten`, `main`.`DonVi`.`loai`, `main`.`DonVi`.`parentId`, `main`.`DonVi`.`createdAt` FROM `main`.`DonVi` WHERE `main`.`DonVi`.`id` IN (?,?,?) LIMIT ? OFFSET ?
prisma:query SELECT `main`.`_HeThongNhiemVu`.`B`, `main`.`_HeThongNhiemVu`.`A` FROM `main`.`_HeThongNhiemVu` WHERE `main`.`_HeThongNhiemVu`.`B` IN (?,?,?,?,?,?,?,?,?)
prisma:query SELECT `main`.`HeThongSo`.`id`, `main`.`HeThongSo`.`ma`, `main`.`HeThongSo`.`ten`, `main`.`HeThongSo`.`loai`, `main`.`HeThongSo`.`lop`, `main`.`HeThongSo`.`moTa`, `main`.`HeThongSo`.`chuQuan`, `main`.`HeThongSo`.`trangThai`, `main`.`HeThongSo`.`namTrienKhai`, `main`.`HeThongSo`.`donViId`, `main`.`HeThongSo`.`createdAt`, `main`.`HeThongSo`.`updatedAt` FROM `main`.`HeThongSo` WHERE `main`.`HeThongSo`.`id` IN (?,?,?,?,?,?) LIMIT ? OFFSET ?
 GET /api/nhiem-vu 200 in 12ms (next.js: 4ms, application-code: 8ms)
 GET /api/he-thong 200 in 48ms (next.js: 15ms, application-code: 33ms)
prisma:query SELECT `main`.`HeThongSo`.`id`, `main`.`HeThongSo`.`ma`, `main`.`HeThongSo`.`ten`, `main`.`HeThongSo`.`loai`, `main`.`HeThongSo`.`lop`, `main`.`HeThongSo`.`moTa`, `main`.`HeThongSo`.`chuQuan`, `main`.`HeThongSo`.`trangThai`, `main`.`HeThongSo`.`namTrienKhai`, `main`.`HeThongSo`.`donViId`, `main`.`HeThongSo`.`createdAt`, `main`.`HeThongSo`.`updatedAt` FROM `main`.`HeThongSo` WHERE 1=1 ORDER BY `main`.`HeThongSo`.`lop` ASC, `main`.`HeThongSo`.`ma` ASC LIMIT ? OFFSET ?
prisma:query SELECT `main`.`DonVi`.`id`, `main`.`DonVi`.`ten`, `main`.`DonVi`.`loai`, `main`.`DonVi`.`parentId`, `main`.`DonVi`.`createdAt` FROM `main`.`DonVi` WHERE `main`.`DonVi`.`id` IN (?,?,?,?) LIMIT ? OFFSET ?
prisma:query SELECT `main`.`_HeThongNhiemVu`.`A`, `main`.`_HeThongNhiemVu`.`B` FROM `main`.`_HeThongNhiemVu` WHERE `main`.`_HeThongNhiemVu`.`A` IN (?,?,?,?,?,?,?,?,?,?,?,?,?,?,?,?,?,?,?,?,?,?,?,?,?,?,?,?,?,?,?,?,?,?,?,?,?,?,?,?,?,?,?,?,?,?,?,?,?,?,?,?,?,?,?,?,?,?,?,?,?,?,?,?,?,?,?,?,?,?,?,?,?,?,?,?,?,?,?,?,?,?,?,?,?,?,?,?,?,?,?,?,?,?,?,?,?,?,?,?,?,?,?,?,?,?,?,?,?,?,?,?,?,?,?,?,?,?,?,?,?,?,?,?,?,?,?,?,?,?,?,?,?,?,?,?,?,?,?,?,?,?,?,?,?,?,?,?,?,?,?,?,?,?,?,?,?,?,?,?,?,?,?,?,?,?,?,?,?,?,?,?,?,?,?,?,?,?,?,?,?,?,?,?,?,?,?,?,?,?,?,?,?,?,?,?,?,?,?,?,?,?,?,?,?,?,?,?,?,?,?,?,?,?,?,?,?,?,?,?,?,?,?,?,?,?,?,?,?,?,?,?,?,?,?,?,?,?,?,?,?,?,?,?,?,?,?,?,?,?,?,?,?,?,?,?,?,?,?,?,?,?,?,?,?,?,?,?,?,?,?,?,?,?,?,?,?,?,?,?,?,?,?,?,?,?,?,?,?,?,?,?,?,?,?,?,?,?,?,?,?,?,?,?,?,?,?,?,?,?,?,?,?,?,?,?,?,?,?,?,?,?,?,?,?,?,?,?,?,?,?,?,?,?,?,?,?,?,?,?,?,?,?,?,?,?,?,?,?,?,?,?,?,?,?,?,?,?,?,?,?,?,?,?,?,?,?,?,?,?,?,?,?,?,?,?,?,?,?,?,?,?,?,?,?,?,?,?,?)
prisma:query SELECT `main`.`NhiemVu`.`id`, `main`.`NhiemVu`.`ma`, `main`.`NhiemVu`.`ten`, `main`.`NhiemVu`.`moTa`, `main`.`NhiemVu`.`donViChuTriId`, `main`.`NhiemVu`.`uuTien`, `main`.`NhiemVu`.`thoiHan`, `main`.`NhiemVu`.`giaiDoan`, `main`.`NhiemVu`.`kpi`, `main`.`NhiemVu`.`nguonKiemChung`, `main`.`NhiemVu`.`trangThai`, `main`.`NhiemVu`.`tienDo`, `main`.`NhiemVu`.`lop`, `main`.`NhiemVu`.`phuongAnXuLy`, `main`.`NhiemVu`.`ghiChu`, `main`.`NhiemVu`.`createdAt`, `main`.`NhiemVu`.`updatedAt` FROM `main`.`NhiemVu` WHERE `main`.`NhiemVu`.`id` IN (?,?,?,?,?,?) LIMIT ? OFFSET ?
 GET /api/he-thong 200 in 42ms (next.js: 4ms, application-code: 37ms)
 GET /kts/lo-trinh 200 in 43ms (next.js: 11ms, application-code: 31ms)
prisma:query SELECT 1
prisma:query SELECT `main`.`NhiemVu`.`id`, `main`.`NhiemVu`.`ma`, `main`.`NhiemVu`.`ten`, `main`.`NhiemVu`.`moTa`, `main`.`NhiemVu`.`donViChuTriId`, `main`.`NhiemVu`.`uuTien`, `main`.`NhiemVu`.`thoiHan`, `main`.`NhiemVu`.`giaiDoan`, `main`.`NhiemVu`.`kpi`, `main`.`NhiemVu`.`nguonKiemChung`, `main`.`NhiemVu`.`trangThai`, `main`.`NhiemVu`.`tienDo`, `main`.`NhiemVu`.`lop`, `main`.`NhiemVu`.`phuongAnXuLy`, `main`.`NhiemVu`.`ghiChu`, `main`.`NhiemVu`.`createdAt`, `main`.`NhiemVu`.`updatedAt` FROM `main`.`NhiemVu` WHERE 1=1 ORDER BY `main`.`NhiemVu`.`uuTien` ASC, `main`.`NhiemVu`.`thoiHan` ASC LIMIT ? OFFSET ?
prisma:query SELECT `main`.`DonVi`.`id`, `main`.`DonVi`.`ten`, `main`.`DonVi`.`loai`, `main`.`DonVi`.`parentId`, `main`.`DonVi`.`createdAt` FROM `main`.`DonVi` WHERE `main`.`DonVi`.`id` IN (?,?,?) LIMIT ? OFFSET ?
prisma:query SELECT `main`.`_HeThongNhiemVu`.`B`, `main`.`_HeThongNhiemVu`.`A` FROM `main`.`_HeThongNhiemVu` WHERE `main`.`_HeThongNhiemVu`.`B` IN (?,?,?,?,?,?,?,?,?)
prisma:query SELECT `main`.`HeThongSo`.`id`, `main`.`HeThongSo`.`ma`, `main`.`HeThongSo`.`ten`, `main`.`HeThongSo`.`loai`, `main`.`HeThongSo`.`lop`, `main`.`HeThongSo`.`moTa`, `main`.`HeThongSo`.`chuQuan`, `main`.`HeThongSo`.`trangThai`, `main`.`HeThongSo`.`namTrienKhai`, `main`.`HeThongSo`.`donViId`, `main`.`HeThongSo`.`createdAt`, `main`.`HeThongSo`.`updatedAt` FROM `main`.`HeThongSo` WHERE `main`.`HeThongSo`.`id` IN (?,?,?,?,?,?) LIMIT ? OFFSET ?
 GET /api/nhiem-vu 200 in 23ms (next.js: 6ms, application-code: 16ms)
prisma:query SELECT `main`.`NhiemVu`.`id`, `main`.`NhiemVu`.`ma`, `main`.`NhiemVu`.`ten`, `main`.`NhiemVu`.`moTa`, `main`.`NhiemVu`.`donViChuTriId`, `main`.`NhiemVu`.`uuTien`, `main`.`NhiemVu`.`thoiHan`, `main`.`NhiemVu`.`giaiDoan`, `main`.`NhiemVu`.`kpi`, `main`.`NhiemVu`.`nguonKiemChung`, `main`.`NhiemVu`.`trangThai`, `main`.`NhiemVu`.`tienDo`, `main`.`NhiemVu`.`lop`, `main`.`NhiemVu`.`phuongAnXuLy`, `main`.`NhiemVu`.`ghiChu`, `main`.`NhiemVu`.`createdAt`, `main`.`NhiemVu`.`updatedAt` FROM `main`.`NhiemVu` WHERE 1=1 ORDER BY `main`.`NhiemVu`.`uuTien` ASC, `main`.`NhiemVu`.`thoiHan` ASC LIMIT ? OFFSET ?
prisma:query SELECT `main`.`DonVi`.`id`, `main`.`DonVi`.`ten`, `main`.`DonVi`.`loai`, `main`.`DonVi`.`parentId`, `main`.`DonVi`.`createdAt` FROM `main`.`DonVi` WHERE `main`.`DonVi`.`id` IN (?,?,?) LIMIT ? OFFSET ?
prisma:query SELECT `main`.`_HeThongNhiemVu`.`B`, `main`.`_HeThongNhiemVu`.`A` FROM `main`.`_HeThongNhiemVu` WHERE `main`.`_HeThongNhiemVu`.`B` IN (?,?,?,?,?,?,?,?,?)
prisma:query SELECT `main`.`HeThongSo`.`id`, `main`.`HeThongSo`.`ma`, `main`.`HeThongSo`.`ten`, `main`.`HeThongSo`.`loai`, `main`.`HeThongSo`.`lop`, `main`.`HeThongSo`.`moTa`, `main`.`HeThongSo`.`chuQuan`, `main`.`HeThongSo`.`trangThai`, `main`.`HeThongSo`.`namTrienKhai`, `main`.`HeThongSo`.`donViId`, `main`.`HeThongSo`.`createdAt`, `main`.`HeThongSo`.`updatedAt` FROM `main`.`HeThongSo` WHERE `main`.`HeThongSo`.`id` IN (?,?,?,?,?,?) LIMIT ? OFFSET ?
 GET /api/nhiem-vu 200 in 19ms (next.js: 7ms, application-code: 12ms)
 GET /kts/so-do 200 in 29ms (next.js: 7ms, application-code: 22ms)
prisma:query SELECT 1
prisma:query SELECT `main`.`NhiemVu`.`id`, `main`.`NhiemVu`.`ma`, `main`.`NhiemVu`.`ten`, `main`.`NhiemVu`.`moTa`, `main`.`NhiemVu`.`donViChuTriId`, `main`.`NhiemVu`.`uuTien`, `main`.`NhiemVu`.`thoiHan`, `main`.`NhiemVu`.`giaiDoan`, `main`.`NhiemVu`.`kpi`, `main`.`NhiemVu`.`nguonKiemChung`, `main`.`NhiemVu`.`trangThai`, `main`.`NhiemVu`.`tienDo`, `main`.`NhiemVu`.`lop`, `main`.`NhiemVu`.`phuongAnXuLy`, `main`.`NhiemVu`.`ghiChu`, `main`.`NhiemVu`.`createdAt`, `main`.`NhiemVu`.`updatedAt` FROM `main`.`NhiemVu` WHERE 1=1 ORDER BY `main`.`NhiemVu`.`uuTien` ASC, `main`.`NhiemVu`.`thoiHan` ASC LIMIT ? OFFSET ?
prisma:query SELECT `main`.`DonVi`.`id`, `main`.`DonVi`.`ten`, `main`.`DonVi`.`loai`, `main`.`DonVi`.`parentId`, `main`.`DonVi`.`createdAt` FROM `main`.`DonVi` WHERE `main`.`DonVi`.`id` IN (?,?,?) LIMIT ? OFFSET ?
prisma:query SELECT `main`.`_HeThongNhiemVu`.`B`, `main`.`_HeThongNhiemVu`.`A` FROM `main`.`_HeThongNhiemVu` WHERE `main`.`_HeThongNhiemVu`.`B` IN (?,?,?,?,?,?,?,?,?)
prisma:query SELECT `main`.`HeThongSo`.`id`, `main`.`HeThongSo`.`ma`, `main`.`HeThongSo`.`ten`, `main`.`HeThongSo`.`loai`, `main`.`HeThongSo`.`lop`, `main`.`HeThongSo`.`moTa`, `main`.`HeThongSo`.`chuQuan`, `main`.`HeThongSo`.`trangThai`, `main`.`HeThongSo`.`namTrienKhai`, `main`.`HeThongSo`.`donViId`, `main`.`HeThongSo`.`createdAt`, `main`.`HeThongSo`.`updatedAt` FROM `main`.`HeThongSo` WHERE `main`.`HeThongSo`.`id` IN (?,?,?,?,?,?) LIMIT ? OFFSET ?
 GET /api/nhiem-vu 200 in 27ms (next.js: 5ms, application-code: 22ms)
prisma:query SELECT `main`.`HeThongSo`.`id`, `main`.`HeThongSo`.`ma`, `main`.`HeThongSo`.`ten`, `main`.`HeThongSo`.`loai`, `main`.`HeThongSo`.`lop`, `main`.`HeThongSo`.`moTa`, `main`.`HeThongSo`.`chuQuan`, `main`.`HeThongSo`.`trangThai`, `main`.`HeThongSo`.`namTrienKhai`, `main`.`HeThongSo`.`donViId`, `main`.`HeThongSo`.`createdAt`, `main`.`HeThongSo`.`updatedAt` FROM `main`.`HeThongSo` WHERE 1=1 ORDER BY `main`.`HeThongSo`.`lop` ASC, `main`.`HeThongSo`.`ma` ASC LIMIT ? OFFSET ?
prisma:query SELECT `main`.`DonVi`.`id`, `main`.`DonVi`.`ten`, `main`.`DonVi`.`loai`, `main`.`DonVi`.`parentId`, `main`.`DonVi`.`createdAt` FROM `main`.`DonVi` WHERE `main`.`DonVi`.`id` IN (?,?,?,?) LIMIT ? OFFSET ?
prisma:query SELECT `main`.`_HeThongNhiemVu`.`A`, `main`.`_HeThongNhiemVu`.`B` FROM `main`.`_HeThongNhiemVu` WHERE `main`.`_HeThongNhiemVu`.`A` IN (?,?,?,?,?,?,?,?,?,?,?,?,?,?,?,?,?,?,?,?,?,?,?,?,?,?,?,?,?,?,?,?,?,?,?,?,?,?,?,?,?,?,?,?,?,?,?,?,?,?,?,?,?,?,?,?,?,?,?,?,?,?,?,?,?,?,?,?,?,?,?,?,?,?,?,?,?,?,?,?,?,?,?,?,?,?,?,?,?,?,?,?,?,?,?,?,?,?,?,?,?,?,?,?,?,?,?,?,?,?,?,?,?,?,?,?,?,?,?,?,?,?,?,?,?,?,?,?,?,?,?,?,?,?,?,?,?,?,?,?,?,?,?,?,?,?,?,?,?,?,?,?,?,?,?,?,?,?,?,?,?,?,?,?,?,?,?,?,?,?,?,?,?,?,?,?,?,?,?,?,?,?,?,?,?,?,?,?,?,?,?,?,?,?,?,?,?,?,?,?,?,?,?,?,?,?,?,?,?,?,?,?,?,?,?,?,?,?,?,?,?,?,?,?,?,?,?,?,?,?,?,?,?,?,?,?,?,?,?,?,?,?,?,?,?,?,?,?,?,?,?,?,?,?,?,?,?,?,?,?,?,?,?,?,?,?,?,?,?,?,?,?,?,?,?,?,?,?,?,?,?,?,?,?,?,?,?,?,?,?,?,?,?,?,?,?,?,?,?,?,?,?,?,?,?,?,?,?,?,?,?,?,?,?,?,?,?,?,?,?,?,?,?,?,?,?,?,?,?,?,?,?,?,?,?,?,?,?,?,?,?,?,?,?,?,?,?,?,?,?,?,?,?,?,?,?,?,?,?,?,?,?,?,?,?,?,?,?,?,?,?,?,?,?,?,?,?,?,?,?,?,?,?,?,?,?,?,?,?)
prisma:query SELECT `main`.`NhiemVu`.`id`, `main`.`NhiemVu`.`ma`, `main`.`NhiemVu`.`ten`, `main`.`NhiemVu`.`moTa`, `main`.`NhiemVu`.`donViChuTriId`, `main`.`NhiemVu`.`uuTien`, `main`.`NhiemVu`.`thoiHan`, `main`.`NhiemVu`.`giaiDoan`, `main`.`NhiemVu`.`kpi`, `main`.`NhiemVu`.`nguonKiemChung`, `main`.`NhiemVu`.`trangThai`, `main`.`NhiemVu`.`tienDo`, `main`.`NhiemVu`.`lop`, `main`.`NhiemVu`.`phuongAnXuLy`, `main`.`NhiemVu`.`ghiChu`, `main`.`NhiemVu`.`createdAt`, `main`.`NhiemVu`.`updatedAt` FROM `main`.`NhiemVu` WHERE `main`.`NhiemVu`.`id` IN (?,?,?,?,?,?) LIMIT ? OFFSET ?
 GET /api/he-thong 200 in 49ms (next.js: 16ms, application-code: 32ms)
prisma:query SELECT `main`.`NhiemVu`.`id`, `main`.`NhiemVu`.`ma`, `main`.`NhiemVu`.`ten`, `main`.`NhiemVu`.`moTa`, `main`.`NhiemVu`.`donViChuTriId`, `main`.`NhiemVu`.`uuTien`, `main`.`NhiemVu`.`thoiHan`, `main`.`NhiemVu`.`giaiDoan`, `main`.`NhiemVu`.`kpi`, `main`.`NhiemVu`.`nguonKiemChung`, `main`.`NhiemVu`.`trangThai`, `main`.`NhiemVu`.`tienDo`, `main`.`NhiemVu`.`lop`, `main`.`NhiemVu`.`phuongAnXuLy`, `main`.`NhiemVu`.`ghiChu`, `main`.`NhiemVu`.`createdAt`, `main`.`NhiemVu`.`updatedAt` FROM `main`.`NhiemVu` WHERE 1=1 ORDER BY `main`.`NhiemVu`.`uuTien` ASC, `main`.`NhiemVu`.`thoiHan` ASC LIMIT ? OFFSET ?
prisma:query SELECT `main`.`DonVi`.`id`, `main`.`DonVi`.`ten`, `main`.`DonVi`.`loai`, `main`.`DonVi`.`parentId`, `main`.`DonVi`.`createdAt` FROM `main`.`DonVi` WHERE `main`.`DonVi`.`id` IN (?,?,?) LIMIT ? OFFSET ?
prisma:query SELECT `main`.`_HeThongNhiemVu`.`B`, `main`.`_HeThongNhiemVu`.`A` FROM `main`.`_HeThongNhiemVu` WHERE `main`.`_HeThongNhiemVu`.`B` IN (?,?,?,?,?,?,?,?,?)
prisma:query SELECT `main`.`HeThongSo`.`id`, `main`.`HeThongSo`.`ma`, `main`.`HeThongSo`.`ten`, `main`.`HeThongSo`.`loai`, `main`.`HeThongSo`.`lop`, `main`.`HeThongSo`.`moTa`, `main`.`HeThongSo`.`chuQuan`, `main`.`HeThongSo`.`trangThai`, `main`.`HeThongSo`.`namTrienKhai`, `main`.`HeThongSo`.`donViId`, `main`.`HeThongSo`.`createdAt`, `main`.`HeThongSo`.`updatedAt` FROM `main`.`HeThongSo` WHERE `main`.`HeThongSo`.`id` IN (?,?,?,?,?,?) LIMIT ? OFFSET ?
 GET /api/nhiem-vu 200 in 23ms (next.js: 5ms, application-code: 18ms)
prisma:query SELECT `main`.`HeThongSo`.`id`, `main`.`HeThongSo`.`ma`, `main`.`HeThongSo`.`ten`, `main`.`HeThongSo`.`loai`, `main`.`HeThongSo`.`lop`, `main`.`HeThongSo`.`moTa`, `main`.`HeThongSo`.`chuQuan`, `main`.`HeThongSo`.`trangThai`, `main`.`HeThongSo`.`namTrienKhai`, `main`.`HeThongSo`.`donViId`, `main`.`HeThongSo`.`createdAt`, `main`.`HeThongSo`.`updatedAt` FROM `main`.`HeThongSo` WHERE 1=1 ORDER BY `main`.`HeThongSo`.`lop` ASC, `main`.`HeThongSo`.`ma` ASC LIMIT ? OFFSET ?
prisma:query SELECT `main`.`DonVi`.`id`, `main`.`DonVi`.`ten`, `main`.`DonVi`.`loai`, `main`.`DonVi`.`parentId`, `main`.`DonVi`.`createdAt` FROM `main`.`DonVi` WHERE `main`.`DonVi`.`id` IN (?,?,?,?) LIMIT ? OFFSET ?
prisma:query SELECT `main`.`_HeThongNhiemVu`.`A`, `main`.`_HeThongNhiemVu`.`B` FROM `main`.`_HeThongNhiemVu` WHERE `main`.`_HeThongNhiemVu`.`A` IN (?,?,?,?,?,?,?,?,?,?,?,?,?,?,?,?,?,?,?,?,?,?,?,?,?,?,?,?,?,?,?,?,?,?,?,?,?,?,?,?,?,?,?,?,?,?,?,?,?,?,?,?,?,?,?,?,?,?,?,?,?,?,?,?,?,?,?,?,?,?,?,?,?,?,?,?,?,?,?,?,?,?,?,?,?,?,?,?,?,?,?,?,?,?,?,?,?,?,?,?,?,?,?,?,?,?,?,?,?,?,?,?,?,?,?,?,?,?,?,?,?,?,?,?,?,?,?,?,?,?,?,?,?,?,?,?,?,?,?,?,?,?,?,?,?,?,?,?,?,?,?,?,?,?,?,?,?,?,?,?,?,?,?,?,?,?,?,?,?,?,?,?,?,?,?,?,?,?,?,?,?,?,?,?,?,?,?,?,?,?,?,?,?,?,?,?,?,?,?,?,?,?,?,?,?,?,?,?,?,?,?,?,?,?,?,?,?,?,?,?,?,?,?,?,?,?,?,?,?,?,?,?,?,?,?,?,?,?,?,?,?,?,?,?,?,?,?,?,?,?,?,?,?,?,?,?,?,?,?,?,?,?,?,?,?,?,?,?,?,?,?,?,?,?,?,?,?,?,?,?,?,?,?,?,?,?,?,?,?,?,?,?,?,?,?,?,?,?,?,?,?,?,?,?,?,?,?,?,?,?,?,?,?,?,?,?,?,?,?,?,?,?,?,?,?,?,?,?,?,?,?,?,?,?,?,?,?,?,?,?,?,?,?,?,?,?,?,?,?,?,?,?,?,?,?,?,?,?,?,?,?,?,?,?,?,?,?,?,?,?,?,?,?,?,?,?,?,?,?,?,?,?,?,?,?,?,?,?,?)
prisma:query SELECT `main`.`NhiemVu`.`id`, `main`.`NhiemVu`.`ma`, `main`.`NhiemVu`.`ten`, `main`.`NhiemVu`.`moTa`, `main`.`NhiemVu`.`donViChuTriId`, `main`.`NhiemVu`.`uuTien`, `main`.`NhiemVu`.`thoiHan`, `main`.`NhiemVu`.`giaiDoan`, `main`.`NhiemVu`.`kpi`, `main`.`NhiemVu`.`nguonKiemChung`, `main`.`NhiemVu`.`trangThai`, `main`.`NhiemVu`.`tienDo`, `main`.`NhiemVu`.`lop`, `main`.`NhiemVu`.`phuongAnXuLy`, `main`.`NhiemVu`.`ghiChu`, `main`.`NhiemVu`.`createdAt`, `main`.`NhiemVu`.`updatedAt` FROM `main`.`NhiemVu` WHERE `main`.`NhiemVu`.`id` IN (?,?,?,?,?,?) LIMIT ? OFFSET ?
 GET /api/he-thong 200 in 31ms (next.js: 4ms, application-code: 28ms)
 GET /kts/hien-trang 200 in 60ms (next.js: 7ms, application-code: 54ms)
prisma:query SELECT 1
prisma:query SELECT `main`.`HeThongSo`.`id`, `main`.`HeThongSo`.`ma`, `main`.`HeThongSo`.`ten`, `main`.`HeThongSo`.`loai`, `main`.`HeThongSo`.`lop`, `main`.`HeThongSo`.`moTa`, `main`.`HeThongSo`.`chuQuan`, `main`.`HeThongSo`.`trangThai`, `main`.`HeThongSo`.`namTrienKhai`, `main`.`HeThongSo`.`donViId`, `main`.`HeThongSo`.`createdAt`, `main`.`HeThongSo`.`updatedAt` FROM `main`.`HeThongSo` WHERE 1=1 ORDER BY `main`.`HeThongSo`.`lop` ASC, `main`.`HeThongSo`.`ma` ASC LIMIT ? OFFSET ?
prisma:query SELECT `main`.`DonVi`.`id`, `main`.`DonVi`.`ten`, `main`.`DonVi`.`loai`, `main`.`DonVi`.`parentId`, `main`.`DonVi`.`createdAt` FROM `main`.`DonVi` WHERE `main`.`DonVi`.`id` IN (?,?,?,?) LIMIT ? OFFSET ?
prisma:query SELECT `main`.`_HeThongNhiemVu`.`A`, `main`.`_HeThongNhiemVu`.`B` FROM `main`.`_HeThongNhiemVu` WHERE `main`.`_HeThongNhiemVu`.`A` IN (?,?,?,?,?,?,?,?,?,?,?,?,?,?,?,?,?,?,?,?,?,?,?,?,?,?,?,?,?,?,?,?,?,?,?,?,?,?,?,?,?,?,?,?,?,?,?,?,?,?,?,?,?,?,?,?,?,?,?,?,?,?,?,?,?,?,?,?,?,?,?,?,?,?,?,?,?,?,?,?,?,?,?,?,?,?,?,?,?,?,?,?,?,?,?,?,?,?,?,?,?,?,?,?,?,?,?,?,?,?,?,?,?,?,?,?,?,?,?,?,?,?,?,?,?,?,?,?,?,?,?,?,?,?,?,?,?,?,?,?,?,?,?,?,?,?,?,?,?,?,?,?,?,?,?,?,?,?,?,?,?,?,?,?,?,?,?,?,?,?,?,?,?,?,?,?,?,?,?,?,?,?,?,?,?,?,?,?,?,?,?,?,?,?,?,?,?,?,?,?,?,?,?,?,?,?,?,?,?,?,?,?,?,?,?,?,?,?,?,?,?,?,?,?,?,?,?,?,?,?,?,?,?,?,?,?,?,?,?,?,?,?,?,?,?,?,?,?,?,?,?,?,?,?,?,?,?,?,?,?,?,?,?,?,?,?,?,?,?,?,?,?,?,?,?,?,?,?,?,?,?,?,?,?,?,?,?,?,?,?,?,?,?,?,?,?,?,?,?,?,?,?,?,?,?,?,?,?,?,?,?,?,?,?,?,?,?,?,?,?,?,?,?,?,?,?,?,?,?,?,?,?,?,?,?,?,?,?,?,?,?,?,?,?,?,?,?,?,?,?,?,?,?,?,?,?,?,?,?,?,?,?,?,?,?,?,?,?,?,?,?,?,?,?,?,?,?,?,?,?,?,?,?,?,?,?,?,?,?)
prisma:query SELECT `main`.`NhiemVu`.`id`, `main`.`NhiemVu`.`ma`, `main`.`NhiemVu`.`ten`, `main`.`NhiemVu`.`moTa`, `main`.`NhiemVu`.`donViChuTriId`, `main`.`NhiemVu`.`uuTien`, `main`.`NhiemVu`.`thoiHan`, `main`.`NhiemVu`.`giaiDoan`, `main`.`NhiemVu`.`kpi`, `main`.`NhiemVu`.`nguonKiemChung`, `main`.`NhiemVu`.`trangThai`, `main`.`NhiemVu`.`tienDo`, `main`.`NhiemVu`.`lop`, `main`.`NhiemVu`.`phuongAnXuLy`, `main`.`NhiemVu`.`ghiChu`, `main`.`NhiemVu`.`createdAt`, `main`.`NhiemVu`.`updatedAt` FROM `main`.`NhiemVu` WHERE `main`.`NhiemVu`.`id` IN (?,?,?,?,?,?) LIMIT ? OFFSET ?
 GET /api/he-thong 200 in 75ms (next.js: 6ms, application-code: 68ms)
prisma:query SELECT `main`.`HeThongSo`.`id`, `main`.`HeThongSo`.`ma`, `main`.`HeThongSo`.`ten`, `main`.`HeThongSo`.`loai`, `main`.`HeThongSo`.`lop`, `main`.`HeThongSo`.`moTa`, `main`.`HeThongSo`.`chuQuan`, `main`.`HeThongSo`.`trangThai`, `main`.`HeThongSo`.`namTrienKhai`, `main`.`HeThongSo`.`donViId`, `main`.`HeThongSo`.`createdAt`, `main`.`HeThongSo`.`updatedAt` FROM `main`.`HeThongSo` WHERE 1=1 ORDER BY `main`.`HeThongSo`.`lop` ASC, `main`.`HeThongSo`.`ma` ASC LIMIT ? OFFSET ?
prisma:query SELECT `main`.`DonVi`.`id`, `main`.`DonVi`.`ten`, `main`.`DonVi`.`loai`, `main`.`DonVi`.`parentId`, `main`.`DonVi`.`createdAt` FROM `main`.`DonVi` WHERE `main`.`DonVi`.`id` IN (?,?,?,?) LIMIT ? OFFSET ?
prisma:query SELECT `main`.`_HeThongNhiemVu`.`A`, `main`.`_HeThongNhiemVu`.`B` FROM `main`.`_HeThongNhiemVu` WHERE `main`.`_HeThongNhiemVu`.`A` IN (?,?,?,?,?,?,?,?,?,?,?,?,?,?,?,?,?,?,?,?,?,?,?,?,?,?,?,?,?,?,?,?,?,?,?,?,?,?,?,?,?,?,?,?,?,?,?,?,?,?,?,?,?,?,?,?,?,?,?,?,?,?,?,?,?,?,?,?,?,?,?,?,?,?,?,?,?,?,?,?,?,?,?,?,?,?,?,?,?,?,?,?,?,?,?,?,?,?,?,?,?,?,?,?,?,?,?,?,?,?,?,?,?,?,?,?,?,?,?,?,?,?,?,?,?,?,?,?,?,?,?,?,?,?,?,?,?,?,?,?,?,?,?,?,?,?,?,?,?,?,?,?,?,?,?,?,?,?,?,?,?,?,?,?,?,?,?,?,?,?,?,?,?,?,?,?,?,?,?,?,?,?,?,?,?,?,?,?,?,?,?,?,?,?,?,?,?,?,?,?,?,?,?,?,?,?,?,?,?,?,?,?,?,?,?,?,?,?,?,?,?,?,?,?,?,?,?,?,?,?,?,?,?,?,?,?,?,?,?,?,?,?,?,?,?,?,?,?,?,?,?,?,?,?,?,?,?,?,?,?,?,?,?,?,?,?,?,?,?,?,?,?,?,?,?,?,?,?,?,?,?,?,?,?,?,?,?,?,?,?,?,?,?,?,?,?,?,?,?,?,?,?,?,?,?,?,?,?,?,?,?,?,?,?,?,?,?,?,?,?,?,?,?,?,?,?,?,?,?,?,?,?,?,?,?,?,?,?,?,?,?,?,?,?,?,?,?,?,?,?,?,?,?,?,?,?,?,?,?,?,?,?,?,?,?,?,?,?,?,?,?,?,?,?,?,?,?,?,?,?,?,?,?,?,?,?,?,?,?)
prisma:query SELECT `main`.`NhiemVu`.`id`, `main`.`NhiemVu`.`ma`, `main`.`NhiemVu`.`ten`, `main`.`NhiemVu`.`moTa`, `main`.`NhiemVu`.`donViChuTriId`, `main`.`NhiemVu`.`uuTien`, `main`.`NhiemVu`.`thoiHan`, `main`.`NhiemVu`.`giaiDoan`, `main`.`NhiemVu`.`kpi`, `main`.`NhiemVu`.`nguonKiemChung`, `main`.`NhiemVu`.`trangThai`, `main`.`NhiemVu`.`tienDo`, `main`.`NhiemVu`.`lop`, `main`.`NhiemVu`.`phuongAnXuLy`, `main`.`NhiemVu`.`ghiChu`, `main`.`NhiemVu`.`createdAt`, `main`.`NhiemVu`.`updatedAt` FROM `main`.`NhiemVu` WHERE `main`.`NhiemVu`.`id` IN (?,?,?,?,?,?) LIMIT ? OFFSET ?
 GET /api/he-thong 200 in 71ms (next.js: 7ms, application-code: 64ms)
 GET /kts/so-do 200 in 58ms (next.js: 7ms, application-code: 51ms)
prisma:query SELECT `main`.`HeThongSo`.`id`, `main`.`HeThongSo`.`ma`, `main`.`HeThongSo`.`ten`, `main`.`HeThongSo`.`loai`, `main`.`HeThongSo`.`lop`, `main`.`HeThongSo`.`moTa`, `main`.`HeThongSo`.`chuQuan`, `main`.`HeThongSo`.`trangThai`, `main`.`HeThongSo`.`namTrienKhai`, `main`.`HeThongSo`.`donViId`, `main`.`HeThongSo`.`createdAt`, `main`.`HeThongSo`.`updatedAt` FROM `main`.`HeThongSo` WHERE 1=1 ORDER BY `main`.`HeThongSo`.`lop` ASC, `main`.`HeThongSo`.`ma` ASC LIMIT ? OFFSET ?
prisma:query SELECT `main`.`DonVi`.`id`, `main`.`DonVi`.`ten`, `main`.`DonVi`.`loai`, `main`.`DonVi`.`parentId`, `main`.`DonVi`.`createdAt` FROM `main`.`DonVi` WHERE `main`.`DonVi`.`id` IN (?,?,?,?) LIMIT ? OFFSET ?
prisma:query SELECT `main`.`_HeThongNhiemVu`.`A`, `main`.`_HeThongNhiemVu`.`B` FROM `main`.`_HeThongNhiemVu` WHERE `main`.`_HeThongNhiemVu`.`A` IN (?,?,?,?,?,?,?,?,?,?,?,?,?,?,?,?,?,?,?,?,?,?,?,?,?,?,?,?,?,?,?,?,?,?,?,?,?,?,?,?,?,?,?,?,?,?,?,?,?,?,?,?,?,?,?,?,?,?,?,?,?,?,?,?,?,?,?,?,?,?,?,?,?,?,?,?,?,?,?,?,?,?,?,?,?,?,?,?,?,?,?,?,?,?,?,?,?,?,?,?,?,?,?,?,?,?,?,?,?,?,?,?,?,?,?,?,?,?,?,?,?,?,?,?,?,?,?,?,?,?,?,?,?,?,?,?,?,?,?,?,?,?,?,?,?,?,?,?,?,?,?,?,?,?,?,?,?,?,?,?,?,?,?,?,?,?,?,?,?,?,?,?,?,?,?,?,?,?,?,?,?,?,?,?,?,?,?,?,?,?,?,?,?,?,?,?,?,?,?,?,?,?,?,?,?,?,?,?,?,?,?,?,?,?,?,?,?,?,?,?,?,?,?,?,?,?,?,?,?,?,?,?,?,?,?,?,?,?,?,?,?,?,?,?,?,?,?,?,?,?,?,?,?,?,?,?,?,?,?,?,?,?,?,?,?,?,?,?,?,?,?,?,?,?,?,?,?,?,?,?,?,?,?,?,?,?,?,?,?,?,?,?,?,?,?,?,?,?,?,?,?,?,?,?,?,?,?,?,?,?,?,?,?,?,?,?,?,?,?,?,?,?,?,?,?,?,?,?,?,?,?,?,?,?,?,?,?,?,?,?,?,?,?,?,?,?,?,?,?,?,?,?,?,?,?,?,?,?,?,?,?,?,?,?,?,?,?,?,?,?,?,?,?,?,?,?,?,?,?,?,?,?,?,?,?,?,?,?,?)
prisma:query SELECT `main`.`NhiemVu`.`id`, `main`.`NhiemVu`.`ma`, `main`.`NhiemVu`.`ten`, `main`.`NhiemVu`.`moTa`, `main`.`NhiemVu`.`donViChuTriId`, `main`.`NhiemVu`.`uuTien`, `main`.`NhiemVu`.`thoiHan`, `main`.`NhiemVu`.`giaiDoan`, `main`.`NhiemVu`.`kpi`, `main`.`NhiemVu`.`nguonKiemChung`, `main`.`NhiemVu`.`trangThai`, `main`.`NhiemVu`.`tienDo`, `main`.`NhiemVu`.`lop`, `main`.`NhiemVu`.`phuongAnXuLy`, `main`.`NhiemVu`.`ghiChu`, `main`.`NhiemVu`.`createdAt`, `main`.`NhiemVu`.`updatedAt` FROM `main`.`NhiemVu` WHERE `main`.`NhiemVu`.`id` IN (?,?,?,?,?,?) LIMIT ? OFFSET ?
 GET /api/he-thong 200 in 53ms (next.js: 6ms, application-code: 47ms)
prisma:query SELECT `main`.`NhiemVu`.`id`, `main`.`NhiemVu`.`ma`, `main`.`NhiemVu`.`ten`, `main`.`NhiemVu`.`moTa`, `main`.`NhiemVu`.`donViChuTriId`, `main`.`NhiemVu`.`uuTien`, `main`.`NhiemVu`.`thoiHan`, `main`.`NhiemVu`.`giaiDoan`, `main`.`NhiemVu`.`kpi`, `main`.`NhiemVu`.`nguonKiemChung`, `main`.`NhiemVu`.`trangThai`, `main`.`NhiemVu`.`tienDo`, `main`.`NhiemVu`.`lop`, `main`.`NhiemVu`.`phuongAnXuLy`, `main`.`NhiemVu`.`ghiChu`, `main`.`NhiemVu`.`createdAt`, `main`.`NhiemVu`.`updatedAt` FROM `main`.`NhiemVu` WHERE 1=1 ORDER BY `main`.`NhiemVu`.`uuTien` ASC, `main`.`NhiemVu`.`thoiHan` ASC LIMIT ? OFFSET ?
prisma:query SELECT `main`.`DonVi`.`id`, `main`.`DonVi`.`ten`, `main`.`DonVi`.`loai`, `main`.`DonVi`.`parentId`, `main`.`DonVi`.`createdAt` FROM `main`.`DonVi` WHERE `main`.`DonVi`.`id` IN (?,?,?) LIMIT ? OFFSET ?
prisma:query SELECT `main`.`_HeThongNhiemVu`.`B`, `main`.`_HeThongNhiemVu`.`A` FROM `main`.`_HeThongNhiemVu` WHERE `main`.`_HeThongNhiemVu`.`B` IN (?,?,?,?,?,?,?,?,?)
prisma:query SELECT `main`.`HeThongSo`.`id`, `main`.`HeThongSo`.`ma`, `main`.`HeThongSo`.`ten`, `main`.`HeThongSo`.`loai`, `main`.`HeThongSo`.`lop`, `main`.`HeThongSo`.`moTa`, `main`.`HeThongSo`.`chuQuan`, `main`.`HeThongSo`.`trangThai`, `main`.`HeThongSo`.`namTrienKhai`, `main`.`HeThongSo`.`donViId`, `main`.`HeThongSo`.`createdAt`, `main`.`HeThongSo`.`updatedAt` FROM `main`.`HeThongSo` WHERE `main`.`HeThongSo`.`id` IN (?,?,?,?,?,?) LIMIT ? OFFSET ?
 GET /api/nhiem-vu 200 in 54ms (next.js: 21ms, application-code: 34ms)
prisma:query SELECT `main`.`NhiemVu`.`id`, `main`.`NhiemVu`.`ma`, `main`.`NhiemVu`.`ten`, `main`.`NhiemVu`.`moTa`, `main`.`NhiemVu`.`donViChuTriId`, `main`.`NhiemVu`.`uuTien`, `main`.`NhiemVu`.`thoiHan`, `main`.`NhiemVu`.`giaiDoan`, `main`.`NhiemVu`.`kpi`, `main`.`NhiemVu`.`nguonKiemChung`, `main`.`NhiemVu`.`trangThai`, `main`.`NhiemVu`.`tienDo`, `main`.`NhiemVu`.`lop`, `main`.`NhiemVu`.`phuongAnXuLy`, `main`.`NhiemVu`.`ghiChu`, `main`.`NhiemVu`.`createdAt`, `main`.`NhiemVu`.`updatedAt` FROM `main`.`NhiemVu` WHERE 1=1 ORDER BY `main`.`NhiemVu`.`uuTien` ASC, `main`.`NhiemVu`.`thoiHan` ASC LIMIT ? OFFSET ?
prisma:query SELECT `main`.`DonVi`.`id`, `main`.`DonVi`.`ten`, `main`.`DonVi`.`loai`, `main`.`DonVi`.`parentId`, `main`.`DonVi`.`createdAt` FROM `main`.`DonVi` WHERE `main`.`DonVi`.`id` IN (?,?,?) LIMIT ? OFFSET ?
prisma:query SELECT `main`.`_HeThongNhiemVu`.`B`, `main`.`_HeThongNhiemVu`.`A` FROM `main`.`_HeThongNhiemVu` WHERE `main`.`_HeThongNhiemVu`.`B` IN (?,?,?,?,?,?,?,?,?)
prisma:query SELECT `main`.`HeThongSo`.`id`, `main`.`HeThongSo`.`ma`, `main`.`HeThongSo`.`ten`, `main`.`HeThongSo`.`loai`, `main`.`HeThongSo`.`lop`, `main`.`HeThongSo`.`moTa`, `main`.`HeThongSo`.`chuQuan`, `main`.`HeThongSo`.`trangThai`, `main`.`HeThongSo`.`namTrienKhai`, `main`.`HeThongSo`.`donViId`, `main`.`HeThongSo`.`createdAt`, `main`.`HeThongSo`.`updatedAt` FROM `main`.`HeThongSo` WHERE `main`.`HeThongSo`.`id` IN (?,?,?,?,?,?) LIMIT ? OFFSET ?
 GET /api/nhiem-vu 200 in 27ms (next.js: 4ms, application-code: 23ms)
prisma:query SELECT `main`.`HeThongSo`.`id`, `main`.`HeThongSo`.`ma`, `main`.`HeThongSo`.`ten`, `main`.`HeThongSo`.`loai`, `main`.`HeThongSo`.`lop`, `main`.`HeThongSo`.`moTa`, `main`.`HeThongSo`.`chuQuan`, `main`.`HeThongSo`.`trangThai`, `main`.`HeThongSo`.`namTrienKhai`, `main`.`HeThongSo`.`donViId`, `main`.`HeThongSo`.`createdAt`, `main`.`HeThongSo`.`updatedAt` FROM `main`.`HeThongSo` WHERE 1=1 ORDER BY `main`.`HeThongSo`.`lop` ASC, `main`.`HeThongSo`.`ma` ASC LIMIT ? OFFSET ?
prisma:query SELECT `main`.`DonVi`.`id`, `main`.`DonVi`.`ten`, `main`.`DonVi`.`loai`, `main`.`DonVi`.`parentId`, `main`.`DonVi`.`createdAt` FROM `main`.`DonVi` WHERE `main`.`DonVi`.`id` IN (?,?,?,?) LIMIT ? OFFSET ?
prisma:query SELECT `main`.`_HeThongNhiemVu`.`A`, `main`.`_HeThongNhiemVu`.`B` FROM `main`.`_HeThongNhiemVu` WHERE `main`.`_HeThongNhiemVu`.`A` IN (?,?,?,?,?,?,?,?,?,?,?,?,?,?,?,?,?,?,?,?,?,?,?,?,?,?,?,?,?,?,?,?,?,?,?,?,?,?,?,?,?,?,?,?,?,?,?,?,?,?,?,?,?,?,?,?,?,?,?,?,?,?,?,?,?,?,?,?,?,?,?,?,?,?,?,?,?,?,?,?,?,?,?,?,?,?,?,?,?,?,?,?,?,?,?,?,?,?,?,?,?,?,?,?,?,?,?,?,?,?,?,?,?,?,?,?,?,?,?,?,?,?,?,?,?,?,?,?,?,?,?,?,?,?,?,?,?,?,?,?,?,?,?,?,?,?,?,?,?,?,?,?,?,?,?,?,?,?,?,?,?,?,?,?,?,?,?,?,?,?,?,?,?,?,?,?,?,?,?,?,?,?,?,?,?,?,?,?,?,?,?,?,?,?,?,?,?,?,?,?,?,?,?,?,?,?,?,?,?,?,?,?,?,?,?,?,?,?,?,?,?,?,?,?,?,?,?,?,?,?,?,?,?,?,?,?,?,?,?,?,?,?,?,?,?,?,?,?,?,?,?,?,?,?,?,?,?,?,?,?,?,?,?,?,?,?,?,?,?,?,?,?,?,?,?,?,?,?,?,?,?,?,?,?,?,?,?,?,?,?,?,?,?,?,?,?,?,?,?,?,?,?,?,?,?,?,?,?,?,?,?,?,?,?,?,?,?,?,?,?,?,?,?,?,?,?,?,?,?,?,?,?,?,?,?,?,?,?,?,?,?,?,?,?,?,?,?,?,?,?,?,?,?,?,?,?,?,?,?,?,?,?,?,?,?,?,?,?,?,?,?,?,?,?,?,?,?,?,?,?,?,?,?,?,?,?,?,?,?)
prisma:query SELECT `main`.`NhiemVu`.`id`, `main`.`NhiemVu`.`ma`, `main`.`NhiemVu`.`ten`, `main`.`NhiemVu`.`moTa`, `main`.`NhiemVu`.`donViChuTriId`, `main`.`NhiemVu`.`uuTien`, `main`.`NhiemVu`.`thoiHan`, `main`.`NhiemVu`.`giaiDoan`, `main`.`NhiemVu`.`kpi`, `main`.`NhiemVu`.`nguonKiemChung`, `main`.`NhiemVu`.`trangThai`, `main`.`NhiemVu`.`tienDo`, `main`.`NhiemVu`.`lop`, `main`.`NhiemVu`.`phuongAnXuLy`, `main`.`NhiemVu`.`ghiChu`, `main`.`NhiemVu`.`createdAt`, `main`.`NhiemVu`.`updatedAt` FROM `main`.`NhiemVu` WHERE `main`.`NhiemVu`.`id` IN (?,?,?,?,?,?) LIMIT ? OFFSET ?
 GET /api/he-thong 200 in 51ms (next.js: 16ms, application-code: 36ms)
 GET /kts/hien-trang 200 in 39ms (next.js: 10ms, application-code: 30ms)
prisma:query SELECT 1
prisma:query SELECT `main`.`HeThongSo`.`id`, `main`.`HeThongSo`.`ma`, `main`.`HeThongSo`.`ten`, `main`.`HeThongSo`.`loai`, `main`.`HeThongSo`.`lop`, `main`.`HeThongSo`.`moTa`, `main`.`HeThongSo`.`chuQuan`, `main`.`HeThongSo`.`trangThai`, `main`.`HeThongSo`.`namTrienKhai`, `main`.`HeThongSo`.`donViId`, `main`.`HeThongSo`.`createdAt`, `main`.`HeThongSo`.`updatedAt` FROM `main`.`HeThongSo` WHERE 1=1 ORDER BY `main`.`HeThongSo`.`lop` ASC, `main`.`HeThongSo`.`ma` ASC LIMIT ? OFFSET ?
prisma:query SELECT `main`.`DonVi`.`id`, `main`.`DonVi`.`ten`, `main`.`DonVi`.`loai`, `main`.`DonVi`.`parentId`, `main`.`DonVi`.`createdAt` FROM `main`.`DonVi` WHERE `main`.`DonVi`.`id` IN (?,?,?,?) LIMIT ? OFFSET ?
prisma:query SELECT `main`.`_HeThongNhiemVu`.`A`, `main`.`_HeThongNhiemVu`.`B` FROM `main`.`_HeThongNhiemVu` WHERE `main`.`_HeThongNhiemVu`.`A` IN (?,?,?,?,?,?,?,?,?,?,?,?,?,?,?,?,?,?,?,?,?,?,?,?,?,?,?,?,?,?,?,?,?,?,?,?,?,?,?,?,?,?,?,?,?,?,?,?,?,?,?,?,?,?,?,?,?,?,?,?,?,?,?,?,?,?,?,?,?,?,?,?,?,?,?,?,?,?,?,?,?,?,?,?,?,?,?,?,?,?,?,?,?,?,?,?,?,?,?,?,?,?,?,?,?,?,?,?,?,?,?,?,?,?,?,?,?,?,?,?,?,?,?,?,?,?,?,?,?,?,?,?,?,?,?,?,?,?,?,?,?,?,?,?,?,?,?,?,?,?,?,?,?,?,?,?,?,?,?,?,?,?,?,?,?,?,?,?,?,?,?,?,?,?,?,?,?,?,?,?,?,?,?,?,?,?,?,?,?,?,?,?,?,?,?,?,?,?,?,?,?,?,?,?,?,?,?,?,?,?,?,?,?,?,?,?,?,?,?,?,?,?,?,?,?,?,?,?,?,?,?,?,?,?,?,?,?,?,?,?,?,?,?,?,?,?,?,?,?,?,?,?,?,?,?,?,?,?,?,?,?,?,?,?,?,?,?,?,?,?,?,?,?,?,?,?,?,?,?,?,?,?,?,?,?,?,?,?,?,?,?,?,?,?,?,?,?,?,?,?,?,?,?,?,?,?,?,?,?,?,?,?,?,?,?,?,?,?,?,?,?,?,?,?,?,?,?,?,?,?,?,?,?,?,?,?,?,?,?,?,?,?,?,?,?,?,?,?,?,?,?,?,?,?,?,?,?,?,?,?,?,?,?,?,?,?,?,?,?,?,?,?,?,?,?,?,?,?,?,?,?,?,?,?,?,?,?,?,?)
prisma:query SELECT `main`.`NhiemVu`.`id`, `main`.`NhiemVu`.`ma`, `main`.`NhiemVu`.`ten`, `main`.`NhiemVu`.`moTa`, `main`.`NhiemVu`.`donViChuTriId`, `main`.`NhiemVu`.`uuTien`, `main`.`NhiemVu`.`thoiHan`, `main`.`NhiemVu`.`giaiDoan`, `main`.`NhiemVu`.`kpi`, `main`.`NhiemVu`.`nguonKiemChung`, `main`.`NhiemVu`.`trangThai`, `main`.`NhiemVu`.`tienDo`, `main`.`NhiemVu`.`lop`, `main`.`NhiemVu`.`phuongAnXuLy`, `main`.`NhiemVu`.`ghiChu`, `main`.`NhiemVu`.`createdAt`, `main`.`NhiemVu`.`updatedAt` FROM `main`.`NhiemVu` WHERE `main`.`NhiemVu`.`id` IN (?,?,?,?,?,?) LIMIT ? OFFSET ?
 GET /api/he-thong 200 in 46ms (next.js: 5ms, application-code: 41ms)
prisma:query SELECT `main`.`HeThongSo`.`id`, `main`.`HeThongSo`.`ma`, `main`.`HeThongSo`.`ten`, `main`.`HeThongSo`.`loai`, `main`.`HeThongSo`.`lop`, `main`.`HeThongSo`.`moTa`, `main`.`HeThongSo`.`chuQuan`, `main`.`HeThongSo`.`trangThai`, `main`.`HeThongSo`.`namTrienKhai`, `main`.`HeThongSo`.`donViId`, `main`.`HeThongSo`.`createdAt`, `main`.`HeThongSo`.`updatedAt` FROM `main`.`HeThongSo` WHERE 1=1 ORDER BY `main`.`HeThongSo`.`lop` ASC, `main`.`HeThongSo`.`ma` ASC LIMIT ? OFFSET ?
prisma:query SELECT `main`.`DonVi`.`id`, `main`.`DonVi`.`ten`, `main`.`DonVi`.`loai`, `main`.`DonVi`.`parentId`, `main`.`DonVi`.`createdAt` FROM `main`.`DonVi` WHERE `main`.`DonVi`.`id` IN (?,?,?,?) LIMIT ? OFFSET ?
prisma:query SELECT `main`.`_HeThongNhiemVu`.`A`, `main`.`_HeThongNhiemVu`.`B` FROM `main`.`_HeThongNhiemVu` WHERE `main`.`_HeThongNhiemVu`.`A` IN (?,?,?,?,?,?,?,?,?,?,?,?,?,?,?,?,?,?,?,?,?,?,?,?,?,?,?,?,?,?,?,?,?,?,?,?,?,?,?,?,?,?,?,?,?,?,?,?,?,?,?,?,?,?,?,?,?,?,?,?,?,?,?,?,?,?,?,?,?,?,?,?,?,?,?,?,?,?,?,?,?,?,?,?,?,?,?,?,?,?,?,?,?,?,?,?,?,?,?,?,?,?,?,?,?,?,?,?,?,?,?,?,?,?,?,?,?,?,?,?,?,?,?,?,?,?,?,?,?,?,?,?,?,?,?,?,?,?,?,?,?,?,?,?,?,?,?,?,?,?,?,?,?,?,?,?,?,?,?,?,?,?,?,?,?,?,?,?,?,?,?,?,?,?,?,?,?,?,?,?,?,?,?,?,?,?,?,?,?,?,?,?,?,?,?,?,?,?,?,?,?,?,?,?,?,?,?,?,?,?,?,?,?,?,?,?,?,?,?,?,?,?,?,?,?,?,?,?,?,?,?,?,?,?,?,?,?,?,?,?,?,?,?,?,?,?,?,?,?,?,?,?,?,?,?,?,?,?,?,?,?,?,?,?,?,?,?,?,?,?,?,?,?,?,?,?,?,?,?,?,?,?,?,?,?,?,?,?,?,?,?,?,?,?,?,?,?,?,?,?,?,?,?,?,?,?,?,?,?,?,?,?,?,?,?,?,?,?,?,?,?,?,?,?,?,?,?,?,?,?,?,?,?,?,?,?,?,?,?,?,?,?,?,?,?,?,?,?,?,?,?,?,?,?,?,?,?,?,?,?,?,?,?,?,?,?,?,?,?,?,?,?,?,?,?,?,?,?,?,?,?,?,?,?,?,?,?,?,?)
prisma:query SELECT `main`.`NhiemVu`.`id`, `main`.`NhiemVu`.`ma`, `main`.`NhiemVu`.`ten`, `main`.`NhiemVu`.`moTa`, `main`.`NhiemVu`.`donViChuTriId`, `main`.`NhiemVu`.`uuTien`, `main`.`NhiemVu`.`thoiHan`, `main`.`NhiemVu`.`giaiDoan`, `main`.`NhiemVu`.`kpi`, `main`.`NhiemVu`.`nguonKiemChung`, `main`.`NhiemVu`.`trangThai`, `main`.`NhiemVu`.`tienDo`, `main`.`NhiemVu`.`lop`, `main`.`NhiemVu`.`phuongAnXuLy`, `main`.`NhiemVu`.`ghiChu`, `main`.`NhiemVu`.`createdAt`, `main`.`NhiemVu`.`updatedAt` FROM `main`.`NhiemVu` WHERE `main`.`NhiemVu`.`id` IN (?,?,?,?,?,?) LIMIT ? OFFSET ?
 GET /api/he-thong 200 in 36ms (next.js: 4ms, application-code: 31ms)
 GET /kts/lo-trinh 200 in 65ms (next.js: 8ms, application-code: 57ms)
prisma:query SELECT 1
prisma:query SELECT `main`.`NhiemVu`.`id`, `main`.`NhiemVu`.`ma`, `main`.`NhiemVu`.`ten`, `main`.`NhiemVu`.`moTa`, `main`.`NhiemVu`.`donViChuTriId`, `main`.`NhiemVu`.`uuTien`, `main`.`NhiemVu`.`thoiHan`, `main`.`NhiemVu`.`giaiDoan`, `main`.`NhiemVu`.`kpi`, `main`.`NhiemVu`.`nguonKiemChung`, `main`.`NhiemVu`.`trangThai`, `main`.`NhiemVu`.`tienDo`, `main`.`NhiemVu`.`lop`, `main`.`NhiemVu`.`phuongAnXuLy`, `main`.`NhiemVu`.`ghiChu`, `main`.`NhiemVu`.`createdAt`, `main`.`NhiemVu`.`updatedAt` FROM `main`.`NhiemVu` WHERE 1=1 ORDER BY `main`.`NhiemVu`.`uuTien` ASC, `main`.`NhiemVu`.`thoiHan` ASC LIMIT ? OFFSET ?
prisma:query SELECT `main`.`DonVi`.`id`, `main`.`DonVi`.`ten`, `main`.`DonVi`.`loai`, `main`.`DonVi`.`parentId`, `main`.`DonVi`.`createdAt` FROM `main`.`DonVi` WHERE `main`.`DonVi`.`id` IN (?,?,?) LIMIT ? OFFSET ?
prisma:query SELECT `main`.`_HeThongNhiemVu`.`B`, `main`.`_HeThongNhiemVu`.`A` FROM `main`.`_HeThongNhiemVu` WHERE `main`.`_HeThongNhiemVu`.`B` IN (?,?,?,?,?,?,?,?,?)
prisma:query SELECT `main`.`HeThongSo`.`id`, `main`.`HeThongSo`.`ma`, `main`.`HeThongSo`.`ten`, `main`.`HeThongSo`.`loai`, `main`.`HeThongSo`.`lop`, `main`.`HeThongSo`.`moTa`, `main`.`HeThongSo`.`chuQuan`, `main`.`HeThongSo`.`trangThai`, `main`.`HeThongSo`.`namTrienKhai`, `main`.`HeThongSo`.`donViId`, `main`.`HeThongSo`.`createdAt`, `main`.`HeThongSo`.`updatedAt` FROM `main`.`HeThongSo` WHERE `main`.`HeThongSo`.`id` IN (?,?,?,?,?,?) LIMIT ? OFFSET ?
 GET /api/nhiem-vu 200 in 26ms (next.js: 7ms, application-code: 19ms)
prisma:query SELECT `main`.`NhiemVu`.`id`, `main`.`NhiemVu`.`ma`, `main`.`NhiemVu`.`ten`, `main`.`NhiemVu`.`moTa`, `main`.`NhiemVu`.`donViChuTriId`, `main`.`NhiemVu`.`uuTien`, `main`.`NhiemVu`.`thoiHan`, `main`.`NhiemVu`.`giaiDoan`, `main`.`NhiemVu`.`kpi`, `main`.`NhiemVu`.`nguonKiemChung`, `main`.`NhiemVu`.`trangThai`, `main`.`NhiemVu`.`tienDo`, `main`.`NhiemVu`.`lop`, `main`.`NhiemVu`.`phuongAnXuLy`, `main`.`NhiemVu`.`ghiChu`, `main`.`NhiemVu`.`createdAt`, `main`.`NhiemVu`.`updatedAt` FROM `main`.`NhiemVu` WHERE 1=1 ORDER BY `main`.`NhiemVu`.`uuTien` ASC, `main`.`NhiemVu`.`thoiHan` ASC LIMIT ? OFFSET ?
prisma:query SELECT `main`.`DonVi`.`id`, `main`.`DonVi`.`ten`, `main`.`DonVi`.`loai`, `main`.`DonVi`.`parentId`, `main`.`DonVi`.`createdAt` FROM `main`.`DonVi` WHERE `main`.`DonVi`.`id` IN (?,?,?) LIMIT ? OFFSET ?
prisma:query SELECT `main`.`_HeThongNhiemVu`.`B`, `main`.`_HeThongNhiemVu`.`A` FROM `main`.`_HeThongNhiemVu` WHERE `main`.`_HeThongNhiemVu`.`B` IN (?,?,?,?,?,?,?,?,?)
prisma:query SELECT `main`.`HeThongSo`.`id`, `main`.`HeThongSo`.`ma`, `main`.`HeThongSo`.`ten`, `main`.`HeThongSo`.`loai`, `main`.`HeThongSo`.`lop`, `main`.`HeThongSo`.`moTa`, `main`.`HeThongSo`.`chuQuan`, `main`.`HeThongSo`.`trangThai`, `main`.`HeThongSo`.`namTrienKhai`, `main`.`HeThongSo`.`donViId`, `main`.`HeThongSo`.`createdAt`, `main`.`HeThongSo`.`updatedAt` FROM `main`.`HeThongSo` WHERE `main`.`HeThongSo`.`id` IN (?,?,?,?,?,?) LIMIT ? OFFSET ?
 GET /api/nhiem-vu 200 in 20ms (next.js: 5ms, application-code: 15ms)
 GET /kts/so-do 200 in 34ms (next.js: 9ms, application-code: 25ms)
prisma:query SELECT 1
prisma:query SELECT `main`.`NhiemVu`.`id`, `main`.`NhiemVu`.`ma`, `main`.`NhiemVu`.`ten`, `main`.`NhiemVu`.`moTa`, `main`.`NhiemVu`.`donViChuTriId`, `main`.`NhiemVu`.`uuTien`, `main`.`NhiemVu`.`thoiHan`, `main`.`NhiemVu`.`giaiDoan`, `main`.`NhiemVu`.`kpi`, `main`.`NhiemVu`.`nguonKiemChung`, `main`.`NhiemVu`.`trangThai`, `main`.`NhiemVu`.`tienDo`, `main`.`NhiemVu`.`lop`, `main`.`NhiemVu`.`phuongAnXuLy`, `main`.`NhiemVu`.`ghiChu`, `main`.`NhiemVu`.`createdAt`, `main`.`NhiemVu`.`updatedAt` FROM `main`.`NhiemVu` WHERE 1=1 ORDER BY `main`.`NhiemVu`.`uuTien` ASC, `main`.`NhiemVu`.`thoiHan` ASC LIMIT ? OFFSET ?
prisma:query SELECT `main`.`DonVi`.`id`, `main`.`DonVi`.`ten`, `main`.`DonVi`.`loai`, `main`.`DonVi`.`parentId`, `main`.`DonVi`.`createdAt` FROM `main`.`DonVi` WHERE `main`.`DonVi`.`id` IN (?,?,?) LIMIT ? OFFSET ?
prisma:query SELECT `main`.`_HeThongNhiemVu`.`B`, `main`.`_HeThongNhiemVu`.`A` FROM `main`.`_HeThongNhiemVu` WHERE `main`.`_HeThongNhiemVu`.`B` IN (?,?,?,?,?,?,?,?,?)
prisma:query SELECT `main`.`HeThongSo`.`id`, `main`.`HeThongSo`.`ma`, `main`.`HeThongSo`.`ten`, `main`.`HeThongSo`.`loai`, `main`.`HeThongSo`.`lop`, `main`.`HeThongSo`.`moTa`, `main`.`HeThongSo`.`chuQuan`, `main`.`HeThongSo`.`trangThai`, `main`.`HeThongSo`.`namTrienKhai`, `main`.`HeThongSo`.`donViId`, `main`.`HeThongSo`.`createdAt`, `main`.`HeThongSo`.`updatedAt` FROM `main`.`HeThongSo` WHERE `main`.`HeThongSo`.`id` IN (?,?,?,?,?,?) LIMIT ? OFFSET ?
 GET /api/nhiem-vu 200 in 27ms (next.js: 5ms, application-code: 22ms)
prisma:query SELECT `main`.`HeThongSo`.`id`, `main`.`HeThongSo`.`ma`, `main`.`HeThongSo`.`ten`, `main`.`HeThongSo`.`loai`, `main`.`HeThongSo`.`lop`, `main`.`HeThongSo`.`moTa`, `main`.`HeThongSo`.`chuQuan`, `main`.`HeThongSo`.`trangThai`, `main`.`HeThongSo`.`namTrienKhai`, `main`.`HeThongSo`.`donViId`, `main`.`HeThongSo`.`createdAt`, `main`.`HeThongSo`.`updatedAt` FROM `main`.`HeThongSo` WHERE 1=1 ORDER BY `main`.`HeThongSo`.`lop` ASC, `main`.`HeThongSo`.`ma` ASC LIMIT ? OFFSET ?
prisma:query SELECT `main`.`DonVi`.`id`, `main`.`DonVi`.`ten`, `main`.`DonVi`.`loai`, `main`.`DonVi`.`parentId`, `main`.`DonVi`.`createdAt` FROM `main`.`DonVi` WHERE `main`.`DonVi`.`id` IN (?,?,?,?) LIMIT ? OFFSET ?
prisma:query SELECT `main`.`_HeThongNhiemVu`.`A`, `main`.`_HeThongNhiemVu`.`B` FROM `main`.`_HeThongNhiemVu` WHERE `main`.`_HeThongNhiemVu`.`A` IN (?,?,?,?,?,?,?,?,?,?,?,?,?,?,?,?,?,?,?,?,?,?,?,?,?,?,?,?,?,?,?,?,?,?,?,?,?,?,?,?,?,?,?,?,?,?,?,?,?,?,?,?,?,?,?,?,?,?,?,?,?,?,?,?,?,?,?,?,?,?,?,?,?,?,?,?,?,?,?,?,?,?,?,?,?,?,?,?,?,?,?,?,?,?,?,?,?,?,?,?,?,?,?,?,?,?,?,?,?,?,?,?,?,?,?,?,?,?,?,?,?,?,?,?,?,?,?,?,?,?,?,?,?,?,?,?,?,?,?,?,?,?,?,?,?,?,?,?,?,?,?,?,?,?,?,?,?,?,?,?,?,?,?,?,?,?,?,?,?,?,?,?,?,?,?,?,?,?,?,?,?,?,?,?,?,?,?,?,?,?,?,?,?,?,?,?,?,?,?,?,?,?,?,?,?,?,?,?,?,?,?,?,?,?,?,?,?,?,?,?,?,?,?,?,?,?,?,?,?,?,?,?,?,?,?,?,?,?,?,?,?,?,?,?,?,?,?,?,?,?,?,?,?,?,?,?,?,?,?,?,?,?,?,?,?,?,?,?,?,?,?,?,?,?,?,?,?,?,?,?,?,?,?,?,?,?,?,?,?,?,?,?,?,?,?,?,?,?,?,?,?,?,?,?,?,?,?,?,?,?,?,?,?,?,?,?,?,?,?,?,?,?,?,?,?,?,?,?,?,?,?,?,?,?,?,?,?,?,?,?,?,?,?,?,?,?,?,?,?,?,?,?,?,?,?,?,?,?,?,?,?,?,?,?,?,?,?,?,?,?,?,?,?,?,?,?,?,?,?,?,?,?,?,?,?,?,?,?,?)
prisma:query SELECT `main`.`NhiemVu`.`id`, `main`.`NhiemVu`.`ma`, `main`.`NhiemVu`.`ten`, `main`.`NhiemVu`.`moTa`, `main`.`NhiemVu`.`donViChuTriId`, `main`.`NhiemVu`.`uuTien`, `main`.`NhiemVu`.`thoiHan`, `main`.`NhiemVu`.`giaiDoan`, `main`.`NhiemVu`.`kpi`, `main`.`NhiemVu`.`nguonKiemChung`, `main`.`NhiemVu`.`trangThai`, `main`.`NhiemVu`.`tienDo`, `main`.`NhiemVu`.`lop`, `main`.`NhiemVu`.`phuongAnXuLy`, `main`.`NhiemVu`.`ghiChu`, `main`.`NhiemVu`.`createdAt`, `main`.`NhiemVu`.`updatedAt` FROM `main`.`NhiemVu` WHERE `main`.`NhiemVu`.`id` IN (?,?,?,?,?,?) LIMIT ? OFFSET ?
 GET /api/he-thong 200 in 52ms (next.js: 17ms, application-code: 35ms)
prisma:query SELECT `main`.`NhiemVu`.`id`, `main`.`NhiemVu`.`ma`, `main`.`NhiemVu`.`ten`, `main`.`NhiemVu`.`moTa`, `main`.`NhiemVu`.`donViChuTriId`, `main`.`NhiemVu`.`uuTien`, `main`.`NhiemVu`.`thoiHan`, `main`.`NhiemVu`.`giaiDoan`, `main`.`NhiemVu`.`kpi`, `main`.`NhiemVu`.`nguonKiemChung`, `main`.`NhiemVu`.`trangThai`, `main`.`NhiemVu`.`tienDo`, `main`.`NhiemVu`.`lop`, `main`.`NhiemVu`.`phuongAnXuLy`, `main`.`NhiemVu`.`ghiChu`, `main`.`NhiemVu`.`createdAt`, `main`.`NhiemVu`.`updatedAt` FROM `main`.`NhiemVu` WHERE 1=1 ORDER BY `main`.`NhiemVu`.`uuTien` ASC, `main`.`NhiemVu`.`thoiHan` ASC LIMIT ? OFFSET ?
prisma:query SELECT `main`.`DonVi`.`id`, `main`.`DonVi`.`ten`, `main`.`DonVi`.`loai`, `main`.`DonVi`.`parentId`, `main`.`DonVi`.`createdAt` FROM `main`.`DonVi` WHERE `main`.`DonVi`.`id` IN (?,?,?) LIMIT ? OFFSET ?
prisma:query SELECT `main`.`_HeThongNhiemVu`.`B`, `main`.`_HeThongNhiemVu`.`A` FROM `main`.`_HeThongNhiemVu` WHERE `main`.`_HeThongNhiemVu`.`B` IN (?,?,?,?,?,?,?,?,?)
prisma:query SELECT `main`.`HeThongSo`.`id`, `main`.`HeThongSo`.`ma`, `main`.`HeThongSo`.`ten`, `main`.`HeThongSo`.`loai`, `main`.`HeThongSo`.`lop`, `main`.`HeThongSo`.`moTa`, `main`.`HeThongSo`.`chuQuan`, `main`.`HeThongSo`.`trangThai`, `main`.`HeThongSo`.`namTrienKhai`, `main`.`HeThongSo`.`donViId`, `main`.`HeThongSo`.`createdAt`, `main`.`HeThongSo`.`updatedAt` FROM `main`.`HeThongSo` WHERE `main`.`HeThongSo`.`id` IN (?,?,?,?,?,?) LIMIT ? OFFSET ?
 GET /api/nhiem-vu 200 in 27ms (next.js: 7ms, application-code: 20ms)
prisma:query SELECT `main`.`HeThongSo`.`id`, `main`.`HeThongSo`.`ma`, `main`.`HeThongSo`.`ten`, `main`.`HeThongSo`.`loai`, `main`.`HeThongSo`.`lop`, `main`.`HeThongSo`.`moTa`, `main`.`HeThongSo`.`chuQuan`, `main`.`HeThongSo`.`trangThai`, `main`.`HeThongSo`.`namTrienKhai`, `main`.`HeThongSo`.`donViId`, `main`.`HeThongSo`.`createdAt`, `main`.`HeThongSo`.`updatedAt` FROM `main`.`HeThongSo` WHERE 1=1 ORDER BY `main`.`HeThongSo`.`lop` ASC, `main`.`HeThongSo`.`ma` ASC LIMIT ? OFFSET ?
prisma:query SELECT `main`.`DonVi`.`id`, `main`.`DonVi`.`ten`, `main`.`DonVi`.`loai`, `main`.`DonVi`.`parentId`, `main`.`DonVi`.`createdAt` FROM `main`.`DonVi` WHERE `main`.`DonVi`.`id` IN (?,?,?,?) LIMIT ? OFFSET ?
prisma:query SELECT `main`.`_HeThongNhiemVu`.`A`, `main`.`_HeThongNhiemVu`.`B` FROM `main`.`_HeThongNhiemVu` WHERE `main`.`_HeThongNhiemVu`.`A` IN (?,?,?,?,?,?,?,?,?,?,?,?,?,?,?,?,?,?,?,?,?,?,?,?,?,?,?,?,?,?,?,?,?,?,?,?,?,?,?,?,?,?,?,?,?,?,?,?,?,?,?,?,?,?,?,?,?,?,?,?,?,?,?,?,?,?,?,?,?,?,?,?,?,?,?,?,?,?,?,?,?,?,?,?,?,?,?,?,?,?,?,?,?,?,?,?,?,?,?,?,?,?,?,?,?,?,?,?,?,?,?,?,?,?,?,?,?,?,?,?,?,?,?,?,?,?,?,?,?,?,?,?,?,?,?,?,?,?,?,?,?,?,?,?,?,?,?,?,?,?,?,?,?,?,?,?,?,?,?,?,?,?,?,?,?,?,?,?,?,?,?,?,?,?,?,?,?,?,?,?,?,?,?,?,?,?,?,?,?,?,?,?,?,?,?,?,?,?,?,?,?,?,?,?,?,?,?,?,?,?,?,?,?,?,?,?,?,?,?,?,?,?,?,?,?,?,?,?,?,?,?,?,?,?,?,?,?,?,?,?,?,?,?,?,?,?,?,?,?,?,?,?,?,?,?,?,?,?,?,?,?,?,?,?,?,?,?,?,?,?,?,?,?,?,?,?,?,?,?,?,?,?,?,?,?,?,?,?,?,?,?,?,?,?,?,?,?,?,?,?,?,?,?,?,?,?,?,?,?,?,?,?,?,?,?,?,?,?,?,?,?,?,?,?,?,?,?,?,?,?,?,?,?,?,?,?,?,?,?,?,?,?,?,?,?,?,?,?,?,?,?,?,?,?,?,?,?,?,?,?,?,?,?,?,?,?,?,?,?,?,?,?,?,?,?,?,?,?,?,?,?,?,?,?,?,?,?,?,?)
prisma:query SELECT `main`.`NhiemVu`.`id`, `main`.`NhiemVu`.`ma`, `main`.`NhiemVu`.`ten`, `main`.`NhiemVu`.`moTa`, `main`.`NhiemVu`.`donViChuTriId`, `main`.`NhiemVu`.`uuTien`, `main`.`NhiemVu`.`thoiHan`, `main`.`NhiemVu`.`giaiDoan`, `main`.`NhiemVu`.`kpi`, `main`.`NhiemVu`.`nguonKiemChung`, `main`.`NhiemVu`.`trangThai`, `main`.`NhiemVu`.`tienDo`, `main`.`NhiemVu`.`lop`, `main`.`NhiemVu`.`phuongAnXuLy`, `main`.`NhiemVu`.`ghiChu`, `main`.`NhiemVu`.`createdAt`, `main`.`NhiemVu`.`updatedAt` FROM `main`.`NhiemVu` WHERE `main`.`NhiemVu`.`id` IN (?,?,?,?,?,?) LIMIT ? OFFSET ?
 GET /api/he-thong 200 in 34ms (next.js: 4ms, application-code: 30ms)
 GET /kts/hien-trang 200 in 36ms (next.js: 9ms, application-code: 27ms)
prisma:query SELECT `main`.`HeThongSo`.`id`, `main`.`HeThongSo`.`ma`, `main`.`HeThongSo`.`ten`, `main`.`HeThongSo`.`loai`, `main`.`HeThongSo`.`lop`, `main`.`HeThongSo`.`moTa`, `main`.`HeThongSo`.`chuQuan`, `main`.`HeThongSo`.`trangThai`, `main`.`HeThongSo`.`namTrienKhai`, `main`.`HeThongSo`.`donViId`, `main`.`HeThongSo`.`createdAt`, `main`.`HeThongSo`.`updatedAt` FROM `main`.`HeThongSo` WHERE 1=1 ORDER BY `main`.`HeThongSo`.`lop` ASC, `main`.`HeThongSo`.`ma` ASC LIMIT ? OFFSET ?
prisma:query SELECT `main`.`DonVi`.`id`, `main`.`DonVi`.`ten`, `main`.`DonVi`.`loai`, `main`.`DonVi`.`parentId`, `main`.`DonVi`.`createdAt` FROM `main`.`DonVi` WHERE `main`.`DonVi`.`id` IN (?,?,?,?) LIMIT ? OFFSET ?
prisma:query SELECT `main`.`_HeThongNhiemVu`.`A`, `main`.`_HeThongNhiemVu`.`B` FROM `main`.`_HeThongNhiemVu` WHERE `main`.`_HeThongNhiemVu`.`A` IN (?,?,?,?,?,?,?,?,?,?,?,?,?,?,?,?,?,?,?,?,?,?,?,?,?,?,?,?,?,?,?,?,?,?,?,?,?,?,?,?,?,?,?,?,?,?,?,?,?,?,?,?,?,?,?,?,?,?,?,?,?,?,?,?,?,?,?,?,?,?,?,?,?,?,?,?,?,?,?,?,?,?,?,?,?,?,?,?,?,?,?,?,?,?,?,?,?,?,?,?,?,?,?,?,?,?,?,?,?,?,?,?,?,?,?,?,?,?,?,?,?,?,?,?,?,?,?,?,?,?,?,?,?,?,?,?,?,?,?,?,?,?,?,?,?,?,?,?,?,?,?,?,?,?,?,?,?,?,?,?,?,?,?,?,?,?,?,?,?,?,?,?,?,?,?,?,?,?,?,?,?,?,?,?,?,?,?,?,?,?,?,?,?,?,?,?,?,?,?,?,?,?,?,?,?,?,?,?,?,?,?,?,?,?,?,?,?,?,?,?,?,?,?,?,?,?,?,?,?,?,?,?,?,?,?,?,?,?,?,?,?,?,?,?,?,?,?,?,?,?,?,?,?,?,?,?,?,?,?,?,?,?,?,?,?,?,?,?,?,?,?,?,?,?,?,?,?,?,?,?,?,?,?,?,?,?,?,?,?,?,?,?,?,?,?,?,?,?,?,?,?,?,?,?,?,?,?,?,?,?,?,?,?,?,?,?,?,?,?,?,?,?,?,?,?,?,?,?,?,?,?,?,?,?,?,?,?,?,?,?,?,?,?,?,?,?,?,?,?,?,?,?,?,?,?,?,?,?,?,?,?,?,?,?,?,?,?,?,?,?,?,?,?,?,?,?,?,?,?,?,?,?,?,?,?,?,?,?,?)
prisma:query SELECT `main`.`NhiemVu`.`id`, `main`.`NhiemVu`.`ma`, `main`.`NhiemVu`.`ten`, `main`.`NhiemVu`.`moTa`, `main`.`NhiemVu`.`donViChuTriId`, `main`.`NhiemVu`.`uuTien`, `main`.`NhiemVu`.`thoiHan`, `main`.`NhiemVu`.`giaiDoan`, `main`.`NhiemVu`.`kpi`, `main`.`NhiemVu`.`nguonKiemChung`, `main`.`NhiemVu`.`trangThai`, `main`.`NhiemVu`.`tienDo`, `main`.`NhiemVu`.`lop`, `main`.`NhiemVu`.`phuongAnXuLy`, `main`.`NhiemVu`.`ghiChu`, `main`.`NhiemVu`.`createdAt`, `main`.`NhiemVu`.`updatedAt` FROM `main`.`NhiemVu` WHERE `main`.`NhiemVu`.`id` IN (?,?,?,?,?,?) LIMIT ? OFFSET ?
 GET /api/he-thong 200 in 41ms (next.js: 6ms, application-code: 34ms)
prisma:query SELECT `main`.`HeThongSo`.`id`, `main`.`HeThongSo`.`ma`, `main`.`HeThongSo`.`ten`, `main`.`HeThongSo`.`loai`, `main`.`HeThongSo`.`lop`, `main`.`HeThongSo`.`moTa`, `main`.`HeThongSo`.`chuQuan`, `main`.`HeThongSo`.`trangThai`, `main`.`HeThongSo`.`namTrienKhai`, `main`.`HeThongSo`.`donViId`, `main`.`HeThongSo`.`createdAt`, `main`.`HeThongSo`.`updatedAt` FROM `main`.`HeThongSo` WHERE 1=1 ORDER BY `main`.`HeThongSo`.`lop` ASC, `main`.`HeThongSo`.`ma` ASC LIMIT ? OFFSET ?
prisma:query SELECT `main`.`DonVi`.`id`, `main`.`DonVi`.`ten`, `main`.`DonVi`.`loai`, `main`.`DonVi`.`parentId`, `main`.`DonVi`.`createdAt` FROM `main`.`DonVi` WHERE `main`.`DonVi`.`id` IN (?,?,?,?) LIMIT ? OFFSET ?
prisma:query SELECT `main`.`_HeThongNhiemVu`.`A`, `main`.`_HeThongNhiemVu`.`B` FROM `main`.`_HeThongNhiemVu` WHERE `main`.`_HeThongNhiemVu`.`A` IN (?,?,?,?,?,?,?,?,?,?,?,?,?,?,?,?,?,?,?,?,?,?,?,?,?,?,?,?,?,?,?,?,?,?,?,?,?,?,?,?,?,?,?,?,?,?,?,?,?,?,?,?,?,?,?,?,?,?,?,?,?,?,?,?,?,?,?,?,?,?,?,?,?,?,?,?,?,?,?,?,?,?,?,?,?,?,?,?,?,?,?,?,?,?,?,?,?,?,?,?,?,?,?,?,?,?,?,?,?,?,?,?,?,?,?,?,?,?,?,?,?,?,?,?,?,?,?,?,?,?,?,?,?,?,?,?,?,?,?,?,?,?,?,?,?,?,?,?,?,?,?,?,?,?,?,?,?,?,?,?,?,?,?,?,?,?,?,?,?,?,?,?,?,?,?,?,?,?,?,?,?,?,?,?,?,?,?,?,?,?,?,?,?,?,?,?,?,?,?,?,?,?,?,?,?,?,?,?,?,?,?,?,?,?,?,?,?,?,?,?,?,?,?,?,?,?,?,?,?,?,?,?,?,?,?,?,?,?,?,?,?,?,?,?,?,?,?,?,?,?,?,?,?,?,?,?,?,?,?,?,?,?,?,?,?,?,?,?,?,?,?,?,?,?,?,?,?,?,?,?,?,?,?,?,?,?,?,?,?,?,?,?,?,?,?,?,?,?,?,?,?,?,?,?,?,?,?,?,?,?,?,?,?,?,?,?,?,?,?,?,?,?,?,?,?,?,?,?,?,?,?,?,?,?,?,?,?,?,?,?,?,?,?,?,?,?,?,?,?,?,?,?,?,?,?,?,?,?,?,?,?,?,?,?,?,?,?,?,?,?,?,?,?,?,?,?,?,?,?,?,?,?,?,?,?,?,?,?,?)
prisma:query SELECT `main`.`NhiemVu`.`id`, `main`.`NhiemVu`.`ma`, `main`.`NhiemVu`.`ten`, `main`.`NhiemVu`.`moTa`, `main`.`NhiemVu`.`donViChuTriId`, `main`.`NhiemVu`.`uuTien`, `main`.`NhiemVu`.`thoiHan`, `main`.`NhiemVu`.`giaiDoan`, `main`.`NhiemVu`.`kpi`, `main`.`NhiemVu`.`nguonKiemChung`, `main`.`NhiemVu`.`trangThai`, `main`.`NhiemVu`.`tienDo`, `main`.`NhiemVu`.`lop`, `main`.`NhiemVu`.`phuongAnXuLy`, `main`.`NhiemVu`.`ghiChu`, `main`.`NhiemVu`.`createdAt`, `main`.`NhiemVu`.`updatedAt` FROM `main`.`NhiemVu` WHERE `main`.`NhiemVu`.`id` IN (?,?,?,?,?,?) LIMIT ? OFFSET ?
 GET /api/he-thong 200 in 37ms (next.js: 5ms, application-code: 33ms)
 GET /kts/lo-trinh 200 in 35ms (next.js: 7ms, application-code: 27ms)
prisma:query SELECT 1
prisma:query SELECT `main`.`NhiemVu`.`id`, `main`.`NhiemVu`.`ma`, `main`.`NhiemVu`.`ten`, `main`.`NhiemVu`.`moTa`, `main`.`NhiemVu`.`donViChuTriId`, `main`.`NhiemVu`.`uuTien`, `main`.`NhiemVu`.`thoiHan`, `main`.`NhiemVu`.`giaiDoan`, `main`.`NhiemVu`.`kpi`, `main`.`NhiemVu`.`nguonKiemChung`, `main`.`NhiemVu`.`trangThai`, `main`.`NhiemVu`.`tienDo`, `main`.`NhiemVu`.`lop`, `main`.`NhiemVu`.`phuongAnXuLy`, `main`.`NhiemVu`.`ghiChu`, `main`.`NhiemVu`.`createdAt`, `main`.`NhiemVu`.`updatedAt` FROM `main`.`NhiemVu` WHERE 1=1 ORDER BY `main`.`NhiemVu`.`uuTien` ASC, `main`.`NhiemVu`.`thoiHan` ASC LIMIT ? OFFSET ?
prisma:query SELECT `main`.`DonVi`.`id`, `main`.`DonVi`.`ten`, `main`.`DonVi`.`loai`, `main`.`DonVi`.`parentId`, `main`.`DonVi`.`createdAt` FROM `main`.`DonVi` WHERE `main`.`DonVi`.`id` IN (?,?,?) LIMIT ? OFFSET ?
prisma:query SELECT `main`.`_HeThongNhiemVu`.`B`, `main`.`_HeThongNhiemVu`.`A` FROM `main`.`_HeThongNhiemVu` WHERE `main`.`_HeThongNhiemVu`.`B` IN (?,?,?,?,?,?,?,?,?)
prisma:query SELECT `main`.`HeThongSo`.`id`, `main`.`HeThongSo`.`ma`, `main`.`HeThongSo`.`ten`, `main`.`HeThongSo`.`loai`, `main`.`HeThongSo`.`lop`, `main`.`HeThongSo`.`moTa`, `main`.`HeThongSo`.`chuQuan`, `main`.`HeThongSo`.`trangThai`, `main`.`HeThongSo`.`namTrienKhai`, `main`.`HeThongSo`.`donViId`, `main`.`HeThongSo`.`createdAt`, `main`.`HeThongSo`.`updatedAt` FROM `main`.`HeThongSo` WHERE `main`.`HeThongSo`.`id` IN (?,?,?,?,?,?) LIMIT ? OFFSET ?
 GET /api/nhiem-vu 200 in 15ms (next.js: 5ms, application-code: 10ms)
prisma:query SELECT `main`.`NhiemVu`.`id`, `main`.`NhiemVu`.`ma`, `main`.`NhiemVu`.`ten`, `main`.`NhiemVu`.`moTa`, `main`.`NhiemVu`.`donViChuTriId`, `main`.`NhiemVu`.`uuTien`, `main`.`NhiemVu`.`thoiHan`, `main`.`NhiemVu`.`giaiDoan`, `main`.`NhiemVu`.`kpi`, `main`.`NhiemVu`.`nguonKiemChung`, `main`.`NhiemVu`.`trangThai`, `main`.`NhiemVu`.`tienDo`, `main`.`NhiemVu`.`lop`, `main`.`NhiemVu`.`phuongAnXuLy`, `main`.`NhiemVu`.`ghiChu`, `main`.`NhiemVu`.`createdAt`, `main`.`NhiemVu`.`updatedAt` FROM `main`.`NhiemVu` WHERE 1=1 ORDER BY `main`.`NhiemVu`.`uuTien` ASC, `main`.`NhiemVu`.`thoiHan` ASC LIMIT ? OFFSET ?
prisma:query SELECT `main`.`DonVi`.`id`, `main`.`DonVi`.`ten`, `main`.`DonVi`.`loai`, `main`.`DonVi`.`parentId`, `main`.`DonVi`.`createdAt` FROM `main`.`DonVi` WHERE `main`.`DonVi`.`id` IN (?,?,?) LIMIT ? OFFSET ?
prisma:query SELECT `main`.`_HeThongNhiemVu`.`B`, `main`.`_HeThongNhiemVu`.`A` FROM `main`.`_HeThongNhiemVu` WHERE `main`.`_HeThongNhiemVu`.`B` IN (?,?,?,?,?,?,?,?,?)
prisma:query SELECT `main`.`HeThongSo`.`id`, `main`.`HeThongSo`.`ma`, `main`.`HeThongSo`.`ten`, `main`.`HeThongSo`.`loai`, `main`.`HeThongSo`.`lop`, `main`.`HeThongSo`.`moTa`, `main`.`HeThongSo`.`chuQuan`, `main`.`HeThongSo`.`trangThai`, `main`.`HeThongSo`.`namTrienKhai`, `main`.`HeThongSo`.`donViId`, `main`.`HeThongSo`.`createdAt`, `main`.`HeThongSo`.`updatedAt` FROM `main`.`HeThongSo` WHERE `main`.`HeThongSo`.`id` IN (?,?,?,?,?,?) LIMIT ? OFFSET ?
 GET /api/nhiem-vu 200 in 21ms (next.js: 6ms, application-code: 14ms)
 GET /kts/hien-trang 200 in 33ms (next.js: 8ms, application-code: 26ms)
prisma:query SELECT `main`.`HeThongSo`.`id`, `main`.`HeThongSo`.`ma`, `main`.`HeThongSo`.`ten`, `main`.`HeThongSo`.`loai`, `main`.`HeThongSo`.`lop`, `main`.`HeThongSo`.`moTa`, `main`.`HeThongSo`.`chuQuan`, `main`.`HeThongSo`.`trangThai`, `main`.`HeThongSo`.`namTrienKhai`, `main`.`HeThongSo`.`donViId`, `main`.`HeThongSo`.`createdAt`, `main`.`HeThongSo`.`updatedAt` FROM `main`.`HeThongSo` WHERE 1=1 ORDER BY `main`.`HeThongSo`.`lop` ASC, `main`.`HeThongSo`.`ma` ASC LIMIT ? OFFSET ?
prisma:query SELECT `main`.`DonVi`.`id`, `main`.`DonVi`.`ten`, `main`.`DonVi`.`loai`, `main`.`DonVi`.`parentId`, `main`.`DonVi`.`createdAt` FROM `main`.`DonVi` WHERE `main`.`DonVi`.`id` IN (?,?,?,?) LIMIT ? OFFSET ?
prisma:query SELECT `main`.`_HeThongNhiemVu`.`A`, `main`.`_HeThongNhiemVu`.`B` FROM `main`.`_HeThongNhiemVu` WHERE `main`.`_HeThongNhiemVu`.`A` IN (?,?,?,?,?,?,?,?,?,?,?,?,?,?,?,?,?,?,?,?,?,?,?,?,?,?,?,?,?,?,?,?,?,?,?,?,?,?,?,?,?,?,?,?,?,?,?,?,?,?,?,?,?,?,?,?,?,?,?,?,?,?,?,?,?,?,?,?,?,?,?,?,?,?,?,?,?,?,?,?,?,?,?,?,?,?,?,?,?,?,?,?,?,?,?,?,?,?,?,?,?,?,?,?,?,?,?,?,?,?,?,?,?,?,?,?,?,?,?,?,?,?,?,?,?,?,?,?,?,?,?,?,?,?,?,?,?,?,?,?,?,?,?,?,?,?,?,?,?,?,?,?,?,?,?,?,?,?,?,?,?,?,?,?,?,?,?,?,?,?,?,?,?,?,?,?,?,?,?,?,?,?,?,?,?,?,?,?,?,?,?,?,?,?,?,?,?,?,?,?,?,?,?,?,?,?,?,?,?,?,?,?,?,?,?,?,?,?,?,?,?,?,?,?,?,?,?,?,?,?,?,?,?,?,?,?,?,?,?,?,?,?,?,?,?,?,?,?,?,?,?,?,?,?,?,?,?,?,?,?,?,?,?,?,?,?,?,?,?,?,?,?,?,?,?,?,?,?,?,?,?,?,?,?,?,?,?,?,?,?,?,?,?,?,?,?,?,?,?,?,?,?,?,?,?,?,?,?,?,?,?,?,?,?,?,?,?,?,?,?,?,?,?,?,?,?,?,?,?,?,?,?,?,?,?,?,?,?,?,?,?,?,?,?,?,?,?,?,?,?,?,?,?,?,?,?,?,?,?,?,?,?,?,?,?,?,?,?,?,?,?,?,?,?,?,?,?,?,?,?,?,?,?,?,?,?,?,?,?)
prisma:query SELECT `main`.`NhiemVu`.`id`, `main`.`NhiemVu`.`ma`, `main`.`NhiemVu`.`ten`, `main`.`NhiemVu`.`moTa`, `main`.`NhiemVu`.`donViChuTriId`, `main`.`NhiemVu`.`uuTien`, `main`.`NhiemVu`.`thoiHan`, `main`.`NhiemVu`.`giaiDoan`, `main`.`NhiemVu`.`kpi`, `main`.`NhiemVu`.`nguonKiemChung`, `main`.`NhiemVu`.`trangThai`, `main`.`NhiemVu`.`tienDo`, `main`.`NhiemVu`.`lop`, `main`.`NhiemVu`.`phuongAnXuLy`, `main`.`NhiemVu`.`ghiChu`, `main`.`NhiemVu`.`createdAt`, `main`.`NhiemVu`.`updatedAt` FROM `main`.`NhiemVu` WHERE `main`.`NhiemVu`.`id` IN (?,?,?,?,?,?) LIMIT ? OFFSET ?
 GET /api/he-thong 200 in 38ms (next.js: 4ms, application-code: 33ms)
prisma:query SELECT `main`.`HeThongSo`.`id`, `main`.`HeThongSo`.`ma`, `main`.`HeThongSo`.`ten`, `main`.`HeThongSo`.`loai`, `main`.`HeThongSo`.`lop`, `main`.`HeThongSo`.`moTa`, `main`.`HeThongSo`.`chuQuan`, `main`.`HeThongSo`.`trangThai`, `main`.`HeThongSo`.`namTrienKhai`, `main`.`HeThongSo`.`donViId`, `main`.`HeThongSo`.`createdAt`, `main`.`HeThongSo`.`updatedAt` FROM `main`.`HeThongSo` WHERE 1=1 ORDER BY `main`.`HeThongSo`.`lop` ASC, `main`.`HeThongSo`.`ma` ASC LIMIT ? OFFSET ?
prisma:query SELECT `main`.`DonVi`.`id`, `main`.`DonVi`.`ten`, `main`.`DonVi`.`loai`, `main`.`DonVi`.`parentId`, `main`.`DonVi`.`createdAt` FROM `main`.`DonVi` WHERE `main`.`DonVi`.`id` IN (?,?,?,?) LIMIT ? OFFSET ?
prisma:query SELECT `main`.`_HeThongNhiemVu`.`A`, `main`.`_HeThongNhiemVu`.`B` FROM `main`.`_HeThongNhiemVu` WHERE `main`.`_HeThongNhiemVu`.`A` IN (?,?,?,?,?,?,?,?,?,?,?,?,?,?,?,?,?,?,?,?,?,?,?,?,?,?,?,?,?,?,?,?,?,?,?,?,?,?,?,?,?,?,?,?,?,?,?,?,?,?,?,?,?,?,?,?,?,?,?,?,?,?,?,?,?,?,?,?,?,?,?,?,?,?,?,?,?,?,?,?,?,?,?,?,?,?,?,?,?,?,?,?,?,?,?,?,?,?,?,?,?,?,?,?,?,?,?,?,?,?,?,?,?,?,?,?,?,?,?,?,?,?,?,?,?,?,?,?,?,?,?,?,?,?,?,?,?,?,?,?,?,?,?,?,?,?,?,?,?,?,?,?,?,?,?,?,?,?,?,?,?,?,?,?,?,?,?,?,?,?,?,?,?,?,?,?,?,?,?,?,?,?,?,?,?,?,?,?,?,?,?,?,?,?,?,?,?,?,?,?,?,?,?,?,?,?,?,?,?,?,?,?,?,?,?,?,?,?,?,?,?,?,?,?,?,?,?,?,?,?,?,?,?,?,?,?,?,?,?,?,?,?,?,?,?,?,?,?,?,?,?,?,?,?,?,?,?,?,?,?,?,?,?,?,?,?,?,?,?,?,?,?,?,?,?,?,?,?,?,?,?,?,?,?,?,?,?,?,?,?,?,?,?,?,?,?,?,?,?,?,?,?,?,?,?,?,?,?,?,?,?,?,?,?,?,?,?,?,?,?,?,?,?,?,?,?,?,?,?,?,?,?,?,?,?,?,?,?,?,?,?,?,?,?,?,?,?,?,?,?,?,?,?,?,?,?,?,?,?,?,?,?,?,?,?,?,?,?,?,?,?,?,?,?,?,?,?,?,?,?,?,?,?,?,?,?,?,?,?)
prisma:query SELECT `main`.`NhiemVu`.`id`, `main`.`NhiemVu`.`ma`, `main`.`NhiemVu`.`ten`, `main`.`NhiemVu`.`moTa`, `main`.`NhiemVu`.`donViChuTriId`, `main`.`NhiemVu`.`uuTien`, `main`.`NhiemVu`.`thoiHan`, `main`.`NhiemVu`.`giaiDoan`, `main`.`NhiemVu`.`kpi`, `main`.`NhiemVu`.`nguonKiemChung`, `main`.`NhiemVu`.`trangThai`, `main`.`NhiemVu`.`tienDo`, `main`.`NhiemVu`.`lop`, `main`.`NhiemVu`.`phuongAnXuLy`, `main`.`NhiemVu`.`ghiChu`, `main`.`NhiemVu`.`createdAt`, `main`.`NhiemVu`.`updatedAt` FROM `main`.`NhiemVu` WHERE `main`.`NhiemVu`.`id` IN (?,?,?,?,?,?) LIMIT ? OFFSET ?
 GET /api/he-thong 200 in 36ms (next.js: 5ms, application-code: 30ms)
✓ Compiled in 344ms
[browser] ./src/app/(portal)/kts/hien-trang/page.tsx:570:19
Error: Expected '</', got 'jsx text'
  568 |                 </ResponsiveContainer>
  569 |               </div>
> 570 |             </Col>
      |                   ^^^^^^^^^^^^^^^^^^^^^^^^^^^^^^^^^^^^^^^^^^^^^^^^^^^^^^^^^^^^^^^^^^^^^^^^^^
> 571 |           </Row>
      | ^^^^^^^^^^
  572 |
  573 |         {/* Top Departments & Historical Deployment Year */}
  574 |         <Row gutter={[16, 16]}>

Parsing ecmascript source code failed

Import traces:
  Client Component Browser:
    ./src/app/(portal)/kts/hien-trang/page.tsx [Client Component Browser]
    ./src/app/(portal)/kts/hien-trang/page.tsx [Server Component]

  Client Component SSR:
    ./src/app/(portal)/kts/hien-trang/page.tsx [Client Component SSR]
    ./src/app/(portal)/kts/hien-trang/page.tsx [Server Component] 
[browser] ./src/app/(portal)/kts/hien-trang/page.tsx:570:19
Error: Expected '</', got 'jsx text'
  568 |                 </ResponsiveContainer>
  569 |               </div>
> 570 |             </Col>
      |                   ^^^^^^^^^^^^^^^^^^^^^^^^^^^^^^^^^^^^^^^^^^^^^^^^^^^^^^^^^^^^^^^^^^^^^^^^^^
> 571 |           </Row>
      | ^^^^^^^^^^
  572 |
  573 |         {/* Top Departments & Historical Deployment Year */}
  574 |         <Row gutter={[16, 16]}>

Parsing ecmascript source code failed

Import traces:
  Client Component Browser:
    ./src/app/(portal)/kts/hien-trang/page.tsx [Client Component Browser]
    ./src/app/(portal)/kts/hien-trang/page.tsx [Server Component]

  Client Component SSR:
    ./src/app/(portal)/kts/hien-trang/page.tsx [Client Component SSR]
    ./src/app/(portal)/kts/hien-trang/page.tsx [Server Component] 
 GET /kts/hien-trang 200 in 48ms (next.js: 25ms, application-code: 23ms)
 GET /kts/hien-trang 200 in 23ms (next.js: 6ms, application-code: 18ms)
✓ Compiled in 124ms
 GET /kts/hien-trang 200 in 28ms (next.js: 7ms, application-code: 21ms)
✓ Compiled in 297ms
 GET /kts/hien-trang 200 in 680ms (next.js: 11ms, application-code: 668ms)
prisma:query SELECT 1
prisma:query SELECT `main`.`HeThongSo`.`id`, `main`.`HeThongSo`.`ma`, `main`.`HeThongSo`.`ten`, `main`.`HeThongSo`.`loai`, `main`.`HeThongSo`.`lop`, `main`.`HeThongSo`.`moTa`, `main`.`HeThongSo`.`chuQuan`, `main`.`HeThongSo`.`trangThai`, `main`.`HeThongSo`.`namTrienKhai`, `main`.`HeThongSo`.`donViId`, `main`.`HeThongSo`.`createdAt`, `main`.`HeThongSo`.`updatedAt` FROM `main`.`HeThongSo` WHERE 1=1 ORDER BY `main`.`HeThongSo`.`lop` ASC, `main`.`HeThongSo`.`ma` ASC LIMIT ? OFFSET ?
prisma:query SELECT `main`.`DonVi`.`id`, `main`.`DonVi`.`ten`, `main`.`DonVi`.`loai`, `main`.`DonVi`.`parentId`, `main`.`DonVi`.`createdAt` FROM `main`.`DonVi` WHERE `main`.`DonVi`.`id` IN (?,?,?,?) LIMIT ? OFFSET ?
prisma:query SELECT `main`.`_HeThongNhiemVu`.`A`, `main`.`_HeThongNhiemVu`.`B` FROM `main`.`_HeThongNhiemVu` WHERE `main`.`_HeThongNhiemVu`.`A` IN (?,?,?,?,?,?,?,?,?,?,?,?,?,?,?,?,?,?,?,?,?,?,?,?,?,?,?,?,?,?,?,?,?,?,?,?,?,?,?,?,?,?,?,?,?,?,?,?,?,?,?,?,?,?,?,?,?,?,?,?,?,?,?,?,?,?,?,?,?,?,?,?,?,?,?,?,?,?,?,?,?,?,?,?,?,?,?,?,?,?,?,?,?,?,?,?,?,?,?,?,?,?,?,?,?,?,?,?,?,?,?,?,?,?,?,?,?,?,?,?,?,?,?,?,?,?,?,?,?,?,?,?,?,?,?,?,?,?,?,?,?,?,?,?,?,?,?,?,?,?,?,?,?,?,?,?,?,?,?,?,?,?,?,?,?,?,?,?,?,?,?,?,?,?,?,?,?,?,?,?,?,?,?,?,?,?,?,?,?,?,?,?,?,?,?,?,?,?,?,?,?,?,?,?,?,?,?,?,?,?,?,?,?,?,?,?,?,?,?,?,?,?,?,?,?,?,?,?,?,?,?,?,?,?,?,?,?,?,?,?,?,?,?,?,?,?,?,?,?,?,?,?,?,?,?,?,?,?,?,?,?,?,?,?,?,?,?,?,?,?,?,?,?,?,?,?,?,?,?,?,?,?,?,?,?,?,?,?,?,?,?,?,?,?,?,?,?,?,?,?,?,?,?,?,?,?,?,?,?,?,?,?,?,?,?,?,?,?,?,?,?,?,?,?,?,?,?,?,?,?,?,?,?,?,?,?,?,?,?,?,?,?,?,?,?,?,?,?,?,?,?,?,?,?,?,?,?,?,?,?,?,?,?,?,?,?,?,?,?,?,?,?,?,?,?,?,?,?,?,?,?,?,?,?,?,?,?,?,?)
prisma:query SELECT `main`.`NhiemVu`.`id`, `main`.`NhiemVu`.`ma`, `main`.`NhiemVu`.`ten`, `main`.`NhiemVu`.`moTa`, `main`.`NhiemVu`.`donViChuTriId`, `main`.`NhiemVu`.`uuTien`, `main`.`NhiemVu`.`thoiHan`, `main`.`NhiemVu`.`giaiDoan`, `main`.`NhiemVu`.`kpi`, `main`.`NhiemVu`.`nguonKiemChung`, `main`.`NhiemVu`.`trangThai`, `main`.`NhiemVu`.`tienDo`, `main`.`NhiemVu`.`lop`, `main`.`NhiemVu`.`phuongAnXuLy`, `main`.`NhiemVu`.`ghiChu`, `main`.`NhiemVu`.`createdAt`, `main`.`NhiemVu`.`updatedAt` FROM `main`.`NhiemVu` WHERE `main`.`NhiemVu`.`id` IN (?,?,?,?,?,?) LIMIT ? OFFSET ?
 GET /api/he-thong 200 in 46ms (next.js: 6ms, application-code: 40ms)
prisma:query SELECT `main`.`HeThongSo`.`id`, `main`.`HeThongSo`.`ma`, `main`.`HeThongSo`.`ten`, `main`.`HeThongSo`.`loai`, `main`.`HeThongSo`.`lop`, `main`.`HeThongSo`.`moTa`, `main`.`HeThongSo`.`chuQuan`, `main`.`HeThongSo`.`trangThai`, `main`.`HeThongSo`.`namTrienKhai`, `main`.`HeThongSo`.`donViId`, `main`.`HeThongSo`.`createdAt`, `main`.`HeThongSo`.`updatedAt` FROM `main`.`HeThongSo` WHERE 1=1 ORDER BY `main`.`HeThongSo`.`lop` ASC, `main`.`HeThongSo`.`ma` ASC LIMIT ? OFFSET ?
prisma:query SELECT `main`.`DonVi`.`id`, `main`.`DonVi`.`ten`, `main`.`DonVi`.`loai`, `main`.`DonVi`.`parentId`, `main`.`DonVi`.`createdAt` FROM `main`.`DonVi` WHERE `main`.`DonVi`.`id` IN (?,?,?,?) LIMIT ? OFFSET ?
prisma:query SELECT `main`.`_HeThongNhiemVu`.`A`, `main`.`_HeThongNhiemVu`.`B` FROM `main`.`_HeThongNhiemVu` WHERE `main`.`_HeThongNhiemVu`.`A` IN (?,?,?,?,?,?,?,?,?,?,?,?,?,?,?,?,?,?,?,?,?,?,?,?,?,?,?,?,?,?,?,?,?,?,?,?,?,?,?,?,?,?,?,?,?,?,?,?,?,?,?,?,?,?,?,?,?,?,?,?,?,?,?,?,?,?,?,?,?,?,?,?,?,?,?,?,?,?,?,?,?,?,?,?,?,?,?,?,?,?,?,?,?,?,?,?,?,?,?,?,?,?,?,?,?,?,?,?,?,?,?,?,?,?,?,?,?,?,?,?,?,?,?,?,?,?,?,?,?,?,?,?,?,?,?,?,?,?,?,?,?,?,?,?,?,?,?,?,?,?,?,?,?,?,?,?,?,?,?,?,?,?,?,?,?,?,?,?,?,?,?,?,?,?,?,?,?,?,?,?,?,?,?,?,?,?,?,?,?,?,?,?,?,?,?,?,?,?,?,?,?,?,?,?,?,?,?,?,?,?,?,?,?,?,?,?,?,?,?,?,?,?,?,?,?,?,?,?,?,?,?,?,?,?,?,?,?,?,?,?,?,?,?,?,?,?,?,?,?,?,?,?,?,?,?,?,?,?,?,?,?,?,?,?,?,?,?,?,?,?,?,?,?,?,?,?,?,?,?,?,?,?,?,?,?,?,?,?,?,?,?,?,?,?,?,?,?,?,?,?,?,?,?,?,?,?,?,?,?,?,?,?,?,?,?,?,?,?,?,?,?,?,?,?,?,?,?,?,?,?,?,?,?,?,?,?,?,?,?,?,?,?,?,?,?,?,?,?,?,?,?,?,?,?,?,?,?,?,?,?,?,?,?,?,?,?,?,?,?,?,?,?,?,?,?,?,?,?,?,?,?,?,?,?,?,?,?,?,?)
prisma:query SELECT `main`.`NhiemVu`.`id`, `main`.`NhiemVu`.`ma`, `main`.`NhiemVu`.`ten`, `main`.`NhiemVu`.`moTa`, `main`.`NhiemVu`.`donViChuTriId`, `main`.`NhiemVu`.`uuTien`, `main`.`NhiemVu`.`thoiHan`, `main`.`NhiemVu`.`giaiDoan`, `main`.`NhiemVu`.`kpi`, `main`.`NhiemVu`.`nguonKiemChung`, `main`.`NhiemVu`.`trangThai`, `main`.`NhiemVu`.`tienDo`, `main`.`NhiemVu`.`lop`, `main`.`NhiemVu`.`phuongAnXuLy`, `main`.`NhiemVu`.`ghiChu`, `main`.`NhiemVu`.`createdAt`, `main`.`NhiemVu`.`updatedAt` FROM `main`.`NhiemVu` WHERE `main`.`NhiemVu`.`id` IN (?,?,?,?,?,?) LIMIT ? OFFSET ?
 GET /api/he-thong 200 in 42ms (next.js: 7ms, application-code: 35ms)
[browser] Warning: [antd: Modal] `destroyOnClose` is deprecated. Please use `destroyOnHidden` instead. 
    at Array.forEach (<anonymous>) (<anonymous>)
 GET /kts/lo-trinh 200 in 89ms (next.js: 60ms, application-code: 28ms)
prisma:query SELECT 1
prisma:query SELECT `main`.`NhiemVu`.`id`, `main`.`NhiemVu`.`ma`, `main`.`NhiemVu`.`ten`, `main`.`NhiemVu`.`moTa`, `main`.`NhiemVu`.`donViChuTriId`, `main`.`NhiemVu`.`uuTien`, `main`.`NhiemVu`.`thoiHan`, `main`.`NhiemVu`.`giaiDoan`, `main`.`NhiemVu`.`kpi`, `main`.`NhiemVu`.`nguonKiemChung`, `main`.`NhiemVu`.`trangThai`, `main`.`NhiemVu`.`tienDo`, `main`.`NhiemVu`.`lop`, `main`.`NhiemVu`.`phuongAnXuLy`, `main`.`NhiemVu`.`ghiChu`, `main`.`NhiemVu`.`createdAt`, `main`.`NhiemVu`.`updatedAt` FROM `main`.`NhiemVu` WHERE 1=1 ORDER BY `main`.`NhiemVu`.`uuTien` ASC, `main`.`NhiemVu`.`thoiHan` ASC LIMIT ? OFFSET ?
prisma:query SELECT `main`.`DonVi`.`id`, `main`.`DonVi`.`ten`, `main`.`DonVi`.`loai`, `main`.`DonVi`.`parentId`, `main`.`DonVi`.`createdAt` FROM `main`.`DonVi` WHERE `main`.`DonVi`.`id` IN (?,?,?) LIMIT ? OFFSET ?
prisma:query SELECT `main`.`_HeThongNhiemVu`.`B`, `main`.`_HeThongNhiemVu`.`A` FROM `main`.`_HeThongNhiemVu` WHERE `main`.`_HeThongNhiemVu`.`B` IN (?,?,?,?,?,?,?,?,?)
prisma:query SELECT `main`.`HeThongSo`.`id`, `main`.`HeThongSo`.`ma`, `main`.`HeThongSo`.`ten`, `main`.`HeThongSo`.`loai`, `main`.`HeThongSo`.`lop`, `main`.`HeThongSo`.`moTa`, `main`.`HeThongSo`.`chuQuan`, `main`.`HeThongSo`.`trangThai`, `main`.`HeThongSo`.`namTrienKhai`, `main`.`HeThongSo`.`donViId`, `main`.`HeThongSo`.`createdAt`, `main`.`HeThongSo`.`updatedAt` FROM `main`.`HeThongSo` WHERE `main`.`HeThongSo`.`id` IN (?,?,?,?,?,?) LIMIT ? OFFSET ?
 GET /api/nhiem-vu 200 in 24ms (next.js: 5ms, application-code: 18ms)
prisma:query SELECT `main`.`NhiemVu`.`id`, `main`.`NhiemVu`.`ma`, `main`.`NhiemVu`.`ten`, `main`.`NhiemVu`.`moTa`, `main`.`NhiemVu`.`donViChuTriId`, `main`.`NhiemVu`.`uuTien`, `main`.`NhiemVu`.`thoiHan`, `main`.`NhiemVu`.`giaiDoan`, `main`.`NhiemVu`.`kpi`, `main`.`NhiemVu`.`nguonKiemChung`, `main`.`NhiemVu`.`trangThai`, `main`.`NhiemVu`.`tienDo`, `main`.`NhiemVu`.`lop`, `main`.`NhiemVu`.`phuongAnXuLy`, `main`.`NhiemVu`.`ghiChu`, `main`.`NhiemVu`.`createdAt`, `main`.`NhiemVu`.`updatedAt` FROM `main`.`NhiemVu` WHERE 1=1 ORDER BY `main`.`NhiemVu`.`uuTien` ASC, `main`.`NhiemVu`.`thoiHan` ASC LIMIT ? OFFSET ?
prisma:query SELECT `main`.`DonVi`.`id`, `main`.`DonVi`.`ten`, `main`.`DonVi`.`loai`, `main`.`DonVi`.`parentId`, `main`.`DonVi`.`createdAt` FROM `main`.`DonVi` WHERE `main`.`DonVi`.`id` IN (?,?,?) LIMIT ? OFFSET ?
prisma:query SELECT `main`.`_HeThongNhiemVu`.`B`, `main`.`_HeThongNhiemVu`.`A` FROM `main`.`_HeThongNhiemVu` WHERE `main`.`_HeThongNhiemVu`.`B` IN (?,?,?,?,?,?,?,?,?)
prisma:query SELECT `main`.`HeThongSo`.`id`, `main`.`HeThongSo`.`ma`, `main`.`HeThongSo`.`ten`, `main`.`HeThongSo`.`loai`, `main`.`HeThongSo`.`lop`, `main`.`HeThongSo`.`moTa`, `main`.`HeThongSo`.`chuQuan`, `main`.`HeThongSo`.`trangThai`, `main`.`HeThongSo`.`namTrienKhai`, `main`.`HeThongSo`.`donViId`, `main`.`HeThongSo`.`createdAt`, `main`.`HeThongSo`.`updatedAt` FROM `main`.`HeThongSo` WHERE `main`.`HeThongSo`.`id` IN (?,?,?,?,?,?) LIMIT ? OFFSET ?
 GET /api/nhiem-vu 200 in 20ms (next.js: 6ms, application-code: 14ms)
 GET /kts/lo-trinh 200 in 38ms (next.js: 7ms, application-code: 31ms)
✓ Compiled in 167ms
 GET /kts/lo-trinh 200 in 43ms (next.js: 11ms, application-code: 32ms)
 GET /kts/hien-trang 200 in 57ms (next.js: 32ms, application-code: 25ms)
prisma:query SELECT 1
prisma:query SELECT `main`.`HeThongSo`.`id`, `main`.`HeThongSo`.`ma`, `main`.`HeThongSo`.`ten`, `main`.`HeThongSo`.`loai`, `main`.`HeThongSo`.`lop`, `main`.`HeThongSo`.`moTa`, `main`.`HeThongSo`.`chuQuan`, `main`.`HeThongSo`.`trangThai`, `main`.`HeThongSo`.`namTrienKhai`, `main`.`HeThongSo`.`donViId`, `main`.`HeThongSo`.`createdAt`, `main`.`HeThongSo`.`updatedAt` FROM `main`.`HeThongSo` WHERE 1=1 ORDER BY `main`.`HeThongSo`.`lop` ASC, `main`.`HeThongSo`.`ma` ASC LIMIT ? OFFSET ?
prisma:query SELECT `main`.`DonVi`.`id`, `main`.`DonVi`.`ten`, `main`.`DonVi`.`loai`, `main`.`DonVi`.`parentId`, `main`.`DonVi`.`createdAt` FROM `main`.`DonVi` WHERE `main`.`DonVi`.`id` IN (?,?,?,?) LIMIT ? OFFSET ?
prisma:query SELECT `main`.`_HeThongNhiemVu`.`A`, `main`.`_HeThongNhiemVu`.`B` FROM `main`.`_HeThongNhiemVu` WHERE `main`.`_HeThongNhiemVu`.`A` IN (?,?,?,?,?,?,?,?,?,?,?,?,?,?,?,?,?,?,?,?,?,?,?,?,?,?,?,?,?,?,?,?,?,?,?,?,?,?,?,?,?,?,?,?,?,?,?,?,?,?,?,?,?,?,?,?,?,?,?,?,?,?,?,?,?,?,?,?,?,?,?,?,?,?,?,?,?,?,?,?,?,?,?,?,?,?,?,?,?,?,?,?,?,?,?,?,?,?,?,?,?,?,?,?,?,?,?,?,?,?,?,?,?,?,?,?,?,?,?,?,?,?,?,?,?,?,?,?,?,?,?,?,?,?,?,?,?,?,?,?,?,?,?,?,?,?,?,?,?,?,?,?,?,?,?,?,?,?,?,?,?,?,?,?,?,?,?,?,?,?,?,?,?,?,?,?,?,?,?,?,?,?,?,?,?,?,?,?,?,?,?,?,?,?,?,?,?,?,?,?,?,?,?,?,?,?,?,?,?,?,?,?,?,?,?,?,?,?,?,?,?,?,?,?,?,?,?,?,?,?,?,?,?,?,?,?,?,?,?,?,?,?,?,?,?,?,?,?,?,?,?,?,?,?,?,?,?,?,?,?,?,?,?,?,?,?,?,?,?,?,?,?,?,?,?,?,?,?,?,?,?,?,?,?,?,?,?,?,?,?,?,?,?,?,?,?,?,?,?,?,?,?,?,?,?,?,?,?,?,?,?,?,?,?,?,?,?,?,?,?,?,?,?,?,?,?,?,?,?,?,?,?,?,?,?,?,?,?,?,?,?,?,?,?,?,?,?,?,?,?,?,?,?,?,?,?,?,?,?,?,?,?,?,?,?,?,?,?,?,?,?,?,?,?,?,?,?,?,?,?,?,?,?,?,?,?,?,?,?)
prisma:query SELECT `main`.`NhiemVu`.`id`, `main`.`NhiemVu`.`ma`, `main`.`NhiemVu`.`ten`, `main`.`NhiemVu`.`moTa`, `main`.`NhiemVu`.`donViChuTriId`, `main`.`NhiemVu`.`uuTien`, `main`.`NhiemVu`.`thoiHan`, `main`.`NhiemVu`.`giaiDoan`, `main`.`NhiemVu`.`kpi`, `main`.`NhiemVu`.`nguonKiemChung`, `main`.`NhiemVu`.`trangThai`, `main`.`NhiemVu`.`tienDo`, `main`.`NhiemVu`.`lop`, `main`.`NhiemVu`.`phuongAnXuLy`, `main`.`NhiemVu`.`ghiChu`, `main`.`NhiemVu`.`createdAt`, `main`.`NhiemVu`.`updatedAt` FROM `main`.`NhiemVu` WHERE `main`.`NhiemVu`.`id` IN (?,?,?,?,?,?) LIMIT ? OFFSET ?
 GET /api/he-thong 200 in 36ms (next.js: 4ms, application-code: 32ms)
prisma:query SELECT `main`.`HeThongSo`.`id`, `main`.`HeThongSo`.`ma`, `main`.`HeThongSo`.`ten`, `main`.`HeThongSo`.`loai`, `main`.`HeThongSo`.`lop`, `main`.`HeThongSo`.`moTa`, `main`.`HeThongSo`.`chuQuan`, `main`.`HeThongSo`.`trangThai`, `main`.`HeThongSo`.`namTrienKhai`, `main`.`HeThongSo`.`donViId`, `main`.`HeThongSo`.`createdAt`, `main`.`HeThongSo`.`updatedAt` FROM `main`.`HeThongSo` WHERE 1=1 ORDER BY `main`.`HeThongSo`.`lop` ASC, `main`.`HeThongSo`.`ma` ASC LIMIT ? OFFSET ?
prisma:query SELECT `main`.`DonVi`.`id`, `main`.`DonVi`.`ten`, `main`.`DonVi`.`loai`, `main`.`DonVi`.`parentId`, `main`.`DonVi`.`createdAt` FROM `main`.`DonVi` WHERE `main`.`DonVi`.`id` IN (?,?,?,?) LIMIT ? OFFSET ?
prisma:query SELECT `main`.`_HeThongNhiemVu`.`A`, `main`.`_HeThongNhiemVu`.`B` FROM `main`.`_HeThongNhiemVu` WHERE `main`.`_HeThongNhiemVu`.`A` IN (?,?,?,?,?,?,?,?,?,?,?,?,?,?,?,?,?,?,?,?,?,?,?,?,?,?,?,?,?,?,?,?,?,?,?,?,?,?,?,?,?,?,?,?,?,?,?,?,?,?,?,?,?,?,?,?,?,?,?,?,?,?,?,?,?,?,?,?,?,?,?,?,?,?,?,?,?,?,?,?,?,?,?,?,?,?,?,?,?,?,?,?,?,?,?,?,?,?,?,?,?,?,?,?,?,?,?,?,?,?,?,?,?,?,?,?,?,?,?,?,?,?,?,?,?,?,?,?,?,?,?,?,?,?,?,?,?,?,?,?,?,?,?,?,?,?,?,?,?,?,?,?,?,?,?,?,?,?,?,?,?,?,?,?,?,?,?,?,?,?,?,?,?,?,?,?,?,?,?,?,?,?,?,?,?,?,?,?,?,?,?,?,?,?,?,?,?,?,?,?,?,?,?,?,?,?,?,?,?,?,?,?,?,?,?,?,?,?,?,?,?,?,?,?,?,?,?,?,?,?,?,?,?,?,?,?,?,?,?,?,?,?,?,?,?,?,?,?,?,?,?,?,?,?,?,?,?,?,?,?,?,?,?,?,?,?,?,?,?,?,?,?,?,?,?,?,?,?,?,?,?,?,?,?,?,?,?,?,?,?,?,?,?,?,?,?,?,?,?,?,?,?,?,?,?,?,?,?,?,?,?,?,?,?,?,?,?,?,?,?,?,?,?,?,?,?,?,?,?,?,?,?,?,?,?,?,?,?,?,?,?,?,?,?,?,?,?,?,?,?,?,?,?,?,?,?,?,?,?,?,?,?,?,?,?,?,?,?,?,?,?,?,?,?,?,?,?,?,?,?,?,?,?,?,?,?,?,?,?)
prisma:query SELECT `main`.`NhiemVu`.`id`, `main`.`NhiemVu`.`ma`, `main`.`NhiemVu`.`ten`, `main`.`NhiemVu`.`moTa`, `main`.`NhiemVu`.`donViChuTriId`, `main`.`NhiemVu`.`uuTien`, `main`.`NhiemVu`.`thoiHan`, `main`.`NhiemVu`.`giaiDoan`, `main`.`NhiemVu`.`kpi`, `main`.`NhiemVu`.`nguonKiemChung`, `main`.`NhiemVu`.`trangThai`, `main`.`NhiemVu`.`tienDo`, `main`.`NhiemVu`.`lop`, `main`.`NhiemVu`.`phuongAnXuLy`, `main`.`NhiemVu`.`ghiChu`, `main`.`NhiemVu`.`createdAt`, `main`.`NhiemVu`.`updatedAt` FROM `main`.`NhiemVu` WHERE `main`.`NhiemVu`.`id` IN (?,?,?,?,?,?) LIMIT ? OFFSET ?
 GET /api/he-thong 200 in 37ms (next.js: 5ms, application-code: 32ms)
 GET /kts/lo-trinh 200 in 32ms (next.js: 7ms, application-code: 25ms)
prisma:query SELECT `main`.`NhiemVu`.`id`, `main`.`NhiemVu`.`ma`, `main`.`NhiemVu`.`ten`, `main`.`NhiemVu`.`moTa`, `main`.`NhiemVu`.`donViChuTriId`, `main`.`NhiemVu`.`uuTien`, `main`.`NhiemVu`.`thoiHan`, `main`.`NhiemVu`.`giaiDoan`, `main`.`NhiemVu`.`kpi`, `main`.`NhiemVu`.`nguonKiemChung`, `main`.`NhiemVu`.`trangThai`, `main`.`NhiemVu`.`tienDo`, `main`.`NhiemVu`.`lop`, `main`.`NhiemVu`.`phuongAnXuLy`, `main`.`NhiemVu`.`ghiChu`, `main`.`NhiemVu`.`createdAt`, `main`.`NhiemVu`.`updatedAt` FROM `main`.`NhiemVu` WHERE 1=1 ORDER BY `main`.`NhiemVu`.`uuTien` ASC, `main`.`NhiemVu`.`thoiHan` ASC LIMIT ? OFFSET ?
prisma:query SELECT `main`.`DonVi`.`id`, `main`.`DonVi`.`ten`, `main`.`DonVi`.`loai`, `main`.`DonVi`.`parentId`, `main`.`DonVi`.`createdAt` FROM `main`.`DonVi` WHERE `main`.`DonVi`.`id` IN (?,?,?) LIMIT ? OFFSET ?
prisma:query SELECT `main`.`_HeThongNhiemVu`.`B`, `main`.`_HeThongNhiemVu`.`A` FROM `main`.`_HeThongNhiemVu` WHERE `main`.`_HeThongNhiemVu`.`B` IN (?,?,?,?,?,?,?,?,?)
prisma:query SELECT `main`.`HeThongSo`.`id`, `main`.`HeThongSo`.`ma`, `main`.`HeThongSo`.`ten`, `main`.`HeThongSo`.`loai`, `main`.`HeThongSo`.`lop`, `main`.`HeThongSo`.`moTa`, `main`.`HeThongSo`.`chuQuan`, `main`.`HeThongSo`.`trangThai`, `main`.`HeThongSo`.`namTrienKhai`, `main`.`HeThongSo`.`donViId`, `main`.`HeThongSo`.`createdAt`, `main`.`HeThongSo`.`updatedAt` FROM `main`.`HeThongSo` WHERE `main`.`HeThongSo`.`id` IN (?,?,?,?,?,?) LIMIT ? OFFSET ?
 GET /api/nhiem-vu 200 in 17ms (next.js: 5ms, application-code: 12ms)
prisma:query SELECT `main`.`NhiemVu`.`id`, `main`.`NhiemVu`.`ma`, `main`.`NhiemVu`.`ten`, `main`.`NhiemVu`.`moTa`, `main`.`NhiemVu`.`donViChuTriId`, `main`.`NhiemVu`.`uuTien`, `main`.`NhiemVu`.`thoiHan`, `main`.`NhiemVu`.`giaiDoan`, `main`.`NhiemVu`.`kpi`, `main`.`NhiemVu`.`nguonKiemChung`, `main`.`NhiemVu`.`trangThai`, `main`.`NhiemVu`.`tienDo`, `main`.`NhiemVu`.`lop`, `main`.`NhiemVu`.`phuongAnXuLy`, `main`.`NhiemVu`.`ghiChu`, `main`.`NhiemVu`.`createdAt`, `main`.`NhiemVu`.`updatedAt` FROM `main`.`NhiemVu` WHERE 1=1 ORDER BY `main`.`NhiemVu`.`uuTien` ASC, `main`.`NhiemVu`.`thoiHan` ASC LIMIT ? OFFSET ?
prisma:query SELECT `main`.`DonVi`.`id`, `main`.`DonVi`.`ten`, `main`.`DonVi`.`loai`, `main`.`DonVi`.`parentId`, `main`.`DonVi`.`createdAt` FROM `main`.`DonVi` WHERE `main`.`DonVi`.`id` IN (?,?,?) LIMIT ? OFFSET ?
prisma:query SELECT `main`.`_HeThongNhiemVu`.`B`, `main`.`_HeThongNhiemVu`.`A` FROM `main`.`_HeThongNhiemVu` WHERE `main`.`_HeThongNhiemVu`.`B` IN (?,?,?,?,?,?,?,?,?)
prisma:query SELECT `main`.`HeThongSo`.`id`, `main`.`HeThongSo`.`ma`, `main`.`HeThongSo`.`ten`, `main`.`HeThongSo`.`loai`, `main`.`HeThongSo`.`lop`, `main`.`HeThongSo`.`moTa`, `main`.`HeThongSo`.`chuQuan`, `main`.`HeThongSo`.`trangThai`, `main`.`HeThongSo`.`namTrienKhai`, `main`.`HeThongSo`.`donViId`, `main`.`HeThongSo`.`createdAt`, `main`.`HeThongSo`.`updatedAt` FROM `main`.`HeThongSo` WHERE `main`.`HeThongSo`.`id` IN (?,?,?,?,?,?) LIMIT ? OFFSET ?
 GET /api/nhiem-vu 200 in 19ms (next.js: 5ms, application-code: 14ms)
 GET /kts/lo-trinh 200 in 66ms (next.js: 8ms, application-code: 58ms)
prisma:query SELECT 1
prisma:query SELECT `main`.`NhiemVu`.`id`, `main`.`NhiemVu`.`ma`, `main`.`NhiemVu`.`ten`, `main`.`NhiemVu`.`moTa`, `main`.`NhiemVu`.`donViChuTriId`, `main`.`NhiemVu`.`uuTien`, `main`.`NhiemVu`.`thoiHan`, `main`.`NhiemVu`.`giaiDoan`, `main`.`NhiemVu`.`kpi`, `main`.`NhiemVu`.`nguonKiemChung`, `main`.`NhiemVu`.`trangThai`, `main`.`NhiemVu`.`tienDo`, `main`.`NhiemVu`.`lop`, `main`.`NhiemVu`.`phuongAnXuLy`, `main`.`NhiemVu`.`ghiChu`, `main`.`NhiemVu`.`createdAt`, `main`.`NhiemVu`.`updatedAt` FROM `main`.`NhiemVu` WHERE 1=1 ORDER BY `main`.`NhiemVu`.`uuTien` ASC, `main`.`NhiemVu`.`thoiHan` ASC LIMIT ? OFFSET ?
prisma:query SELECT `main`.`DonVi`.`id`, `main`.`DonVi`.`ten`, `main`.`DonVi`.`loai`, `main`.`DonVi`.`parentId`, `main`.`DonVi`.`createdAt` FROM `main`.`DonVi` WHERE `main`.`DonVi`.`id` IN (?,?,?) LIMIT ? OFFSET ?
prisma:query SELECT `main`.`_HeThongNhiemVu`.`B`, `main`.`_HeThongNhiemVu`.`A` FROM `main`.`_HeThongNhiemVu` WHERE `main`.`_HeThongNhiemVu`.`B` IN (?,?,?,?,?,?,?,?,?)
prisma:query SELECT `main`.`HeThongSo`.`id`, `main`.`HeThongSo`.`ma`, `main`.`HeThongSo`.`ten`, `main`.`HeThongSo`.`loai`, `main`.`HeThongSo`.`lop`, `main`.`HeThongSo`.`moTa`, `main`.`HeThongSo`.`chuQuan`, `main`.`HeThongSo`.`trangThai`, `main`.`HeThongSo`.`namTrienKhai`, `main`.`HeThongSo`.`donViId`, `main`.`HeThongSo`.`createdAt`, `main`.`HeThongSo`.`updatedAt` FROM `main`.`HeThongSo` WHERE `main`.`HeThongSo`.`id` IN (?,?,?,?,?,?) LIMIT ? OFFSET ?
 GET /api/nhiem-vu 200 in 21ms (next.js: 6ms, application-code: 15ms)
prisma:query SELECT `main`.`NhiemVu`.`id`, `main`.`NhiemVu`.`ma`, `main`.`NhiemVu`.`ten`, `main`.`NhiemVu`.`moTa`, `main`.`NhiemVu`.`donViChuTriId`, `main`.`NhiemVu`.`uuTien`, `main`.`NhiemVu`.`thoiHan`, `main`.`NhiemVu`.`giaiDoan`, `main`.`NhiemVu`.`kpi`, `main`.`NhiemVu`.`nguonKiemChung`, `main`.`NhiemVu`.`trangThai`, `main`.`NhiemVu`.`tienDo`, `main`.`NhiemVu`.`lop`, `main`.`NhiemVu`.`phuongAnXuLy`, `main`.`NhiemVu`.`ghiChu`, `main`.`NhiemVu`.`createdAt`, `main`.`NhiemVu`.`updatedAt` FROM `main`.`NhiemVu` WHERE 1=1 ORDER BY `main`.`NhiemVu`.`uuTien` ASC, `main`.`NhiemVu`.`thoiHan` ASC LIMIT ? OFFSET ?
prisma:query SELECT `main`.`DonVi`.`id`, `main`.`DonVi`.`ten`, `main`.`DonVi`.`loai`, `main`.`DonVi`.`parentId`, `main`.`DonVi`.`createdAt` FROM `main`.`DonVi` WHERE `main`.`DonVi`.`id` IN (?,?,?) LIMIT ? OFFSET ?
prisma:query SELECT `main`.`_HeThongNhiemVu`.`B`, `main`.`_HeThongNhiemVu`.`A` FROM `main`.`_HeThongNhiemVu` WHERE `main`.`_HeThongNhiemVu`.`B` IN (?,?,?,?,?,?,?,?,?)
prisma:query SELECT `main`.`HeThongSo`.`id`, `main`.`HeThongSo`.`ma`, `main`.`HeThongSo`.`ten`, `main`.`HeThongSo`.`loai`, `main`.`HeThongSo`.`lop`, `main`.`HeThongSo`.`moTa`, `main`.`HeThongSo`.`chuQuan`, `main`.`HeThongSo`.`trangThai`, `main`.`HeThongSo`.`namTrienKhai`, `main`.`HeThongSo`.`donViId`, `main`.`HeThongSo`.`createdAt`, `main`.`HeThongSo`.`updatedAt` FROM `main`.`HeThongSo` WHERE `main`.`HeThongSo`.`id` IN (?,?,?,?,?,?) LIMIT ? OFFSET ?
 GET /api/nhiem-vu 200 in 19ms (next.js: 4ms, application-code: 15ms)
[browser] Warning: [antd: Modal] `destroyOnClose` is deprecated. Please use `destroyOnHidden` instead. 
    at Array.forEach (<anonymous>) (<anonymous>)
✓ Compiled in 151ms
 GET /kts/lo-trinh 200 in 45ms (next.js: 12ms, application-code: 33ms)
prisma:query SELECT 1
prisma:query SELECT `main`.`NhiemVu`.`id`, `main`.`NhiemVu`.`ma`, `main`.`NhiemVu`.`ten`, `main`.`NhiemVu`.`moTa`, `main`.`NhiemVu`.`donViChuTriId`, `main`.`NhiemVu`.`uuTien`, `main`.`NhiemVu`.`thoiHan`, `main`.`NhiemVu`.`giaiDoan`, `main`.`NhiemVu`.`kpi`, `main`.`NhiemVu`.`nguonKiemChung`, `main`.`NhiemVu`.`trangThai`, `main`.`NhiemVu`.`tienDo`, `main`.`NhiemVu`.`lop`, `main`.`NhiemVu`.`phuongAnXuLy`, `main`.`NhiemVu`.`ghiChu`, `main`.`NhiemVu`.`createdAt`, `main`.`NhiemVu`.`updatedAt` FROM `main`.`NhiemVu` WHERE 1=1 ORDER BY `main`.`NhiemVu`.`uuTien` ASC, `main`.`NhiemVu`.`thoiHan` ASC LIMIT ? OFFSET ?
prisma:query SELECT `main`.`DonVi`.`id`, `main`.`DonVi`.`ten`, `main`.`DonVi`.`loai`, `main`.`DonVi`.`parentId`, `main`.`DonVi`.`createdAt` FROM `main`.`DonVi` WHERE `main`.`DonVi`.`id` IN (?,?,?) LIMIT ? OFFSET ?
prisma:query SELECT `main`.`_HeThongNhiemVu`.`B`, `main`.`_HeThongNhiemVu`.`A` FROM `main`.`_HeThongNhiemVu` WHERE `main`.`_HeThongNhiemVu`.`B` IN (?,?,?,?,?,?,?,?,?)
prisma:query SELECT `main`.`HeThongSo`.`id`, `main`.`HeThongSo`.`ma`, `main`.`HeThongSo`.`ten`, `main`.`HeThongSo`.`loai`, `main`.`HeThongSo`.`lop`, `main`.`HeThongSo`.`moTa`, `main`.`HeThongSo`.`chuQuan`, `main`.`HeThongSo`.`trangThai`, `main`.`HeThongSo`.`namTrienKhai`, `main`.`HeThongSo`.`donViId`, `main`.`HeThongSo`.`createdAt`, `main`.`HeThongSo`.`updatedAt` FROM `main`.`HeThongSo` WHERE `main`.`HeThongSo`.`id` IN (?,?,?,?,?,?) LIMIT ? OFFSET ?
 GET /api/nhiem-vu 200 in 16ms (next.js: 5ms, application-code: 12ms)
prisma:query SELECT `main`.`NhiemVu`.`id`, `main`.`NhiemVu`.`ma`, `main`.`NhiemVu`.`ten`, `main`.`NhiemVu`.`moTa`, `main`.`NhiemVu`.`donViChuTriId`, `main`.`NhiemVu`.`uuTien`, `main`.`NhiemVu`.`thoiHan`, `main`.`NhiemVu`.`giaiDoan`, `main`.`NhiemVu`.`kpi`, `main`.`NhiemVu`.`nguonKiemChung`, `main`.`NhiemVu`.`trangThai`, `main`.`NhiemVu`.`tienDo`, `main`.`NhiemVu`.`lop`, `main`.`NhiemVu`.`phuongAnXuLy`, `main`.`NhiemVu`.`ghiChu`, `main`.`NhiemVu`.`createdAt`, `main`.`NhiemVu`.`updatedAt` FROM `main`.`NhiemVu` WHERE 1=1 ORDER BY `main`.`NhiemVu`.`uuTien` ASC, `main`.`NhiemVu`.`thoiHan` ASC LIMIT ? OFFSET ?
prisma:query SELECT `main`.`DonVi`.`id`, `main`.`DonVi`.`ten`, `main`.`DonVi`.`loai`, `main`.`DonVi`.`parentId`, `main`.`DonVi`.`createdAt` FROM `main`.`DonVi` WHERE `main`.`DonVi`.`id` IN (?,?,?) LIMIT ? OFFSET ?
prisma:query SELECT `main`.`_HeThongNhiemVu`.`B`, `main`.`_HeThongNhiemVu`.`A` FROM `main`.`_HeThongNhiemVu` WHERE `main`.`_HeThongNhiemVu`.`B` IN (?,?,?,?,?,?,?,?,?)
prisma:query SELECT `main`.`HeThongSo`.`id`, `main`.`HeThongSo`.`ma`, `main`.`HeThongSo`.`ten`, `main`.`HeThongSo`.`loai`, `main`.`HeThongSo`.`lop`, `main`.`HeThongSo`.`moTa`, `main`.`HeThongSo`.`chuQuan`, `main`.`HeThongSo`.`trangThai`, `main`.`HeThongSo`.`namTrienKhai`, `main`.`HeThongSo`.`donViId`, `main`.`HeThongSo`.`createdAt`, `main`.`HeThongSo`.`updatedAt` FROM `main`.`HeThongSo` WHERE `main`.`HeThongSo`.`id` IN (?,?,?,?,?,?) LIMIT ? OFFSET ?
 GET /api/nhiem-vu 200 in 17ms (next.js: 5ms, application-code: 12ms)
✓ Compiled in 324ms
 GET /kts/lo-trinh 200 in 50ms (next.js: 13ms, application-code: 38ms)
[browser] Warning: [antd: Descriptions] `labelStyle` is deprecated. Please use `styles.label` instead. 
    at Array.forEach (<anonymous>) (<anonymous>)
✓ Compiled in 207ms
 GET /kts/lo-trinh 200 in 48ms (next.js: 15ms, application-code: 33ms)
